lat,lon,population,inform_risk,region_id,region_name,country_income_group,country_income_group_label,rq2_exposure_active_cell,population_source,vulnerability_source,admin_source,infrastructure_source
-36.75,43.5,0.0,0.5,UNASSIGNED,Unassigned/ocean,NA,Not classified,False,WorldPop Total Population 1km ArcGIS ImageServer,World Bank country income classification mapped to vulnerability weights,Natural Earth country boundaries via datasets/geo-countries,not used for RQ2 exposure rerun
-36.0,50.25,0.0,0.5,UNASSIGNED,Unassigned/ocean,NA,Not classified,False,WorldPop Total Population 1km ArcGIS ImageServer,World Bank country income classification mapped to vulnerability weights,Natural Earth country boundaries via datasets/geo-countries,not used for RQ2 exposure rerun
-35.25,49.5,0.0,0.5,UNASSIGNED,Unassigned/ocean,NA,Not classified,False,WorldPop Total Population 1km ArcGIS ImageServer,World Bank country income classification mapped to vulnerability weights,Natural Earth country boundaries via datasets/geo-countries,not used for RQ2 exposure rerun
-34.5,39.75,0.0,0.5,UNASSIGNED,Unassigned/ocean,NA,Not classified,True,WorldPop Total Population 1km ArcGIS ImageServer,World Bank country income classification mapped to vulnerability weights,Natural Earth country boundaries via datasets/geo-countries,not used for RQ2 exposure rerun
-34.5,48.75,0.0,0.5,UNASSIGNED,Unassigned/ocean,NA,Not classified,True,WorldPop Total Population 1km ArcGIS ImageServer,World Bank country income classification mapped to vulnerability weights,Natural Earth country boundaries via datasets/geo-countries,not used for RQ2 exposure rerun
-33.75,40.5,0.0,0.5,UNASSIGNED,Unassigned/ocean,NA,Not classified,True,WorldPop Total Population 1km ArcGIS ImageServer,World Bank country income classification mapped to vulnerability weights,Natural Earth country boundaries via datasets/geo-countries,not used for RQ2 exposure rerun
-33.0,40.5,0.0,0.5,UNASSIGNED,Unassigned/ocean,NA,Not classified,True,WorldPop Total Population 1km ArcGIS ImageServer,World Bank country income classification mapped to vulnerability weights,Natural Earth country boundaries via datasets/geo-countries,not used for RQ2 exposure rerun
-33.0,42.75,0.0,0.5,UNASSIGNED,Unassigned/ocean,NA,Not classified,True,WorldPop Total Population 1km ArcGIS ImageServer,World Bank country income classification mapped to vulnerability weights,Natural Earth country boundaries via datasets/geo-countries,not used for RQ2 exposure rerun
-33.0,45.75,0.0,0.5,UNASSIGNED,Unassigned/ocean,NA,Not classified,True,WorldPop Total Population 1km ArcGIS ImageServer,World Bank country income classification mapped to vulnerability weights,Natural Earth country boundaries via datasets/geo-countries,not used for RQ2 exposure rerun
-33.0,48.75,0.0,0.5,UNASSIGNED,Unassigned/ocean,NA,Not classified,True,WorldPop Total Population 1km ArcGIS ImageServer,World Bank country income classification mapped to vulnerability weights,Natural Earth country boundaries via datasets/geo-countries,not used for RQ2 exposure rerun
-32.25,42.0,0.0,0.5,UNASSIGNED,Unassigned/ocean,NA,Not classified,True,WorldPop Total Population 1km ArcGIS ImageServer,World Bank country income classification mapped to vulnerability weights,Natural Earth country boundaries via datasets/geo-countries,not used for RQ2 exposure rerun
-32.25,42.75,0.0,0.5,UNASSIGNED,Unassigned/ocean,NA,Not classified,True,WorldPop Total Population 1km ArcGIS ImageServer,World Bank country income classification mapped to vulnerability weights,Natural Earth country boundaries via datasets/geo-countries,not used for RQ2 exposure rerun
-32.25,45.0,0.0,0.5,UNASSIGNED,Unassigned/ocean,NA,Not classified,True,WorldPop Total Population 1km ArcGIS ImageServer,World Bank country income classification mapped to vulnerability weights,Natural Earth country boundaries via datasets/geo-countries,not used for RQ2 exposure rerun
-32.25,46.5,0.0,0.5,UNASSIGNED,Unassigned/ocean,NA,Not classified,True,WorldPop Total Population 1km ArcGIS ImageServer,World Bank country income classification mapped to vulnerability weights,Natural Earth country boundaries via datasets/geo-countries,not used for RQ2 exposure rerun
-32.25,48.0,0.0,0.5,UNASSIGNED,Unassigned/ocean,NA,Not classified,True,WorldPop Total Population 1km ArcGIS ImageServer,World Bank country income classification mapped to vulnerability weights,Natural Earth country boundaries via datasets/geo-countries,not used for RQ2 exposure rerun
-32.25,49.5,0.0,0.5,UNASSIGNED,Unassigned/ocean,NA,Not classified,True,WorldPop Total Population 1km ArcGIS ImageServer,World Bank country income classification mapped to vulnerability weights,Natural Earth country boundaries via datasets/geo-countries,not used for RQ2 exposure rerun
-31.5,39.75,0.0,0.5,UNASSIGNED,Unassigned/ocean,NA,Not classified,True,WorldPop Total Population 1km ArcGIS ImageServer,World Bank country income classification mapped to vulnerability weights,Natural Earth country boundaries via datasets/geo-countries,not used for RQ2 exposure rerun
-31.5,41.25,0.0,0.5,UNASSIGNED,Unassigned/ocean,NA,Not classified,True,WorldPop Total Population 1km ArcGIS ImageServer,World Bank country income classification mapped to vulnerability weights,Natural Earth country boundaries via datasets/geo-countries,not used for RQ2 exposure rerun
-31.5,42.0,0.0,0.5,UNASSIGNED,Unassigned/ocean,NA,Not classified,True,WorldPop Total Population 1km ArcGIS ImageServer,World Bank country income classification mapped to vulnerability weights,Natural Earth country boundaries via datasets/geo-countries,not used for RQ2 exposure rerun
-31.5,45.0,0.0,0.5,UNASSIGNED,Unassigned/ocean,NA,Not classified,True,WorldPop Total Population 1km ArcGIS ImageServer,World Bank country income classification mapped to vulnerability weights,Natural Earth country boundaries via datasets/geo-countries,not used for RQ2 exposure rerun
-31.5,48.0,0.0,0.5,UNASSIGNED,Unassigned/ocean,NA,Not classified,True,WorldPop Total Population 1km ArcGIS ImageServer,World Bank country income classification mapped to vulnerability weights,Natural Earth country boundaries via datasets/geo-countries,not used for RQ2 exposure rerun
-30.75,40.5,0.0,0.5,UNASSIGNED,Unassigned/ocean,NA,Not classified,True,WorldPop Total Population 1km ArcGIS ImageServer,World Bank country income classification mapped to vulnerability weights,Natural Earth country boundaries via datasets/geo-countries,not used for RQ2 exposure rerun
-30.75,41.25,0.0,0.5,UNASSIGNED,Unassigned/ocean,NA,Not classified,True,WorldPop Total Population 1km ArcGIS ImageServer,World Bank country income classification mapped to vulnerability weights,Natural Earth country boundaries via datasets/geo-countries,not used for RQ2 exposure rerun
-30.75,42.0,0.0,0.5,UNASSIGNED,Unassigned/ocean,NA,Not classified,True,WorldPop Total Population 1km ArcGIS ImageServer,World Bank country income classification mapped to vulnerability weights,Natural Earth country boundaries via datasets/geo-countries,not used for RQ2 exposure rerun
-30.75,44.25,0.0,0.5,UNASSIGNED,Unassigned/ocean,NA,Not classified,True,WorldPop Total Population 1km ArcGIS ImageServer,World Bank country income classification mapped to vulnerability weights,Natural Earth country boundaries via datasets/geo-countries,not used for RQ2 exposure rerun
-30.75,45.0,0.0,0.5,UNASSIGNED,Unassigned/ocean,NA,Not classified,True,WorldPop Total Population 1km ArcGIS ImageServer,World Bank country income classification mapped to vulnerability weights,Natural Earth country boundaries via datasets/geo-countries,not used for RQ2 exposure rerun
-30.0,39.0,0.0,0.5,UNASSIGNED,Unassigned/ocean,NA,Not classified,True,WorldPop Total Population 1km ArcGIS ImageServer,World Bank country income classification mapped to vulnerability weights,Natural Earth country boundaries via datasets/geo-countries,not used for RQ2 exposure rerun
-30.0,42.0,0.0,0.5,UNASSIGNED,Unassigned/ocean,NA,Not classified,True,WorldPop Total Population 1km ArcGIS ImageServer,World Bank country income classification mapped to vulnerability weights,Natural Earth country boundaries via datasets/geo-countries,not used for RQ2 exposure rerun
-30.0,42.75,0.0,0.5,UNASSIGNED,Unassigned/ocean,NA,Not classified,True,WorldPop Total Population 1km ArcGIS ImageServer,World Bank country income classification mapped to vulnerability weights,Natural Earth country boundaries via datasets/geo-countries,not used for RQ2 exposure rerun
-30.0,44.25,0.0,0.5,UNASSIGNED,Unassigned/ocean,NA,Not classified,True,WorldPop Total Population 1km ArcGIS ImageServer,World Bank country income classification mapped to vulnerability weights,Natural Earth country boundaries via datasets/geo-countries,not used for RQ2 exposure rerun
-30.0,45.0,0.0,0.5,UNASSIGNED,Unassigned/ocean,NA,Not classified,True,WorldPop Total Population 1km ArcGIS ImageServer,World Bank country income classification mapped to vulnerability weights,Natural Earth country boundaries via datasets/geo-countries,not used for RQ2 exposure rerun
-30.0,47.25,0.0,0.5,UNASSIGNED,Unassigned/ocean,NA,Not classified,True,WorldPop Total Population 1km ArcGIS ImageServer,World Bank country income classification mapped to vulnerability weights,Natural Earth country boundaries via datasets/geo-countries,not used for RQ2 exposure rerun
-29.25,37.5,0.0,0.5,UNASSIGNED,Unassigned/ocean,NA,Not classified,True,WorldPop Total Population 1km ArcGIS ImageServer,World Bank country income classification mapped to vulnerability weights,Natural Earth country boundaries via datasets/geo-countries,not used for RQ2 exposure rerun
-29.25,39.75,0.0,0.5,UNASSIGNED,Unassigned/ocean,NA,Not classified,True,WorldPop Total Population 1km ArcGIS ImageServer,World Bank country income classification mapped to vulnerability weights,Natural Earth country boundaries via datasets/geo-countries,not used for RQ2 exposure rerun
-29.25,40.5,0.0,0.5,UNASSIGNED,Unassigned/ocean,NA,Not classified,True,WorldPop Total Population 1km ArcGIS ImageServer,World Bank country income classification mapped to vulnerability weights,Natural Earth country boundaries via datasets/geo-countries,not used for RQ2 exposure rerun
-29.25,41.25,0.0,0.5,UNASSIGNED,Unassigned/ocean,NA,Not classified,True,WorldPop Total Population 1km ArcGIS ImageServer,World Bank country income classification mapped to vulnerability weights,Natural Earth country boundaries via datasets/geo-countries,not used for RQ2 exposure rerun
-29.25,42.0,0.0,0.5,UNASSIGNED,Unassigned/ocean,NA,Not classified,True,WorldPop Total Population 1km ArcGIS ImageServer,World Bank country income classification mapped to vulnerability weights,Natural Earth country boundaries via datasets/geo-countries,not used for RQ2 exposure rerun
-29.25,42.75,0.0,0.5,UNASSIGNED,Unassigned/ocean,NA,Not classified,True,WorldPop Total Population 1km ArcGIS ImageServer,World Bank country income classification mapped to vulnerability weights,Natural Earth country boundaries via datasets/geo-countries,not used for RQ2 exposure rerun
-29.25,43.5,0.0,0.5,UNASSIGNED,Unassigned/ocean,NA,Not classified,True,WorldPop Total Population 1km ArcGIS ImageServer,World Bank country income classification mapped to vulnerability weights,Natural Earth country boundaries via datasets/geo-countries,not used for RQ2 exposure rerun
-29.25,44.25,0.0,0.5,UNASSIGNED,Unassigned/ocean,NA,Not classified,True,WorldPop Total Population 1km ArcGIS ImageServer,World Bank country income classification mapped to vulnerability weights,Natural Earth country boundaries via datasets/geo-countries,not used for RQ2 exposure rerun
-29.25,45.75,0.0,0.5,UNASSIGNED,Unassigned/ocean,NA,Not classified,True,WorldPop Total Population 1km ArcGIS ImageServer,World Bank country income classification mapped to vulnerability weights,Natural Earth country boundaries via datasets/geo-countries,not used for RQ2 exposure rerun
-29.25,49.5,0.0,0.5,UNASSIGNED,Unassigned/ocean,NA,Not classified,True,WorldPop Total Population 1km ArcGIS ImageServer,World Bank country income classification mapped to vulnerability weights,Natural Earth country boundaries via datasets/geo-countries,not used for RQ2 exposure rerun
-28.5,36.75,0.0,0.5,UNASSIGNED,Unassigned/ocean,NA,Not classified,True,WorldPop Total Population 1km ArcGIS ImageServer,World Bank country income classification mapped to vulnerability weights,Natural Earth country boundaries via datasets/geo-countries,not used for RQ2 exposure rerun
-28.5,37.5,0.0,0.5,UNASSIGNED,Unassigned/ocean,NA,Not classified,True,WorldPop Total Population 1km ArcGIS ImageServer,World Bank country income classification mapped to vulnerability weights,Natural Earth country boundaries via datasets/geo-countries,not used for RQ2 exposure rerun
-28.5,38.25,0.0,0.5,UNASSIGNED,Unassigned/ocean,NA,Not classified,True,WorldPop Total Population 1km ArcGIS ImageServer,World Bank country income classification mapped to vulnerability weights,Natural Earth country boundaries via datasets/geo-countries,not used for RQ2 exposure rerun
-28.5,39.0,0.0,0.5,UNASSIGNED,Unassigned/ocean,NA,Not classified,True,WorldPop Total Population 1km ArcGIS ImageServer,World Bank country income classification mapped to vulnerability weights,Natural Earth country boundaries via datasets/geo-countries,not used for RQ2 exposure rerun
-28.5,39.75,0.0,0.5,UNASSIGNED,Unassigned/ocean,NA,Not classified,True,WorldPop Total Population 1km ArcGIS ImageServer,World Bank country income classification mapped to vulnerability weights,Natural Earth country boundaries via datasets/geo-countries,not used for RQ2 exposure rerun
-28.5,40.5,0.0,0.5,UNASSIGNED,Unassigned/ocean,NA,Not classified,True,WorldPop Total Population 1km ArcGIS ImageServer,World Bank country income classification mapped to vulnerability weights,Natural Earth country boundaries via datasets/geo-countries,not used for RQ2 exposure rerun
-28.5,42.0,0.0,0.5,UNASSIGNED,Unassigned/ocean,NA,Not classified,True,WorldPop Total Population 1km ArcGIS ImageServer,World Bank country income classification mapped to vulnerability weights,Natural Earth country boundaries via datasets/geo-countries,not used for RQ2 exposure rerun
-28.5,42.75,0.0,0.5,UNASSIGNED,Unassigned/ocean,NA,Not classified,True,WorldPop Total Population 1km ArcGIS ImageServer,World Bank country income classification mapped to vulnerability weights,Natural Earth country boundaries via datasets/geo-countries,not used for RQ2 exposure rerun
-28.5,43.5,0.0,0.5,UNASSIGNED,Unassigned/ocean,NA,Not classified,True,WorldPop Total Population 1km ArcGIS ImageServer,World Bank country income classification mapped to vulnerability weights,Natural Earth country boundaries via datasets/geo-countries,not used for RQ2 exposure rerun
-28.5,44.25,0.0,0.5,UNASSIGNED,Unassigned/ocean,NA,Not classified,True,WorldPop Total Population 1km ArcGIS ImageServer,World Bank country income classification mapped to vulnerability weights,Natural Earth country boundaries via datasets/geo-countries,not used for RQ2 exposure rerun
-28.5,45.0,0.0,0.5,UNASSIGNED,Unassigned/ocean,NA,Not classified,True,WorldPop Total Population 1km ArcGIS ImageServer,World Bank country income classification mapped to vulnerability weights,Natural Earth country boundaries via datasets/geo-countries,not used for RQ2 exposure rerun
-28.5,45.75,0.0,0.5,UNASSIGNED,Unassigned/ocean,NA,Not classified,True,WorldPop Total Population 1km ArcGIS ImageServer,World Bank country income classification mapped to vulnerability weights,Natural Earth country boundaries via datasets/geo-countries,not used for RQ2 exposure rerun
-28.5,46.5,0.0,0.5,UNASSIGNED,Unassigned/ocean,NA,Not classified,True,WorldPop Total Population 1km ArcGIS ImageServer,World Bank country income classification mapped to vulnerability weights,Natural Earth country boundaries via datasets/geo-countries,not used for RQ2 exposure rerun
-27.75,36.0,0.0,0.5,UNASSIGNED,Unassigned/ocean,NA,Not classified,True,WorldPop Total Population 1km ArcGIS ImageServer,World Bank country income classification mapped to vulnerability weights,Natural Earth country boundaries via datasets/geo-countries,not used for RQ2 exposure rerun
-27.75,36.75,0.0,0.5,UNASSIGNED,Unassigned/ocean,NA,Not classified,True,WorldPop Total Population 1km ArcGIS ImageServer,World Bank country income classification mapped to vulnerability weights,Natural Earth country boundaries via datasets/geo-countries,not used for RQ2 exposure rerun
-27.75,37.5,0.0,0.5,UNASSIGNED,Unassigned/ocean,NA,Not classified,True,WorldPop Total Population 1km ArcGIS ImageServer,World Bank country income classification mapped to vulnerability weights,Natural Earth country boundaries via datasets/geo-countries,not used for RQ2 exposure rerun
-27.75,38.25,0.0,0.5,UNASSIGNED,Unassigned/ocean,NA,Not classified,True,WorldPop Total Population 1km ArcGIS ImageServer,World Bank country income classification mapped to vulnerability weights,Natural Earth country boundaries via datasets/geo-countries,not used for RQ2 exposure rerun
-27.75,39.75,0.0,0.5,UNASSIGNED,Unassigned/ocean,NA,Not classified,True,WorldPop Total Population 1km ArcGIS ImageServer,World Bank country income classification mapped to vulnerability weights,Natural Earth country boundaries via datasets/geo-countries,not used for RQ2 exposure rerun
-27.75,40.5,0.0,0.5,UNASSIGNED,Unassigned/ocean,NA,Not classified,True,WorldPop Total Population 1km ArcGIS ImageServer,World Bank country income classification mapped to vulnerability weights,Natural Earth country boundaries via datasets/geo-countries,not used for RQ2 exposure rerun
-27.75,41.25,0.0,0.5,UNASSIGNED,Unassigned/ocean,NA,Not classified,True,WorldPop Total Population 1km ArcGIS ImageServer,World Bank country income classification mapped to vulnerability weights,Natural Earth country boundaries via datasets/geo-countries,not used for RQ2 exposure rerun
-27.75,42.0,0.0,0.5,UNASSIGNED,Unassigned/ocean,NA,Not classified,True,WorldPop Total Population 1km ArcGIS ImageServer,World Bank country income classification mapped to vulnerability weights,Natural Earth country boundaries via datasets/geo-countries,not used for RQ2 exposure rerun
-27.75,42.75,0.0,0.5,UNASSIGNED,Unassigned/ocean,NA,Not classified,True,WorldPop Total Population 1km ArcGIS ImageServer,World Bank country income classification mapped to vulnerability weights,Natural Earth country boundaries via datasets/geo-countries,not used for RQ2 exposure rerun
-27.75,43.5,0.0,0.5,UNASSIGNED,Unassigned/ocean,NA,Not classified,True,WorldPop Total Population 1km ArcGIS ImageServer,World Bank country income classification mapped to vulnerability weights,Natural Earth country boundaries via datasets/geo-countries,not used for RQ2 exposure rerun
-27.75,44.25,0.0,0.5,UNASSIGNED,Unassigned/ocean,NA,Not classified,True,WorldPop Total Population 1km ArcGIS ImageServer,World Bank country income classification mapped to vulnerability weights,Natural Earth country boundaries via datasets/geo-countries,not used for RQ2 exposure rerun
-27.75,45.0,0.0,0.5,UNASSIGNED,Unassigned/ocean,NA,Not classified,True,WorldPop Total Population 1km ArcGIS ImageServer,World Bank country income classification mapped to vulnerability weights,Natural Earth country boundaries via datasets/geo-countries,not used for RQ2 exposure rerun
-27.75,45.75,0.0,0.5,UNASSIGNED,Unassigned/ocean,NA,Not classified,True,WorldPop Total Population 1km ArcGIS ImageServer,World Bank country income classification mapped to vulnerability weights,Natural Earth country boundaries via datasets/geo-countries,not used for RQ2 exposure rerun
-27.0,36.0,0.0,0.5,UNASSIGNED,Unassigned/ocean,NA,Not classified,True,WorldPop Total Population 1km ArcGIS ImageServer,World Bank country income classification mapped to vulnerability weights,Natural Earth country boundaries via datasets/geo-countries,not used for RQ2 exposure rerun
-27.0,36.75,0.0,0.5,UNASSIGNED,Unassigned/ocean,NA,Not classified,True,WorldPop Total Population 1km ArcGIS ImageServer,World Bank country income classification mapped to vulnerability weights,Natural Earth country boundaries via datasets/geo-countries,not used for RQ2 exposure rerun
-27.0,37.5,0.0,0.5,UNASSIGNED,Unassigned/ocean,NA,Not classified,True,WorldPop Total Population 1km ArcGIS ImageServer,World Bank country income classification mapped to vulnerability weights,Natural Earth country boundaries via datasets/geo-countries,not used for RQ2 exposure rerun
-27.0,38.25,0.0,0.5,UNASSIGNED,Unassigned/ocean,NA,Not classified,True,WorldPop Total Population 1km ArcGIS ImageServer,World Bank country income classification mapped to vulnerability weights,Natural Earth country boundaries via datasets/geo-countries,not used for RQ2 exposure rerun
-27.0,39.0,0.0,0.5,UNASSIGNED,Unassigned/ocean,NA,Not classified,True,WorldPop Total Population 1km ArcGIS ImageServer,World Bank country income classification mapped to vulnerability weights,Natural Earth country boundaries via datasets/geo-countries,not used for RQ2 exposure rerun
-27.0,39.75,0.0,0.5,UNASSIGNED,Unassigned/ocean,NA,Not classified,True,WorldPop Total Population 1km ArcGIS ImageServer,World Bank country income classification mapped to vulnerability weights,Natural Earth country boundaries via datasets/geo-countries,not used for RQ2 exposure rerun
-27.0,40.5,0.0,0.5,UNASSIGNED,Unassigned/ocean,NA,Not classified,True,WorldPop Total Population 1km ArcGIS ImageServer,World Bank country income classification mapped to vulnerability weights,Natural Earth country boundaries via datasets/geo-countries,not used for RQ2 exposure rerun
-27.0,41.25,0.0,0.5,UNASSIGNED,Unassigned/ocean,NA,Not classified,True,WorldPop Total Population 1km ArcGIS ImageServer,World Bank country income classification mapped to vulnerability weights,Natural Earth country boundaries via datasets/geo-countries,not used for RQ2 exposure rerun
-27.0,42.0,0.0,0.5,UNASSIGNED,Unassigned/ocean,NA,Not classified,True,WorldPop Total Population 1km ArcGIS ImageServer,World Bank country income classification mapped to vulnerability weights,Natural Earth country boundaries via datasets/geo-countries,not used for RQ2 exposure rerun
-27.0,42.75,0.0,0.5,UNASSIGNED,Unassigned/ocean,NA,Not classified,True,WorldPop Total Population 1km ArcGIS ImageServer,World Bank country income classification mapped to vulnerability weights,Natural Earth country boundaries via datasets/geo-countries,not used for RQ2 exposure rerun
-27.0,43.5,0.0,0.5,UNASSIGNED,Unassigned/ocean,NA,Not classified,True,WorldPop Total Population 1km ArcGIS ImageServer,World Bank country income classification mapped to vulnerability weights,Natural Earth country boundaries via datasets/geo-countries,not used for RQ2 exposure rerun
-27.0,44.25,0.0,0.5,UNASSIGNED,Unassigned/ocean,NA,Not classified,True,WorldPop Total Population 1km ArcGIS ImageServer,World Bank country income classification mapped to vulnerability weights,Natural Earth country boundaries via datasets/geo-countries,not used for RQ2 exposure rerun
-27.0,45.0,0.0,0.5,UNASSIGNED,Unassigned/ocean,NA,Not classified,True,WorldPop Total Population 1km ArcGIS ImageServer,World Bank country income classification mapped to vulnerability weights,Natural Earth country boundaries via datasets/geo-countries,not used for RQ2 exposure rerun
-27.0,46.5,0.0,0.5,UNASSIGNED,Unassigned/ocean,NA,Not classified,True,WorldPop Total Population 1km ArcGIS ImageServer,World Bank country income classification mapped to vulnerability weights,Natural Earth country boundaries via datasets/geo-countries,not used for RQ2 exposure rerun
-27.0,47.25,0.0,0.5,UNASSIGNED,Unassigned/ocean,NA,Not classified,True,WorldPop Total Population 1km ArcGIS ImageServer,World Bank country income classification mapped to vulnerability weights,Natural Earth country boundaries via datasets/geo-countries,not used for RQ2 exposure rerun
-27.0,48.0,0.0,0.5,UNASSIGNED,Unassigned/ocean,NA,Not classified,True,WorldPop Total Population 1km ArcGIS ImageServer,World Bank country income classification mapped to vulnerability weights,Natural Earth country boundaries via datasets/geo-countries,not used for RQ2 exposure rerun
-26.25,34.5,0.0,0.5,UNASSIGNED,Unassigned/ocean,NA,Not classified,True,WorldPop Total Population 1km ArcGIS ImageServer,World Bank country income classification mapped to vulnerability weights,Natural Earth country boundaries via datasets/geo-countries,not used for RQ2 exposure rerun
-26.25,35.25,0.0,0.5,UNASSIGNED,Unassigned/ocean,NA,Not classified,True,WorldPop Total Population 1km ArcGIS ImageServer,World Bank country income classification mapped to vulnerability weights,Natural Earth country boundaries via datasets/geo-countries,not used for RQ2 exposure rerun
-26.25,36.0,0.0,0.5,UNASSIGNED,Unassigned/ocean,NA,Not classified,True,WorldPop Total Population 1km ArcGIS ImageServer,World Bank country income classification mapped to vulnerability weights,Natural Earth country boundaries via datasets/geo-countries,not used for RQ2 exposure rerun
-26.25,36.75,0.0,0.5,UNASSIGNED,Unassigned/ocean,NA,Not classified,True,WorldPop Total Population 1km ArcGIS ImageServer,World Bank country income classification mapped to vulnerability weights,Natural Earth country boundaries via datasets/geo-countries,not used for RQ2 exposure rerun
-26.25,37.5,0.0,0.5,UNASSIGNED,Unassigned/ocean,NA,Not classified,True,WorldPop Total Population 1km ArcGIS ImageServer,World Bank country income classification mapped to vulnerability weights,Natural Earth country boundaries via datasets/geo-countries,not used for RQ2 exposure rerun
-26.25,38.25,0.0,0.5,UNASSIGNED,Unassigned/ocean,NA,Not classified,True,WorldPop Total Population 1km ArcGIS ImageServer,World Bank country income classification mapped to vulnerability weights,Natural Earth country boundaries via datasets/geo-countries,not used for RQ2 exposure rerun
-26.25,39.0,0.0,0.5,UNASSIGNED,Unassigned/ocean,NA,Not classified,True,WorldPop Total Population 1km ArcGIS ImageServer,World Bank country income classification mapped to vulnerability weights,Natural Earth country boundaries via datasets/geo-countries,not used for RQ2 exposure rerun
-26.25,39.75,0.0,0.5,UNASSIGNED,Unassigned/ocean,NA,Not classified,True,WorldPop Total Population 1km ArcGIS ImageServer,World Bank country income classification mapped to vulnerability weights,Natural Earth country boundaries via datasets/geo-countries,not used for RQ2 exposure rerun
-26.25,40.5,0.0,0.5,UNASSIGNED,Unassigned/ocean,NA,Not classified,True,WorldPop Total Population 1km ArcGIS ImageServer,World Bank country income classification mapped to vulnerability weights,Natural Earth country boundaries via datasets/geo-countries,not used for RQ2 exposure rerun
-26.25,41.25,0.0,0.5,UNASSIGNED,Unassigned/ocean,NA,Not classified,True,WorldPop Total Population 1km ArcGIS ImageServer,World Bank country income classification mapped to vulnerability weights,Natural Earth country boundaries via datasets/geo-countries,not used for RQ2 exposure rerun
-26.25,42.0,0.0,0.5,UNASSIGNED,Unassigned/ocean,NA,Not classified,True,WorldPop Total Population 1km ArcGIS ImageServer,World Bank country income classification mapped to vulnerability weights,Natural Earth country boundaries via datasets/geo-countries,not used for RQ2 exposure rerun
-26.25,42.75,0.0,0.5,UNASSIGNED,Unassigned/ocean,NA,Not classified,True,WorldPop Total Population 1km ArcGIS ImageServer,World Bank country income classification mapped to vulnerability weights,Natural Earth country boundaries via datasets/geo-countries,not used for RQ2 exposure rerun
-26.25,43.5,0.0,0.5,UNASSIGNED,Unassigned/ocean,NA,Not classified,True,WorldPop Total Population 1km ArcGIS ImageServer,World Bank country income classification mapped to vulnerability weights,Natural Earth country boundaries via datasets/geo-countries,not used for RQ2 exposure rerun
-26.25,44.25,0.0,0.5,UNASSIGNED,Unassigned/ocean,NA,Not classified,True,WorldPop Total Population 1km ArcGIS ImageServer,World Bank country income classification mapped to vulnerability weights,Natural Earth country boundaries via datasets/geo-countries,not used for RQ2 exposure rerun
-26.25,45.0,0.0,0.5,UNASSIGNED,Unassigned/ocean,NA,Not classified,True,WorldPop Total Population 1km ArcGIS ImageServer,World Bank country income classification mapped to vulnerability weights,Natural Earth country boundaries via datasets/geo-countries,not used for RQ2 exposure rerun
-26.25,45.75,0.0,0.5,UNASSIGNED,Unassigned/ocean,NA,Not classified,True,WorldPop Total Population 1km ArcGIS ImageServer,World Bank country income classification mapped to vulnerability weights,Natural Earth country boundaries via datasets/geo-countries,not used for RQ2 exposure rerun
-25.5,34.5,0.0,0.5,UNASSIGNED,Unassigned/ocean,NA,Not classified,True,WorldPop Total Population 1km ArcGIS ImageServer,World Bank country income classification mapped to vulnerability weights,Natural Earth country boundaries via datasets/geo-countries,not used for RQ2 exposure rerun
-25.5,35.25,0.0,0.5,UNASSIGNED,Unassigned/ocean,NA,Not classified,True,WorldPop Total Population 1km ArcGIS ImageServer,World Bank country income classification mapped to vulnerability weights,Natural Earth country boundaries via datasets/geo-countries,not used for RQ2 exposure rerun
-25.5,36.0,0.0,0.5,UNASSIGNED,Unassigned/ocean,NA,Not classified,True,WorldPop Total Population 1km ArcGIS ImageServer,World Bank country income classification mapped to vulnerability weights,Natural Earth country boundaries via datasets/geo-countries,not used for RQ2 exposure rerun
-25.5,36.75,0.0,0.5,UNASSIGNED,Unassigned/ocean,NA,Not classified,True,WorldPop Total Population 1km ArcGIS ImageServer,World Bank country income classification mapped to vulnerability weights,Natural Earth country boundaries via datasets/geo-countries,not used for RQ2 exposure rerun
-25.5,37.5,0.0,0.5,UNASSIGNED,Unassigned/ocean,NA,Not classified,True,WorldPop Total Population 1km ArcGIS ImageServer,World Bank country income classification mapped to vulnerability weights,Natural Earth country boundaries via datasets/geo-countries,not used for RQ2 exposure rerun
-25.5,38.25,0.0,0.5,UNASSIGNED,Unassigned/ocean,NA,Not classified,True,WorldPop Total Population 1km ArcGIS ImageServer,World Bank country income classification mapped to vulnerability weights,Natural Earth country boundaries via datasets/geo-countries,not used for RQ2 exposure rerun
-25.5,39.0,0.0,0.5,UNASSIGNED,Unassigned/ocean,NA,Not classified,True,WorldPop Total Population 1km ArcGIS ImageServer,World Bank country income classification mapped to vulnerability weights,Natural Earth country boundaries via datasets/geo-countries,not used for RQ2 exposure rerun
-25.5,39.75,0.0,0.5,UNASSIGNED,Unassigned/ocean,NA,Not classified,True,WorldPop Total Population 1km ArcGIS ImageServer,World Bank country income classification mapped to vulnerability weights,Natural Earth country boundaries via datasets/geo-countries,not used for RQ2 exposure rerun
-25.5,40.5,0.0,0.5,UNASSIGNED,Unassigned/ocean,NA,Not classified,True,WorldPop Total Population 1km ArcGIS ImageServer,World Bank country income classification mapped to vulnerability weights,Natural Earth country boundaries via datasets/geo-countries,not used for RQ2 exposure rerun
-25.5,41.25,0.0,0.5,UNASSIGNED,Unassigned/ocean,NA,Not classified,True,WorldPop Total Population 1km ArcGIS ImageServer,World Bank country income classification mapped to vulnerability weights,Natural Earth country boundaries via datasets/geo-countries,not used for RQ2 exposure rerun
-25.5,42.0,0.0,0.5,UNASSIGNED,Unassigned/ocean,NA,Not classified,True,WorldPop Total Population 1km ArcGIS ImageServer,World Bank country income classification mapped to vulnerability weights,Natural Earth country boundaries via datasets/geo-countries,not used for RQ2 exposure rerun
-25.5,42.75,0.0,0.5,UNASSIGNED,Unassigned/ocean,NA,Not classified,True,WorldPop Total Population 1km ArcGIS ImageServer,World Bank country income classification mapped to vulnerability weights,Natural Earth country boundaries via datasets/geo-countries,not used for RQ2 exposure rerun
-25.5,43.5,0.0,0.5,UNASSIGNED,Unassigned/ocean,NA,Not classified,True,WorldPop Total Population 1km ArcGIS ImageServer,World Bank country income classification mapped to vulnerability weights,Natural Earth country boundaries via datasets/geo-countries,not used for RQ2 exposure rerun
-25.5,44.25,8562.353060647843,1.0,MDG,Madagascar,LIC,Low income,True,WorldPop Total Population 1km ArcGIS ImageServer,World Bank country income classification mapped to vulnerability weights,Natural Earth country boundaries via datasets/geo-countries,not used for RQ2 exposure rerun
-25.5,45.0,34249.737321324625,1.0,MDG,Madagascar,LIC,Low income,True,WorldPop Total Population 1km ArcGIS ImageServer,World Bank country income classification mapped to vulnerability weights,Natural Earth country boundaries via datasets/geo-countries,not used for RQ2 exposure rerun
-24.75,33.75,562597.7060666758,1.0,MOZ,Mozambique,LIC,Low income,True,WorldPop Total Population 1km ArcGIS ImageServer,World Bank country income classification mapped to vulnerability weights,Natural Earth country boundaries via datasets/geo-countries,not used for RQ2 exposure rerun
-24.75,34.5,161290.1708533838,1.0,MOZ,Mozambique,LIC,Low income,True,WorldPop Total Population 1km ArcGIS ImageServer,World Bank country income classification mapped to vulnerability weights,Natural Earth country boundaries via datasets/geo-countries,not used for RQ2 exposure rerun
-24.75,35.25,61892.792745232604,1.0,MOZ,Mozambique,LIC,Low income,True,WorldPop Total Population 1km ArcGIS ImageServer,World Bank country income classification mapped to vulnerability weights,Natural Earth country boundaries via datasets/geo-countries,not used for RQ2 exposure rerun
-24.75,36.0,0.0,0.5,UNASSIGNED,Unassigned/ocean,NA,Not classified,True,WorldPop Total Population 1km ArcGIS ImageServer,World Bank country income classification mapped to vulnerability weights,Natural Earth country boundaries via datasets/geo-countries,not used for RQ2 exposure rerun
-24.75,36.75,0.0,0.5,UNASSIGNED,Unassigned/ocean,NA,Not classified,True,WorldPop Total Population 1km ArcGIS ImageServer,World Bank country income classification mapped to vulnerability weights,Natural Earth country boundaries via datasets/geo-countries,not used for RQ2 exposure rerun
-24.75,37.5,0.0,0.5,UNASSIGNED,Unassigned/ocean,NA,Not classified,True,WorldPop Total Population 1km ArcGIS ImageServer,World Bank country income classification mapped to vulnerability weights,Natural Earth country boundaries via datasets/geo-countries,not used for RQ2 exposure rerun
-24.75,38.25,0.0,0.5,UNASSIGNED,Unassigned/ocean,NA,Not classified,True,WorldPop Total Population 1km ArcGIS ImageServer,World Bank country income classification mapped to vulnerability weights,Natural Earth country boundaries via datasets/geo-countries,not used for RQ2 exposure rerun
-24.75,39.0,0.0,0.5,UNASSIGNED,Unassigned/ocean,NA,Not classified,True,WorldPop Total Population 1km ArcGIS ImageServer,World Bank country income classification mapped to vulnerability weights,Natural Earth country boundaries via datasets/geo-countries,not used for RQ2 exposure rerun
-24.75,39.75,0.0,0.5,UNASSIGNED,Unassigned/ocean,NA,Not classified,True,WorldPop Total Population 1km ArcGIS ImageServer,World Bank country income classification mapped to vulnerability weights,Natural Earth country boundaries via datasets/geo-countries,not used for RQ2 exposure rerun
-24.75,40.5,0.0,0.5,UNASSIGNED,Unassigned/ocean,NA,Not classified,True,WorldPop Total Population 1km ArcGIS ImageServer,World Bank country income classification mapped to vulnerability weights,Natural Earth country boundaries via datasets/geo-countries,not used for RQ2 exposure rerun
-24.75,41.25,0.0,0.5,UNASSIGNED,Unassigned/ocean,NA,Not classified,True,WorldPop Total Population 1km ArcGIS ImageServer,World Bank country income classification mapped to vulnerability weights,Natural Earth country boundaries via datasets/geo-countries,not used for RQ2 exposure rerun
-24.75,42.0,0.0,0.5,UNASSIGNED,Unassigned/ocean,NA,Not classified,True,WorldPop Total Population 1km ArcGIS ImageServer,World Bank country income classification mapped to vulnerability weights,Natural Earth country boundaries via datasets/geo-countries,not used for RQ2 exposure rerun
-24.75,42.75,0.0,0.5,UNASSIGNED,Unassigned/ocean,NA,Not classified,True,WorldPop Total Population 1km ArcGIS ImageServer,World Bank country income classification mapped to vulnerability weights,Natural Earth country boundaries via datasets/geo-countries,not used for RQ2 exposure rerun
-24.75,43.5,3588.8882229179144,1.0,MDG,Madagascar,LIC,Low income,True,WorldPop Total Population 1km ArcGIS ImageServer,World Bank country income classification mapped to vulnerability weights,Natural Earth country boundaries via datasets/geo-countries,not used for RQ2 exposure rerun
-24.75,44.25,63505.976232692636,1.0,MDG,Madagascar,LIC,Low income,True,WorldPop Total Population 1km ArcGIS ImageServer,World Bank country income classification mapped to vulnerability weights,Natural Earth country boundaries via datasets/geo-countries,not used for RQ2 exposure rerun
-24.75,60.0,0.0,0.5,UNASSIGNED,Unassigned/ocean,NA,Not classified,True,WorldPop Total Population 1km ArcGIS ImageServer,World Bank country income classification mapped to vulnerability weights,Natural Earth country boundaries via datasets/geo-countries,not used for RQ2 exposure rerun
-24.75,60.75,0.0,0.5,UNASSIGNED,Unassigned/ocean,NA,Not classified,True,WorldPop Total Population 1km ArcGIS ImageServer,World Bank country income classification mapped to vulnerability weights,Natural Earth country boundaries via datasets/geo-countries,not used for RQ2 exposure rerun
-24.75,61.5,0.0,0.5,UNASSIGNED,Unassigned/ocean,NA,Not classified,True,WorldPop Total Population 1km ArcGIS ImageServer,World Bank country income classification mapped to vulnerability weights,Natural Earth country boundaries via datasets/geo-countries,not used for RQ2 exposure rerun
-24.75,62.25,0.0,0.5,UNASSIGNED,Unassigned/ocean,NA,Not classified,True,WorldPop Total Population 1km ArcGIS ImageServer,World Bank country income classification mapped to vulnerability weights,Natural Earth country boundaries via datasets/geo-countries,not used for RQ2 exposure rerun
-24.0,34.5,47460.753116119675,1.0,MOZ,Mozambique,LIC,Low income,True,WorldPop Total Population 1km ArcGIS ImageServer,World Bank country income classification mapped to vulnerability weights,Natural Earth country boundaries via datasets/geo-countries,not used for RQ2 exposure rerun
-24.0,35.25,405914.6393353778,1.0,MOZ,Mozambique,LIC,Low income,True,WorldPop Total Population 1km ArcGIS ImageServer,World Bank country income classification mapped to vulnerability weights,Natural Earth country boundaries via datasets/geo-countries,not used for RQ2 exposure rerun
-24.0,36.0,0.0,0.5,UNASSIGNED,Unassigned/ocean,NA,Not classified,True,WorldPop Total Population 1km ArcGIS ImageServer,World Bank country income classification mapped to vulnerability weights,Natural Earth country boundaries via datasets/geo-countries,not used for RQ2 exposure rerun
-24.0,36.75,0.0,0.5,UNASSIGNED,Unassigned/ocean,NA,Not classified,True,WorldPop Total Population 1km ArcGIS ImageServer,World Bank country income classification mapped to vulnerability weights,Natural Earth country boundaries via datasets/geo-countries,not used for RQ2 exposure rerun
-24.0,37.5,0.0,0.5,UNASSIGNED,Unassigned/ocean,NA,Not classified,True,WorldPop Total Population 1km ArcGIS ImageServer,World Bank country income classification mapped to vulnerability weights,Natural Earth country boundaries via datasets/geo-countries,not used for RQ2 exposure rerun
-24.0,38.25,0.0,0.5,UNASSIGNED,Unassigned/ocean,NA,Not classified,True,WorldPop Total Population 1km ArcGIS ImageServer,World Bank country income classification mapped to vulnerability weights,Natural Earth country boundaries via datasets/geo-countries,not used for RQ2 exposure rerun
-24.0,39.0,0.0,0.5,UNASSIGNED,Unassigned/ocean,NA,Not classified,True,WorldPop Total Population 1km ArcGIS ImageServer,World Bank country income classification mapped to vulnerability weights,Natural Earth country boundaries via datasets/geo-countries,not used for RQ2 exposure rerun
-24.0,39.75,0.0,0.5,UNASSIGNED,Unassigned/ocean,NA,Not classified,True,WorldPop Total Population 1km ArcGIS ImageServer,World Bank country income classification mapped to vulnerability weights,Natural Earth country boundaries via datasets/geo-countries,not used for RQ2 exposure rerun
-24.0,40.5,0.0,0.5,UNASSIGNED,Unassigned/ocean,NA,Not classified,True,WorldPop Total Population 1km ArcGIS ImageServer,World Bank country income classification mapped to vulnerability weights,Natural Earth country boundaries via datasets/geo-countries,not used for RQ2 exposure rerun
-24.0,41.25,0.0,0.5,UNASSIGNED,Unassigned/ocean,NA,Not classified,True,WorldPop Total Population 1km ArcGIS ImageServer,World Bank country income classification mapped to vulnerability weights,Natural Earth country boundaries via datasets/geo-countries,not used for RQ2 exposure rerun
-24.0,42.0,0.0,0.5,UNASSIGNED,Unassigned/ocean,NA,Not classified,True,WorldPop Total Population 1km ArcGIS ImageServer,World Bank country income classification mapped to vulnerability weights,Natural Earth country boundaries via datasets/geo-countries,not used for RQ2 exposure rerun
-24.0,43.5,20125.24204652012,1.0,MDG,Madagascar,LIC,Low income,True,WorldPop Total Population 1km ArcGIS ImageServer,World Bank country income classification mapped to vulnerability weights,Natural Earth country boundaries via datasets/geo-countries,not used for RQ2 exposure rerun
-24.0,59.25,0.0,0.5,UNASSIGNED,Unassigned/ocean,NA,Not classified,True,WorldPop Total Population 1km ArcGIS ImageServer,World Bank country income classification mapped to vulnerability weights,Natural Earth country boundaries via datasets/geo-countries,not used for RQ2 exposure rerun
-24.0,61.5,0.0,0.5,UNASSIGNED,Unassigned/ocean,NA,Not classified,True,WorldPop Total Population 1km ArcGIS ImageServer,World Bank country income classification mapped to vulnerability weights,Natural Earth country boundaries via datasets/geo-countries,not used for RQ2 exposure rerun
-23.25,33.75,7760.884342283005,1.0,MOZ,Mozambique,LIC,Low income,True,WorldPop Total Population 1km ArcGIS ImageServer,World Bank country income classification mapped to vulnerability weights,Natural Earth country boundaries via datasets/geo-countries,not used for RQ2 exposure rerun
-23.25,34.5,19674.31774842746,1.0,MOZ,Mozambique,LIC,Low income,True,WorldPop Total Population 1km ArcGIS ImageServer,World Bank country income classification mapped to vulnerability weights,Natural Earth country boundaries via datasets/geo-countries,not used for RQ2 exposure rerun
-23.25,35.25,222668.11336074804,1.0,MOZ,Mozambique,LIC,Low income,True,WorldPop Total Population 1km ArcGIS ImageServer,World Bank country income classification mapped to vulnerability weights,Natural Earth country boundaries via datasets/geo-countries,not used for RQ2 exposure rerun
-23.25,36.0,0.0,0.5,UNASSIGNED,Unassigned/ocean,NA,Not classified,True,WorldPop Total Population 1km ArcGIS ImageServer,World Bank country income classification mapped to vulnerability weights,Natural Earth country boundaries via datasets/geo-countries,not used for RQ2 exposure rerun
-23.25,36.75,0.0,0.5,UNASSIGNED,Unassigned/ocean,NA,Not classified,True,WorldPop Total Population 1km ArcGIS ImageServer,World Bank country income classification mapped to vulnerability weights,Natural Earth country boundaries via datasets/geo-countries,not used for RQ2 exposure rerun
-23.25,37.5,0.0,0.5,UNASSIGNED,Unassigned/ocean,NA,Not classified,True,WorldPop Total Population 1km ArcGIS ImageServer,World Bank country income classification mapped to vulnerability weights,Natural Earth country boundaries via datasets/geo-countries,not used for RQ2 exposure rerun
-23.25,38.25,0.0,0.5,UNASSIGNED,Unassigned/ocean,NA,Not classified,True,WorldPop Total Population 1km ArcGIS ImageServer,World Bank country income classification mapped to vulnerability weights,Natural Earth country boundaries via datasets/geo-countries,not used for RQ2 exposure rerun
-23.25,39.0,0.0,0.5,UNASSIGNED,Unassigned/ocean,NA,Not classified,True,WorldPop Total Population 1km ArcGIS ImageServer,World Bank country income classification mapped to vulnerability weights,Natural Earth country boundaries via datasets/geo-countries,not used for RQ2 exposure rerun
-23.25,39.75,0.0,0.5,UNASSIGNED,Unassigned/ocean,NA,Not classified,True,WorldPop Total Population 1km ArcGIS ImageServer,World Bank country income classification mapped to vulnerability weights,Natural Earth country boundaries via datasets/geo-countries,not used for RQ2 exposure rerun
-23.25,40.5,0.0,0.5,UNASSIGNED,Unassigned/ocean,NA,Not classified,True,WorldPop Total Population 1km ArcGIS ImageServer,World Bank country income classification mapped to vulnerability weights,Natural Earth country boundaries via datasets/geo-countries,not used for RQ2 exposure rerun
-23.25,41.25,0.0,0.5,UNASSIGNED,Unassigned/ocean,NA,Not classified,True,WorldPop Total Population 1km ArcGIS ImageServer,World Bank country income classification mapped to vulnerability weights,Natural Earth country boundaries via datasets/geo-countries,not used for RQ2 exposure rerun
-23.25,43.5,157564.27174204576,1.0,MDG,Madagascar,LIC,Low income,True,WorldPop Total Population 1km ArcGIS ImageServer,World Bank country income classification mapped to vulnerability weights,Natural Earth country boundaries via datasets/geo-countries,not used for RQ2 exposure rerun
-23.25,58.5,0.0,0.5,UNASSIGNED,Unassigned/ocean,NA,Not classified,True,WorldPop Total Population 1km ArcGIS ImageServer,World Bank country income classification mapped to vulnerability weights,Natural Earth country boundaries via datasets/geo-countries,not used for RQ2 exposure rerun
-23.25,59.25,0.0,0.5,UNASSIGNED,Unassigned/ocean,NA,Not classified,True,WorldPop Total Population 1km ArcGIS ImageServer,World Bank country income classification mapped to vulnerability weights,Natural Earth country boundaries via datasets/geo-countries,not used for RQ2 exposure rerun
-23.25,60.0,0.0,0.5,UNASSIGNED,Unassigned/ocean,NA,Not classified,True,WorldPop Total Population 1km ArcGIS ImageServer,World Bank country income classification mapped to vulnerability weights,Natural Earth country boundaries via datasets/geo-countries,not used for RQ2 exposure rerun
-23.25,61.5,0.0,0.5,UNASSIGNED,Unassigned/ocean,NA,Not classified,True,WorldPop Total Population 1km ArcGIS ImageServer,World Bank country income classification mapped to vulnerability weights,Natural Earth country boundaries via datasets/geo-countries,not used for RQ2 exposure rerun
-23.25,62.25,0.0,0.5,UNASSIGNED,Unassigned/ocean,NA,Not classified,True,WorldPop Total Population 1km ArcGIS ImageServer,World Bank country income classification mapped to vulnerability weights,Natural Earth country boundaries via datasets/geo-countries,not used for RQ2 exposure rerun
-22.5,33.0,5780.897316277036,1.0,MOZ,Mozambique,LIC,Low income,True,WorldPop Total Population 1km ArcGIS ImageServer,World Bank country income classification mapped to vulnerability weights,Natural Earth country boundaries via datasets/geo-countries,not used for RQ2 exposure rerun
-22.5,33.75,10891.341392274946,1.0,MOZ,Mozambique,LIC,Low income,True,WorldPop Total Population 1km ArcGIS ImageServer,World Bank country income classification mapped to vulnerability weights,Natural Earth country boundaries via datasets/geo-countries,not used for RQ2 exposure rerun
-22.5,34.5,28007.665045201877,1.0,MOZ,Mozambique,LIC,Low income,True,WorldPop Total Population 1km ArcGIS ImageServer,World Bank country income classification mapped to vulnerability weights,Natural Earth country boundaries via datasets/geo-countries,not used for RQ2 exposure rerun
-22.5,35.25,88451.38569498056,1.0,MOZ,Mozambique,LIC,Low income,True,WorldPop Total Population 1km ArcGIS ImageServer,World Bank country income classification mapped to vulnerability weights,Natural Earth country boundaries via datasets/geo-countries,not used for RQ2 exposure rerun
-22.5,36.0,0.0,0.5,UNASSIGNED,Unassigned/ocean,NA,Not classified,True,WorldPop Total Population 1km ArcGIS ImageServer,World Bank country income classification mapped to vulnerability weights,Natural Earth country boundaries via datasets/geo-countries,not used for RQ2 exposure rerun
-22.5,36.75,0.0,0.5,UNASSIGNED,Unassigned/ocean,NA,Not classified,True,WorldPop Total Population 1km ArcGIS ImageServer,World Bank country income classification mapped to vulnerability weights,Natural Earth country boundaries via datasets/geo-countries,not used for RQ2 exposure rerun
-22.5,37.5,0.0,0.5,UNASSIGNED,Unassigned/ocean,NA,Not classified,True,WorldPop Total Population 1km ArcGIS ImageServer,World Bank country income classification mapped to vulnerability weights,Natural Earth country boundaries via datasets/geo-countries,not used for RQ2 exposure rerun
-22.5,38.25,0.0,0.5,UNASSIGNED,Unassigned/ocean,NA,Not classified,True,WorldPop Total Population 1km ArcGIS ImageServer,World Bank country income classification mapped to vulnerability weights,Natural Earth country boundaries via datasets/geo-countries,not used for RQ2 exposure rerun
-22.5,39.0,0.0,0.5,UNASSIGNED,Unassigned/ocean,NA,Not classified,True,WorldPop Total Population 1km ArcGIS ImageServer,World Bank country income classification mapped to vulnerability weights,Natural Earth country boundaries via datasets/geo-countries,not used for RQ2 exposure rerun
-22.5,39.75,0.0,0.5,UNASSIGNED,Unassigned/ocean,NA,Not classified,True,WorldPop Total Population 1km ArcGIS ImageServer,World Bank country income classification mapped to vulnerability weights,Natural Earth country boundaries via datasets/geo-countries,not used for RQ2 exposure rerun
-22.5,40.5,0.0,0.5,ATF,French Southern and Antarctic Lands,NA,Not classified,True,WorldPop Total Population 1km ArcGIS ImageServer,World Bank country income classification mapped to vulnerability weights,Natural Earth country boundaries via datasets/geo-countries,not used for RQ2 exposure rerun
-22.5,41.25,0.0,0.5,UNASSIGNED,Unassigned/ocean,NA,Not classified,True,WorldPop Total Population 1km ArcGIS ImageServer,World Bank country income classification mapped to vulnerability weights,Natural Earth country boundaries via datasets/geo-countries,not used for RQ2 exposure rerun
-22.5,60.0,0.0,0.5,UNASSIGNED,Unassigned/ocean,NA,Not classified,True,WorldPop Total Population 1km ArcGIS ImageServer,World Bank country income classification mapped to vulnerability weights,Natural Earth country boundaries via datasets/geo-countries,not used for RQ2 exposure rerun
-22.5,60.75,0.0,0.5,UNASSIGNED,Unassigned/ocean,NA,Not classified,True,WorldPop Total Population 1km ArcGIS ImageServer,World Bank country income classification mapped to vulnerability weights,Natural Earth country boundaries via datasets/geo-countries,not used for RQ2 exposure rerun
-22.5,61.5,0.0,0.5,UNASSIGNED,Unassigned/ocean,NA,Not classified,True,WorldPop Total Population 1km ArcGIS ImageServer,World Bank country income classification mapped to vulnerability weights,Natural Earth country boundaries via datasets/geo-countries,not used for RQ2 exposure rerun
-22.5,62.25,0.0,0.5,UNASSIGNED,Unassigned/ocean,NA,Not classified,True,WorldPop Total Population 1km ArcGIS ImageServer,World Bank country income classification mapped to vulnerability weights,Natural Earth country boundaries via datasets/geo-countries,not used for RQ2 exposure rerun
-22.5,63.0,0.0,0.5,UNASSIGNED,Unassigned/ocean,NA,Not classified,True,WorldPop Total Population 1km ArcGIS ImageServer,World Bank country income classification mapped to vulnerability weights,Natural Earth country boundaries via datasets/geo-countries,not used for RQ2 exposure rerun
-22.5,63.75,0.0,0.5,UNASSIGNED,Unassigned/ocean,NA,Not classified,True,WorldPop Total Population 1km ArcGIS ImageServer,World Bank country income classification mapped to vulnerability weights,Natural Earth country boundaries via datasets/geo-countries,not used for RQ2 exposure rerun
-22.5,65.25,0.0,0.5,UNASSIGNED,Unassigned/ocean,NA,Not classified,True,WorldPop Total Population 1km ArcGIS ImageServer,World Bank country income classification mapped to vulnerability weights,Natural Earth country boundaries via datasets/geo-countries,not used for RQ2 exposure rerun
-22.5,66.0,0.0,0.5,UNASSIGNED,Unassigned/ocean,NA,Not classified,True,WorldPop Total Population 1km ArcGIS ImageServer,World Bank country income classification mapped to vulnerability weights,Natural Earth country boundaries via datasets/geo-countries,not used for RQ2 exposure rerun
-21.75,33.75,19399.061165079438,1.0,MOZ,Mozambique,LIC,Low income,True,WorldPop Total Population 1km ArcGIS ImageServer,World Bank country income classification mapped to vulnerability weights,Natural Earth country boundaries via datasets/geo-countries,not used for RQ2 exposure rerun
-21.75,34.5,22580.052292078766,1.0,MOZ,Mozambique,LIC,Low income,True,WorldPop Total Population 1km ArcGIS ImageServer,World Bank country income classification mapped to vulnerability weights,Natural Earth country boundaries via datasets/geo-countries,not used for RQ2 exposure rerun
-21.75,35.25,80094.29639928021,1.0,MOZ,Mozambique,LIC,Low income,True,WorldPop Total Population 1km ArcGIS ImageServer,World Bank country income classification mapped to vulnerability weights,Natural Earth country boundaries via datasets/geo-countries,not used for RQ2 exposure rerun
-21.75,36.0,0.0,0.5,UNASSIGNED,Unassigned/ocean,NA,Not classified,True,WorldPop Total Population 1km ArcGIS ImageServer,World Bank country income classification mapped to vulnerability weights,Natural Earth country boundaries via datasets/geo-countries,not used for RQ2 exposure rerun
-21.75,36.75,0.0,0.5,UNASSIGNED,Unassigned/ocean,NA,Not classified,True,WorldPop Total Population 1km ArcGIS ImageServer,World Bank country income classification mapped to vulnerability weights,Natural Earth country boundaries via datasets/geo-countries,not used for RQ2 exposure rerun
-21.75,37.5,0.0,0.5,UNASSIGNED,Unassigned/ocean,NA,Not classified,True,WorldPop Total Population 1km ArcGIS ImageServer,World Bank country income classification mapped to vulnerability weights,Natural Earth country boundaries via datasets/geo-countries,not used for RQ2 exposure rerun
-21.75,38.25,0.0,0.5,UNASSIGNED,Unassigned/ocean,NA,Not classified,True,WorldPop Total Population 1km ArcGIS ImageServer,World Bank country income classification mapped to vulnerability weights,Natural Earth country boundaries via datasets/geo-countries,not used for RQ2 exposure rerun
-21.75,39.0,0.0,0.5,UNASSIGNED,Unassigned/ocean,NA,Not classified,True,WorldPop Total Population 1km ArcGIS ImageServer,World Bank country income classification mapped to vulnerability weights,Natural Earth country boundaries via datasets/geo-countries,not used for RQ2 exposure rerun
-21.75,39.75,0.0,0.5,ATF,French Southern and Antarctic Lands,NA,Not classified,True,WorldPop Total Population 1km ArcGIS ImageServer,World Bank country income classification mapped to vulnerability weights,Natural Earth country boundaries via datasets/geo-countries,not used for RQ2 exposure rerun
-21.75,40.5,0.0,0.5,UNASSIGNED,Unassigned/ocean,NA,Not classified,True,WorldPop Total Population 1km ArcGIS ImageServer,World Bank country income classification mapped to vulnerability weights,Natural Earth country boundaries via datasets/geo-countries,not used for RQ2 exposure rerun
-21.75,41.25,0.0,0.5,UNASSIGNED,Unassigned/ocean,NA,Not classified,True,WorldPop Total Population 1km ArcGIS ImageServer,World Bank country income classification mapped to vulnerability weights,Natural Earth country boundaries via datasets/geo-countries,not used for RQ2 exposure rerun
-21.75,42.0,0.0,0.5,UNASSIGNED,Unassigned/ocean,NA,Not classified,True,WorldPop Total Population 1km ArcGIS ImageServer,World Bank country income classification mapped to vulnerability weights,Natural Earth country boundaries via datasets/geo-countries,not used for RQ2 exposure rerun
-21.75,60.0,0.0,0.5,UNASSIGNED,Unassigned/ocean,NA,Not classified,True,WorldPop Total Population 1km ArcGIS ImageServer,World Bank country income classification mapped to vulnerability weights,Natural Earth country boundaries via datasets/geo-countries,not used for RQ2 exposure rerun
-21.75,60.75,0.0,0.5,UNASSIGNED,Unassigned/ocean,NA,Not classified,True,WorldPop Total Population 1km ArcGIS ImageServer,World Bank country income classification mapped to vulnerability weights,Natural Earth country boundaries via datasets/geo-countries,not used for RQ2 exposure rerun
-21.75,62.25,0.0,0.5,UNASSIGNED,Unassigned/ocean,NA,Not classified,True,WorldPop Total Population 1km ArcGIS ImageServer,World Bank country income classification mapped to vulnerability weights,Natural Earth country boundaries via datasets/geo-countries,not used for RQ2 exposure rerun
-21.75,63.75,0.0,0.5,UNASSIGNED,Unassigned/ocean,NA,Not classified,True,WorldPop Total Population 1km ArcGIS ImageServer,World Bank country income classification mapped to vulnerability weights,Natural Earth country boundaries via datasets/geo-countries,not used for RQ2 exposure rerun
-21.75,64.5,0.0,0.5,UNASSIGNED,Unassigned/ocean,NA,Not classified,True,WorldPop Total Population 1km ArcGIS ImageServer,World Bank country income classification mapped to vulnerability weights,Natural Earth country boundaries via datasets/geo-countries,not used for RQ2 exposure rerun
-21.75,66.0,0.0,0.5,UNASSIGNED,Unassigned/ocean,NA,Not classified,True,WorldPop Total Population 1km ArcGIS ImageServer,World Bank country income classification mapped to vulnerability weights,Natural Earth country boundaries via datasets/geo-countries,not used for RQ2 exposure rerun
-21.0,33.75,30135.078227996863,1.0,MOZ,Mozambique,LIC,Low income,True,WorldPop Total Population 1km ArcGIS ImageServer,World Bank country income classification mapped to vulnerability weights,Natural Earth country boundaries via datasets/geo-countries,not used for RQ2 exposure rerun
-21.0,34.5,43395.42161378268,1.0,MOZ,Mozambique,LIC,Low income,True,WorldPop Total Population 1km ArcGIS ImageServer,World Bank country income classification mapped to vulnerability weights,Natural Earth country boundaries via datasets/geo-countries,not used for RQ2 exposure rerun
-21.0,35.25,31795.534071046848,1.0,MOZ,Mozambique,LIC,Low income,True,WorldPop Total Population 1km ArcGIS ImageServer,World Bank country income classification mapped to vulnerability weights,Natural Earth country boundaries via datasets/geo-countries,not used for RQ2 exposure rerun
-21.0,36.0,0.0,0.5,UNASSIGNED,Unassigned/ocean,NA,Not classified,True,WorldPop Total Population 1km ArcGIS ImageServer,World Bank country income classification mapped to vulnerability weights,Natural Earth country boundaries via datasets/geo-countries,not used for RQ2 exposure rerun
-21.0,36.75,0.0,0.5,UNASSIGNED,Unassigned/ocean,NA,Not classified,True,WorldPop Total Population 1km ArcGIS ImageServer,World Bank country income classification mapped to vulnerability weights,Natural Earth country boundaries via datasets/geo-countries,not used for RQ2 exposure rerun
-21.0,37.5,0.0,0.5,UNASSIGNED,Unassigned/ocean,NA,Not classified,True,WorldPop Total Population 1km ArcGIS ImageServer,World Bank country income classification mapped to vulnerability weights,Natural Earth country boundaries via datasets/geo-countries,not used for RQ2 exposure rerun
-21.0,38.25,0.0,0.5,UNASSIGNED,Unassigned/ocean,NA,Not classified,True,WorldPop Total Population 1km ArcGIS ImageServer,World Bank country income classification mapped to vulnerability weights,Natural Earth country boundaries via datasets/geo-countries,not used for RQ2 exposure rerun
-21.0,39.0,0.0,0.5,UNASSIGNED,Unassigned/ocean,NA,Not classified,True,WorldPop Total Population 1km ArcGIS ImageServer,World Bank country income classification mapped to vulnerability weights,Natural Earth country boundaries via datasets/geo-countries,not used for RQ2 exposure rerun
-21.0,39.75,0.0,0.5,UNASSIGNED,Unassigned/ocean,NA,Not classified,True,WorldPop Total Population 1km ArcGIS ImageServer,World Bank country income classification mapped to vulnerability weights,Natural Earth country boundaries via datasets/geo-countries,not used for RQ2 exposure rerun
-21.0,40.5,0.0,0.5,UNASSIGNED,Unassigned/ocean,NA,Not classified,True,WorldPop Total Population 1km ArcGIS ImageServer,World Bank country income classification mapped to vulnerability weights,Natural Earth country boundaries via datasets/geo-countries,not used for RQ2 exposure rerun
-21.0,41.25,0.0,0.5,UNASSIGNED,Unassigned/ocean,NA,Not classified,True,WorldPop Total Population 1km ArcGIS ImageServer,World Bank country income classification mapped to vulnerability weights,Natural Earth country boundaries via datasets/geo-countries,not used for RQ2 exposure rerun
-21.0,42.0,0.0,0.5,UNASSIGNED,Unassigned/ocean,NA,Not classified,True,WorldPop Total Population 1km ArcGIS ImageServer,World Bank country income classification mapped to vulnerability weights,Natural Earth country boundaries via datasets/geo-countries,not used for RQ2 exposure rerun
-21.0,42.75,0.0,0.5,UNASSIGNED,Unassigned/ocean,NA,Not classified,True,WorldPop Total Population 1km ArcGIS ImageServer,World Bank country income classification mapped to vulnerability weights,Natural Earth country boundaries via datasets/geo-countries,not used for RQ2 exposure rerun
-21.0,44.25,29600.81983653375,1.0,MDG,Madagascar,LIC,Low income,True,WorldPop Total Population 1km ArcGIS ImageServer,World Bank country income classification mapped to vulnerability weights,Natural Earth country boundaries via datasets/geo-countries,not used for RQ2 exposure rerun
-21.0,65.25,0.0,0.5,UNASSIGNED,Unassigned/ocean,NA,Not classified,True,WorldPop Total Population 1km ArcGIS ImageServer,World Bank country income classification mapped to vulnerability weights,Natural Earth country boundaries via datasets/geo-countries,not used for RQ2 exposure rerun
-21.0,66.75,0.0,0.5,UNASSIGNED,Unassigned/ocean,NA,Not classified,True,WorldPop Total Population 1km ArcGIS ImageServer,World Bank country income classification mapped to vulnerability weights,Natural Earth country boundaries via datasets/geo-countries,not used for RQ2 exposure rerun
-21.0,67.5,0.0,0.5,UNASSIGNED,Unassigned/ocean,NA,Not classified,True,WorldPop Total Population 1km ArcGIS ImageServer,World Bank country income classification mapped to vulnerability weights,Natural Earth country boundaries via datasets/geo-countries,not used for RQ2 exposure rerun
-20.25,31.5,276032.5388211606,0.75,ZWE,Zimbabwe,LMC,Lower middle income,True,WorldPop Total Population 1km ArcGIS ImageServer,World Bank country income classification mapped to vulnerability weights,Natural Earth country boundaries via datasets/geo-countries,not used for RQ2 exposure rerun
-20.25,32.25,197602.70180869114,0.75,ZWE,Zimbabwe,LMC,Lower middle income,True,WorldPop Total Population 1km ArcGIS ImageServer,World Bank country income classification mapped to vulnerability weights,Natural Earth country boundaries via datasets/geo-countries,not used for RQ2 exposure rerun
-20.25,33.0,246220.8467979448,1.0,MOZ,Mozambique,LIC,Low income,True,WorldPop Total Population 1km ArcGIS ImageServer,World Bank country income classification mapped to vulnerability weights,Natural Earth country boundaries via datasets/geo-countries,not used for RQ2 exposure rerun
-20.25,33.75,86251.32435578121,1.0,MOZ,Mozambique,LIC,Low income,True,WorldPop Total Population 1km ArcGIS ImageServer,World Bank country income classification mapped to vulnerability weights,Natural Earth country boundaries via datasets/geo-countries,not used for RQ2 exposure rerun
-20.25,34.5,104063.04690389325,1.0,MOZ,Mozambique,LIC,Low income,True,WorldPop Total Population 1km ArcGIS ImageServer,World Bank country income classification mapped to vulnerability weights,Natural Earth country boundaries via datasets/geo-countries,not used for RQ2 exposure rerun
-20.25,35.25,10.902158617973328,0.5,UNASSIGNED,Unassigned/ocean,NA,Not classified,True,WorldPop Total Population 1km ArcGIS ImageServer,World Bank country income classification mapped to vulnerability weights,Natural Earth country boundaries via datasets/geo-countries,not used for RQ2 exposure rerun
-20.25,36.0,0.0,0.5,UNASSIGNED,Unassigned/ocean,NA,Not classified,True,WorldPop Total Population 1km ArcGIS ImageServer,World Bank country income classification mapped to vulnerability weights,Natural Earth country boundaries via datasets/geo-countries,not used for RQ2 exposure rerun
-20.25,36.75,0.0,0.5,UNASSIGNED,Unassigned/ocean,NA,Not classified,True,WorldPop Total Population 1km ArcGIS ImageServer,World Bank country income classification mapped to vulnerability weights,Natural Earth country boundaries via datasets/geo-countries,not used for RQ2 exposure rerun
-20.25,37.5,0.0,0.5,UNASSIGNED,Unassigned/ocean,NA,Not classified,True,WorldPop Total Population 1km ArcGIS ImageServer,World Bank country income classification mapped to vulnerability weights,Natural Earth country boundaries via datasets/geo-countries,not used for RQ2 exposure rerun
-20.25,38.25,0.0,0.5,UNASSIGNED,Unassigned/ocean,NA,Not classified,True,WorldPop Total Population 1km ArcGIS ImageServer,World Bank country income classification mapped to vulnerability weights,Natural Earth country boundaries via datasets/geo-countries,not used for RQ2 exposure rerun
-20.25,39.0,0.0,0.5,UNASSIGNED,Unassigned/ocean,NA,Not classified,True,WorldPop Total Population 1km ArcGIS ImageServer,World Bank country income classification mapped to vulnerability weights,Natural Earth country boundaries via datasets/geo-countries,not used for RQ2 exposure rerun
-20.25,39.75,0.0,0.5,UNASSIGNED,Unassigned/ocean,NA,Not classified,True,WorldPop Total Population 1km ArcGIS ImageServer,World Bank country income classification mapped to vulnerability weights,Natural Earth country boundaries via datasets/geo-countries,not used for RQ2 exposure rerun
-20.25,40.5,0.0,0.5,UNASSIGNED,Unassigned/ocean,NA,Not classified,True,WorldPop Total Population 1km ArcGIS ImageServer,World Bank country income classification mapped to vulnerability weights,Natural Earth country boundaries via datasets/geo-countries,not used for RQ2 exposure rerun
-20.25,41.25,0.0,0.5,UNASSIGNED,Unassigned/ocean,NA,Not classified,True,WorldPop Total Population 1km ArcGIS ImageServer,World Bank country income classification mapped to vulnerability weights,Natural Earth country boundaries via datasets/geo-countries,not used for RQ2 exposure rerun
-20.25,42.0,0.0,0.5,UNASSIGNED,Unassigned/ocean,NA,Not classified,True,WorldPop Total Population 1km ArcGIS ImageServer,World Bank country income classification mapped to vulnerability weights,Natural Earth country boundaries via datasets/geo-countries,not used for RQ2 exposure rerun
-20.25,42.75,0.0,0.5,UNASSIGNED,Unassigned/ocean,NA,Not classified,True,WorldPop Total Population 1km ArcGIS ImageServer,World Bank country income classification mapped to vulnerability weights,Natural Earth country boundaries via datasets/geo-countries,not used for RQ2 exposure rerun
-20.25,43.5,0.0,0.5,UNASSIGNED,Unassigned/ocean,NA,Not classified,True,WorldPop Total Population 1km ArcGIS ImageServer,World Bank country income classification mapped to vulnerability weights,Natural Earth country boundaries via datasets/geo-countries,not used for RQ2 exposure rerun
-20.25,44.25,84170.7387390938,1.0,MDG,Madagascar,LIC,Low income,True,WorldPop Total Population 1km ArcGIS ImageServer,World Bank country income classification mapped to vulnerability weights,Natural Earth country boundaries via datasets/geo-countries,not used for RQ2 exposure rerun
-20.25,45.75,47873.60616695884,1.0,MDG,Madagascar,LIC,Low income,True,WorldPop Total Population 1km ArcGIS ImageServer,World Bank country income classification mapped to vulnerability weights,Natural Earth country boundaries via datasets/geo-countries,not used for RQ2 exposure rerun
-20.25,63.0,0.0,0.5,UNASSIGNED,Unassigned/ocean,NA,Not classified,True,WorldPop Total Population 1km ArcGIS ImageServer,World Bank country income classification mapped to vulnerability weights,Natural Earth country boundaries via datasets/geo-countries,not used for RQ2 exposure rerun
-20.25,63.75,0.0,0.5,UNASSIGNED,Unassigned/ocean,NA,Not classified,True,WorldPop Total Population 1km ArcGIS ImageServer,World Bank country income classification mapped to vulnerability weights,Natural Earth country boundaries via datasets/geo-countries,not used for RQ2 exposure rerun
-20.25,64.5,0.0,0.5,UNASSIGNED,Unassigned/ocean,NA,Not classified,True,WorldPop Total Population 1km ArcGIS ImageServer,World Bank country income classification mapped to vulnerability weights,Natural Earth country boundaries via datasets/geo-countries,not used for RQ2 exposure rerun
-20.25,65.25,0.0,0.5,UNASSIGNED,Unassigned/ocean,NA,Not classified,True,WorldPop Total Population 1km ArcGIS ImageServer,World Bank country income classification mapped to vulnerability weights,Natural Earth country boundaries via datasets/geo-countries,not used for RQ2 exposure rerun
-20.25,66.0,0.0,0.5,UNASSIGNED,Unassigned/ocean,NA,Not classified,True,WorldPop Total Population 1km ArcGIS ImageServer,World Bank country income classification mapped to vulnerability weights,Natural Earth country boundaries via datasets/geo-countries,not used for RQ2 exposure rerun
-20.25,67.5,0.0,0.5,UNASSIGNED,Unassigned/ocean,NA,Not classified,True,WorldPop Total Population 1km ArcGIS ImageServer,World Bank country income classification mapped to vulnerability weights,Natural Earth country boundaries via datasets/geo-countries,not used for RQ2 exposure rerun
-20.25,68.25,0.0,0.5,UNASSIGNED,Unassigned/ocean,NA,Not classified,True,WorldPop Total Population 1km ArcGIS ImageServer,World Bank country income classification mapped to vulnerability weights,Natural Earth country boundaries via datasets/geo-countries,not used for RQ2 exposure rerun
-20.25,69.0,0.0,0.5,UNASSIGNED,Unassigned/ocean,NA,Not classified,True,WorldPop Total Population 1km ArcGIS ImageServer,World Bank country income classification mapped to vulnerability weights,Natural Earth country boundaries via datasets/geo-countries,not used for RQ2 exposure rerun
-20.25,69.75,0.0,0.5,UNASSIGNED,Unassigned/ocean,NA,Not classified,True,WorldPop Total Population 1km ArcGIS ImageServer,World Bank country income classification mapped to vulnerability weights,Natural Earth country boundaries via datasets/geo-countries,not used for RQ2 exposure rerun
-20.25,127.5,0.0,0.25,AUS,Australia,HIC,High income,False,WorldPop Total Population 1km ArcGIS ImageServer,World Bank country income classification mapped to vulnerability weights,Natural Earth country boundaries via datasets/geo-countries,not used for RQ2 exposure rerun
-20.25,131.25,0.0,0.25,AUS,Australia,HIC,High income,False,WorldPop Total Population 1km ArcGIS ImageServer,World Bank country income classification mapped to vulnerability weights,Natural Earth country boundaries via datasets/geo-countries,not used for RQ2 exposure rerun
-20.25,132.0,0.0,0.25,AUS,Australia,HIC,High income,False,WorldPop Total Population 1km ArcGIS ImageServer,World Bank country income classification mapped to vulnerability weights,Natural Earth country boundaries via datasets/geo-countries,not used for RQ2 exposure rerun
-20.25,134.25,0.0,0.25,AUS,Australia,HIC,High income,False,WorldPop Total Population 1km ArcGIS ImageServer,World Bank country income classification mapped to vulnerability weights,Natural Earth country boundaries via datasets/geo-countries,not used for RQ2 exposure rerun
-19.5,33.0,147082.48906895504,1.0,MOZ,Mozambique,LIC,Low income,True,WorldPop Total Population 1km ArcGIS ImageServer,World Bank country income classification mapped to vulnerability weights,Natural Earth country boundaries via datasets/geo-countries,not used for RQ2 exposure rerun
-19.5,33.75,220124.92398047348,1.0,MOZ,Mozambique,LIC,Low income,True,WorldPop Total Population 1km ArcGIS ImageServer,World Bank country income classification mapped to vulnerability weights,Natural Earth country boundaries via datasets/geo-countries,not used for RQ2 exposure rerun
-19.5,34.5,473803.1657118492,1.0,MOZ,Mozambique,LIC,Low income,True,WorldPop Total Population 1km ArcGIS ImageServer,World Bank country income classification mapped to vulnerability weights,Natural Earth country boundaries via datasets/geo-countries,not used for RQ2 exposure rerun
-19.5,35.25,209623.59153996783,1.0,MOZ,Mozambique,LIC,Low income,True,WorldPop Total Population 1km ArcGIS ImageServer,World Bank country income classification mapped to vulnerability weights,Natural Earth country boundaries via datasets/geo-countries,not used for RQ2 exposure rerun
-19.5,36.0,96.61304761096838,1.0,MOZ,Mozambique,LIC,Low income,True,WorldPop Total Population 1km ArcGIS ImageServer,World Bank country income classification mapped to vulnerability weights,Natural Earth country boundaries via datasets/geo-countries,not used for RQ2 exposure rerun
-19.5,36.75,0.0,0.5,UNASSIGNED,Unassigned/ocean,NA,Not classified,True,WorldPop Total Population 1km ArcGIS ImageServer,World Bank country income classification mapped to vulnerability weights,Natural Earth country boundaries via datasets/geo-countries,not used for RQ2 exposure rerun
-19.5,37.5,0.0,0.5,UNASSIGNED,Unassigned/ocean,NA,Not classified,True,WorldPop Total Population 1km ArcGIS ImageServer,World Bank country income classification mapped to vulnerability weights,Natural Earth country boundaries via datasets/geo-countries,not used for RQ2 exposure rerun
-19.5,38.25,0.0,0.5,UNASSIGNED,Unassigned/ocean,NA,Not classified,True,WorldPop Total Population 1km ArcGIS ImageServer,World Bank country income classification mapped to vulnerability weights,Natural Earth country boundaries via datasets/geo-countries,not used for RQ2 exposure rerun
-19.5,39.0,0.0,0.5,UNASSIGNED,Unassigned/ocean,NA,Not classified,True,WorldPop Total Population 1km ArcGIS ImageServer,World Bank country income classification mapped to vulnerability weights,Natural Earth country boundaries via datasets/geo-countries,not used for RQ2 exposure rerun
-19.5,39.75,0.0,0.5,UNASSIGNED,Unassigned/ocean,NA,Not classified,True,WorldPop Total Population 1km ArcGIS ImageServer,World Bank country income classification mapped to vulnerability weights,Natural Earth country boundaries via datasets/geo-countries,not used for RQ2 exposure rerun
-19.5,40.5,0.0,0.5,UNASSIGNED,Unassigned/ocean,NA,Not classified,True,WorldPop Total Population 1km ArcGIS ImageServer,World Bank country income classification mapped to vulnerability weights,Natural Earth country boundaries via datasets/geo-countries,not used for RQ2 exposure rerun
-19.5,41.25,0.0,0.5,UNASSIGNED,Unassigned/ocean,NA,Not classified,True,WorldPop Total Population 1km ArcGIS ImageServer,World Bank country income classification mapped to vulnerability weights,Natural Earth country boundaries via datasets/geo-countries,not used for RQ2 exposure rerun
-19.5,42.0,0.0,0.5,UNASSIGNED,Unassigned/ocean,NA,Not classified,True,WorldPop Total Population 1km ArcGIS ImageServer,World Bank country income classification mapped to vulnerability weights,Natural Earth country boundaries via datasets/geo-countries,not used for RQ2 exposure rerun
-19.5,42.75,0.0,0.5,UNASSIGNED,Unassigned/ocean,NA,Not classified,True,WorldPop Total Population 1km ArcGIS ImageServer,World Bank country income classification mapped to vulnerability weights,Natural Earth country boundaries via datasets/geo-countries,not used for RQ2 exposure rerun
-19.5,43.5,0.0,0.5,UNASSIGNED,Unassigned/ocean,NA,Not classified,True,WorldPop Total Population 1km ArcGIS ImageServer,World Bank country income classification mapped to vulnerability weights,Natural Earth country boundaries via datasets/geo-countries,not used for RQ2 exposure rerun
-19.5,44.25,11100.275929478465,1.0,MDG,Madagascar,LIC,Low income,True,WorldPop Total Population 1km ArcGIS ImageServer,World Bank country income classification mapped to vulnerability weights,Natural Earth country boundaries via datasets/geo-countries,not used for RQ2 exposure rerun
-19.5,45.0,32931.97040968396,1.0,MDG,Madagascar,LIC,Low income,True,WorldPop Total Population 1km ArcGIS ImageServer,World Bank country income classification mapped to vulnerability weights,Natural Earth country boundaries via datasets/geo-countries,not used for RQ2 exposure rerun
-19.5,45.75,56519.53298610441,1.0,MDG,Madagascar,LIC,Low income,True,WorldPop Total Population 1km ArcGIS ImageServer,World Bank country income classification mapped to vulnerability weights,Natural Earth country boundaries via datasets/geo-countries,not used for RQ2 exposure rerun
-19.5,46.5,336293.80803132034,1.0,MDG,Madagascar,LIC,Low income,True,WorldPop Total Population 1km ArcGIS ImageServer,World Bank country income classification mapped to vulnerability weights,Natural Earth country boundaries via datasets/geo-countries,not used for RQ2 exposure rerun
-19.5,62.25,0.0,0.5,UNASSIGNED,Unassigned/ocean,NA,Not classified,True,WorldPop Total Population 1km ArcGIS ImageServer,World Bank country income classification mapped to vulnerability weights,Natural Earth country boundaries via datasets/geo-countries,not used for RQ2 exposure rerun
-19.5,63.0,2687.402709364891,0.5,MUS,Mauritius,UMC,Upper middle income,True,WorldPop Total Population 1km ArcGIS ImageServer,World Bank country income classification mapped to vulnerability weights,Natural Earth country boundaries via datasets/geo-countries,not used for RQ2 exposure rerun
-19.5,64.5,0.0,0.5,UNASSIGNED,Unassigned/ocean,NA,Not classified,True,WorldPop Total Population 1km ArcGIS ImageServer,World Bank country income classification mapped to vulnerability weights,Natural Earth country boundaries via datasets/geo-countries,not used for RQ2 exposure rerun
-19.5,65.25,0.0,0.5,UNASSIGNED,Unassigned/ocean,NA,Not classified,True,WorldPop Total Population 1km ArcGIS ImageServer,World Bank country income classification mapped to vulnerability weights,Natural Earth country boundaries via datasets/geo-countries,not used for RQ2 exposure rerun
-19.5,67.5,0.0,0.5,UNASSIGNED,Unassigned/ocean,NA,Not classified,True,WorldPop Total Population 1km ArcGIS ImageServer,World Bank country income classification mapped to vulnerability weights,Natural Earth country boundaries via datasets/geo-countries,not used for RQ2 exposure rerun
-19.5,68.25,0.0,0.5,UNASSIGNED,Unassigned/ocean,NA,Not classified,True,WorldPop Total Population 1km ArcGIS ImageServer,World Bank country income classification mapped to vulnerability weights,Natural Earth country boundaries via datasets/geo-countries,not used for RQ2 exposure rerun
-19.5,69.75,0.0,0.5,UNASSIGNED,Unassigned/ocean,NA,Not classified,True,WorldPop Total Population 1km ArcGIS ImageServer,World Bank country income classification mapped to vulnerability weights,Natural Earth country boundaries via datasets/geo-countries,not used for RQ2 exposure rerun
-19.5,71.25,0.0,0.5,UNASSIGNED,Unassigned/ocean,NA,Not classified,True,WorldPop Total Population 1km ArcGIS ImageServer,World Bank country income classification mapped to vulnerability weights,Natural Earth country boundaries via datasets/geo-countries,not used for RQ2 exposure rerun
-19.5,123.0,0.0,0.25,AUS,Australia,HIC,High income,False,WorldPop Total Population 1km ArcGIS ImageServer,World Bank country income classification mapped to vulnerability weights,Natural Earth country boundaries via datasets/geo-countries,not used for RQ2 exposure rerun
-19.5,126.75,0.0,0.25,AUS,Australia,HIC,High income,False,WorldPop Total Population 1km ArcGIS ImageServer,World Bank country income classification mapped to vulnerability weights,Natural Earth country boundaries via datasets/geo-countries,not used for RQ2 exposure rerun
-19.5,127.5,0.0,0.25,AUS,Australia,HIC,High income,False,WorldPop Total Population 1km ArcGIS ImageServer,World Bank country income classification mapped to vulnerability weights,Natural Earth country boundaries via datasets/geo-countries,not used for RQ2 exposure rerun
-19.5,128.25,0.0,0.25,AUS,Australia,HIC,High income,False,WorldPop Total Population 1km ArcGIS ImageServer,World Bank country income classification mapped to vulnerability weights,Natural Earth country boundaries via datasets/geo-countries,not used for RQ2 exposure rerun
-19.5,131.25,0.0,0.25,AUS,Australia,HIC,High income,False,WorldPop Total Population 1km ArcGIS ImageServer,World Bank country income classification mapped to vulnerability weights,Natural Earth country boundaries via datasets/geo-countries,not used for RQ2 exposure rerun
-18.75,33.75,269462.03826017666,1.0,MOZ,Mozambique,LIC,Low income,True,WorldPop Total Population 1km ArcGIS ImageServer,World Bank country income classification mapped to vulnerability weights,Natural Earth country boundaries via datasets/geo-countries,not used for RQ2 exposure rerun
-18.75,34.5,67241.7664295288,1.0,MOZ,Mozambique,LIC,Low income,True,WorldPop Total Population 1km ArcGIS ImageServer,World Bank country income classification mapped to vulnerability weights,Natural Earth country boundaries via datasets/geo-countries,not used for RQ2 exposure rerun
-18.75,35.25,16344.830263644506,1.0,MOZ,Mozambique,LIC,Low income,True,WorldPop Total Population 1km ArcGIS ImageServer,World Bank country income classification mapped to vulnerability weights,Natural Earth country boundaries via datasets/geo-countries,not used for RQ2 exposure rerun
-18.75,36.75,32482.756430253365,1.0,MOZ,Mozambique,LIC,Low income,True,WorldPop Total Population 1km ArcGIS ImageServer,World Bank country income classification mapped to vulnerability weights,Natural Earth country boundaries via datasets/geo-countries,not used for RQ2 exposure rerun
-18.75,38.25,0.0,0.5,UNASSIGNED,Unassigned/ocean,NA,Not classified,True,WorldPop Total Population 1km ArcGIS ImageServer,World Bank country income classification mapped to vulnerability weights,Natural Earth country boundaries via datasets/geo-countries,not used for RQ2 exposure rerun
-18.75,39.75,0.0,0.5,UNASSIGNED,Unassigned/ocean,NA,Not classified,True,WorldPop Total Population 1km ArcGIS ImageServer,World Bank country income classification mapped to vulnerability weights,Natural Earth country boundaries via datasets/geo-countries,not used for RQ2 exposure rerun
-18.75,40.5,0.0,0.5,UNASSIGNED,Unassigned/ocean,NA,Not classified,True,WorldPop Total Population 1km ArcGIS ImageServer,World Bank country income classification mapped to vulnerability weights,Natural Earth country boundaries via datasets/geo-countries,not used for RQ2 exposure rerun
-18.75,41.25,0.0,0.5,UNASSIGNED,Unassigned/ocean,NA,Not classified,True,WorldPop Total Population 1km ArcGIS ImageServer,World Bank country income classification mapped to vulnerability weights,Natural Earth country boundaries via datasets/geo-countries,not used for RQ2 exposure rerun
-18.75,42.0,0.0,0.5,UNASSIGNED,Unassigned/ocean,NA,Not classified,True,WorldPop Total Population 1km ArcGIS ImageServer,World Bank country income classification mapped to vulnerability weights,Natural Earth country boundaries via datasets/geo-countries,not used for RQ2 exposure rerun
-18.75,42.75,0.0,0.5,UNASSIGNED,Unassigned/ocean,NA,Not classified,True,WorldPop Total Population 1km ArcGIS ImageServer,World Bank country income classification mapped to vulnerability weights,Natural Earth country boundaries via datasets/geo-countries,not used for RQ2 exposure rerun
-18.75,43.5,0.9408010244369507,0.5,UNASSIGNED,Unassigned/ocean,NA,Not classified,True,WorldPop Total Population 1km ArcGIS ImageServer,World Bank country income classification mapped to vulnerability weights,Natural Earth country boundaries via datasets/geo-countries,not used for RQ2 exposure rerun
-18.75,44.25,14181.115367891283,1.0,MDG,Madagascar,LIC,Low income,True,WorldPop Total Population 1km ArcGIS ImageServer,World Bank country income classification mapped to vulnerability weights,Natural Earth country boundaries via datasets/geo-countries,not used for RQ2 exposure rerun
-18.75,45.0,20682.867468237862,1.0,MDG,Madagascar,LIC,Low income,True,WorldPop Total Population 1km ArcGIS ImageServer,World Bank country income classification mapped to vulnerability weights,Natural Earth country boundaries via datasets/geo-countries,not used for RQ2 exposure rerun
-18.75,45.75,106256.44446456454,1.0,MDG,Madagascar,LIC,Low income,True,WorldPop Total Population 1km ArcGIS ImageServer,World Bank country income classification mapped to vulnerability weights,Natural Earth country boundaries via datasets/geo-countries,not used for RQ2 exposure rerun
-18.75,46.5,247312.51424384082,1.0,MDG,Madagascar,LIC,Low income,True,WorldPop Total Population 1km ArcGIS ImageServer,World Bank country income classification mapped to vulnerability weights,Natural Earth country boundaries via datasets/geo-countries,not used for RQ2 exposure rerun
-18.75,47.25,1780248.7992219895,1.0,MDG,Madagascar,LIC,Low income,True,WorldPop Total Population 1km ArcGIS ImageServer,World Bank country income classification mapped to vulnerability weights,Natural Earth country boundaries via datasets/geo-countries,not used for RQ2 exposure rerun
-18.75,48.0,368392.56761634396,1.0,MDG,Madagascar,LIC,Low income,True,WorldPop Total Population 1km ArcGIS ImageServer,World Bank country income classification mapped to vulnerability weights,Natural Earth country boundaries via datasets/geo-countries,not used for RQ2 exposure rerun
-18.75,48.75,173847.615378649,1.0,MDG,Madagascar,LIC,Low income,True,WorldPop Total Population 1km ArcGIS ImageServer,World Bank country income classification mapped to vulnerability weights,Natural Earth country boundaries via datasets/geo-countries,not used for RQ2 exposure rerun
-18.75,49.5,15253.21512354165,1.0,MDG,Madagascar,LIC,Low income,True,WorldPop Total Population 1km ArcGIS ImageServer,World Bank country income classification mapped to vulnerability weights,Natural Earth country boundaries via datasets/geo-countries,not used for RQ2 exposure rerun
-18.75,50.25,0.0,0.5,UNASSIGNED,Unassigned/ocean,NA,Not classified,True,WorldPop Total Population 1km ArcGIS ImageServer,World Bank country income classification mapped to vulnerability weights,Natural Earth country boundaries via datasets/geo-countries,not used for RQ2 exposure rerun
-18.75,51.0,0.0,0.5,UNASSIGNED,Unassigned/ocean,NA,Not classified,True,WorldPop Total Population 1km ArcGIS ImageServer,World Bank country income classification mapped to vulnerability weights,Natural Earth country boundaries via datasets/geo-countries,not used for RQ2 exposure rerun
-18.75,51.75,0.0,0.5,UNASSIGNED,Unassigned/ocean,NA,Not classified,True,WorldPop Total Population 1km ArcGIS ImageServer,World Bank country income classification mapped to vulnerability weights,Natural Earth country boundaries via datasets/geo-countries,not used for RQ2 exposure rerun
-18.75,61.5,0.0,0.5,UNASSIGNED,Unassigned/ocean,NA,Not classified,True,WorldPop Total Population 1km ArcGIS ImageServer,World Bank country income classification mapped to vulnerability weights,Natural Earth country boundaries via datasets/geo-countries,not used for RQ2 exposure rerun
-18.75,63.75,0.0,0.5,UNASSIGNED,Unassigned/ocean,NA,Not classified,True,WorldPop Total Population 1km ArcGIS ImageServer,World Bank country income classification mapped to vulnerability weights,Natural Earth country boundaries via datasets/geo-countries,not used for RQ2 exposure rerun
-18.75,65.25,0.0,0.5,UNASSIGNED,Unassigned/ocean,NA,Not classified,True,WorldPop Total Population 1km ArcGIS ImageServer,World Bank country income classification mapped to vulnerability weights,Natural Earth country boundaries via datasets/geo-countries,not used for RQ2 exposure rerun
-18.75,66.75,0.0,0.5,UNASSIGNED,Unassigned/ocean,NA,Not classified,True,WorldPop Total Population 1km ArcGIS ImageServer,World Bank country income classification mapped to vulnerability weights,Natural Earth country boundaries via datasets/geo-countries,not used for RQ2 exposure rerun
-18.75,67.5,0.0,0.5,UNASSIGNED,Unassigned/ocean,NA,Not classified,True,WorldPop Total Population 1km ArcGIS ImageServer,World Bank country income classification mapped to vulnerability weights,Natural Earth country boundaries via datasets/geo-countries,not used for RQ2 exposure rerun
-18.75,68.25,0.0,0.5,UNASSIGNED,Unassigned/ocean,NA,Not classified,True,WorldPop Total Population 1km ArcGIS ImageServer,World Bank country income classification mapped to vulnerability weights,Natural Earth country boundaries via datasets/geo-countries,not used for RQ2 exposure rerun
-18.75,69.0,0.0,0.5,UNASSIGNED,Unassigned/ocean,NA,Not classified,True,WorldPop Total Population 1km ArcGIS ImageServer,World Bank country income classification mapped to vulnerability weights,Natural Earth country boundaries via datasets/geo-countries,not used for RQ2 exposure rerun
-18.75,69.75,0.0,0.5,UNASSIGNED,Unassigned/ocean,NA,Not classified,True,WorldPop Total Population 1km ArcGIS ImageServer,World Bank country income classification mapped to vulnerability weights,Natural Earth country boundaries via datasets/geo-countries,not used for RQ2 exposure rerun
-18.75,122.25,0.0,0.25,AUS,Australia,HIC,High income,False,WorldPop Total Population 1km ArcGIS ImageServer,World Bank country income classification mapped to vulnerability weights,Natural Earth country boundaries via datasets/geo-countries,not used for RQ2 exposure rerun
-18.75,124.5,0.0,0.25,AUS,Australia,HIC,High income,False,WorldPop Total Population 1km ArcGIS ImageServer,World Bank country income classification mapped to vulnerability weights,Natural Earth country boundaries via datasets/geo-countries,not used for RQ2 exposure rerun
-18.75,125.25,0.0,0.25,AUS,Australia,HIC,High income,False,WorldPop Total Population 1km ArcGIS ImageServer,World Bank country income classification mapped to vulnerability weights,Natural Earth country boundaries via datasets/geo-countries,not used for RQ2 exposure rerun
-18.75,126.0,0.0,0.25,AUS,Australia,HIC,High income,False,WorldPop Total Population 1km ArcGIS ImageServer,World Bank country income classification mapped to vulnerability weights,Natural Earth country boundaries via datasets/geo-countries,not used for RQ2 exposure rerun
-18.75,126.75,0.0,0.25,AUS,Australia,HIC,High income,False,WorldPop Total Population 1km ArcGIS ImageServer,World Bank country income classification mapped to vulnerability weights,Natural Earth country boundaries via datasets/geo-countries,not used for RQ2 exposure rerun
-18.75,127.5,0.0,0.25,AUS,Australia,HIC,High income,False,WorldPop Total Population 1km ArcGIS ImageServer,World Bank country income classification mapped to vulnerability weights,Natural Earth country boundaries via datasets/geo-countries,not used for RQ2 exposure rerun
-18.75,128.25,0.0,0.25,AUS,Australia,HIC,High income,False,WorldPop Total Population 1km ArcGIS ImageServer,World Bank country income classification mapped to vulnerability weights,Natural Earth country boundaries via datasets/geo-countries,not used for RQ2 exposure rerun
-18.75,130.5,0.0,0.25,AUS,Australia,HIC,High income,False,WorldPop Total Population 1km ArcGIS ImageServer,World Bank country income classification mapped to vulnerability weights,Natural Earth country boundaries via datasets/geo-countries,not used for RQ2 exposure rerun
-18.75,135.75,0.0,0.25,AUS,Australia,HIC,High income,False,WorldPop Total Population 1km ArcGIS ImageServer,World Bank country income classification mapped to vulnerability weights,Natural Earth country boundaries via datasets/geo-countries,not used for RQ2 exposure rerun
-18.0,34.5,58414.82620722051,1.0,MOZ,Mozambique,LIC,Low income,True,WorldPop Total Population 1km ArcGIS ImageServer,World Bank country income classification mapped to vulnerability weights,Natural Earth country boundaries via datasets/geo-countries,not used for RQ2 exposure rerun
-18.0,36.0,103474.80914664241,1.0,MOZ,Mozambique,LIC,Low income,True,WorldPop Total Population 1km ArcGIS ImageServer,World Bank country income classification mapped to vulnerability weights,Natural Earth country boundaries via datasets/geo-countries,not used for RQ2 exposure rerun
-18.0,36.75,441604.9810076798,1.0,MOZ,Mozambique,LIC,Low income,True,WorldPop Total Population 1km ArcGIS ImageServer,World Bank country income classification mapped to vulnerability weights,Natural Earth country boundaries via datasets/geo-countries,not used for RQ2 exposure rerun
-18.0,39.75,0.0,0.5,UNASSIGNED,Unassigned/ocean,NA,Not classified,True,WorldPop Total Population 1km ArcGIS ImageServer,World Bank country income classification mapped to vulnerability weights,Natural Earth country boundaries via datasets/geo-countries,not used for RQ2 exposure rerun
-18.0,42.75,0.0,0.5,UNASSIGNED,Unassigned/ocean,NA,Not classified,True,WorldPop Total Population 1km ArcGIS ImageServer,World Bank country income classification mapped to vulnerability weights,Natural Earth country boundaries via datasets/geo-countries,not used for RQ2 exposure rerun
-18.0,43.5,2.2211177945137024,0.5,UNASSIGNED,Unassigned/ocean,NA,Not classified,True,WorldPop Total Population 1km ArcGIS ImageServer,World Bank country income classification mapped to vulnerability weights,Natural Earth country boundaries via datasets/geo-countries,not used for RQ2 exposure rerun
-18.0,45.0,19996.270115435113,1.0,MDG,Madagascar,LIC,Low income,True,WorldPop Total Population 1km ArcGIS ImageServer,World Bank country income classification mapped to vulnerability weights,Natural Earth country boundaries via datasets/geo-countries,not used for RQ2 exposure rerun
-18.0,45.75,29910.528365194783,1.0,MDG,Madagascar,LIC,Low income,True,WorldPop Total Population 1km ArcGIS ImageServer,World Bank country income classification mapped to vulnerability weights,Natural Earth country boundaries via datasets/geo-countries,not used for RQ2 exposure rerun
-18.0,46.5,46096.656120777014,1.0,MDG,Madagascar,LIC,Low income,True,WorldPop Total Population 1km ArcGIS ImageServer,World Bank country income classification mapped to vulnerability weights,Natural Earth country boundaries via datasets/geo-countries,not used for RQ2 exposure rerun
-18.0,47.25,99265.31212174862,1.0,MDG,Madagascar,LIC,Low income,True,WorldPop Total Population 1km ArcGIS ImageServer,World Bank country income classification mapped to vulnerability weights,Natural Earth country boundaries via datasets/geo-countries,not used for RQ2 exposure rerun
-18.0,48.0,196633.9171153314,1.0,MDG,Madagascar,LIC,Low income,True,WorldPop Total Population 1km ArcGIS ImageServer,World Bank country income classification mapped to vulnerability weights,Natural Earth country boundaries via datasets/geo-countries,not used for RQ2 exposure rerun
-18.0,48.75,187564.6944131249,1.0,MDG,Madagascar,LIC,Low income,True,WorldPop Total Population 1km ArcGIS ImageServer,World Bank country income classification mapped to vulnerability weights,Natural Earth country boundaries via datasets/geo-countries,not used for RQ2 exposure rerun
-18.0,49.5,283724.29126848263,1.0,MDG,Madagascar,LIC,Low income,True,WorldPop Total Population 1km ArcGIS ImageServer,World Bank country income classification mapped to vulnerability weights,Natural Earth country boundaries via datasets/geo-countries,not used for RQ2 exposure rerun
-18.0,50.25,0.0,0.5,UNASSIGNED,Unassigned/ocean,NA,Not classified,True,WorldPop Total Population 1km ArcGIS ImageServer,World Bank country income classification mapped to vulnerability weights,Natural Earth country boundaries via datasets/geo-countries,not used for RQ2 exposure rerun
-18.0,51.0,0.0,0.5,UNASSIGNED,Unassigned/ocean,NA,Not classified,True,WorldPop Total Population 1km ArcGIS ImageServer,World Bank country income classification mapped to vulnerability weights,Natural Earth country boundaries via datasets/geo-countries,not used for RQ2 exposure rerun
-18.0,51.75,0.0,0.5,UNASSIGNED,Unassigned/ocean,NA,Not classified,True,WorldPop Total Population 1km ArcGIS ImageServer,World Bank country income classification mapped to vulnerability weights,Natural Earth country boundaries via datasets/geo-countries,not used for RQ2 exposure rerun
-18.0,65.25,0.0,0.5,UNASSIGNED,Unassigned/ocean,NA,Not classified,True,WorldPop Total Population 1km ArcGIS ImageServer,World Bank country income classification mapped to vulnerability weights,Natural Earth country boundaries via datasets/geo-countries,not used for RQ2 exposure rerun
-18.0,66.0,0.0,0.5,UNASSIGNED,Unassigned/ocean,NA,Not classified,True,WorldPop Total Population 1km ArcGIS ImageServer,World Bank country income classification mapped to vulnerability weights,Natural Earth country boundaries via datasets/geo-countries,not used for RQ2 exposure rerun
-18.0,66.75,0.0,0.5,UNASSIGNED,Unassigned/ocean,NA,Not classified,True,WorldPop Total Population 1km ArcGIS ImageServer,World Bank country income classification mapped to vulnerability weights,Natural Earth country boundaries via datasets/geo-countries,not used for RQ2 exposure rerun
-18.0,67.5,0.0,0.5,UNASSIGNED,Unassigned/ocean,NA,Not classified,True,WorldPop Total Population 1km ArcGIS ImageServer,World Bank country income classification mapped to vulnerability weights,Natural Earth country boundaries via datasets/geo-countries,not used for RQ2 exposure rerun
-18.0,68.25,0.0,0.5,UNASSIGNED,Unassigned/ocean,NA,Not classified,True,WorldPop Total Population 1km ArcGIS ImageServer,World Bank country income classification mapped to vulnerability weights,Natural Earth country boundaries via datasets/geo-countries,not used for RQ2 exposure rerun
-18.0,69.0,0.0,0.5,UNASSIGNED,Unassigned/ocean,NA,Not classified,True,WorldPop Total Population 1km ArcGIS ImageServer,World Bank country income classification mapped to vulnerability weights,Natural Earth country boundaries via datasets/geo-countries,not used for RQ2 exposure rerun
-18.0,69.75,0.0,0.5,UNASSIGNED,Unassigned/ocean,NA,Not classified,True,WorldPop Total Population 1km ArcGIS ImageServer,World Bank country income classification mapped to vulnerability weights,Natural Earth country boundaries via datasets/geo-countries,not used for RQ2 exposure rerun
-18.0,70.5,0.0,0.5,UNASSIGNED,Unassigned/ocean,NA,Not classified,True,WorldPop Total Population 1km ArcGIS ImageServer,World Bank country income classification mapped to vulnerability weights,Natural Earth country boundaries via datasets/geo-countries,not used for RQ2 exposure rerun
-18.0,123.0,126.16919212703975,0.25,AUS,Australia,HIC,High income,True,WorldPop Total Population 1km ArcGIS ImageServer,World Bank country income classification mapped to vulnerability weights,Natural Earth country boundaries via datasets/geo-countries,not used for RQ2 exposure rerun
-18.0,123.75,0.0,0.25,AUS,Australia,HIC,High income,False,WorldPop Total Population 1km ArcGIS ImageServer,World Bank country income classification mapped to vulnerability weights,Natural Earth country boundaries via datasets/geo-countries,not used for RQ2 exposure rerun
-18.0,124.5,0.0,0.25,AUS,Australia,HIC,High income,False,WorldPop Total Population 1km ArcGIS ImageServer,World Bank country income classification mapped to vulnerability weights,Natural Earth country boundaries via datasets/geo-countries,not used for RQ2 exposure rerun
-18.0,126.0,0.0,0.25,AUS,Australia,HIC,High income,False,WorldPop Total Population 1km ArcGIS ImageServer,World Bank country income classification mapped to vulnerability weights,Natural Earth country boundaries via datasets/geo-countries,not used for RQ2 exposure rerun
-18.0,126.75,0.0,0.25,AUS,Australia,HIC,High income,False,WorldPop Total Population 1km ArcGIS ImageServer,World Bank country income classification mapped to vulnerability weights,Natural Earth country boundaries via datasets/geo-countries,not used for RQ2 exposure rerun
-18.0,127.5,0.0,0.25,AUS,Australia,HIC,High income,False,WorldPop Total Population 1km ArcGIS ImageServer,World Bank country income classification mapped to vulnerability weights,Natural Earth country boundaries via datasets/geo-countries,not used for RQ2 exposure rerun
-18.0,128.25,0.0,0.25,AUS,Australia,HIC,High income,False,WorldPop Total Population 1km ArcGIS ImageServer,World Bank country income classification mapped to vulnerability weights,Natural Earth country boundaries via datasets/geo-countries,not used for RQ2 exposure rerun
-18.0,129.75,0.0,0.25,AUS,Australia,HIC,High income,False,WorldPop Total Population 1km ArcGIS ImageServer,World Bank country income classification mapped to vulnerability weights,Natural Earth country boundaries via datasets/geo-countries,not used for RQ2 exposure rerun
-18.0,131.25,0.0,0.25,AUS,Australia,HIC,High income,False,WorldPop Total Population 1km ArcGIS ImageServer,World Bank country income classification mapped to vulnerability weights,Natural Earth country boundaries via datasets/geo-countries,not used for RQ2 exposure rerun
-17.25,33.75,26848.781831979708,1.0,MOZ,Mozambique,LIC,Low income,True,WorldPop Total Population 1km ArcGIS ImageServer,World Bank country income classification mapped to vulnerability weights,Natural Earth country boundaries via datasets/geo-countries,not used for RQ2 exposure rerun
-17.25,34.5,70425.73864781873,1.0,MOZ,Mozambique,LIC,Low income,True,WorldPop Total Population 1km ArcGIS ImageServer,World Bank country income classification mapped to vulnerability weights,Natural Earth country boundaries via datasets/geo-countries,not used for RQ2 exposure rerun
-17.25,35.25,311460.0157290693,1.0,MOZ,Mozambique,LIC,Low income,True,WorldPop Total Population 1km ArcGIS ImageServer,World Bank country income classification mapped to vulnerability weights,Natural Earth country boundaries via datasets/geo-countries,not used for RQ2 exposure rerun
-17.25,45.75,14220.954268723672,1.0,MDG,Madagascar,LIC,Low income,True,WorldPop Total Population 1km ArcGIS ImageServer,World Bank country income classification mapped to vulnerability weights,Natural Earth country boundaries via datasets/geo-countries,not used for RQ2 exposure rerun
-17.25,46.5,48602.037430174765,1.0,MDG,Madagascar,LIC,Low income,True,WorldPop Total Population 1km ArcGIS ImageServer,World Bank country income classification mapped to vulnerability weights,Natural Earth country boundaries via datasets/geo-countries,not used for RQ2 exposure rerun
-17.25,47.25,40852.53663241864,1.0,MDG,Madagascar,LIC,Low income,True,WorldPop Total Population 1km ArcGIS ImageServer,World Bank country income classification mapped to vulnerability weights,Natural Earth country boundaries via datasets/geo-countries,not used for RQ2 exposure rerun
-17.25,48.0,111279.30439865588,1.0,MDG,Madagascar,LIC,Low income,True,WorldPop Total Population 1km ArcGIS ImageServer,World Bank country income classification mapped to vulnerability weights,Natural Earth country boundaries via datasets/geo-countries,not used for RQ2 exposure rerun
-17.25,48.75,321609.6907782551,1.0,MDG,Madagascar,LIC,Low income,True,WorldPop Total Population 1km ArcGIS ImageServer,World Bank country income classification mapped to vulnerability weights,Natural Earth country boundaries via datasets/geo-countries,not used for RQ2 exposure rerun
-17.25,49.5,304419.20803248975,1.0,MDG,Madagascar,LIC,Low income,True,WorldPop Total Population 1km ArcGIS ImageServer,World Bank country income classification mapped to vulnerability weights,Natural Earth country boundaries via datasets/geo-countries,not used for RQ2 exposure rerun
-17.25,50.25,4647.189674302936,1.0,MDG,Madagascar,LIC,Low income,True,WorldPop Total Population 1km ArcGIS ImageServer,World Bank country income classification mapped to vulnerability weights,Natural Earth country boundaries via datasets/geo-countries,not used for RQ2 exposure rerun
-17.25,65.25,0.0,0.5,UNASSIGNED,Unassigned/ocean,NA,Not classified,True,WorldPop Total Population 1km ArcGIS ImageServer,World Bank country income classification mapped to vulnerability weights,Natural Earth country boundaries via datasets/geo-countries,not used for RQ2 exposure rerun
-17.25,66.0,0.0,0.5,UNASSIGNED,Unassigned/ocean,NA,Not classified,True,WorldPop Total Population 1km ArcGIS ImageServer,World Bank country income classification mapped to vulnerability weights,Natural Earth country boundaries via datasets/geo-countries,not used for RQ2 exposure rerun
-17.25,67.5,0.0,0.5,UNASSIGNED,Unassigned/ocean,NA,Not classified,True,WorldPop Total Population 1km ArcGIS ImageServer,World Bank country income classification mapped to vulnerability weights,Natural Earth country boundaries via datasets/geo-countries,not used for RQ2 exposure rerun
-17.25,68.25,0.0,0.5,UNASSIGNED,Unassigned/ocean,NA,Not classified,True,WorldPop Total Population 1km ArcGIS ImageServer,World Bank country income classification mapped to vulnerability weights,Natural Earth country boundaries via datasets/geo-countries,not used for RQ2 exposure rerun
-17.25,69.0,0.0,0.5,UNASSIGNED,Unassigned/ocean,NA,Not classified,True,WorldPop Total Population 1km ArcGIS ImageServer,World Bank country income classification mapped to vulnerability weights,Natural Earth country boundaries via datasets/geo-countries,not used for RQ2 exposure rerun
-17.25,69.75,0.0,0.5,UNASSIGNED,Unassigned/ocean,NA,Not classified,True,WorldPop Total Population 1km ArcGIS ImageServer,World Bank country income classification mapped to vulnerability weights,Natural Earth country boundaries via datasets/geo-countries,not used for RQ2 exposure rerun
-17.25,70.5,0.0,0.5,UNASSIGNED,Unassigned/ocean,NA,Not classified,True,WorldPop Total Population 1km ArcGIS ImageServer,World Bank country income classification mapped to vulnerability weights,Natural Earth country boundaries via datasets/geo-countries,not used for RQ2 exposure rerun
-17.25,71.25,0.0,0.5,UNASSIGNED,Unassigned/ocean,NA,Not classified,True,WorldPop Total Population 1km ArcGIS ImageServer,World Bank country income classification mapped to vulnerability weights,Natural Earth country boundaries via datasets/geo-countries,not used for RQ2 exposure rerun
-17.25,72.0,0.0,0.5,UNASSIGNED,Unassigned/ocean,NA,Not classified,True,WorldPop Total Population 1km ArcGIS ImageServer,World Bank country income classification mapped to vulnerability weights,Natural Earth country boundaries via datasets/geo-countries,not used for RQ2 exposure rerun
-17.25,72.75,0.0,0.5,UNASSIGNED,Unassigned/ocean,NA,Not classified,True,WorldPop Total Population 1km ArcGIS ImageServer,World Bank country income classification mapped to vulnerability weights,Natural Earth country boundaries via datasets/geo-countries,not used for RQ2 exposure rerun
-17.25,73.5,0.0,0.5,UNASSIGNED,Unassigned/ocean,NA,Not classified,True,WorldPop Total Population 1km ArcGIS ImageServer,World Bank country income classification mapped to vulnerability weights,Natural Earth country boundaries via datasets/geo-countries,not used for RQ2 exposure rerun
-17.25,74.25,0.0,0.5,UNASSIGNED,Unassigned/ocean,NA,Not classified,True,WorldPop Total Population 1km ArcGIS ImageServer,World Bank country income classification mapped to vulnerability weights,Natural Earth country boundaries via datasets/geo-countries,not used for RQ2 exposure rerun
-17.25,123.0,0.0,0.25,AUS,Australia,HIC,High income,False,WorldPop Total Population 1km ArcGIS ImageServer,World Bank country income classification mapped to vulnerability weights,Natural Earth country boundaries via datasets/geo-countries,not used for RQ2 exposure rerun
-17.25,123.75,0.0,0.25,AUS,Australia,HIC,High income,False,WorldPop Total Population 1km ArcGIS ImageServer,World Bank country income classification mapped to vulnerability weights,Natural Earth country boundaries via datasets/geo-countries,not used for RQ2 exposure rerun
-17.25,124.5,137.2292892537075,0.25,AUS,Australia,HIC,High income,True,WorldPop Total Population 1km ArcGIS ImageServer,World Bank country income classification mapped to vulnerability weights,Natural Earth country boundaries via datasets/geo-countries,not used for RQ2 exposure rerun
-17.25,126.0,0.0,0.25,AUS,Australia,HIC,High income,False,WorldPop Total Population 1km ArcGIS ImageServer,World Bank country income classification mapped to vulnerability weights,Natural Earth country boundaries via datasets/geo-countries,not used for RQ2 exposure rerun
-17.25,126.75,64.74441844143439,0.25,AUS,Australia,HIC,High income,True,WorldPop Total Population 1km ArcGIS ImageServer,World Bank country income classification mapped to vulnerability weights,Natural Earth country boundaries via datasets/geo-countries,not used for RQ2 exposure rerun
-17.25,127.5,0.0,0.25,AUS,Australia,HIC,High income,False,WorldPop Total Population 1km ArcGIS ImageServer,World Bank country income classification mapped to vulnerability weights,Natural Earth country boundaries via datasets/geo-countries,not used for RQ2 exposure rerun
-17.25,128.25,0.0,0.25,AUS,Australia,HIC,High income,False,WorldPop Total Population 1km ArcGIS ImageServer,World Bank country income classification mapped to vulnerability weights,Natural Earth country boundaries via datasets/geo-countries,not used for RQ2 exposure rerun
-17.25,129.0,0.0,0.25,AUS,Australia,HIC,High income,False,WorldPop Total Population 1km ArcGIS ImageServer,World Bank country income classification mapped to vulnerability weights,Natural Earth country boundaries via datasets/geo-countries,not used for RQ2 exposure rerun
-17.25,131.25,0.0,0.25,AUS,Australia,HIC,High income,False,WorldPop Total Population 1km ArcGIS ImageServer,World Bank country income classification mapped to vulnerability weights,Natural Earth country boundaries via datasets/geo-countries,not used for RQ2 exposure rerun
-16.5,30.75,0.0,0.75,ZWE,Zimbabwe,LMC,Lower middle income,False,WorldPop Total Population 1km ArcGIS ImageServer,World Bank country income classification mapped to vulnerability weights,Natural Earth country boundaries via datasets/geo-countries,not used for RQ2 exposure rerun
-16.5,66.0,0.0,0.5,UNASSIGNED,Unassigned/ocean,NA,Not classified,True,WorldPop Total Population 1km ArcGIS ImageServer,World Bank country income classification mapped to vulnerability weights,Natural Earth country boundaries via datasets/geo-countries,not used for RQ2 exposure rerun
-16.5,66.75,0.0,0.5,UNASSIGNED,Unassigned/ocean,NA,Not classified,True,WorldPop Total Population 1km ArcGIS ImageServer,World Bank country income classification mapped to vulnerability weights,Natural Earth country boundaries via datasets/geo-countries,not used for RQ2 exposure rerun
-16.5,67.5,0.0,0.5,UNASSIGNED,Unassigned/ocean,NA,Not classified,True,WorldPop Total Population 1km ArcGIS ImageServer,World Bank country income classification mapped to vulnerability weights,Natural Earth country boundaries via datasets/geo-countries,not used for RQ2 exposure rerun
-16.5,68.25,0.0,0.5,UNASSIGNED,Unassigned/ocean,NA,Not classified,True,WorldPop Total Population 1km ArcGIS ImageServer,World Bank country income classification mapped to vulnerability weights,Natural Earth country boundaries via datasets/geo-countries,not used for RQ2 exposure rerun
-16.5,69.0,0.0,0.5,UNASSIGNED,Unassigned/ocean,NA,Not classified,True,WorldPop Total Population 1km ArcGIS ImageServer,World Bank country income classification mapped to vulnerability weights,Natural Earth country boundaries via datasets/geo-countries,not used for RQ2 exposure rerun
-16.5,69.75,0.0,0.5,UNASSIGNED,Unassigned/ocean,NA,Not classified,True,WorldPop Total Population 1km ArcGIS ImageServer,World Bank country income classification mapped to vulnerability weights,Natural Earth country boundaries via datasets/geo-countries,not used for RQ2 exposure rerun
-16.5,70.5,0.0,0.5,UNASSIGNED,Unassigned/ocean,NA,Not classified,True,WorldPop Total Population 1km ArcGIS ImageServer,World Bank country income classification mapped to vulnerability weights,Natural Earth country boundaries via datasets/geo-countries,not used for RQ2 exposure rerun
-16.5,71.25,0.0,0.5,UNASSIGNED,Unassigned/ocean,NA,Not classified,True,WorldPop Total Population 1km ArcGIS ImageServer,World Bank country income classification mapped to vulnerability weights,Natural Earth country boundaries via datasets/geo-countries,not used for RQ2 exposure rerun
-16.5,72.0,0.0,0.5,UNASSIGNED,Unassigned/ocean,NA,Not classified,True,WorldPop Total Population 1km ArcGIS ImageServer,World Bank country income classification mapped to vulnerability weights,Natural Earth country boundaries via datasets/geo-countries,not used for RQ2 exposure rerun
-16.5,72.75,0.0,0.5,UNASSIGNED,Unassigned/ocean,NA,Not classified,True,WorldPop Total Population 1km ArcGIS ImageServer,World Bank country income classification mapped to vulnerability weights,Natural Earth country boundaries via datasets/geo-countries,not used for RQ2 exposure rerun
-16.5,73.5,0.0,0.5,UNASSIGNED,Unassigned/ocean,NA,Not classified,True,WorldPop Total Population 1km ArcGIS ImageServer,World Bank country income classification mapped to vulnerability weights,Natural Earth country boundaries via datasets/geo-countries,not used for RQ2 exposure rerun
-16.5,123.0,0.0,0.25,AUS,Australia,HIC,High income,False,WorldPop Total Population 1km ArcGIS ImageServer,World Bank country income classification mapped to vulnerability weights,Natural Earth country boundaries via datasets/geo-countries,not used for RQ2 exposure rerun
-16.5,123.75,195.56419974577116,0.25,AUS,Australia,HIC,High income,True,WorldPop Total Population 1km ArcGIS ImageServer,World Bank country income classification mapped to vulnerability weights,Natural Earth country boundaries via datasets/geo-countries,not used for RQ2 exposure rerun
-16.5,124.5,107.49865245928586,0.25,AUS,Australia,HIC,High income,True,WorldPop Total Population 1km ArcGIS ImageServer,World Bank country income classification mapped to vulnerability weights,Natural Earth country boundaries via datasets/geo-countries,not used for RQ2 exposure rerun
-16.5,125.25,16.00843071145208,0.25,AUS,Australia,HIC,High income,True,WorldPop Total Population 1km ArcGIS ImageServer,World Bank country income classification mapped to vulnerability weights,Natural Earth country boundaries via datasets/geo-countries,not used for RQ2 exposure rerun
-16.5,126.0,98.8060612188855,0.25,AUS,Australia,HIC,High income,True,WorldPop Total Population 1km ArcGIS ImageServer,World Bank country income classification mapped to vulnerability weights,Natural Earth country boundaries via datasets/geo-countries,not used for RQ2 exposure rerun
-16.5,126.75,20.19319751184961,0.25,AUS,Australia,HIC,High income,True,WorldPop Total Population 1km ArcGIS ImageServer,World Bank country income classification mapped to vulnerability weights,Natural Earth country boundaries via datasets/geo-countries,not used for RQ2 exposure rerun
-16.5,127.5,18.524282780919705,0.25,AUS,Australia,HIC,High income,True,WorldPop Total Population 1km ArcGIS ImageServer,World Bank country income classification mapped to vulnerability weights,Natural Earth country boundaries via datasets/geo-countries,not used for RQ2 exposure rerun
-16.5,128.25,248.95107240004262,0.25,AUS,Australia,HIC,High income,True,WorldPop Total Population 1km ArcGIS ImageServer,World Bank country income classification mapped to vulnerability weights,Natural Earth country boundaries via datasets/geo-countries,not used for RQ2 exposure rerun
-16.5,129.0,66.11925006280964,0.25,AUS,Australia,HIC,High income,True,WorldPop Total Population 1km ArcGIS ImageServer,World Bank country income classification mapped to vulnerability weights,Natural Earth country boundaries via datasets/geo-countries,not used for RQ2 exposure rerun
-16.5,129.75,101.95405661479896,0.25,AUS,Australia,HIC,High income,True,WorldPop Total Population 1km ArcGIS ImageServer,World Bank country income classification mapped to vulnerability weights,Natural Earth country boundaries via datasets/geo-countries,not used for RQ2 exposure rerun
-16.5,131.25,0.0,0.25,AUS,Australia,HIC,High income,False,WorldPop Total Population 1km ArcGIS ImageServer,World Bank country income classification mapped to vulnerability weights,Natural Earth country boundaries via datasets/geo-countries,not used for RQ2 exposure rerun
-15.75,30.75,0.0,1.0,MOZ,Mozambique,LIC,Low income,False,WorldPop Total Population 1km ArcGIS ImageServer,World Bank country income classification mapped to vulnerability weights,Natural Earth country boundaries via datasets/geo-countries,not used for RQ2 exposure rerun
-15.75,67.5,0.0,0.5,UNASSIGNED,Unassigned/ocean,NA,Not classified,True,WorldPop Total Population 1km ArcGIS ImageServer,World Bank country income classification mapped to vulnerability weights,Natural Earth country boundaries via datasets/geo-countries,not used for RQ2 exposure rerun
-15.75,68.25,0.0,0.5,UNASSIGNED,Unassigned/ocean,NA,Not classified,True,WorldPop Total Population 1km ArcGIS ImageServer,World Bank country income classification mapped to vulnerability weights,Natural Earth country boundaries via datasets/geo-countries,not used for RQ2 exposure rerun
-15.75,69.75,0.0,0.5,UNASSIGNED,Unassigned/ocean,NA,Not classified,True,WorldPop Total Population 1km ArcGIS ImageServer,World Bank country income classification mapped to vulnerability weights,Natural Earth country boundaries via datasets/geo-countries,not used for RQ2 exposure rerun
-15.75,70.5,0.0,0.5,UNASSIGNED,Unassigned/ocean,NA,Not classified,True,WorldPop Total Population 1km ArcGIS ImageServer,World Bank country income classification mapped to vulnerability weights,Natural Earth country boundaries via datasets/geo-countries,not used for RQ2 exposure rerun
-15.75,71.25,0.0,0.5,UNASSIGNED,Unassigned/ocean,NA,Not classified,True,WorldPop Total Population 1km ArcGIS ImageServer,World Bank country income classification mapped to vulnerability weights,Natural Earth country boundaries via datasets/geo-countries,not used for RQ2 exposure rerun
-15.75,72.0,0.0,0.5,UNASSIGNED,Unassigned/ocean,NA,Not classified,True,WorldPop Total Population 1km ArcGIS ImageServer,World Bank country income classification mapped to vulnerability weights,Natural Earth country boundaries via datasets/geo-countries,not used for RQ2 exposure rerun
-15.75,72.75,0.0,0.5,UNASSIGNED,Unassigned/ocean,NA,Not classified,True,WorldPop Total Population 1km ArcGIS ImageServer,World Bank country income classification mapped to vulnerability weights,Natural Earth country boundaries via datasets/geo-countries,not used for RQ2 exposure rerun
-15.75,122.25,0.0,0.5,UNASSIGNED,Unassigned/ocean,NA,Not classified,False,WorldPop Total Population 1km ArcGIS ImageServer,World Bank country income classification mapped to vulnerability weights,Natural Earth country boundaries via datasets/geo-countries,not used for RQ2 exposure rerun
-15.75,123.0,0.0,0.5,UNASSIGNED,Unassigned/ocean,NA,Not classified,False,WorldPop Total Population 1km ArcGIS ImageServer,World Bank country income classification mapped to vulnerability weights,Natural Earth country boundaries via datasets/geo-countries,not used for RQ2 exposure rerun
-15.75,123.75,3.7774605451850216,0.5,UNASSIGNED,Unassigned/ocean,NA,Not classified,True,WorldPop Total Population 1km ArcGIS ImageServer,World Bank country income classification mapped to vulnerability weights,Natural Earth country boundaries via datasets/geo-countries,not used for RQ2 exposure rerun
-15.75,124.5,13.164337341226199,0.25,AUS,Australia,HIC,High income,True,WorldPop Total Population 1km ArcGIS ImageServer,World Bank country income classification mapped to vulnerability weights,Natural Earth country boundaries via datasets/geo-countries,not used for RQ2 exposure rerun
-15.75,125.25,13.55010314235551,0.25,AUS,Australia,HIC,High income,True,WorldPop Total Population 1km ArcGIS ImageServer,World Bank country income classification mapped to vulnerability weights,Natural Earth country boundaries via datasets/geo-countries,not used for RQ2 exposure rerun
-15.75,126.0,23.50209703396099,0.25,AUS,Australia,HIC,High income,True,WorldPop Total Population 1km ArcGIS ImageServer,World Bank country income classification mapped to vulnerability weights,Natural Earth country boundaries via datasets/geo-countries,not used for RQ2 exposure rerun
-15.75,126.75,26.35259444549594,0.25,AUS,Australia,HIC,High income,True,WorldPop Total Population 1km ArcGIS ImageServer,World Bank country income classification mapped to vulnerability weights,Natural Earth country boundaries via datasets/geo-countries,not used for RQ2 exposure rerun
-15.75,127.5,29.479076215167872,0.25,AUS,Australia,HIC,High income,True,WorldPop Total Population 1km ArcGIS ImageServer,World Bank country income classification mapped to vulnerability weights,Natural Earth country boundaries via datasets/geo-countries,not used for RQ2 exposure rerun
-15.75,128.25,1034.0592342116565,0.25,AUS,Australia,HIC,High income,True,WorldPop Total Population 1km ArcGIS ImageServer,World Bank country income classification mapped to vulnerability weights,Natural Earth country boundaries via datasets/geo-countries,not used for RQ2 exposure rerun
-15.75,129.0,5598.199518106329,0.25,AUS,Australia,HIC,High income,True,WorldPop Total Population 1km ArcGIS ImageServer,World Bank country income classification mapped to vulnerability weights,Natural Earth country boundaries via datasets/geo-countries,not used for RQ2 exposure rerun
-15.75,129.75,161.42777994543098,0.25,AUS,Australia,HIC,High income,True,WorldPop Total Population 1km ArcGIS ImageServer,World Bank country income classification mapped to vulnerability weights,Natural Earth country boundaries via datasets/geo-countries,not used for RQ2 exposure rerun
-15.0,122.25,0.0,0.5,UNASSIGNED,Unassigned/ocean,NA,Not classified,False,WorldPop Total Population 1km ArcGIS ImageServer,World Bank country income classification mapped to vulnerability weights,Natural Earth country boundaries via datasets/geo-countries,not used for RQ2 exposure rerun
-15.0,123.0,0.016517741605639458,0.5,UNASSIGNED,Unassigned/ocean,NA,Not classified,True,WorldPop Total Population 1km ArcGIS ImageServer,World Bank country income classification mapped to vulnerability weights,Natural Earth country boundaries via datasets/geo-countries,not used for RQ2 exposure rerun
-15.0,123.75,0.0,0.5,UNASSIGNED,Unassigned/ocean,NA,Not classified,True,WorldPop Total Population 1km ArcGIS ImageServer,World Bank country income classification mapped to vulnerability weights,Natural Earth country boundaries via datasets/geo-countries,not used for RQ2 exposure rerun
-15.0,124.5,5.198761737905441,0.25,AUS,Australia,HIC,High income,True,WorldPop Total Population 1km ArcGIS ImageServer,World Bank country income classification mapped to vulnerability weights,Natural Earth country boundaries via datasets/geo-countries,not used for RQ2 exposure rerun
-15.0,125.25,13.288717030234697,0.25,AUS,Australia,HIC,High income,True,WorldPop Total Population 1km ArcGIS ImageServer,World Bank country income classification mapped to vulnerability weights,Natural Earth country boundaries via datasets/geo-countries,not used for RQ2 exposure rerun
-15.0,126.0,27.790299409971283,0.25,AUS,Australia,HIC,High income,True,WorldPop Total Population 1km ArcGIS ImageServer,World Bank country income classification mapped to vulnerability weights,Natural Earth country boundaries via datasets/geo-countries,not used for RQ2 exposure rerun
-15.0,126.75,13.003195422301431,0.25,AUS,Australia,HIC,High income,True,WorldPop Total Population 1km ArcGIS ImageServer,World Bank country income classification mapped to vulnerability weights,Natural Earth country boundaries via datasets/geo-countries,not used for RQ2 exposure rerun
-15.0,127.5,32.25080191686714,0.25,AUS,Australia,HIC,High income,True,WorldPop Total Population 1km ArcGIS ImageServer,World Bank country income classification mapped to vulnerability weights,Natural Earth country boundaries via datasets/geo-countries,not used for RQ2 exposure rerun
-15.0,128.25,50.434653109492345,0.25,AUS,Australia,HIC,High income,True,WorldPop Total Population 1km ArcGIS ImageServer,World Bank country income classification mapped to vulnerability weights,Natural Earth country boundaries via datasets/geo-countries,not used for RQ2 exposure rerun
-15.0,129.0,33.290076027402336,0.25,AUS,Australia,HIC,High income,True,WorldPop Total Population 1km ArcGIS ImageServer,World Bank country income classification mapped to vulnerability weights,Natural Earth country boundaries via datasets/geo-countries,not used for RQ2 exposure rerun
-15.0,129.75,24.36216813622004,0.25,AUS,Australia,HIC,High income,True,WorldPop Total Population 1km ArcGIS ImageServer,World Bank country income classification mapped to vulnerability weights,Natural Earth country boundaries via datasets/geo-countries,not used for RQ2 exposure rerun
-14.25,123.0,0.0,0.5,UNASSIGNED,Unassigned/ocean,NA,Not classified,True,WorldPop Total Population 1km ArcGIS ImageServer,World Bank country income classification mapped to vulnerability weights,Natural Earth country boundaries via datasets/geo-countries,not used for RQ2 exposure rerun
-14.25,123.75,0.002159520925488323,0.5,UNASSIGNED,Unassigned/ocean,NA,Not classified,True,WorldPop Total Population 1km ArcGIS ImageServer,World Bank country income classification mapped to vulnerability weights,Natural Earth country boundaries via datasets/geo-countries,not used for RQ2 exposure rerun
-14.25,124.5,0.0,0.5,UNASSIGNED,Unassigned/ocean,NA,Not classified,True,WorldPop Total Population 1km ArcGIS ImageServer,World Bank country income classification mapped to vulnerability weights,Natural Earth country boundaries via datasets/geo-countries,not used for RQ2 exposure rerun
-14.25,125.25,5.883756436531266,0.25,AUS,Australia,HIC,High income,True,WorldPop Total Population 1km ArcGIS ImageServer,World Bank country income classification mapped to vulnerability weights,Natural Earth country boundaries via datasets/geo-countries,not used for RQ2 exposure rerun
-14.25,126.0,9.141771758491789,0.25,AUS,Australia,HIC,High income,True,WorldPop Total Population 1km ArcGIS ImageServer,World Bank country income classification mapped to vulnerability weights,Natural Earth country boundaries via datasets/geo-countries,not used for RQ2 exposure rerun
-14.25,126.75,487.6907408338983,0.25,AUS,Australia,HIC,High income,True,WorldPop Total Population 1km ArcGIS ImageServer,World Bank country income classification mapped to vulnerability weights,Natural Earth country boundaries via datasets/geo-countries,not used for RQ2 exposure rerun
-14.25,127.5,9.86801696939075,0.25,AUS,Australia,HIC,High income,True,WorldPop Total Population 1km ArcGIS ImageServer,World Bank country income classification mapped to vulnerability weights,Natural Earth country boundaries via datasets/geo-countries,not used for RQ2 exposure rerun
-14.25,128.25,0.5349977512778428,0.25,AUS,Australia,HIC,High income,True,WorldPop Total Population 1km ArcGIS ImageServer,World Bank country income classification mapped to vulnerability weights,Natural Earth country boundaries via datasets/geo-countries,not used for RQ2 exposure rerun
-14.25,129.0,2.177547644590959,0.25,AUS,Australia,HIC,High income,True,WorldPop Total Population 1km ArcGIS ImageServer,World Bank country income classification mapped to vulnerability weights,Natural Earth country boundaries via datasets/geo-countries,not used for RQ2 exposure rerun
-14.25,129.75,2844.008433625344,0.25,AUS,Australia,HIC,High income,True,WorldPop Total Population 1km ArcGIS ImageServer,World Bank country income classification mapped to vulnerability weights,Natural Earth country boundaries via datasets/geo-countries,not used for RQ2 exposure rerun
-14.25,130.5,142.17038458578455,0.25,AUS,Australia,HIC,High income,True,WorldPop Total Population 1km ArcGIS ImageServer,World Bank country income classification mapped to vulnerability weights,Natural Earth country boundaries via datasets/geo-countries,not used for RQ2 exposure rerun
-14.25,131.25,36.594953648135075,0.25,AUS,Australia,HIC,High income,True,WorldPop Total Population 1km ArcGIS ImageServer,World Bank country income classification mapped to vulnerability weights,Natural Earth country boundaries via datasets/geo-countries,not used for RQ2 exposure rerun
-14.25,132.0,8269.412885936259,0.25,AUS,Australia,HIC,High income,True,WorldPop Total Population 1km ArcGIS ImageServer,World Bank country income classification mapped to vulnerability weights,Natural Earth country boundaries via datasets/geo-countries,not used for RQ2 exposure rerun
-13.5,123.0,0.0,0.5,UNASSIGNED,Unassigned/ocean,NA,Not classified,True,WorldPop Total Population 1km ArcGIS ImageServer,World Bank country income classification mapped to vulnerability weights,Natural Earth country boundaries via datasets/geo-countries,not used for RQ2 exposure rerun
-13.5,123.75,0.0,0.5,UNASSIGNED,Unassigned/ocean,NA,Not classified,True,WorldPop Total Population 1km ArcGIS ImageServer,World Bank country income classification mapped to vulnerability weights,Natural Earth country boundaries via datasets/geo-countries,not used for RQ2 exposure rerun
-13.5,124.5,0.0,0.5,UNASSIGNED,Unassigned/ocean,NA,Not classified,True,WorldPop Total Population 1km ArcGIS ImageServer,World Bank country income classification mapped to vulnerability weights,Natural Earth country boundaries via datasets/geo-countries,not used for RQ2 exposure rerun
-13.5,125.25,0.0,0.5,UNASSIGNED,Unassigned/ocean,NA,Not classified,True,WorldPop Total Population 1km ArcGIS ImageServer,World Bank country income classification mapped to vulnerability weights,Natural Earth country boundaries via datasets/geo-countries,not used for RQ2 exposure rerun
-13.5,126.0,0.015740781789645553,0.5,UNASSIGNED,Unassigned/ocean,NA,Not classified,True,WorldPop Total Population 1km ArcGIS ImageServer,World Bank country income classification mapped to vulnerability weights,Natural Earth country boundaries via datasets/geo-countries,not used for RQ2 exposure rerun
-13.5,126.75,1.9799812928358735,0.25,AUS,Australia,HIC,High income,True,WorldPop Total Population 1km ArcGIS ImageServer,World Bank country income classification mapped to vulnerability weights,Natural Earth country boundaries via datasets/geo-countries,not used for RQ2 exposure rerun
-13.5,127.5,0.008534018881618977,0.5,UNASSIGNED,Unassigned/ocean,NA,Not classified,True,WorldPop Total Population 1km ArcGIS ImageServer,World Bank country income classification mapped to vulnerability weights,Natural Earth country boundaries via datasets/geo-countries,not used for RQ2 exposure rerun
-13.5,128.25,0.0,0.5,UNASSIGNED,Unassigned/ocean,NA,Not classified,True,WorldPop Total Population 1km ArcGIS ImageServer,World Bank country income classification mapped to vulnerability weights,Natural Earth country boundaries via datasets/geo-countries,not used for RQ2 exposure rerun
-13.5,129.0,0.0,0.5,UNASSIGNED,Unassigned/ocean,NA,Not classified,True,WorldPop Total Population 1km ArcGIS ImageServer,World Bank country income classification mapped to vulnerability weights,Natural Earth country boundaries via datasets/geo-countries,not used for RQ2 exposure rerun
-13.5,129.75,26.28413591356363,0.25,AUS,Australia,HIC,High income,True,WorldPop Total Population 1km ArcGIS ImageServer,World Bank country income classification mapped to vulnerability weights,Natural Earth country boundaries via datasets/geo-countries,not used for RQ2 exposure rerun
-13.5,130.5,639.9451305133132,0.25,AUS,Australia,HIC,High income,True,WorldPop Total Population 1km ArcGIS ImageServer,World Bank country income classification mapped to vulnerability weights,Natural Earth country boundaries via datasets/geo-countries,not used for RQ2 exposure rerun
-13.5,131.25,601.3595494234482,0.25,AUS,Australia,HIC,High income,True,WorldPop Total Population 1km ArcGIS ImageServer,World Bank country income classification mapped to vulnerability weights,Natural Earth country boundaries via datasets/geo-countries,not used for RQ2 exposure rerun
-13.5,132.75,27.7112314417025,0.25,AUS,Australia,HIC,High income,True,WorldPop Total Population 1km ArcGIS ImageServer,World Bank country income classification mapped to vulnerability weights,Natural Earth country boundaries via datasets/geo-countries,not used for RQ2 exposure rerun
-12.75,123.0,0.0,0.5,UNASSIGNED,Unassigned/ocean,NA,Not classified,False,WorldPop Total Population 1km ArcGIS ImageServer,World Bank country income classification mapped to vulnerability weights,Natural Earth country boundaries via datasets/geo-countries,not used for RQ2 exposure rerun
-12.75,123.75,0.0019602410029619932,0.5,-99,Ashmore and Cartier Islands,NA,Not classified,True,WorldPop Total Population 1km ArcGIS ImageServer,World Bank country income classification mapped to vulnerability weights,Natural Earth country boundaries via datasets/geo-countries,not used for RQ2 exposure rerun
-12.75,124.5,0.0,0.5,UNASSIGNED,Unassigned/ocean,NA,Not classified,True,WorldPop Total Population 1km ArcGIS ImageServer,World Bank country income classification mapped to vulnerability weights,Natural Earth country boundaries via datasets/geo-countries,not used for RQ2 exposure rerun
-12.75,125.25,0.0,0.5,UNASSIGNED,Unassigned/ocean,NA,Not classified,True,WorldPop Total Population 1km ArcGIS ImageServer,World Bank country income classification mapped to vulnerability weights,Natural Earth country boundaries via datasets/geo-countries,not used for RQ2 exposure rerun
-12.75,126.0,0.0,0.5,UNASSIGNED,Unassigned/ocean,NA,Not classified,True,WorldPop Total Population 1km ArcGIS ImageServer,World Bank country income classification mapped to vulnerability weights,Natural Earth country boundaries via datasets/geo-countries,not used for RQ2 exposure rerun
-12.75,126.75,0.0,0.5,UNASSIGNED,Unassigned/ocean,NA,Not classified,True,WorldPop Total Population 1km ArcGIS ImageServer,World Bank country income classification mapped to vulnerability weights,Natural Earth country boundaries via datasets/geo-countries,not used for RQ2 exposure rerun
-12.75,127.5,0.0,0.5,UNASSIGNED,Unassigned/ocean,NA,Not classified,True,WorldPop Total Population 1km ArcGIS ImageServer,World Bank country income classification mapped to vulnerability weights,Natural Earth country boundaries via datasets/geo-countries,not used for RQ2 exposure rerun
-12.75,128.25,0.0,0.5,UNASSIGNED,Unassigned/ocean,NA,Not classified,True,WorldPop Total Population 1km ArcGIS ImageServer,World Bank country income classification mapped to vulnerability weights,Natural Earth country boundaries via datasets/geo-countries,not used for RQ2 exposure rerun
-12.75,129.0,0.0,0.5,UNASSIGNED,Unassigned/ocean,NA,Not classified,True,WorldPop Total Population 1km ArcGIS ImageServer,World Bank country income classification mapped to vulnerability weights,Natural Earth country boundaries via datasets/geo-countries,not used for RQ2 exposure rerun
-12.75,129.75,0.18176142708398402,0.25,AUS,Australia,HIC,High income,True,WorldPop Total Population 1km ArcGIS ImageServer,World Bank country income classification mapped to vulnerability weights,Natural Earth country boundaries via datasets/geo-countries,not used for RQ2 exposure rerun
-12.75,130.5,37050.717387307406,0.25,AUS,Australia,HIC,High income,True,WorldPop Total Population 1km ArcGIS ImageServer,World Bank country income classification mapped to vulnerability weights,Natural Earth country boundaries via datasets/geo-countries,not used for RQ2 exposure rerun
-12.75,131.25,72704.80366480714,0.25,AUS,Australia,HIC,High income,True,WorldPop Total Population 1km ArcGIS ImageServer,World Bank country income classification mapped to vulnerability weights,Natural Earth country boundaries via datasets/geo-countries,not used for RQ2 exposure rerun
-12.75,132.0,254.1565653042334,0.25,AUS,Australia,HIC,High income,True,WorldPop Total Population 1km ArcGIS ImageServer,World Bank country income classification mapped to vulnerability weights,Natural Earth country boundaries via datasets/geo-countries,not used for RQ2 exposure rerun
-12.75,132.75,1370.9299159093764,0.25,AUS,Australia,HIC,High income,True,WorldPop Total Population 1km ArcGIS ImageServer,World Bank country income classification mapped to vulnerability weights,Natural Earth country boundaries via datasets/geo-countries,not used for RQ2 exposure rerun
-12.75,133.5,4.489741814628363,0.25,AUS,Australia,HIC,High income,True,WorldPop Total Population 1km ArcGIS ImageServer,World Bank country income classification mapped to vulnerability weights,Natural Earth country boundaries via datasets/geo-countries,not used for RQ2 exposure rerun
-12.75,134.25,89.71703566894583,0.25,AUS,Australia,HIC,High income,True,WorldPop Total Population 1km ArcGIS ImageServer,World Bank country income classification mapped to vulnerability weights,Natural Earth country boundaries via datasets/geo-countries,not used for RQ2 exposure rerun
-12.0,124.5,0.0,0.5,UNASSIGNED,Unassigned/ocean,NA,Not classified,True,WorldPop Total Population 1km ArcGIS ImageServer,World Bank country income classification mapped to vulnerability weights,Natural Earth country boundaries via datasets/geo-countries,not used for RQ2 exposure rerun
-12.0,125.25,0.0,0.5,UNASSIGNED,Unassigned/ocean,NA,Not classified,True,WorldPop Total Population 1km ArcGIS ImageServer,World Bank country income classification mapped to vulnerability weights,Natural Earth country boundaries via datasets/geo-countries,not used for RQ2 exposure rerun
-12.0,126.0,0.0,0.5,UNASSIGNED,Unassigned/ocean,NA,Not classified,True,WorldPop Total Population 1km ArcGIS ImageServer,World Bank country income classification mapped to vulnerability weights,Natural Earth country boundaries via datasets/geo-countries,not used for RQ2 exposure rerun
-12.0,126.75,0.0,0.5,UNASSIGNED,Unassigned/ocean,NA,Not classified,True,WorldPop Total Population 1km ArcGIS ImageServer,World Bank country income classification mapped to vulnerability weights,Natural Earth country boundaries via datasets/geo-countries,not used for RQ2 exposure rerun
-12.0,127.5,0.0,0.5,UNASSIGNED,Unassigned/ocean,NA,Not classified,True,WorldPop Total Population 1km ArcGIS ImageServer,World Bank country income classification mapped to vulnerability weights,Natural Earth country boundaries via datasets/geo-countries,not used for RQ2 exposure rerun
-12.0,128.25,0.0,0.5,UNASSIGNED,Unassigned/ocean,NA,Not classified,True,WorldPop Total Population 1km ArcGIS ImageServer,World Bank country income classification mapped to vulnerability weights,Natural Earth country boundaries via datasets/geo-countries,not used for RQ2 exposure rerun
-12.0,129.0,0.0,0.5,UNASSIGNED,Unassigned/ocean,NA,Not classified,True,WorldPop Total Population 1km ArcGIS ImageServer,World Bank country income classification mapped to vulnerability weights,Natural Earth country boundaries via datasets/geo-countries,not used for RQ2 exposure rerun
-12.0,129.75,9.330911553697655,0.25,AUS,Australia,HIC,High income,True,WorldPop Total Population 1km ArcGIS ImageServer,World Bank country income classification mapped to vulnerability weights,Natural Earth country boundaries via datasets/geo-countries,not used for RQ2 exposure rerun
-12.0,130.5,3513.0149416549116,0.25,AUS,Australia,HIC,High income,True,WorldPop Total Population 1km ArcGIS ImageServer,World Bank country income classification mapped to vulnerability weights,Natural Earth country boundaries via datasets/geo-countries,not used for RQ2 exposure rerun
-12.0,131.25,10737.677667818318,0.25,AUS,Australia,HIC,High income,True,WorldPop Total Population 1km ArcGIS ImageServer,World Bank country income classification mapped to vulnerability weights,Natural Earth country boundaries via datasets/geo-countries,not used for RQ2 exposure rerun
-12.0,132.0,37.16697017368275,0.25,AUS,Australia,HIC,High income,True,WorldPop Total Population 1km ArcGIS ImageServer,World Bank country income classification mapped to vulnerability weights,Natural Earth country boundaries via datasets/geo-countries,not used for RQ2 exposure rerun
-12.0,132.75,1209.6458928279112,0.25,AUS,Australia,HIC,High income,True,WorldPop Total Population 1km ArcGIS ImageServer,World Bank country income classification mapped to vulnerability weights,Natural Earth country boundaries via datasets/geo-countries,not used for RQ2 exposure rerun
-12.0,133.5,521.1366709456638,0.25,AUS,Australia,HIC,High income,True,WorldPop Total Population 1km ArcGIS ImageServer,World Bank country income classification mapped to vulnerability weights,Natural Earth country boundaries via datasets/geo-countries,not used for RQ2 exposure rerun
-12.0,134.25,2484.9658539476563,0.25,AUS,Australia,HIC,High income,True,WorldPop Total Population 1km ArcGIS ImageServer,World Bank country income classification mapped to vulnerability weights,Natural Earth country boundaries via datasets/geo-countries,not used for RQ2 exposure rerun
-12.0,135.75,2320.8485410895532,0.25,AUS,Australia,HIC,High income,True,WorldPop Total Population 1km ArcGIS ImageServer,World Bank country income classification mapped to vulnerability weights,Natural Earth country boundaries via datasets/geo-countries,not used for RQ2 exposure rerun
-11.25,123.75,0.0,0.5,UNASSIGNED,Unassigned/ocean,NA,Not classified,False,WorldPop Total Population 1km ArcGIS ImageServer,World Bank country income classification mapped to vulnerability weights,Natural Earth country boundaries via datasets/geo-countries,not used for RQ2 exposure rerun
-11.25,124.5,0.0,0.5,UNASSIGNED,Unassigned/ocean,NA,Not classified,False,WorldPop Total Population 1km ArcGIS ImageServer,World Bank country income classification mapped to vulnerability weights,Natural Earth country boundaries via datasets/geo-countries,not used for RQ2 exposure rerun
-11.25,125.25,0.0,0.5,UNASSIGNED,Unassigned/ocean,NA,Not classified,True,WorldPop Total Population 1km ArcGIS ImageServer,World Bank country income classification mapped to vulnerability weights,Natural Earth country boundaries via datasets/geo-countries,not used for RQ2 exposure rerun
-11.25,126.0,0.0,0.5,UNASSIGNED,Unassigned/ocean,NA,Not classified,True,WorldPop Total Population 1km ArcGIS ImageServer,World Bank country income classification mapped to vulnerability weights,Natural Earth country boundaries via datasets/geo-countries,not used for RQ2 exposure rerun
-11.25,126.75,0.0,0.5,UNASSIGNED,Unassigned/ocean,NA,Not classified,True,WorldPop Total Population 1km ArcGIS ImageServer,World Bank country income classification mapped to vulnerability weights,Natural Earth country boundaries via datasets/geo-countries,not used for RQ2 exposure rerun
-11.25,127.5,0.0,0.5,UNASSIGNED,Unassigned/ocean,NA,Not classified,True,WorldPop Total Population 1km ArcGIS ImageServer,World Bank country income classification mapped to vulnerability weights,Natural Earth country boundaries via datasets/geo-countries,not used for RQ2 exposure rerun
-11.25,128.25,0.0,0.5,UNASSIGNED,Unassigned/ocean,NA,Not classified,True,WorldPop Total Population 1km ArcGIS ImageServer,World Bank country income classification mapped to vulnerability weights,Natural Earth country boundaries via datasets/geo-countries,not used for RQ2 exposure rerun
-11.25,129.0,0.0,0.5,UNASSIGNED,Unassigned/ocean,NA,Not classified,True,WorldPop Total Population 1km ArcGIS ImageServer,World Bank country income classification mapped to vulnerability weights,Natural Earth country boundaries via datasets/geo-countries,not used for RQ2 exposure rerun
-11.25,129.75,0.0,0.5,UNASSIGNED,Unassigned/ocean,NA,Not classified,True,WorldPop Total Population 1km ArcGIS ImageServer,World Bank country income classification mapped to vulnerability weights,Natural Earth country boundaries via datasets/geo-countries,not used for RQ2 exposure rerun
-11.25,130.5,886.6850672846732,0.25,AUS,Australia,HIC,High income,True,WorldPop Total Population 1km ArcGIS ImageServer,World Bank country income classification mapped to vulnerability weights,Natural Earth country boundaries via datasets/geo-countries,not used for RQ2 exposure rerun
-11.25,131.25,28.00372007843546,0.25,AUS,Australia,HIC,High income,True,WorldPop Total Population 1km ArcGIS ImageServer,World Bank country income classification mapped to vulnerability weights,Natural Earth country boundaries via datasets/geo-countries,not used for RQ2 exposure rerun
-11.25,132.0,12.172928879808723,0.25,AUS,Australia,HIC,High income,True,WorldPop Total Population 1km ArcGIS ImageServer,World Bank country income classification mapped to vulnerability weights,Natural Earth country boundaries via datasets/geo-countries,not used for RQ2 exposure rerun
-11.25,132.75,322.499039430298,0.25,AUS,Australia,HIC,High income,True,WorldPop Total Population 1km ArcGIS ImageServer,World Bank country income classification mapped to vulnerability weights,Natural Earth country boundaries via datasets/geo-countries,not used for RQ2 exposure rerun
-11.25,133.5,1.3950230884220216,0.25,AUS,Australia,HIC,High income,True,WorldPop Total Population 1km ArcGIS ImageServer,World Bank country income classification mapped to vulnerability weights,Natural Earth country boundaries via datasets/geo-countries,not used for RQ2 exposure rerun
-11.25,134.25,0.0,0.5,UNASSIGNED,Unassigned/ocean,NA,Not classified,True,WorldPop Total Population 1km ArcGIS ImageServer,World Bank country income classification mapped to vulnerability weights,Natural Earth country boundaries via datasets/geo-countries,not used for RQ2 exposure rerun
-11.25,135.0,0.0,0.5,UNASSIGNED,Unassigned/ocean,NA,Not classified,True,WorldPop Total Population 1km ArcGIS ImageServer,World Bank country income classification mapped to vulnerability weights,Natural Earth country boundaries via datasets/geo-countries,not used for RQ2 exposure rerun
-11.25,135.75,1.7502875928767025,0.5,UNASSIGNED,Unassigned/ocean,NA,Not classified,True,WorldPop Total Population 1km ArcGIS ImageServer,World Bank country income classification mapped to vulnerability weights,Natural Earth country boundaries via datasets/geo-countries,not used for RQ2 exposure rerun
-11.25,136.5,0.0,0.25,AUS,Australia,HIC,High income,False,WorldPop Total Population 1km ArcGIS ImageServer,World Bank country income classification mapped to vulnerability weights,Natural Earth country boundaries via datasets/geo-countries,not used for RQ2 exposure rerun
-10.5,124.5,0.0,0.5,IDN,Indonesia,UMC,Upper middle income,False,WorldPop Total Population 1km ArcGIS ImageServer,World Bank country income classification mapped to vulnerability weights,Natural Earth country boundaries via datasets/geo-countries,not used for RQ2 exposure rerun
-10.5,125.25,0.0,0.5,UNASSIGNED,Unassigned/ocean,NA,Not classified,False,WorldPop Total Population 1km ArcGIS ImageServer,World Bank country income classification mapped to vulnerability weights,Natural Earth country boundaries via datasets/geo-countries,not used for RQ2 exposure rerun
-10.5,126.75,0.0,0.5,UNASSIGNED,Unassigned/ocean,NA,Not classified,True,WorldPop Total Population 1km ArcGIS ImageServer,World Bank country income classification mapped to vulnerability weights,Natural Earth country boundaries via datasets/geo-countries,not used for RQ2 exposure rerun
-10.5,127.5,0.0,0.5,UNASSIGNED,Unassigned/ocean,NA,Not classified,True,WorldPop Total Population 1km ArcGIS ImageServer,World Bank country income classification mapped to vulnerability weights,Natural Earth country boundaries via datasets/geo-countries,not used for RQ2 exposure rerun
-10.5,128.25,0.0,0.5,UNASSIGNED,Unassigned/ocean,NA,Not classified,True,WorldPop Total Population 1km ArcGIS ImageServer,World Bank country income classification mapped to vulnerability weights,Natural Earth country boundaries via datasets/geo-countries,not used for RQ2 exposure rerun
-10.5,129.0,0.0,0.5,UNASSIGNED,Unassigned/ocean,NA,Not classified,True,WorldPop Total Population 1km ArcGIS ImageServer,World Bank country income classification mapped to vulnerability weights,Natural Earth country boundaries via datasets/geo-countries,not used for RQ2 exposure rerun
-10.5,129.75,0.0,0.5,UNASSIGNED,Unassigned/ocean,NA,Not classified,True,WorldPop Total Population 1km ArcGIS ImageServer,World Bank country income classification mapped to vulnerability weights,Natural Earth country boundaries via datasets/geo-countries,not used for RQ2 exposure rerun
-10.5,130.5,0.0,0.5,UNASSIGNED,Unassigned/ocean,NA,Not classified,True,WorldPop Total Population 1km ArcGIS ImageServer,World Bank country income classification mapped to vulnerability weights,Natural Earth country boundaries via datasets/geo-countries,not used for RQ2 exposure rerun
-10.5,131.25,0.0,0.5,UNASSIGNED,Unassigned/ocean,NA,Not classified,True,WorldPop Total Population 1km ArcGIS ImageServer,World Bank country income classification mapped to vulnerability weights,Natural Earth country boundaries via datasets/geo-countries,not used for RQ2 exposure rerun
-10.5,132.0,0.0,0.5,UNASSIGNED,Unassigned/ocean,NA,Not classified,True,WorldPop Total Population 1km ArcGIS ImageServer,World Bank country income classification mapped to vulnerability weights,Natural Earth country boundaries via datasets/geo-countries,not used for RQ2 exposure rerun
-10.5,132.75,0.0,0.5,UNASSIGNED,Unassigned/ocean,NA,Not classified,True,WorldPop Total Population 1km ArcGIS ImageServer,World Bank country income classification mapped to vulnerability weights,Natural Earth country boundaries via datasets/geo-countries,not used for RQ2 exposure rerun
-10.5,133.5,0.0,0.5,UNASSIGNED,Unassigned/ocean,NA,Not classified,True,WorldPop Total Population 1km ArcGIS ImageServer,World Bank country income classification mapped to vulnerability weights,Natural Earth country boundaries via datasets/geo-countries,not used for RQ2 exposure rerun
-10.5,134.25,0.0,0.5,UNASSIGNED,Unassigned/ocean,NA,Not classified,True,WorldPop Total Population 1km ArcGIS ImageServer,World Bank country income classification mapped to vulnerability weights,Natural Earth country boundaries via datasets/geo-countries,not used for RQ2 exposure rerun
-10.5,135.0,0.0,0.5,UNASSIGNED,Unassigned/ocean,NA,Not classified,True,WorldPop Total Population 1km ArcGIS ImageServer,World Bank country income classification mapped to vulnerability weights,Natural Earth country boundaries via datasets/geo-countries,not used for RQ2 exposure rerun
-10.5,135.75,0.0,0.5,UNASSIGNED,Unassigned/ocean,NA,Not classified,True,WorldPop Total Population 1km ArcGIS ImageServer,World Bank country income classification mapped to vulnerability weights,Natural Earth country boundaries via datasets/geo-countries,not used for RQ2 exposure rerun
-10.5,136.5,0.0,0.5,UNASSIGNED,Unassigned/ocean,NA,Not classified,False,WorldPop Total Population 1km ArcGIS ImageServer,World Bank country income classification mapped to vulnerability weights,Natural Earth country boundaries via datasets/geo-countries,not used for RQ2 exposure rerun
-9.75,129.75,0.0,0.5,UNASSIGNED,Unassigned/ocean,NA,Not classified,True,WorldPop Total Population 1km ArcGIS ImageServer,World Bank country income classification mapped to vulnerability weights,Natural Earth country boundaries via datasets/geo-countries,not used for RQ2 exposure rerun
-9.75,130.5,0.0,0.5,UNASSIGNED,Unassigned/ocean,NA,Not classified,True,WorldPop Total Population 1km ArcGIS ImageServer,World Bank country income classification mapped to vulnerability weights,Natural Earth country boundaries via datasets/geo-countries,not used for RQ2 exposure rerun
-9.75,131.25,0.0,0.5,UNASSIGNED,Unassigned/ocean,NA,Not classified,True,WorldPop Total Population 1km ArcGIS ImageServer,World Bank country income classification mapped to vulnerability weights,Natural Earth country boundaries via datasets/geo-countries,not used for RQ2 exposure rerun
-9.75,132.0,0.0,0.5,UNASSIGNED,Unassigned/ocean,NA,Not classified,True,WorldPop Total Population 1km ArcGIS ImageServer,World Bank country income classification mapped to vulnerability weights,Natural Earth country boundaries via datasets/geo-countries,not used for RQ2 exposure rerun
-9.75,132.75,0.0,0.5,UNASSIGNED,Unassigned/ocean,NA,Not classified,True,WorldPop Total Population 1km ArcGIS ImageServer,World Bank country income classification mapped to vulnerability weights,Natural Earth country boundaries via datasets/geo-countries,not used for RQ2 exposure rerun
-9.75,133.5,0.0,0.5,UNASSIGNED,Unassigned/ocean,NA,Not classified,True,WorldPop Total Population 1km ArcGIS ImageServer,World Bank country income classification mapped to vulnerability weights,Natural Earth country boundaries via datasets/geo-countries,not used for RQ2 exposure rerun
-9.75,134.25,0.0,0.5,UNASSIGNED,Unassigned/ocean,NA,Not classified,True,WorldPop Total Population 1km ArcGIS ImageServer,World Bank country income classification mapped to vulnerability weights,Natural Earth country boundaries via datasets/geo-countries,not used for RQ2 exposure rerun
-9.75,135.0,0.0,0.5,UNASSIGNED,Unassigned/ocean,NA,Not classified,True,WorldPop Total Population 1km ArcGIS ImageServer,World Bank country income classification mapped to vulnerability weights,Natural Earth country boundaries via datasets/geo-countries,not used for RQ2 exposure rerun
-9.75,135.75,0.0,0.5,UNASSIGNED,Unassigned/ocean,NA,Not classified,True,WorldPop Total Population 1km ArcGIS ImageServer,World Bank country income classification mapped to vulnerability weights,Natural Earth country boundaries via datasets/geo-countries,not used for RQ2 exposure rerun
-9.75,136.5,0.0,0.5,UNASSIGNED,Unassigned/ocean,NA,Not classified,True,WorldPop Total Population 1km ArcGIS ImageServer,World Bank country income classification mapped to vulnerability weights,Natural Earth country boundaries via datasets/geo-countries,not used for RQ2 exposure rerun
-9.75,137.25,0.0,0.5,UNASSIGNED,Unassigned/ocean,NA,Not classified,False,WorldPop Total Population 1km ArcGIS ImageServer,World Bank country income classification mapped to vulnerability weights,Natural Earth country boundaries via datasets/geo-countries,not used for RQ2 exposure rerun
-9.0,123.75,0.0,0.5,IDN,Indonesia,UMC,Upper middle income,False,WorldPop Total Population 1km ArcGIS ImageServer,World Bank country income classification mapped to vulnerability weights,Natural Earth country boundaries via datasets/geo-countries,not used for RQ2 exposure rerun
-9.0,131.25,0.0,0.5,UNASSIGNED,Unassigned/ocean,NA,Not classified,True,WorldPop Total Population 1km ArcGIS ImageServer,World Bank country income classification mapped to vulnerability weights,Natural Earth country boundaries via datasets/geo-countries,not used for RQ2 exposure rerun
-9.0,132.0,0.0,0.5,UNASSIGNED,Unassigned/ocean,NA,Not classified,True,WorldPop Total Population 1km ArcGIS ImageServer,World Bank country income classification mapped to vulnerability weights,Natural Earth country boundaries via datasets/geo-countries,not used for RQ2 exposure rerun
-9.0,132.75,0.0,0.5,UNASSIGNED,Unassigned/ocean,NA,Not classified,True,WorldPop Total Population 1km ArcGIS ImageServer,World Bank country income classification mapped to vulnerability weights,Natural Earth country boundaries via datasets/geo-countries,not used for RQ2 exposure rerun
-9.0,133.5,0.0,0.5,UNASSIGNED,Unassigned/ocean,NA,Not classified,True,WorldPop Total Population 1km ArcGIS ImageServer,World Bank country income classification mapped to vulnerability weights,Natural Earth country boundaries via datasets/geo-countries,not used for RQ2 exposure rerun
-9.0,134.25,0.0,0.5,UNASSIGNED,Unassigned/ocean,NA,Not classified,True,WorldPop Total Population 1km ArcGIS ImageServer,World Bank country income classification mapped to vulnerability weights,Natural Earth country boundaries via datasets/geo-countries,not used for RQ2 exposure rerun
-9.0,135.0,0.0,0.5,UNASSIGNED,Unassigned/ocean,NA,Not classified,True,WorldPop Total Population 1km ArcGIS ImageServer,World Bank country income classification mapped to vulnerability weights,Natural Earth country boundaries via datasets/geo-countries,not used for RQ2 exposure rerun
-8.25,134.25,0.0,0.5,UNASSIGNED,Unassigned/ocean,NA,Not classified,True,WorldPop Total Population 1km ArcGIS ImageServer,World Bank country income classification mapped to vulnerability weights,Natural Earth country boundaries via datasets/geo-countries,not used for RQ2 exposure rerun
-8.25,135.0,0.0,0.5,UNASSIGNED,Unassigned/ocean,NA,Not classified,True,WorldPop Total Population 1km ArcGIS ImageServer,World Bank country income classification mapped to vulnerability weights,Natural Earth country boundaries via datasets/geo-countries,not used for RQ2 exposure rerun
0.75,100.5,263443.2621970172,0.5,IDN,Indonesia,UMC,Upper middle income,True,WorldPop Total Population 1km ArcGIS ImageServer,World Bank country income classification mapped to vulnerability weights,Natural Earth country boundaries via datasets/geo-countries,not used for RQ2 exposure rerun
0.75,102.0,150420.8582817537,0.5,IDN,Indonesia,UMC,Upper middle income,True,WorldPop Total Population 1km ArcGIS ImageServer,World Bank country income classification mapped to vulnerability weights,Natural Earth country boundaries via datasets/geo-countries,not used for RQ2 exposure rerun
1.5,97.5,230594.55108645553,0.5,IDN,Indonesia,UMC,Upper middle income,True,WorldPop Total Population 1km ArcGIS ImageServer,World Bank country income classification mapped to vulnerability weights,Natural Earth country boundaries via datasets/geo-countries,not used for RQ2 exposure rerun
1.5,98.25,5606.692830041047,0.5,IDN,Indonesia,UMC,Upper middle income,True,WorldPop Total Population 1km ArcGIS ImageServer,World Bank country income classification mapped to vulnerability weights,Natural Earth country boundaries via datasets/geo-countries,not used for RQ2 exposure rerun
1.5,99.0,611310.4720861907,0.5,IDN,Indonesia,UMC,Upper middle income,True,WorldPop Total Population 1km ArcGIS ImageServer,World Bank country income classification mapped to vulnerability weights,Natural Earth country boundaries via datasets/geo-countries,not used for RQ2 exposure rerun
1.5,99.75,351722.60494708933,0.5,IDN,Indonesia,UMC,Upper middle income,True,WorldPop Total Population 1km ArcGIS ImageServer,World Bank country income classification mapped to vulnerability weights,Natural Earth country boundaries via datasets/geo-countries,not used for RQ2 exposure rerun
1.5,100.5,244030.2822003362,0.5,IDN,Indonesia,UMC,Upper middle income,True,WorldPop Total Population 1km ArcGIS ImageServer,World Bank country income classification mapped to vulnerability weights,Natural Earth country boundaries via datasets/geo-countries,not used for RQ2 exposure rerun
1.5,101.25,590539.2133504151,0.5,IDN,Indonesia,UMC,Upper middle income,True,WorldPop Total Population 1km ArcGIS ImageServer,World Bank country income classification mapped to vulnerability weights,Natural Earth country boundaries via datasets/geo-countries,not used for RQ2 exposure rerun
1.5,102.75,177755.0017037988,0.5,IDN,Indonesia,UMC,Upper middle income,True,WorldPop Total Population 1km ArcGIS ImageServer,World Bank country income classification mapped to vulnerability weights,Natural Earth country boundaries via datasets/geo-countries,not used for RQ2 exposure rerun
2.25,96.75,7937.143902096905,0.5,IDN,Indonesia,UMC,Upper middle income,True,WorldPop Total Population 1km ArcGIS ImageServer,World Bank country income classification mapped to vulnerability weights,Natural Earth country boundaries via datasets/geo-countries,not used for RQ2 exposure rerun
2.25,97.5,30864.140455357745,0.5,IDN,Indonesia,UMC,Upper middle income,True,WorldPop Total Population 1km ArcGIS ImageServer,World Bank country income classification mapped to vulnerability weights,Natural Earth country boundaries via datasets/geo-countries,not used for RQ2 exposure rerun
2.25,98.25,216146.95523151782,0.5,IDN,Indonesia,UMC,Upper middle income,True,WorldPop Total Population 1km ArcGIS ImageServer,World Bank country income classification mapped to vulnerability weights,Natural Earth country boundaries via datasets/geo-countries,not used for RQ2 exposure rerun
2.25,99.75,639910.4230747238,0.5,IDN,Indonesia,UMC,Upper middle income,True,WorldPop Total Population 1km ArcGIS ImageServer,World Bank country income classification mapped to vulnerability weights,Natural Earth country boundaries via datasets/geo-countries,not used for RQ2 exposure rerun
2.25,100.5,165836.28131532657,0.5,IDN,Indonesia,UMC,Upper middle income,True,WorldPop Total Population 1km ArcGIS ImageServer,World Bank country income classification mapped to vulnerability weights,Natural Earth country boundaries via datasets/geo-countries,not used for RQ2 exposure rerun
2.25,101.25,28273.955445129424,0.5,IDN,Indonesia,UMC,Upper middle income,True,WorldPop Total Population 1km ArcGIS ImageServer,World Bank country income classification mapped to vulnerability weights,Natural Earth country boundaries via datasets/geo-countries,not used for RQ2 exposure rerun
2.25,102.0,710574.5864674988,0.5,IDN,Indonesia,UMC,Upper middle income,True,WorldPop Total Population 1km ArcGIS ImageServer,World Bank country income classification mapped to vulnerability weights,Natural Earth country boundaries via datasets/geo-countries,not used for RQ2 exposure rerun
2.25,102.75,734403.80654618,0.5,MYS,Malaysia,UMC,Upper middle income,True,WorldPop Total Population 1km ArcGIS ImageServer,World Bank country income classification mapped to vulnerability weights,Natural Earth country boundaries via datasets/geo-countries,not used for RQ2 exposure rerun
2.25,103.5,299225.0861939496,0.5,MYS,Malaysia,UMC,Upper middle income,True,WorldPop Total Population 1km ArcGIS ImageServer,World Bank country income classification mapped to vulnerability weights,Natural Earth country boundaries via datasets/geo-countries,not used for RQ2 exposure rerun
2.25,104.25,22354.457151126146,0.5,MYS,Malaysia,UMC,Upper middle income,True,WorldPop Total Population 1km ArcGIS ImageServer,World Bank country income classification mapped to vulnerability weights,Natural Earth country boundaries via datasets/geo-countries,not used for RQ2 exposure rerun
2.25,105.0,0.0,0.5,UNASSIGNED,Unassigned/ocean,NA,Not classified,True,WorldPop Total Population 1km ArcGIS ImageServer,World Bank country income classification mapped to vulnerability weights,Natural Earth country boundaries via datasets/geo-countries,not used for RQ2 exposure rerun
2.25,105.75,6.554259499534965,0.5,UNASSIGNED,Unassigned/ocean,NA,Not classified,True,WorldPop Total Population 1km ArcGIS ImageServer,World Bank country income classification mapped to vulnerability weights,Natural Earth country boundaries via datasets/geo-countries,not used for RQ2 exposure rerun
3.0,96.0,26914.631206795588,0.5,IDN,Indonesia,UMC,Upper middle income,True,WorldPop Total Population 1km ArcGIS ImageServer,World Bank country income classification mapped to vulnerability weights,Natural Earth country boundaries via datasets/geo-countries,not used for RQ2 exposure rerun
3.0,96.75,719.5866670608519,0.5,IDN,Indonesia,UMC,Upper middle income,True,WorldPop Total Population 1km ArcGIS ImageServer,World Bank country income classification mapped to vulnerability weights,Natural Earth country boundaries via datasets/geo-countries,not used for RQ2 exposure rerun
3.0,97.5,191828.17591536042,0.5,IDN,Indonesia,UMC,Upper middle income,True,WorldPop Total Population 1km ArcGIS ImageServer,World Bank country income classification mapped to vulnerability weights,Natural Earth country boundaries via datasets/geo-countries,not used for RQ2 exposure rerun
3.0,99.0,1454885.7221113427,0.5,IDN,Indonesia,UMC,Upper middle income,True,WorldPop Total Population 1km ArcGIS ImageServer,World Bank country income classification mapped to vulnerability weights,Natural Earth country boundaries via datasets/geo-countries,not used for RQ2 exposure rerun
3.0,99.75,1026541.0869885671,0.5,IDN,Indonesia,UMC,Upper middle income,True,WorldPop Total Population 1km ArcGIS ImageServer,World Bank country income classification mapped to vulnerability weights,Natural Earth country boundaries via datasets/geo-countries,not used for RQ2 exposure rerun
3.0,100.5,4190.023790769278,0.5,IDN,Indonesia,UMC,Upper middle income,True,WorldPop Total Population 1km ArcGIS ImageServer,World Bank country income classification mapped to vulnerability weights,Natural Earth country boundaries via datasets/geo-countries,not used for RQ2 exposure rerun
3.0,101.25,2030884.650123937,0.5,MYS,Malaysia,UMC,Upper middle income,True,WorldPop Total Population 1km ArcGIS ImageServer,World Bank country income classification mapped to vulnerability weights,Natural Earth country boundaries via datasets/geo-countries,not used for RQ2 exposure rerun
3.0,102.0,3528287.709124197,0.5,MYS,Malaysia,UMC,Upper middle income,True,WorldPop Total Population 1km ArcGIS ImageServer,World Bank country income classification mapped to vulnerability weights,Natural Earth country boundaries via datasets/geo-countries,not used for RQ2 exposure rerun
3.0,102.75,252618.05310440113,0.5,MYS,Malaysia,UMC,Upper middle income,True,WorldPop Total Population 1km ArcGIS ImageServer,World Bank country income classification mapped to vulnerability weights,Natural Earth country boundaries via datasets/geo-countries,not used for RQ2 exposure rerun
3.0,103.5,55476.98605963218,0.5,MYS,Malaysia,UMC,Upper middle income,True,WorldPop Total Population 1km ArcGIS ImageServer,World Bank country income classification mapped to vulnerability weights,Natural Earth country boundaries via datasets/geo-countries,not used for RQ2 exposure rerun
3.0,104.25,3212.828046600334,0.5,MYS,Malaysia,UMC,Upper middle income,True,WorldPop Total Population 1km ArcGIS ImageServer,World Bank country income classification mapped to vulnerability weights,Natural Earth country boundaries via datasets/geo-countries,not used for RQ2 exposure rerun
3.0,105.0,0.0,0.5,UNASSIGNED,Unassigned/ocean,NA,Not classified,True,WorldPop Total Population 1km ArcGIS ImageServer,World Bank country income classification mapped to vulnerability weights,Natural Earth country boundaries via datasets/geo-countries,not used for RQ2 exposure rerun
3.0,105.75,4121.235032506286,0.5,IDN,Indonesia,UMC,Upper middle income,True,WorldPop Total Population 1km ArcGIS ImageServer,World Bank country income classification mapped to vulnerability weights,Natural Earth country boundaries via datasets/geo-countries,not used for RQ2 exposure rerun
3.0,106.5,5590.848271917547,0.5,IDN,Indonesia,UMC,Upper middle income,True,WorldPop Total Population 1km ArcGIS ImageServer,World Bank country income classification mapped to vulnerability weights,Natural Earth country boundaries via datasets/geo-countries,not used for RQ2 exposure rerun
3.0,107.25,0.22787059098482132,0.5,UNASSIGNED,Unassigned/ocean,NA,Not classified,True,WorldPop Total Population 1km ArcGIS ImageServer,World Bank country income classification mapped to vulnerability weights,Natural Earth country boundaries via datasets/geo-countries,not used for RQ2 exposure rerun
3.75,77.25,0.0,0.5,UNASSIGNED,Unassigned/ocean,NA,Not classified,False,WorldPop Total Population 1km ArcGIS ImageServer,World Bank country income classification mapped to vulnerability weights,Natural Earth country boundaries via datasets/geo-countries,not used for RQ2 exposure rerun
3.75,96.0,23926.974482059504,0.5,IDN,Indonesia,UMC,Upper middle income,True,WorldPop Total Population 1km ArcGIS ImageServer,World Bank country income classification mapped to vulnerability weights,Natural Earth country boundaries via datasets/geo-countries,not used for RQ2 exposure rerun
3.75,96.75,232390.14252299003,0.5,IDN,Indonesia,UMC,Upper middle income,True,WorldPop Total Population 1km ArcGIS ImageServer,World Bank country income classification mapped to vulnerability weights,Natural Earth country boundaries via datasets/geo-countries,not used for RQ2 exposure rerun
3.75,98.25,1703664.0197314054,0.5,IDN,Indonesia,UMC,Upper middle income,True,WorldPop Total Population 1km ArcGIS ImageServer,World Bank country income classification mapped to vulnerability weights,Natural Earth country boundaries via datasets/geo-countries,not used for RQ2 exposure rerun
3.75,99.0,3006774.2914963886,0.5,IDN,Indonesia,UMC,Upper middle income,True,WorldPop Total Population 1km ArcGIS ImageServer,World Bank country income classification mapped to vulnerability weights,Natural Earth country boundaries via datasets/geo-countries,not used for RQ2 exposure rerun
3.75,99.75,6814.068367654458,0.5,IDN,Indonesia,UMC,Upper middle income,True,WorldPop Total Population 1km ArcGIS ImageServer,World Bank country income classification mapped to vulnerability weights,Natural Earth country boundaries via datasets/geo-countries,not used for RQ2 exposure rerun
3.75,100.5,38616.850327894084,0.5,MYS,Malaysia,UMC,Upper middle income,True,WorldPop Total Population 1km ArcGIS ImageServer,World Bank country income classification mapped to vulnerability weights,Natural Earth country boundaries via datasets/geo-countries,not used for RQ2 exposure rerun
3.75,101.25,505243.4754525879,0.5,MYS,Malaysia,UMC,Upper middle income,True,WorldPop Total Population 1km ArcGIS ImageServer,World Bank country income classification mapped to vulnerability weights,Natural Earth country boundaries via datasets/geo-countries,not used for RQ2 exposure rerun
3.75,102.0,320849.7041125891,0.5,MYS,Malaysia,UMC,Upper middle income,True,WorldPop Total Population 1km ArcGIS ImageServer,World Bank country income classification mapped to vulnerability weights,Natural Earth country boundaries via datasets/geo-countries,not used for RQ2 exposure rerun
3.75,102.75,268431.39127884083,0.5,MYS,Malaysia,UMC,Upper middle income,True,WorldPop Total Population 1km ArcGIS ImageServer,World Bank country income classification mapped to vulnerability weights,Natural Earth country boundaries via datasets/geo-countries,not used for RQ2 exposure rerun
3.75,103.5,372376.26659190684,0.5,MYS,Malaysia,UMC,Upper middle income,True,WorldPop Total Population 1km ArcGIS ImageServer,World Bank country income classification mapped to vulnerability weights,Natural Earth country boundaries via datasets/geo-countries,not used for RQ2 exposure rerun
3.75,104.25,0.0,0.5,UNASSIGNED,Unassigned/ocean,NA,Not classified,True,WorldPop Total Population 1km ArcGIS ImageServer,World Bank country income classification mapped to vulnerability weights,Natural Earth country boundaries via datasets/geo-countries,not used for RQ2 exposure rerun
3.75,105.0,0.0,0.5,UNASSIGNED,Unassigned/ocean,NA,Not classified,True,WorldPop Total Population 1km ArcGIS ImageServer,World Bank country income classification mapped to vulnerability weights,Natural Earth country boundaries via datasets/geo-countries,not used for RQ2 exposure rerun
3.75,105.75,0.0,0.5,UNASSIGNED,Unassigned/ocean,NA,Not classified,True,WorldPop Total Population 1km ArcGIS ImageServer,World Bank country income classification mapped to vulnerability weights,Natural Earth country boundaries via datasets/geo-countries,not used for RQ2 exposure rerun
3.75,106.5,126.3346580266952,0.5,UNASSIGNED,Unassigned/ocean,NA,Not classified,True,WorldPop Total Population 1km ArcGIS ImageServer,World Bank country income classification mapped to vulnerability weights,Natural Earth country boundaries via datasets/geo-countries,not used for RQ2 exposure rerun
3.75,107.25,0.0,0.5,UNASSIGNED,Unassigned/ocean,NA,Not classified,True,WorldPop Total Population 1km ArcGIS ImageServer,World Bank country income classification mapped to vulnerability weights,Natural Earth country boundaries via datasets/geo-countries,not used for RQ2 exposure rerun
4.5,95.25,17520.151225984107,0.5,IDN,Indonesia,UMC,Upper middle income,True,WorldPop Total Population 1km ArcGIS ImageServer,World Bank country income classification mapped to vulnerability weights,Natural Earth country boundaries via datasets/geo-countries,not used for RQ2 exposure rerun
4.5,99.0,0.0,0.5,UNASSIGNED,Unassigned/ocean,NA,Not classified,True,WorldPop Total Population 1km ArcGIS ImageServer,World Bank country income classification mapped to vulnerability weights,Natural Earth country boundaries via datasets/geo-countries,not used for RQ2 exposure rerun
4.5,99.75,0.0,0.5,UNASSIGNED,Unassigned/ocean,NA,Not classified,True,WorldPop Total Population 1km ArcGIS ImageServer,World Bank country income classification mapped to vulnerability weights,Natural Earth country boundaries via datasets/geo-countries,not used for RQ2 exposure rerun
4.5,103.5,255295.01583179855,0.5,MYS,Malaysia,UMC,Upper middle income,True,WorldPop Total Population 1km ArcGIS ImageServer,World Bank country income classification mapped to vulnerability weights,Natural Earth country boundaries via datasets/geo-countries,not used for RQ2 exposure rerun
4.5,104.25,0.0,0.5,UNASSIGNED,Unassigned/ocean,NA,Not classified,True,WorldPop Total Population 1km ArcGIS ImageServer,World Bank country income classification mapped to vulnerability weights,Natural Earth country boundaries via datasets/geo-countries,not used for RQ2 exposure rerun
4.5,105.0,0.0,0.5,UNASSIGNED,Unassigned/ocean,NA,Not classified,True,WorldPop Total Population 1km ArcGIS ImageServer,World Bank country income classification mapped to vulnerability weights,Natural Earth country boundaries via datasets/geo-countries,not used for RQ2 exposure rerun
4.5,105.75,0.0,0.5,UNASSIGNED,Unassigned/ocean,NA,Not classified,True,WorldPop Total Population 1km ArcGIS ImageServer,World Bank country income classification mapped to vulnerability weights,Natural Earth country boundaries via datasets/geo-countries,not used for RQ2 exposure rerun
4.5,106.5,0.0,0.5,UNASSIGNED,Unassigned/ocean,NA,Not classified,True,WorldPop Total Population 1km ArcGIS ImageServer,World Bank country income classification mapped to vulnerability weights,Natural Earth country boundaries via datasets/geo-countries,not used for RQ2 exposure rerun
4.5,107.25,0.0,0.5,UNASSIGNED,Unassigned/ocean,NA,Not classified,True,WorldPop Total Population 1km ArcGIS ImageServer,World Bank country income classification mapped to vulnerability weights,Natural Earth country boundaries via datasets/geo-countries,not used for RQ2 exposure rerun
4.5,108.0,1257.4628346040843,0.5,IDN,Indonesia,UMC,Upper middle income,True,WorldPop Total Population 1km ArcGIS ImageServer,World Bank country income classification mapped to vulnerability weights,Natural Earth country boundaries via datasets/geo-countries,not used for RQ2 exposure rerun
4.5,109.5,0.0,0.5,UNASSIGNED,Unassigned/ocean,NA,Not classified,True,WorldPop Total Population 1km ArcGIS ImageServer,World Bank country income classification mapped to vulnerability weights,Natural Earth country boundaries via datasets/geo-countries,not used for RQ2 exposure rerun
5.25,99.0,0.0,0.5,UNASSIGNED,Unassigned/ocean,NA,Not classified,True,WorldPop Total Population 1km ArcGIS ImageServer,World Bank country income classification mapped to vulnerability weights,Natural Earth country boundaries via datasets/geo-countries,not used for RQ2 exposure rerun
5.25,100.5,1859535.9157564642,0.5,MYS,Malaysia,UMC,Upper middle income,True,WorldPop Total Population 1km ArcGIS ImageServer,World Bank country income classification mapped to vulnerability weights,Natural Earth country boundaries via datasets/geo-countries,not used for RQ2 exposure rerun
5.25,103.5,149434.32497140722,0.5,MYS,Malaysia,UMC,Upper middle income,True,WorldPop Total Population 1km ArcGIS ImageServer,World Bank country income classification mapped to vulnerability weights,Natural Earth country boundaries via datasets/geo-countries,not used for RQ2 exposure rerun
5.25,104.25,0.0,0.5,UNASSIGNED,Unassigned/ocean,NA,Not classified,True,WorldPop Total Population 1km ArcGIS ImageServer,World Bank country income classification mapped to vulnerability weights,Natural Earth country boundaries via datasets/geo-countries,not used for RQ2 exposure rerun
5.25,105.0,0.0,0.5,UNASSIGNED,Unassigned/ocean,NA,Not classified,True,WorldPop Total Population 1km ArcGIS ImageServer,World Bank country income classification mapped to vulnerability weights,Natural Earth country boundaries via datasets/geo-countries,not used for RQ2 exposure rerun
5.25,105.75,0.0,0.5,UNASSIGNED,Unassigned/ocean,NA,Not classified,True,WorldPop Total Population 1km ArcGIS ImageServer,World Bank country income classification mapped to vulnerability weights,Natural Earth country boundaries via datasets/geo-countries,not used for RQ2 exposure rerun
5.25,106.5,0.0,0.5,UNASSIGNED,Unassigned/ocean,NA,Not classified,True,WorldPop Total Population 1km ArcGIS ImageServer,World Bank country income classification mapped to vulnerability weights,Natural Earth country boundaries via datasets/geo-countries,not used for RQ2 exposure rerun
5.25,107.25,0.0,0.5,UNASSIGNED,Unassigned/ocean,NA,Not classified,True,WorldPop Total Population 1km ArcGIS ImageServer,World Bank country income classification mapped to vulnerability weights,Natural Earth country boundaries via datasets/geo-countries,not used for RQ2 exposure rerun
5.25,108.0,0.0,0.5,UNASSIGNED,Unassigned/ocean,NA,Not classified,True,WorldPop Total Population 1km ArcGIS ImageServer,World Bank country income classification mapped to vulnerability weights,Natural Earth country boundaries via datasets/geo-countries,not used for RQ2 exposure rerun
5.25,108.75,0.0,0.5,UNASSIGNED,Unassigned/ocean,NA,Not classified,True,WorldPop Total Population 1km ArcGIS ImageServer,World Bank country income classification mapped to vulnerability weights,Natural Earth country boundaries via datasets/geo-countries,not used for RQ2 exposure rerun
6.0,81.0,749974.1675847531,0.5,LKA,Sri Lanka,UMC,Upper middle income,True,WorldPop Total Population 1km ArcGIS ImageServer,World Bank country income classification mapped to vulnerability weights,Natural Earth country boundaries via datasets/geo-countries,not used for RQ2 exposure rerun
6.0,81.75,693.9305112995206,0.5,LKA,Sri Lanka,UMC,Upper middle income,True,WorldPop Total Population 1km ArcGIS ImageServer,World Bank country income classification mapped to vulnerability weights,Natural Earth country boundaries via datasets/geo-countries,not used for RQ2 exposure rerun
6.0,99.0,0.0,0.5,UNASSIGNED,Unassigned/ocean,NA,Not classified,True,WorldPop Total Population 1km ArcGIS ImageServer,World Bank country income classification mapped to vulnerability weights,Natural Earth country boundaries via datasets/geo-countries,not used for RQ2 exposure rerun
6.0,104.25,0.0,0.5,UNASSIGNED,Unassigned/ocean,NA,Not classified,True,WorldPop Total Population 1km ArcGIS ImageServer,World Bank country income classification mapped to vulnerability weights,Natural Earth country boundaries via datasets/geo-countries,not used for RQ2 exposure rerun
6.0,105.0,0.0,0.5,UNASSIGNED,Unassigned/ocean,NA,Not classified,True,WorldPop Total Population 1km ArcGIS ImageServer,World Bank country income classification mapped to vulnerability weights,Natural Earth country boundaries via datasets/geo-countries,not used for RQ2 exposure rerun
6.0,105.75,0.0,0.5,UNASSIGNED,Unassigned/ocean,NA,Not classified,True,WorldPop Total Population 1km ArcGIS ImageServer,World Bank country income classification mapped to vulnerability weights,Natural Earth country boundaries via datasets/geo-countries,not used for RQ2 exposure rerun
6.0,107.25,0.0,0.5,UNASSIGNED,Unassigned/ocean,NA,Not classified,True,WorldPop Total Population 1km ArcGIS ImageServer,World Bank country income classification mapped to vulnerability weights,Natural Earth country boundaries via datasets/geo-countries,not used for RQ2 exposure rerun
6.0,108.0,0.0,0.5,UNASSIGNED,Unassigned/ocean,NA,Not classified,True,WorldPop Total Population 1km ArcGIS ImageServer,World Bank country income classification mapped to vulnerability weights,Natural Earth country boundaries via datasets/geo-countries,not used for RQ2 exposure rerun
6.0,108.75,0.0,0.5,UNASSIGNED,Unassigned/ocean,NA,Not classified,True,WorldPop Total Population 1km ArcGIS ImageServer,World Bank country income classification mapped to vulnerability weights,Natural Earth country boundaries via datasets/geo-countries,not used for RQ2 exposure rerun
6.0,109.5,0.0,0.5,UNASSIGNED,Unassigned/ocean,NA,Not classified,True,WorldPop Total Population 1km ArcGIS ImageServer,World Bank country income classification mapped to vulnerability weights,Natural Earth country boundaries via datasets/geo-countries,not used for RQ2 exposure rerun
6.0,111.75,0.0,0.5,UNASSIGNED,Unassigned/ocean,NA,Not classified,True,WorldPop Total Population 1km ArcGIS ImageServer,World Bank country income classification mapped to vulnerability weights,Natural Earth country boundaries via datasets/geo-countries,not used for RQ2 exposure rerun
6.75,79.5,663663.6019706727,0.5,LKA,Sri Lanka,UMC,Upper middle income,True,WorldPop Total Population 1km ArcGIS ImageServer,World Bank country income classification mapped to vulnerability weights,Natural Earth country boundaries via datasets/geo-countries,not used for RQ2 exposure rerun
6.75,80.25,5112135.091474907,0.5,LKA,Sri Lanka,UMC,Upper middle income,True,WorldPop Total Population 1km ArcGIS ImageServer,World Bank country income classification mapped to vulnerability weights,Natural Earth country boundaries via datasets/geo-countries,not used for RQ2 exposure rerun
6.75,81.0,1608424.9016301779,0.5,LKA,Sri Lanka,UMC,Upper middle income,True,WorldPop Total Population 1km ArcGIS ImageServer,World Bank country income classification mapped to vulnerability weights,Natural Earth country boundaries via datasets/geo-countries,not used for RQ2 exposure rerun
6.75,81.75,127913.1389775298,0.5,LKA,Sri Lanka,UMC,Upper middle income,True,WorldPop Total Population 1km ArcGIS ImageServer,World Bank country income classification mapped to vulnerability weights,Natural Earth country boundaries via datasets/geo-countries,not used for RQ2 exposure rerun
6.75,102.0,173580.42948722842,0.5,THA,Thailand,UMC,Upper middle income,True,WorldPop Total Population 1km ArcGIS ImageServer,World Bank country income classification mapped to vulnerability weights,Natural Earth country boundaries via datasets/geo-countries,not used for RQ2 exposure rerun
6.75,105.0,0.0,0.5,UNASSIGNED,Unassigned/ocean,NA,Not classified,True,WorldPop Total Population 1km ArcGIS ImageServer,World Bank country income classification mapped to vulnerability weights,Natural Earth country boundaries via datasets/geo-countries,not used for RQ2 exposure rerun
6.75,105.75,0.0,0.5,UNASSIGNED,Unassigned/ocean,NA,Not classified,True,WorldPop Total Population 1km ArcGIS ImageServer,World Bank country income classification mapped to vulnerability weights,Natural Earth country boundaries via datasets/geo-countries,not used for RQ2 exposure rerun
6.75,106.5,0.0,0.5,UNASSIGNED,Unassigned/ocean,NA,Not classified,True,WorldPop Total Population 1km ArcGIS ImageServer,World Bank country income classification mapped to vulnerability weights,Natural Earth country boundaries via datasets/geo-countries,not used for RQ2 exposure rerun
6.75,107.25,0.0,0.5,UNASSIGNED,Unassigned/ocean,NA,Not classified,True,WorldPop Total Population 1km ArcGIS ImageServer,World Bank country income classification mapped to vulnerability weights,Natural Earth country boundaries via datasets/geo-countries,not used for RQ2 exposure rerun
6.75,108.0,0.0,0.5,UNASSIGNED,Unassigned/ocean,NA,Not classified,True,WorldPop Total Population 1km ArcGIS ImageServer,World Bank country income classification mapped to vulnerability weights,Natural Earth country boundaries via datasets/geo-countries,not used for RQ2 exposure rerun
6.75,108.75,0.0,0.5,UNASSIGNED,Unassigned/ocean,NA,Not classified,True,WorldPop Total Population 1km ArcGIS ImageServer,World Bank country income classification mapped to vulnerability weights,Natural Earth country boundaries via datasets/geo-countries,not used for RQ2 exposure rerun
6.75,111.75,0.0,0.5,UNASSIGNED,Unassigned/ocean,NA,Not classified,True,WorldPop Total Population 1km ArcGIS ImageServer,World Bank country income classification mapped to vulnerability weights,Natural Earth country boundaries via datasets/geo-countries,not used for RQ2 exposure rerun
6.75,114.75,0.0,0.5,UNASSIGNED,Unassigned/ocean,NA,Not classified,True,WorldPop Total Population 1km ArcGIS ImageServer,World Bank country income classification mapped to vulnerability weights,Natural Earth country boundaries via datasets/geo-countries,not used for RQ2 exposure rerun
6.75,124.5,0.0,0.5,PHL,Philippines,UMC,Upper middle income,False,WorldPop Total Population 1km ArcGIS ImageServer,World Bank country income classification mapped to vulnerability weights,Natural Earth country boundaries via datasets/geo-countries,not used for RQ2 exposure rerun
7.5,76.5,0.0,0.5,UNASSIGNED,Unassigned/ocean,NA,Not classified,True,WorldPop Total Population 1km ArcGIS ImageServer,World Bank country income classification mapped to vulnerability weights,Natural Earth country boundaries via datasets/geo-countries,not used for RQ2 exposure rerun
7.5,79.5,506441.3512985707,0.5,LKA,Sri Lanka,UMC,Upper middle income,True,WorldPop Total Population 1km ArcGIS ImageServer,World Bank country income classification mapped to vulnerability weights,Natural Earth country boundaries via datasets/geo-countries,not used for RQ2 exposure rerun
7.5,80.25,3335446.2625036235,0.5,LKA,Sri Lanka,UMC,Upper middle income,True,WorldPop Total Population 1km ArcGIS ImageServer,World Bank country income classification mapped to vulnerability weights,Natural Earth country boundaries via datasets/geo-countries,not used for RQ2 exposure rerun
7.5,81.0,1192815.0452870408,0.5,LKA,Sri Lanka,UMC,Upper middle income,True,WorldPop Total Population 1km ArcGIS ImageServer,World Bank country income classification mapped to vulnerability weights,Natural Earth country boundaries via datasets/geo-countries,not used for RQ2 exposure rerun
7.5,81.75,866212.9999103701,0.5,LKA,Sri Lanka,UMC,Upper middle income,True,WorldPop Total Population 1km ArcGIS ImageServer,World Bank country income classification mapped to vulnerability weights,Natural Earth country boundaries via datasets/geo-countries,not used for RQ2 exposure rerun
7.5,82.5,0.0,0.5,UNASSIGNED,Unassigned/ocean,NA,Not classified,True,WorldPop Total Population 1km ArcGIS ImageServer,World Bank country income classification mapped to vulnerability weights,Natural Earth country boundaries via datasets/geo-countries,not used for RQ2 exposure rerun
7.5,83.25,0.0,0.5,UNASSIGNED,Unassigned/ocean,NA,Not classified,True,WorldPop Total Population 1km ArcGIS ImageServer,World Bank country income classification mapped to vulnerability weights,Natural Earth country boundaries via datasets/geo-countries,not used for RQ2 exposure rerun
7.5,99.75,886131.235944122,0.5,THA,Thailand,UMC,Upper middle income,True,WorldPop Total Population 1km ArcGIS ImageServer,World Bank country income classification mapped to vulnerability weights,Natural Earth country boundaries via datasets/geo-countries,not used for RQ2 exposure rerun
7.5,102.75,0.0,0.5,UNASSIGNED,Unassigned/ocean,NA,Not classified,True,WorldPop Total Population 1km ArcGIS ImageServer,World Bank country income classification mapped to vulnerability weights,Natural Earth country boundaries via datasets/geo-countries,not used for RQ2 exposure rerun
7.5,106.5,0.0,0.5,UNASSIGNED,Unassigned/ocean,NA,Not classified,True,WorldPop Total Population 1km ArcGIS ImageServer,World Bank country income classification mapped to vulnerability weights,Natural Earth country boundaries via datasets/geo-countries,not used for RQ2 exposure rerun
7.5,108.0,0.0,0.5,UNASSIGNED,Unassigned/ocean,NA,Not classified,True,WorldPop Total Population 1km ArcGIS ImageServer,World Bank country income classification mapped to vulnerability weights,Natural Earth country boundaries via datasets/geo-countries,not used for RQ2 exposure rerun
7.5,108.75,0.0,0.5,UNASSIGNED,Unassigned/ocean,NA,Not classified,True,WorldPop Total Population 1km ArcGIS ImageServer,World Bank country income classification mapped to vulnerability weights,Natural Earth country boundaries via datasets/geo-countries,not used for RQ2 exposure rerun
7.5,110.25,0.0,0.5,UNASSIGNED,Unassigned/ocean,NA,Not classified,True,WorldPop Total Population 1km ArcGIS ImageServer,World Bank country income classification mapped to vulnerability weights,Natural Earth country boundaries via datasets/geo-countries,not used for RQ2 exposure rerun
7.5,112.5,0.0,0.5,UNASSIGNED,Unassigned/ocean,NA,Not classified,True,WorldPop Total Population 1km ArcGIS ImageServer,World Bank country income classification mapped to vulnerability weights,Natural Earth country boundaries via datasets/geo-countries,not used for RQ2 exposure rerun
7.5,113.25,0.0,0.5,UNASSIGNED,Unassigned/ocean,NA,Not classified,True,WorldPop Total Population 1km ArcGIS ImageServer,World Bank country income classification mapped to vulnerability weights,Natural Earth country boundaries via datasets/geo-countries,not used for RQ2 exposure rerun
7.5,122.25,299309.12582828436,0.5,PHL,Philippines,UMC,Upper middle income,True,WorldPop Total Population 1km ArcGIS ImageServer,World Bank country income classification mapped to vulnerability weights,Natural Earth country boundaries via datasets/geo-countries,not used for RQ2 exposure rerun
7.5,123.0,572719.5824872846,0.5,PHL,Philippines,UMC,Upper middle income,True,WorldPop Total Population 1km ArcGIS ImageServer,World Bank country income classification mapped to vulnerability weights,Natural Earth country boundaries via datasets/geo-countries,not used for RQ2 exposure rerun
7.5,126.75,102720.3540118337,0.5,PHL,Philippines,UMC,Upper middle income,True,WorldPop Total Population 1km ArcGIS ImageServer,World Bank country income classification mapped to vulnerability weights,Natural Earth country boundaries via datasets/geo-countries,not used for RQ2 exposure rerun
7.5,127.5,0.0,0.5,UNASSIGNED,Unassigned/ocean,NA,Not classified,True,WorldPop Total Population 1km ArcGIS ImageServer,World Bank country income classification mapped to vulnerability weights,Natural Earth country boundaries via datasets/geo-countries,not used for RQ2 exposure rerun
7.5,128.25,0.0,0.5,UNASSIGNED,Unassigned/ocean,NA,Not classified,True,WorldPop Total Population 1km ArcGIS ImageServer,World Bank country income classification mapped to vulnerability weights,Natural Earth country boundaries via datasets/geo-countries,not used for RQ2 exposure rerun
7.5,129.0,0.0,0.5,UNASSIGNED,Unassigned/ocean,NA,Not classified,True,WorldPop Total Population 1km ArcGIS ImageServer,World Bank country income classification mapped to vulnerability weights,Natural Earth country boundaries via datasets/geo-countries,not used for RQ2 exposure rerun
7.5,140.25,0.0,0.5,UNASSIGNED,Unassigned/ocean,NA,Not classified,False,WorldPop Total Population 1km ArcGIS ImageServer,World Bank country income classification mapped to vulnerability weights,Natural Earth country boundaries via datasets/geo-countries,not used for RQ2 exposure rerun
8.25,78.75,0.0,0.5,UNASSIGNED,Unassigned/ocean,NA,Not classified,True,WorldPop Total Population 1km ArcGIS ImageServer,World Bank country income classification mapped to vulnerability weights,Natural Earth country boundaries via datasets/geo-countries,not used for RQ2 exposure rerun
8.25,79.5,184913.09274879005,0.5,LKA,Sri Lanka,UMC,Upper middle income,True,WorldPop Total Population 1km ArcGIS ImageServer,World Bank country income classification mapped to vulnerability weights,Natural Earth country boundaries via datasets/geo-countries,not used for RQ2 exposure rerun
8.25,80.25,749556.5864520154,0.5,LKA,Sri Lanka,UMC,Upper middle income,True,WorldPop Total Population 1km ArcGIS ImageServer,World Bank country income classification mapped to vulnerability weights,Natural Earth country boundaries via datasets/geo-countries,not used for RQ2 exposure rerun
8.25,81.0,717427.5544891501,0.5,LKA,Sri Lanka,UMC,Upper middle income,True,WorldPop Total Population 1km ArcGIS ImageServer,World Bank country income classification mapped to vulnerability weights,Natural Earth country boundaries via datasets/geo-countries,not used for RQ2 exposure rerun
8.25,81.75,91024.23442635669,0.5,LKA,Sri Lanka,UMC,Upper middle income,True,WorldPop Total Population 1km ArcGIS ImageServer,World Bank country income classification mapped to vulnerability weights,Natural Earth country boundaries via datasets/geo-countries,not used for RQ2 exposure rerun
8.25,82.5,0.0,0.5,UNASSIGNED,Unassigned/ocean,NA,Not classified,True,WorldPop Total Population 1km ArcGIS ImageServer,World Bank country income classification mapped to vulnerability weights,Natural Earth country boundaries via datasets/geo-countries,not used for RQ2 exposure rerun
8.25,83.25,0.0,0.5,UNASSIGNED,Unassigned/ocean,NA,Not classified,True,WorldPop Total Population 1km ArcGIS ImageServer,World Bank country income classification mapped to vulnerability weights,Natural Earth country boundaries via datasets/geo-countries,not used for RQ2 exposure rerun
8.25,84.0,0.0,0.5,UNASSIGNED,Unassigned/ocean,NA,Not classified,True,WorldPop Total Population 1km ArcGIS ImageServer,World Bank country income classification mapped to vulnerability weights,Natural Earth country boundaries via datasets/geo-countries,not used for RQ2 exposure rerun
8.25,98.25,0.0,0.5,THA,Thailand,UMC,Upper middle income,False,WorldPop Total Population 1km ArcGIS ImageServer,World Bank country income classification mapped to vulnerability weights,Natural Earth country boundaries via datasets/geo-countries,not used for RQ2 exposure rerun
8.25,100.5,207273.94575703092,0.5,THA,Thailand,UMC,Upper middle income,True,WorldPop Total Population 1km ArcGIS ImageServer,World Bank country income classification mapped to vulnerability weights,Natural Earth country boundaries via datasets/geo-countries,not used for RQ2 exposure rerun
8.25,101.25,0.0,0.5,UNASSIGNED,Unassigned/ocean,NA,Not classified,True,WorldPop Total Population 1km ArcGIS ImageServer,World Bank country income classification mapped to vulnerability weights,Natural Earth country boundaries via datasets/geo-countries,not used for RQ2 exposure rerun
8.25,105.0,17517.329335689537,0.5,VNM,Vietnam,UMC,Upper middle income,True,WorldPop Total Population 1km ArcGIS ImageServer,World Bank country income classification mapped to vulnerability weights,Natural Earth country boundaries via datasets/geo-countries,not used for RQ2 exposure rerun
8.25,105.75,0.0,0.5,UNASSIGNED,Unassigned/ocean,NA,Not classified,True,WorldPop Total Population 1km ArcGIS ImageServer,World Bank country income classification mapped to vulnerability weights,Natural Earth country boundaries via datasets/geo-countries,not used for RQ2 exposure rerun
8.25,106.5,42.068501472473145,0.5,UNASSIGNED,Unassigned/ocean,NA,Not classified,True,WorldPop Total Population 1km ArcGIS ImageServer,World Bank country income classification mapped to vulnerability weights,Natural Earth country boundaries via datasets/geo-countries,not used for RQ2 exposure rerun
8.25,107.25,0.0,0.5,UNASSIGNED,Unassigned/ocean,NA,Not classified,True,WorldPop Total Population 1km ArcGIS ImageServer,World Bank country income classification mapped to vulnerability weights,Natural Earth country boundaries via datasets/geo-countries,not used for RQ2 exposure rerun
8.25,108.0,0.0,0.5,UNASSIGNED,Unassigned/ocean,NA,Not classified,True,WorldPop Total Population 1km ArcGIS ImageServer,World Bank country income classification mapped to vulnerability weights,Natural Earth country boundaries via datasets/geo-countries,not used for RQ2 exposure rerun
8.25,109.5,0.0,0.5,UNASSIGNED,Unassigned/ocean,NA,Not classified,True,WorldPop Total Population 1km ArcGIS ImageServer,World Bank country income classification mapped to vulnerability weights,Natural Earth country boundaries via datasets/geo-countries,not used for RQ2 exposure rerun
8.25,111.75,0.0,0.5,UNASSIGNED,Unassigned/ocean,NA,Not classified,True,WorldPop Total Population 1km ArcGIS ImageServer,World Bank country income classification mapped to vulnerability weights,Natural Earth country boundaries via datasets/geo-countries,not used for RQ2 exposure rerun
8.25,112.5,0.0,0.5,UNASSIGNED,Unassigned/ocean,NA,Not classified,True,WorldPop Total Population 1km ArcGIS ImageServer,World Bank country income classification mapped to vulnerability weights,Natural Earth country boundaries via datasets/geo-countries,not used for RQ2 exposure rerun
8.25,116.25,0.0,0.5,UNASSIGNED,Unassigned/ocean,NA,Not classified,True,WorldPop Total Population 1km ArcGIS ImageServer,World Bank country income classification mapped to vulnerability weights,Natural Earth country boundaries via datasets/geo-countries,not used for RQ2 exposure rerun
8.25,117.0,21111.83486178515,0.5,PHL,Philippines,UMC,Upper middle income,True,WorldPop Total Population 1km ArcGIS ImageServer,World Bank country income classification mapped to vulnerability weights,Natural Earth country boundaries via datasets/geo-countries,not used for RQ2 exposure rerun
8.25,121.5,0.0,0.5,UNASSIGNED,Unassigned/ocean,NA,Not classified,True,WorldPop Total Population 1km ArcGIS ImageServer,World Bank country income classification mapped to vulnerability weights,Natural Earth country boundaries via datasets/geo-countries,not used for RQ2 exposure rerun
8.25,122.25,88189.78873032339,0.5,PHL,Philippines,UMC,Upper middle income,True,WorldPop Total Population 1km ArcGIS ImageServer,World Bank country income classification mapped to vulnerability weights,Natural Earth country boundaries via datasets/geo-countries,not used for RQ2 exposure rerun
8.25,123.0,565833.2495517738,0.5,PHL,Philippines,UMC,Upper middle income,True,WorldPop Total Population 1km ArcGIS ImageServer,World Bank country income classification mapped to vulnerability weights,Natural Earth country boundaries via datasets/geo-countries,not used for RQ2 exposure rerun
8.25,123.75,1141089.9666159165,0.5,PHL,Philippines,UMC,Upper middle income,True,WorldPop Total Population 1km ArcGIS ImageServer,World Bank country income classification mapped to vulnerability weights,Natural Earth country boundaries via datasets/geo-countries,not used for RQ2 exposure rerun
8.25,124.5,1904279.9540987005,0.5,PHL,Philippines,UMC,Upper middle income,True,WorldPop Total Population 1km ArcGIS ImageServer,World Bank country income classification mapped to vulnerability weights,Natural Earth country boundaries via datasets/geo-countries,not used for RQ2 exposure rerun
8.25,125.25,431032.0313256081,0.5,PHL,Philippines,UMC,Upper middle income,True,WorldPop Total Population 1km ArcGIS ImageServer,World Bank country income classification mapped to vulnerability weights,Natural Earth country boundaries via datasets/geo-countries,not used for RQ2 exposure rerun
8.25,126.0,591039.4520643358,0.5,PHL,Philippines,UMC,Upper middle income,True,WorldPop Total Population 1km ArcGIS ImageServer,World Bank country income classification mapped to vulnerability weights,Natural Earth country boundaries via datasets/geo-countries,not used for RQ2 exposure rerun
8.25,126.75,31312.000302433975,0.5,PHL,Philippines,UMC,Upper middle income,True,WorldPop Total Population 1km ArcGIS ImageServer,World Bank country income classification mapped to vulnerability weights,Natural Earth country boundaries via datasets/geo-countries,not used for RQ2 exposure rerun
8.25,127.5,0.0,0.5,UNASSIGNED,Unassigned/ocean,NA,Not classified,True,WorldPop Total Population 1km ArcGIS ImageServer,World Bank country income classification mapped to vulnerability weights,Natural Earth country boundaries via datasets/geo-countries,not used for RQ2 exposure rerun
8.25,128.25,0.0,0.5,UNASSIGNED,Unassigned/ocean,NA,Not classified,True,WorldPop Total Population 1km ArcGIS ImageServer,World Bank country income classification mapped to vulnerability weights,Natural Earth country boundaries via datasets/geo-countries,not used for RQ2 exposure rerun
8.25,129.0,0.0,0.5,UNASSIGNED,Unassigned/ocean,NA,Not classified,True,WorldPop Total Population 1km ArcGIS ImageServer,World Bank country income classification mapped to vulnerability weights,Natural Earth country boundaries via datasets/geo-countries,not used for RQ2 exposure rerun
8.25,139.5,0.0,0.5,UNASSIGNED,Unassigned/ocean,NA,Not classified,True,WorldPop Total Population 1km ArcGIS ImageServer,World Bank country income classification mapped to vulnerability weights,Natural Earth country boundaries via datasets/geo-countries,not used for RQ2 exposure rerun
8.25,140.25,74.18716543912888,0.5,UNASSIGNED,Unassigned/ocean,NA,Not classified,True,WorldPop Total Population 1km ArcGIS ImageServer,World Bank country income classification mapped to vulnerability weights,Natural Earth country boundaries via datasets/geo-countries,not used for RQ2 exposure rerun
8.25,141.0,0.0,0.5,UNASSIGNED,Unassigned/ocean,NA,Not classified,True,WorldPop Total Population 1km ArcGIS ImageServer,World Bank country income classification mapped to vulnerability weights,Natural Earth country boundaries via datasets/geo-countries,not used for RQ2 exposure rerun
8.25,141.75,0.0,0.5,UNASSIGNED,Unassigned/ocean,NA,Not classified,True,WorldPop Total Population 1km ArcGIS ImageServer,World Bank country income classification mapped to vulnerability weights,Natural Earth country boundaries via datasets/geo-countries,not used for RQ2 exposure rerun
9.0,77.25,0.0,0.75,IND,India,LMC,Lower middle income,False,WorldPop Total Population 1km ArcGIS ImageServer,World Bank country income classification mapped to vulnerability weights,Natural Earth country boundaries via datasets/geo-countries,not used for RQ2 exposure rerun
9.0,78.0,2108174.499508379,0.75,IND,India,LMC,Lower middle income,True,WorldPop Total Population 1km ArcGIS ImageServer,World Bank country income classification mapped to vulnerability weights,Natural Earth country boundaries via datasets/geo-countries,not used for RQ2 exposure rerun
9.0,78.75,434738.05390179105,0.75,IND,India,LMC,Lower middle income,True,WorldPop Total Population 1km ArcGIS ImageServer,World Bank country income classification mapped to vulnerability weights,Natural Earth country boundaries via datasets/geo-countries,not used for RQ2 exposure rerun
9.0,79.5,99254.35156503318,0.75,IND,India,LMC,Lower middle income,True,WorldPop Total Population 1km ArcGIS ImageServer,World Bank country income classification mapped to vulnerability weights,Natural Earth country boundaries via datasets/geo-countries,not used for RQ2 exposure rerun
9.0,80.25,476074.47623753635,0.5,LKA,Sri Lanka,UMC,Upper middle income,True,WorldPop Total Population 1km ArcGIS ImageServer,World Bank country income classification mapped to vulnerability weights,Natural Earth country boundaries via datasets/geo-countries,not used for RQ2 exposure rerun
9.0,81.0,211583.29355534684,0.5,LKA,Sri Lanka,UMC,Upper middle income,True,WorldPop Total Population 1km ArcGIS ImageServer,World Bank country income classification mapped to vulnerability weights,Natural Earth country boundaries via datasets/geo-countries,not used for RQ2 exposure rerun
9.0,81.75,0.0,0.5,UNASSIGNED,Unassigned/ocean,NA,Not classified,True,WorldPop Total Population 1km ArcGIS ImageServer,World Bank country income classification mapped to vulnerability weights,Natural Earth country boundaries via datasets/geo-countries,not used for RQ2 exposure rerun
9.0,82.5,0.0,0.5,UNASSIGNED,Unassigned/ocean,NA,Not classified,True,WorldPop Total Population 1km ArcGIS ImageServer,World Bank country income classification mapped to vulnerability weights,Natural Earth country boundaries via datasets/geo-countries,not used for RQ2 exposure rerun
9.0,83.25,0.0,0.5,UNASSIGNED,Unassigned/ocean,NA,Not classified,False,WorldPop Total Population 1km ArcGIS ImageServer,World Bank country income classification mapped to vulnerability weights,Natural Earth country boundaries via datasets/geo-countries,not used for RQ2 exposure rerun
9.0,96.0,0.0,0.5,UNASSIGNED,Unassigned/ocean,NA,Not classified,False,WorldPop Total Population 1km ArcGIS ImageServer,World Bank country income classification mapped to vulnerability weights,Natural Earth country boundaries via datasets/geo-countries,not used for RQ2 exposure rerun
9.0,98.25,0.0,0.5,THA,Thailand,UMC,Upper middle income,False,WorldPop Total Population 1km ArcGIS ImageServer,World Bank country income classification mapped to vulnerability weights,Natural Earth country boundaries via datasets/geo-countries,not used for RQ2 exposure rerun
9.0,99.75,387076.36985915754,0.5,THA,Thailand,UMC,Upper middle income,True,WorldPop Total Population 1km ArcGIS ImageServer,World Bank country income classification mapped to vulnerability weights,Natural Earth country boundaries via datasets/geo-countries,not used for RQ2 exposure rerun
9.0,101.25,0.0,0.5,UNASSIGNED,Unassigned/ocean,NA,Not classified,True,WorldPop Total Population 1km ArcGIS ImageServer,World Bank country income classification mapped to vulnerability weights,Natural Earth country boundaries via datasets/geo-countries,not used for RQ2 exposure rerun
9.0,102.0,0.0,0.5,UNASSIGNED,Unassigned/ocean,NA,Not classified,True,WorldPop Total Population 1km ArcGIS ImageServer,World Bank country income classification mapped to vulnerability weights,Natural Earth country boundaries via datasets/geo-countries,not used for RQ2 exposure rerun
9.0,103.5,1266.0244438648224,0.5,UNASSIGNED,Unassigned/ocean,NA,Not classified,True,WorldPop Total Population 1km ArcGIS ImageServer,World Bank country income classification mapped to vulnerability weights,Natural Earth country boundaries via datasets/geo-countries,not used for RQ2 exposure rerun
9.0,104.25,0.0,0.5,UNASSIGNED,Unassigned/ocean,NA,Not classified,True,WorldPop Total Population 1km ArcGIS ImageServer,World Bank country income classification mapped to vulnerability weights,Natural Earth country boundaries via datasets/geo-countries,not used for RQ2 exposure rerun
9.0,105.75,593963.9717073445,0.5,VNM,Vietnam,UMC,Upper middle income,True,WorldPop Total Population 1km ArcGIS ImageServer,World Bank country income classification mapped to vulnerability weights,Natural Earth country boundaries via datasets/geo-countries,not used for RQ2 exposure rerun
9.0,106.5,7881.334193617108,0.5,VNM,Vietnam,UMC,Upper middle income,True,WorldPop Total Population 1km ArcGIS ImageServer,World Bank country income classification mapped to vulnerability weights,Natural Earth country boundaries via datasets/geo-countries,not used for RQ2 exposure rerun
9.0,107.25,0.0,0.5,UNASSIGNED,Unassigned/ocean,NA,Not classified,True,WorldPop Total Population 1km ArcGIS ImageServer,World Bank country income classification mapped to vulnerability weights,Natural Earth country boundaries via datasets/geo-countries,not used for RQ2 exposure rerun
9.0,108.0,0.0,0.5,UNASSIGNED,Unassigned/ocean,NA,Not classified,True,WorldPop Total Population 1km ArcGIS ImageServer,World Bank country income classification mapped to vulnerability weights,Natural Earth country boundaries via datasets/geo-countries,not used for RQ2 exposure rerun
9.0,108.75,0.0,0.5,UNASSIGNED,Unassigned/ocean,NA,Not classified,True,WorldPop Total Population 1km ArcGIS ImageServer,World Bank country income classification mapped to vulnerability weights,Natural Earth country boundaries via datasets/geo-countries,not used for RQ2 exposure rerun
9.0,109.5,0.0,0.5,UNASSIGNED,Unassigned/ocean,NA,Not classified,True,WorldPop Total Population 1km ArcGIS ImageServer,World Bank country income classification mapped to vulnerability weights,Natural Earth country boundaries via datasets/geo-countries,not used for RQ2 exposure rerun
9.0,110.25,0.0,0.5,UNASSIGNED,Unassigned/ocean,NA,Not classified,True,WorldPop Total Population 1km ArcGIS ImageServer,World Bank country income classification mapped to vulnerability weights,Natural Earth country boundaries via datasets/geo-countries,not used for RQ2 exposure rerun
9.0,111.0,0.0,0.5,UNASSIGNED,Unassigned/ocean,NA,Not classified,True,WorldPop Total Population 1km ArcGIS ImageServer,World Bank country income classification mapped to vulnerability weights,Natural Earth country boundaries via datasets/geo-countries,not used for RQ2 exposure rerun
9.0,111.75,0.0,0.5,UNASSIGNED,Unassigned/ocean,NA,Not classified,True,WorldPop Total Population 1km ArcGIS ImageServer,World Bank country income classification mapped to vulnerability weights,Natural Earth country boundaries via datasets/geo-countries,not used for RQ2 exposure rerun
9.0,112.5,0.0,0.5,UNASSIGNED,Unassigned/ocean,NA,Not classified,True,WorldPop Total Population 1km ArcGIS ImageServer,World Bank country income classification mapped to vulnerability weights,Natural Earth country boundaries via datasets/geo-countries,not used for RQ2 exposure rerun
9.0,113.25,0.0,0.5,UNASSIGNED,Unassigned/ocean,NA,Not classified,True,WorldPop Total Population 1km ArcGIS ImageServer,World Bank country income classification mapped to vulnerability weights,Natural Earth country boundaries via datasets/geo-countries,not used for RQ2 exposure rerun
9.0,114.0,0.0,0.5,UNASSIGNED,Unassigned/ocean,NA,Not classified,True,WorldPop Total Population 1km ArcGIS ImageServer,World Bank country income classification mapped to vulnerability weights,Natural Earth country boundaries via datasets/geo-countries,not used for RQ2 exposure rerun
9.0,114.75,0.0,0.5,UNASSIGNED,Unassigned/ocean,NA,Not classified,True,WorldPop Total Population 1km ArcGIS ImageServer,World Bank country income classification mapped to vulnerability weights,Natural Earth country boundaries via datasets/geo-countries,not used for RQ2 exposure rerun
9.0,115.5,0.0,0.5,UNASSIGNED,Unassigned/ocean,NA,Not classified,True,WorldPop Total Population 1km ArcGIS ImageServer,World Bank country income classification mapped to vulnerability weights,Natural Earth country boundaries via datasets/geo-countries,not used for RQ2 exposure rerun
9.0,117.75,140726.73662507517,0.5,PHL,Philippines,UMC,Upper middle income,True,WorldPop Total Population 1km ArcGIS ImageServer,World Bank country income classification mapped to vulnerability weights,Natural Earth country boundaries via datasets/geo-countries,not used for RQ2 exposure rerun
9.0,120.0,0.0,0.5,PHL,Philippines,UMC,Upper middle income,True,WorldPop Total Population 1km ArcGIS ImageServer,World Bank country income classification mapped to vulnerability weights,Natural Earth country boundaries via datasets/geo-countries,not used for RQ2 exposure rerun
9.0,120.75,508.35162448883057,0.5,UNASSIGNED,Unassigned/ocean,NA,Not classified,True,WorldPop Total Population 1km ArcGIS ImageServer,World Bank country income classification mapped to vulnerability weights,Natural Earth country boundaries via datasets/geo-countries,not used for RQ2 exposure rerun
9.0,121.5,0.0,0.5,UNASSIGNED,Unassigned/ocean,NA,Not classified,True,WorldPop Total Population 1km ArcGIS ImageServer,World Bank country income classification mapped to vulnerability weights,Natural Earth country boundaries via datasets/geo-countries,not used for RQ2 exposure rerun
9.0,122.25,0.0,0.5,UNASSIGNED,Unassigned/ocean,NA,Not classified,True,WorldPop Total Population 1km ArcGIS ImageServer,World Bank country income classification mapped to vulnerability weights,Natural Earth country boundaries via datasets/geo-countries,not used for RQ2 exposure rerun
9.0,123.0,383377.33784031816,0.5,PHL,Philippines,UMC,Upper middle income,True,WorldPop Total Population 1km ArcGIS ImageServer,World Bank country income classification mapped to vulnerability weights,Natural Earth country boundaries via datasets/geo-countries,not used for RQ2 exposure rerun
9.0,123.75,134302.10509753227,0.5,PHL,Philippines,UMC,Upper middle income,True,WorldPop Total Population 1km ArcGIS ImageServer,World Bank country income classification mapped to vulnerability weights,Natural Earth country boundaries via datasets/geo-countries,not used for RQ2 exposure rerun
9.0,124.5,215829.93489527688,0.5,PHL,Philippines,UMC,Upper middle income,True,WorldPop Total Population 1km ArcGIS ImageServer,World Bank country income classification mapped to vulnerability weights,Natural Earth country boundaries via datasets/geo-countries,not used for RQ2 exposure rerun
9.0,125.25,651500.2655716545,0.5,PHL,Philippines,UMC,Upper middle income,True,WorldPop Total Population 1km ArcGIS ImageServer,World Bank country income classification mapped to vulnerability weights,Natural Earth country boundaries via datasets/geo-countries,not used for RQ2 exposure rerun
9.0,126.0,469082.8811119494,0.5,PHL,Philippines,UMC,Upper middle income,True,WorldPop Total Population 1km ArcGIS ImageServer,World Bank country income classification mapped to vulnerability weights,Natural Earth country boundaries via datasets/geo-countries,not used for RQ2 exposure rerun
9.0,126.75,0.0,0.5,UNASSIGNED,Unassigned/ocean,NA,Not classified,True,WorldPop Total Population 1km ArcGIS ImageServer,World Bank country income classification mapped to vulnerability weights,Natural Earth country boundaries via datasets/geo-countries,not used for RQ2 exposure rerun
9.0,127.5,0.0,0.5,UNASSIGNED,Unassigned/ocean,NA,Not classified,True,WorldPop Total Population 1km ArcGIS ImageServer,World Bank country income classification mapped to vulnerability weights,Natural Earth country boundaries via datasets/geo-countries,not used for RQ2 exposure rerun
9.0,128.25,0.0,0.5,UNASSIGNED,Unassigned/ocean,NA,Not classified,True,WorldPop Total Population 1km ArcGIS ImageServer,World Bank country income classification mapped to vulnerability weights,Natural Earth country boundaries via datasets/geo-countries,not used for RQ2 exposure rerun
9.0,129.0,0.0,0.5,UNASSIGNED,Unassigned/ocean,NA,Not classified,True,WorldPop Total Population 1km ArcGIS ImageServer,World Bank country income classification mapped to vulnerability weights,Natural Earth country boundaries via datasets/geo-countries,not used for RQ2 exposure rerun
9.0,129.75,0.0,0.5,UNASSIGNED,Unassigned/ocean,NA,Not classified,True,WorldPop Total Population 1km ArcGIS ImageServer,World Bank country income classification mapped to vulnerability weights,Natural Earth country boundaries via datasets/geo-countries,not used for RQ2 exposure rerun
9.0,137.25,0.0,0.5,UNASSIGNED,Unassigned/ocean,NA,Not classified,True,WorldPop Total Population 1km ArcGIS ImageServer,World Bank country income classification mapped to vulnerability weights,Natural Earth country boundaries via datasets/geo-countries,not used for RQ2 exposure rerun
9.0,139.5,0.0,0.5,UNASSIGNED,Unassigned/ocean,NA,Not classified,True,WorldPop Total Population 1km ArcGIS ImageServer,World Bank country income classification mapped to vulnerability weights,Natural Earth country boundaries via datasets/geo-countries,not used for RQ2 exposure rerun
9.0,140.25,0.0,0.5,UNASSIGNED,Unassigned/ocean,NA,Not classified,True,WorldPop Total Population 1km ArcGIS ImageServer,World Bank country income classification mapped to vulnerability weights,Natural Earth country boundaries via datasets/geo-countries,not used for RQ2 exposure rerun
9.0,141.0,0.0,0.5,UNASSIGNED,Unassigned/ocean,NA,Not classified,True,WorldPop Total Population 1km ArcGIS ImageServer,World Bank country income classification mapped to vulnerability weights,Natural Earth country boundaries via datasets/geo-countries,not used for RQ2 exposure rerun
9.0,141.75,0.0,0.5,UNASSIGNED,Unassigned/ocean,NA,Not classified,True,WorldPop Total Population 1km ArcGIS ImageServer,World Bank country income classification mapped to vulnerability weights,Natural Earth country boundaries via datasets/geo-countries,not used for RQ2 exposure rerun
9.0,142.5,0.0,0.5,UNASSIGNED,Unassigned/ocean,NA,Not classified,True,WorldPop Total Population 1km ArcGIS ImageServer,World Bank country income classification mapped to vulnerability weights,Natural Earth country boundaries via datasets/geo-countries,not used for RQ2 exposure rerun
9.75,78.0,3702459.419315342,0.75,IND,India,LMC,Lower middle income,True,WorldPop Total Population 1km ArcGIS ImageServer,World Bank country income classification mapped to vulnerability weights,Natural Earth country boundaries via datasets/geo-countries,not used for RQ2 exposure rerun
9.75,78.75,1569124.9420493753,0.75,IND,India,LMC,Lower middle income,True,WorldPop Total Population 1km ArcGIS ImageServer,World Bank country income classification mapped to vulnerability weights,Natural Earth country boundaries via datasets/geo-countries,not used for RQ2 exposure rerun
9.75,79.5,98475.58659437296,0.75,IND,India,LMC,Lower middle income,True,WorldPop Total Population 1km ArcGIS ImageServer,World Bank country income classification mapped to vulnerability weights,Natural Earth country boundaries via datasets/geo-countries,not used for RQ2 exposure rerun
9.75,80.25,656068.7613762881,0.5,LKA,Sri Lanka,UMC,Upper middle income,True,WorldPop Total Population 1km ArcGIS ImageServer,World Bank country income classification mapped to vulnerability weights,Natural Earth country boundaries via datasets/geo-countries,not used for RQ2 exposure rerun
9.75,81.0,4934.308032512663,0.5,LKA,Sri Lanka,UMC,Upper middle income,True,WorldPop Total Population 1km ArcGIS ImageServer,World Bank country income classification mapped to vulnerability weights,Natural Earth country boundaries via datasets/geo-countries,not used for RQ2 exposure rerun
9.75,81.75,0.0,0.5,UNASSIGNED,Unassigned/ocean,NA,Not classified,True,WorldPop Total Population 1km ArcGIS ImageServer,World Bank country income classification mapped to vulnerability weights,Natural Earth country boundaries via datasets/geo-countries,not used for RQ2 exposure rerun
9.75,82.5,0.0,0.5,UNASSIGNED,Unassigned/ocean,NA,Not classified,True,WorldPop Total Population 1km ArcGIS ImageServer,World Bank country income classification mapped to vulnerability weights,Natural Earth country boundaries via datasets/geo-countries,not used for RQ2 exposure rerun
9.75,93.75,0.0,0.5,UNASSIGNED,Unassigned/ocean,NA,Not classified,False,WorldPop Total Population 1km ArcGIS ImageServer,World Bank country income classification mapped to vulnerability weights,Natural Earth country boundaries via datasets/geo-countries,not used for RQ2 exposure rerun
9.75,99.75,44569.39386689662,0.5,THA,Thailand,UMC,Upper middle income,True,WorldPop Total Population 1km ArcGIS ImageServer,World Bank country income classification mapped to vulnerability weights,Natural Earth country boundaries via datasets/geo-countries,not used for RQ2 exposure rerun
9.75,100.5,0.0,0.5,UNASSIGNED,Unassigned/ocean,NA,Not classified,True,WorldPop Total Population 1km ArcGIS ImageServer,World Bank country income classification mapped to vulnerability weights,Natural Earth country boundaries via datasets/geo-countries,not used for RQ2 exposure rerun
9.75,102.75,18.15861665830016,0.5,UNASSIGNED,Unassigned/ocean,NA,Not classified,True,WorldPop Total Population 1km ArcGIS ImageServer,World Bank country income classification mapped to vulnerability weights,Natural Earth country boundaries via datasets/geo-countries,not used for RQ2 exposure rerun
9.75,104.25,64358.54036033155,0.5,VNM,Vietnam,UMC,Upper middle income,True,WorldPop Total Population 1km ArcGIS ImageServer,World Bank country income classification mapped to vulnerability weights,Natural Earth country boundaries via datasets/geo-countries,not used for RQ2 exposure rerun
9.75,105.0,1179643.1912553317,0.5,VNM,Vietnam,UMC,Upper middle income,True,WorldPop Total Population 1km ArcGIS ImageServer,World Bank country income classification mapped to vulnerability weights,Natural Earth country boundaries via datasets/geo-countries,not used for RQ2 exposure rerun
9.75,105.75,3212878.396481519,0.5,VNM,Vietnam,UMC,Upper middle income,True,WorldPop Total Population 1km ArcGIS ImageServer,World Bank country income classification mapped to vulnerability weights,Natural Earth country boundaries via datasets/geo-countries,not used for RQ2 exposure rerun
9.75,106.5,1565273.983314396,0.5,VNM,Vietnam,UMC,Upper middle income,True,WorldPop Total Population 1km ArcGIS ImageServer,World Bank country income classification mapped to vulnerability weights,Natural Earth country boundaries via datasets/geo-countries,not used for RQ2 exposure rerun
9.75,107.25,0.0,0.5,UNASSIGNED,Unassigned/ocean,NA,Not classified,True,WorldPop Total Population 1km ArcGIS ImageServer,World Bank country income classification mapped to vulnerability weights,Natural Earth country boundaries via datasets/geo-countries,not used for RQ2 exposure rerun
9.75,108.0,0.0,0.5,UNASSIGNED,Unassigned/ocean,NA,Not classified,True,WorldPop Total Population 1km ArcGIS ImageServer,World Bank country income classification mapped to vulnerability weights,Natural Earth country boundaries via datasets/geo-countries,not used for RQ2 exposure rerun
9.75,108.75,257.8803024291992,0.5,UNASSIGNED,Unassigned/ocean,NA,Not classified,True,WorldPop Total Population 1km ArcGIS ImageServer,World Bank country income classification mapped to vulnerability weights,Natural Earth country boundaries via datasets/geo-countries,not used for RQ2 exposure rerun
9.75,109.5,0.0,0.5,UNASSIGNED,Unassigned/ocean,NA,Not classified,True,WorldPop Total Population 1km ArcGIS ImageServer,World Bank country income classification mapped to vulnerability weights,Natural Earth country boundaries via datasets/geo-countries,not used for RQ2 exposure rerun
9.75,110.25,0.0,0.5,UNASSIGNED,Unassigned/ocean,NA,Not classified,True,WorldPop Total Population 1km ArcGIS ImageServer,World Bank country income classification mapped to vulnerability weights,Natural Earth country boundaries via datasets/geo-countries,not used for RQ2 exposure rerun
9.75,111.0,0.0,0.5,UNASSIGNED,Unassigned/ocean,NA,Not classified,True,WorldPop Total Population 1km ArcGIS ImageServer,World Bank country income classification mapped to vulnerability weights,Natural Earth country boundaries via datasets/geo-countries,not used for RQ2 exposure rerun
9.75,111.75,0.0,0.5,UNASSIGNED,Unassigned/ocean,NA,Not classified,True,WorldPop Total Population 1km ArcGIS ImageServer,World Bank country income classification mapped to vulnerability weights,Natural Earth country boundaries via datasets/geo-countries,not used for RQ2 exposure rerun
9.75,112.5,0.0,0.5,UNASSIGNED,Unassigned/ocean,NA,Not classified,True,WorldPop Total Population 1km ArcGIS ImageServer,World Bank country income classification mapped to vulnerability weights,Natural Earth country boundaries via datasets/geo-countries,not used for RQ2 exposure rerun
9.75,113.25,0.0,0.5,UNASSIGNED,Unassigned/ocean,NA,Not classified,True,WorldPop Total Population 1km ArcGIS ImageServer,World Bank country income classification mapped to vulnerability weights,Natural Earth country boundaries via datasets/geo-countries,not used for RQ2 exposure rerun
9.75,114.0,0.0,0.5,-99,Spratly Islands,NA,Not classified,True,WorldPop Total Population 1km ArcGIS ImageServer,World Bank country income classification mapped to vulnerability weights,Natural Earth country boundaries via datasets/geo-countries,not used for RQ2 exposure rerun
9.75,114.75,0.0,0.5,-99,Spratly Islands,NA,Not classified,True,WorldPop Total Population 1km ArcGIS ImageServer,World Bank country income classification mapped to vulnerability weights,Natural Earth country boundaries via datasets/geo-countries,not used for RQ2 exposure rerun
9.75,115.5,0.0,0.5,UNASSIGNED,Unassigned/ocean,NA,Not classified,True,WorldPop Total Population 1km ArcGIS ImageServer,World Bank country income classification mapped to vulnerability weights,Natural Earth country boundaries via datasets/geo-countries,not used for RQ2 exposure rerun
9.75,116.25,0.0,0.5,UNASSIGNED,Unassigned/ocean,NA,Not classified,True,WorldPop Total Population 1km ArcGIS ImageServer,World Bank country income classification mapped to vulnerability weights,Natural Earth country boundaries via datasets/geo-countries,not used for RQ2 exposure rerun
9.75,117.0,0.0,0.5,UNASSIGNED,Unassigned/ocean,NA,Not classified,True,WorldPop Total Population 1km ArcGIS ImageServer,World Bank country income classification mapped to vulnerability weights,Natural Earth country boundaries via datasets/geo-countries,not used for RQ2 exposure rerun
9.75,117.75,64.75643920898438,0.5,UNASSIGNED,Unassigned/ocean,NA,Not classified,True,WorldPop Total Population 1km ArcGIS ImageServer,World Bank country income classification mapped to vulnerability weights,Natural Earth country boundaries via datasets/geo-countries,not used for RQ2 exposure rerun
9.75,118.5,203567.343568265,0.5,PHL,Philippines,UMC,Upper middle income,True,WorldPop Total Population 1km ArcGIS ImageServer,World Bank country income classification mapped to vulnerability weights,Natural Earth country boundaries via datasets/geo-countries,not used for RQ2 exposure rerun
9.75,119.25,11057.278109192848,0.5,PHL,Philippines,UMC,Upper middle income,True,WorldPop Total Population 1km ArcGIS ImageServer,World Bank country income classification mapped to vulnerability weights,Natural Earth country boundaries via datasets/geo-countries,not used for RQ2 exposure rerun
9.75,120.0,0.0,0.5,UNASSIGNED,Unassigned/ocean,NA,Not classified,True,WorldPop Total Population 1km ArcGIS ImageServer,World Bank country income classification mapped to vulnerability weights,Natural Earth country boundaries via datasets/geo-countries,not used for RQ2 exposure rerun
9.75,120.75,671.0385131835939,0.5,UNASSIGNED,Unassigned/ocean,NA,Not classified,True,WorldPop Total Population 1km ArcGIS ImageServer,World Bank country income classification mapped to vulnerability weights,Natural Earth country boundaries via datasets/geo-countries,not used for RQ2 exposure rerun
9.75,121.5,4098.937223911285,0.5,PHL,Philippines,UMC,Upper middle income,True,WorldPop Total Population 1km ArcGIS ImageServer,World Bank country income classification mapped to vulnerability weights,Natural Earth country boundaries via datasets/geo-countries,not used for RQ2 exposure rerun
9.75,122.25,186270.33352899534,0.5,PHL,Philippines,UMC,Upper middle income,True,WorldPop Total Population 1km ArcGIS ImageServer,World Bank country income classification mapped to vulnerability weights,Natural Earth country boundaries via datasets/geo-countries,not used for RQ2 exposure rerun
9.75,123.0,999270.0773973513,0.5,PHL,Philippines,UMC,Upper middle income,True,WorldPop Total Population 1km ArcGIS ImageServer,World Bank country income classification mapped to vulnerability weights,Natural Earth country boundaries via datasets/geo-countries,not used for RQ2 exposure rerun
9.75,123.75,944025.9840636242,0.5,PHL,Philippines,UMC,Upper middle income,True,WorldPop Total Population 1km ArcGIS ImageServer,World Bank country income classification mapped to vulnerability weights,Natural Earth country boundaries via datasets/geo-countries,not used for RQ2 exposure rerun
9.75,124.5,568099.6549186702,0.5,PHL,Philippines,UMC,Upper middle income,True,WorldPop Total Population 1km ArcGIS ImageServer,World Bank country income classification mapped to vulnerability weights,Natural Earth country boundaries via datasets/geo-countries,not used for RQ2 exposure rerun
9.75,125.25,386412.29486326827,0.5,PHL,Philippines,UMC,Upper middle income,True,WorldPop Total Population 1km ArcGIS ImageServer,World Bank country income classification mapped to vulnerability weights,Natural Earth country boundaries via datasets/geo-countries,not used for RQ2 exposure rerun
9.75,126.0,148818.60988313652,0.5,PHL,Philippines,UMC,Upper middle income,True,WorldPop Total Population 1km ArcGIS ImageServer,World Bank country income classification mapped to vulnerability weights,Natural Earth country boundaries via datasets/geo-countries,not used for RQ2 exposure rerun
9.75,126.75,0.0,0.5,UNASSIGNED,Unassigned/ocean,NA,Not classified,True,WorldPop Total Population 1km ArcGIS ImageServer,World Bank country income classification mapped to vulnerability weights,Natural Earth country boundaries via datasets/geo-countries,not used for RQ2 exposure rerun
9.75,127.5,0.0,0.5,UNASSIGNED,Unassigned/ocean,NA,Not classified,True,WorldPop Total Population 1km ArcGIS ImageServer,World Bank country income classification mapped to vulnerability weights,Natural Earth country boundaries via datasets/geo-countries,not used for RQ2 exposure rerun
9.75,128.25,0.0,0.5,UNASSIGNED,Unassigned/ocean,NA,Not classified,True,WorldPop Total Population 1km ArcGIS ImageServer,World Bank country income classification mapped to vulnerability weights,Natural Earth country boundaries via datasets/geo-countries,not used for RQ2 exposure rerun
9.75,129.0,0.0,0.5,UNASSIGNED,Unassigned/ocean,NA,Not classified,True,WorldPop Total Population 1km ArcGIS ImageServer,World Bank country income classification mapped to vulnerability weights,Natural Earth country boundaries via datasets/geo-countries,not used for RQ2 exposure rerun
9.75,129.75,0.0,0.5,UNASSIGNED,Unassigned/ocean,NA,Not classified,True,WorldPop Total Population 1km ArcGIS ImageServer,World Bank country income classification mapped to vulnerability weights,Natural Earth country boundaries via datasets/geo-countries,not used for RQ2 exposure rerun
9.75,130.5,0.0,0.5,UNASSIGNED,Unassigned/ocean,NA,Not classified,True,WorldPop Total Population 1km ArcGIS ImageServer,World Bank country income classification mapped to vulnerability weights,Natural Earth country boundaries via datasets/geo-countries,not used for RQ2 exposure rerun
9.75,131.25,0.0,0.5,UNASSIGNED,Unassigned/ocean,NA,Not classified,True,WorldPop Total Population 1km ArcGIS ImageServer,World Bank country income classification mapped to vulnerability weights,Natural Earth country boundaries via datasets/geo-countries,not used for RQ2 exposure rerun
9.75,132.0,0.0,0.5,UNASSIGNED,Unassigned/ocean,NA,Not classified,True,WorldPop Total Population 1km ArcGIS ImageServer,World Bank country income classification mapped to vulnerability weights,Natural Earth country boundaries via datasets/geo-countries,not used for RQ2 exposure rerun
9.75,132.75,0.0,0.5,UNASSIGNED,Unassigned/ocean,NA,Not classified,True,WorldPop Total Population 1km ArcGIS ImageServer,World Bank country income classification mapped to vulnerability weights,Natural Earth country boundaries via datasets/geo-countries,not used for RQ2 exposure rerun
9.75,133.5,0.0,0.5,UNASSIGNED,Unassigned/ocean,NA,Not classified,False,WorldPop Total Population 1km ArcGIS ImageServer,World Bank country income classification mapped to vulnerability weights,Natural Earth country boundaries via datasets/geo-countries,not used for RQ2 exposure rerun
9.75,135.75,0.0,0.5,UNASSIGNED,Unassigned/ocean,NA,Not classified,True,WorldPop Total Population 1km ArcGIS ImageServer,World Bank country income classification mapped to vulnerability weights,Natural Earth country boundaries via datasets/geo-countries,not used for RQ2 exposure rerun
9.75,136.5,0.0,0.5,UNASSIGNED,Unassigned/ocean,NA,Not classified,True,WorldPop Total Population 1km ArcGIS ImageServer,World Bank country income classification mapped to vulnerability weights,Natural Earth country boundaries via datasets/geo-countries,not used for RQ2 exposure rerun
9.75,137.25,0.0,0.5,UNASSIGNED,Unassigned/ocean,NA,Not classified,True,WorldPop Total Population 1km ArcGIS ImageServer,World Bank country income classification mapped to vulnerability weights,Natural Earth country boundaries via datasets/geo-countries,not used for RQ2 exposure rerun
9.75,138.0,7390.9999593794355,0.5,FSM,Federated States of Micronesia,UMC,Upper middle income,True,WorldPop Total Population 1km ArcGIS ImageServer,World Bank country income classification mapped to vulnerability weights,Natural Earth country boundaries via datasets/geo-countries,not used for RQ2 exposure rerun
9.75,138.75,0.0,0.5,UNASSIGNED,Unassigned/ocean,NA,Not classified,True,WorldPop Total Population 1km ArcGIS ImageServer,World Bank country income classification mapped to vulnerability weights,Natural Earth country boundaries via datasets/geo-countries,not used for RQ2 exposure rerun
9.75,139.5,723.7373358756305,0.5,UNASSIGNED,Unassigned/ocean,NA,Not classified,True,WorldPop Total Population 1km ArcGIS ImageServer,World Bank country income classification mapped to vulnerability weights,Natural Earth country boundaries via datasets/geo-countries,not used for RQ2 exposure rerun
9.75,140.25,190.0754911899566,0.5,FSM,Federated States of Micronesia,UMC,Upper middle income,True,WorldPop Total Population 1km ArcGIS ImageServer,World Bank country income classification mapped to vulnerability weights,Natural Earth country boundaries via datasets/geo-countries,not used for RQ2 exposure rerun
9.75,141.0,0.0,0.5,UNASSIGNED,Unassigned/ocean,NA,Not classified,True,WorldPop Total Population 1km ArcGIS ImageServer,World Bank country income classification mapped to vulnerability weights,Natural Earth country boundaries via datasets/geo-countries,not used for RQ2 exposure rerun
9.75,141.75,0.0,0.5,UNASSIGNED,Unassigned/ocean,NA,Not classified,True,WorldPop Total Population 1km ArcGIS ImageServer,World Bank country income classification mapped to vulnerability weights,Natural Earth country boundaries via datasets/geo-countries,not used for RQ2 exposure rerun
10.5,-134.25,0.0,0.5,UNASSIGNED,Unassigned/ocean,NA,Not classified,False,WorldPop Total Population 1km ArcGIS ImageServer,World Bank country income classification mapped to vulnerability weights,Natural Earth country boundaries via datasets/geo-countries,not used for RQ2 exposure rerun
10.5,78.75,3333298.155944814,0.75,IND,India,LMC,Lower middle income,True,WorldPop Total Population 1km ArcGIS ImageServer,World Bank country income classification mapped to vulnerability weights,Natural Earth country boundaries via datasets/geo-countries,not used for RQ2 exposure rerun
10.5,79.5,2681985.930743572,0.75,IND,India,LMC,Lower middle income,True,WorldPop Total Population 1km ArcGIS ImageServer,World Bank country income classification mapped to vulnerability weights,Natural Earth country boundaries via datasets/geo-countries,not used for RQ2 exposure rerun
10.5,80.25,423.7348327636718,0.5,UNASSIGNED,Unassigned/ocean,NA,Not classified,True,WorldPop Total Population 1km ArcGIS ImageServer,World Bank country income classification mapped to vulnerability weights,Natural Earth country boundaries via datasets/geo-countries,not used for RQ2 exposure rerun
10.5,81.0,0.0,0.5,UNASSIGNED,Unassigned/ocean,NA,Not classified,True,WorldPop Total Population 1km ArcGIS ImageServer,World Bank country income classification mapped to vulnerability weights,Natural Earth country boundaries via datasets/geo-countries,not used for RQ2 exposure rerun
10.5,81.75,0.0,0.5,UNASSIGNED,Unassigned/ocean,NA,Not classified,True,WorldPop Total Population 1km ArcGIS ImageServer,World Bank country income classification mapped to vulnerability weights,Natural Earth country boundaries via datasets/geo-countries,not used for RQ2 exposure rerun
10.5,82.5,0.0,0.5,UNASSIGNED,Unassigned/ocean,NA,Not classified,True,WorldPop Total Population 1km ArcGIS ImageServer,World Bank country income classification mapped to vulnerability weights,Natural Earth country boundaries via datasets/geo-countries,not used for RQ2 exposure rerun
10.5,83.25,0.0,0.5,UNASSIGNED,Unassigned/ocean,NA,Not classified,True,WorldPop Total Population 1km ArcGIS ImageServer,World Bank country income classification mapped to vulnerability weights,Natural Earth country boundaries via datasets/geo-countries,not used for RQ2 exposure rerun
10.5,84.0,0.0,0.5,UNASSIGNED,Unassigned/ocean,NA,Not classified,True,WorldPop Total Population 1km ArcGIS ImageServer,World Bank country income classification mapped to vulnerability weights,Natural Earth country boundaries via datasets/geo-countries,not used for RQ2 exposure rerun
10.5,85.5,0.0,0.5,UNASSIGNED,Unassigned/ocean,NA,Not classified,True,WorldPop Total Population 1km ArcGIS ImageServer,World Bank country income classification mapped to vulnerability weights,Natural Earth country boundaries via datasets/geo-countries,not used for RQ2 exposure rerun
10.5,86.25,0.0,0.5,UNASSIGNED,Unassigned/ocean,NA,Not classified,True,WorldPop Total Population 1km ArcGIS ImageServer,World Bank country income classification mapped to vulnerability weights,Natural Earth country boundaries via datasets/geo-countries,not used for RQ2 exposure rerun
10.5,97.5,0.0,0.5,UNASSIGNED,Unassigned/ocean,NA,Not classified,False,WorldPop Total Population 1km ArcGIS ImageServer,World Bank country income classification mapped to vulnerability weights,Natural Earth country boundaries via datasets/geo-countries,not used for RQ2 exposure rerun
10.5,99.75,0.0,0.5,THA,Thailand,UMC,Upper middle income,False,WorldPop Total Population 1km ArcGIS ImageServer,World Bank country income classification mapped to vulnerability weights,Natural Earth country boundaries via datasets/geo-countries,not used for RQ2 exposure rerun
10.5,100.5,0.0,0.5,UNASSIGNED,Unassigned/ocean,NA,Not classified,True,WorldPop Total Population 1km ArcGIS ImageServer,World Bank country income classification mapped to vulnerability weights,Natural Earth country boundaries via datasets/geo-countries,not used for RQ2 exposure rerun
10.5,102.0,0.0,0.5,UNASSIGNED,Unassigned/ocean,NA,Not classified,True,WorldPop Total Population 1km ArcGIS ImageServer,World Bank country income classification mapped to vulnerability weights,Natural Earth country boundaries via datasets/geo-countries,not used for RQ2 exposure rerun
10.5,102.75,17.784060463309288,0.5,UNASSIGNED,Unassigned/ocean,NA,Not classified,True,WorldPop Total Population 1km ArcGIS ImageServer,World Bank country income classification mapped to vulnerability weights,Natural Earth country boundaries via datasets/geo-countries,not used for RQ2 exposure rerun
10.5,103.5,157222.20439391944,0.5,VNM,Vietnam,UMC,Upper middle income,True,WorldPop Total Population 1km ArcGIS ImageServer,World Bank country income classification mapped to vulnerability weights,Natural Earth country boundaries via datasets/geo-countries,not used for RQ2 exposure rerun
10.5,104.25,598377.6521981362,0.5,VNM,Vietnam,UMC,Upper middle income,True,WorldPop Total Population 1km ArcGIS ImageServer,World Bank country income classification mapped to vulnerability weights,Natural Earth country boundaries via datasets/geo-countries,not used for RQ2 exposure rerun
10.5,105.0,2076761.3343396261,0.5,VNM,Vietnam,UMC,Upper middle income,True,WorldPop Total Population 1km ArcGIS ImageServer,World Bank country income classification mapped to vulnerability weights,Natural Earth country boundaries via datasets/geo-countries,not used for RQ2 exposure rerun
10.5,105.75,3353628.2948331833,0.5,VNM,Vietnam,UMC,Upper middle income,True,WorldPop Total Population 1km ArcGIS ImageServer,World Bank country income classification mapped to vulnerability weights,Natural Earth country boundaries via datasets/geo-countries,not used for RQ2 exposure rerun
10.5,106.5,7644272.172983665,0.5,VNM,Vietnam,UMC,Upper middle income,True,WorldPop Total Population 1km ArcGIS ImageServer,World Bank country income classification mapped to vulnerability weights,Natural Earth country boundaries via datasets/geo-countries,not used for RQ2 exposure rerun
10.5,107.25,1276587.579399944,0.5,VNM,Vietnam,UMC,Upper middle income,True,WorldPop Total Population 1km ArcGIS ImageServer,World Bank country income classification mapped to vulnerability weights,Natural Earth country boundaries via datasets/geo-countries,not used for RQ2 exposure rerun
10.5,108.0,193209.23002600682,0.5,VNM,Vietnam,UMC,Upper middle income,True,WorldPop Total Population 1km ArcGIS ImageServer,World Bank country income classification mapped to vulnerability weights,Natural Earth country boundaries via datasets/geo-countries,not used for RQ2 exposure rerun
10.5,108.75,23071.402683258057,0.5,VNM,Vietnam,UMC,Upper middle income,True,WorldPop Total Population 1km ArcGIS ImageServer,World Bank country income classification mapped to vulnerability weights,Natural Earth country boundaries via datasets/geo-countries,not used for RQ2 exposure rerun
10.5,109.5,0.0,0.5,UNASSIGNED,Unassigned/ocean,NA,Not classified,True,WorldPop Total Population 1km ArcGIS ImageServer,World Bank country income classification mapped to vulnerability weights,Natural Earth country boundaries via datasets/geo-countries,not used for RQ2 exposure rerun
10.5,110.25,0.0,0.5,UNASSIGNED,Unassigned/ocean,NA,Not classified,True,WorldPop Total Population 1km ArcGIS ImageServer,World Bank country income classification mapped to vulnerability weights,Natural Earth country boundaries via datasets/geo-countries,not used for RQ2 exposure rerun
10.5,111.0,0.0,0.5,UNASSIGNED,Unassigned/ocean,NA,Not classified,True,WorldPop Total Population 1km ArcGIS ImageServer,World Bank country income classification mapped to vulnerability weights,Natural Earth country boundaries via datasets/geo-countries,not used for RQ2 exposure rerun
10.5,111.75,0.0,0.5,UNASSIGNED,Unassigned/ocean,NA,Not classified,True,WorldPop Total Population 1km ArcGIS ImageServer,World Bank country income classification mapped to vulnerability weights,Natural Earth country boundaries via datasets/geo-countries,not used for RQ2 exposure rerun
10.5,112.5,0.0,0.5,UNASSIGNED,Unassigned/ocean,NA,Not classified,True,WorldPop Total Population 1km ArcGIS ImageServer,World Bank country income classification mapped to vulnerability weights,Natural Earth country boundaries via datasets/geo-countries,not used for RQ2 exposure rerun
10.5,113.25,0.0,0.5,UNASSIGNED,Unassigned/ocean,NA,Not classified,True,WorldPop Total Population 1km ArcGIS ImageServer,World Bank country income classification mapped to vulnerability weights,Natural Earth country boundaries via datasets/geo-countries,not used for RQ2 exposure rerun
10.5,114.0,0.0,0.5,-99,Spratly Islands,NA,Not classified,True,WorldPop Total Population 1km ArcGIS ImageServer,World Bank country income classification mapped to vulnerability weights,Natural Earth country boundaries via datasets/geo-countries,not used for RQ2 exposure rerun
10.5,114.75,0.0,0.5,-99,Spratly Islands,NA,Not classified,True,WorldPop Total Population 1km ArcGIS ImageServer,World Bank country income classification mapped to vulnerability weights,Natural Earth country boundaries via datasets/geo-countries,not used for RQ2 exposure rerun
10.5,115.5,0.0,0.5,-99,Spratly Islands,NA,Not classified,True,WorldPop Total Population 1km ArcGIS ImageServer,World Bank country income classification mapped to vulnerability weights,Natural Earth country boundaries via datasets/geo-countries,not used for RQ2 exposure rerun
10.5,116.25,0.0,0.5,UNASSIGNED,Unassigned/ocean,NA,Not classified,True,WorldPop Total Population 1km ArcGIS ImageServer,World Bank country income classification mapped to vulnerability weights,Natural Earth country boundaries via datasets/geo-countries,not used for RQ2 exposure rerun
10.5,117.0,0.0,0.5,UNASSIGNED,Unassigned/ocean,NA,Not classified,True,WorldPop Total Population 1km ArcGIS ImageServer,World Bank country income classification mapped to vulnerability weights,Natural Earth country boundaries via datasets/geo-countries,not used for RQ2 exposure rerun
10.5,117.75,0.0,0.5,UNASSIGNED,Unassigned/ocean,NA,Not classified,True,WorldPop Total Population 1km ArcGIS ImageServer,World Bank country income classification mapped to vulnerability weights,Natural Earth country boundaries via datasets/geo-countries,not used for RQ2 exposure rerun
10.5,118.5,1263.571056008339,0.5,PHL,Philippines,UMC,Upper middle income,True,WorldPop Total Population 1km ArcGIS ImageServer,World Bank country income classification mapped to vulnerability weights,Natural Earth country boundaries via datasets/geo-countries,not used for RQ2 exposure rerun
10.5,119.25,79607.91791417093,0.5,PHL,Philippines,UMC,Upper middle income,True,WorldPop Total Population 1km ArcGIS ImageServer,World Bank country income classification mapped to vulnerability weights,Natural Earth country boundaries via datasets/geo-countries,not used for RQ2 exposure rerun
10.5,120.0,23843.57288563252,0.5,PHL,Philippines,UMC,Upper middle income,True,WorldPop Total Population 1km ArcGIS ImageServer,World Bank country income classification mapped to vulnerability weights,Natural Earth country boundaries via datasets/geo-countries,not used for RQ2 exposure rerun
10.5,120.75,20233.379836082455,0.5,PHL,Philippines,UMC,Upper middle income,True,WorldPop Total Population 1km ArcGIS ImageServer,World Bank country income classification mapped to vulnerability weights,Natural Earth country boundaries via datasets/geo-countries,not used for RQ2 exposure rerun
10.5,121.5,0.0,0.5,UNASSIGNED,Unassigned/ocean,NA,Not classified,True,WorldPop Total Population 1km ArcGIS ImageServer,World Bank country income classification mapped to vulnerability weights,Natural Earth country boundaries via datasets/geo-countries,not used for RQ2 exposure rerun
10.5,122.25,1180011.7203271382,0.5,PHL,Philippines,UMC,Upper middle income,True,WorldPop Total Population 1km ArcGIS ImageServer,World Bank country income classification mapped to vulnerability weights,Natural Earth country boundaries via datasets/geo-countries,not used for RQ2 exposure rerun
10.5,123.0,1884062.8338698137,0.5,PHL,Philippines,UMC,Upper middle income,True,WorldPop Total Population 1km ArcGIS ImageServer,World Bank country income classification mapped to vulnerability weights,Natural Earth country boundaries via datasets/geo-countries,not used for RQ2 exposure rerun
10.5,123.75,2580520.4052789267,0.5,PHL,Philippines,UMC,Upper middle income,True,WorldPop Total Population 1km ArcGIS ImageServer,World Bank country income classification mapped to vulnerability weights,Natural Earth country boundaries via datasets/geo-countries,not used for RQ2 exposure rerun
10.5,124.5,466157.4299800394,0.5,PHL,Philippines,UMC,Upper middle income,True,WorldPop Total Population 1km ArcGIS ImageServer,World Bank country income classification mapped to vulnerability weights,Natural Earth country boundaries via datasets/geo-countries,not used for RQ2 exposure rerun
10.5,125.25,421395.90384316456,0.5,PHL,Philippines,UMC,Upper middle income,True,WorldPop Total Population 1km ArcGIS ImageServer,World Bank country income classification mapped to vulnerability weights,Natural Earth country boundaries via datasets/geo-countries,not used for RQ2 exposure rerun
10.5,126.0,9219.977768719198,0.5,PHL,Philippines,UMC,Upper middle income,True,WorldPop Total Population 1km ArcGIS ImageServer,World Bank country income classification mapped to vulnerability weights,Natural Earth country boundaries via datasets/geo-countries,not used for RQ2 exposure rerun
10.5,126.75,0.0,0.5,UNASSIGNED,Unassigned/ocean,NA,Not classified,True,WorldPop Total Population 1km ArcGIS ImageServer,World Bank country income classification mapped to vulnerability weights,Natural Earth country boundaries via datasets/geo-countries,not used for RQ2 exposure rerun
10.5,127.5,0.0,0.5,UNASSIGNED,Unassigned/ocean,NA,Not classified,True,WorldPop Total Population 1km ArcGIS ImageServer,World Bank country income classification mapped to vulnerability weights,Natural Earth country boundaries via datasets/geo-countries,not used for RQ2 exposure rerun
10.5,128.25,0.0,0.5,UNASSIGNED,Unassigned/ocean,NA,Not classified,True,WorldPop Total Population 1km ArcGIS ImageServer,World Bank country income classification mapped to vulnerability weights,Natural Earth country boundaries via datasets/geo-countries,not used for RQ2 exposure rerun
10.5,129.0,0.0,0.5,UNASSIGNED,Unassigned/ocean,NA,Not classified,True,WorldPop Total Population 1km ArcGIS ImageServer,World Bank country income classification mapped to vulnerability weights,Natural Earth country boundaries via datasets/geo-countries,not used for RQ2 exposure rerun
10.5,129.75,0.0,0.5,UNASSIGNED,Unassigned/ocean,NA,Not classified,True,WorldPop Total Population 1km ArcGIS ImageServer,World Bank country income classification mapped to vulnerability weights,Natural Earth country boundaries via datasets/geo-countries,not used for RQ2 exposure rerun
10.5,130.5,0.0,0.5,UNASSIGNED,Unassigned/ocean,NA,Not classified,True,WorldPop Total Population 1km ArcGIS ImageServer,World Bank country income classification mapped to vulnerability weights,Natural Earth country boundaries via datasets/geo-countries,not used for RQ2 exposure rerun
10.5,131.25,0.0,0.5,UNASSIGNED,Unassigned/ocean,NA,Not classified,True,WorldPop Total Population 1km ArcGIS ImageServer,World Bank country income classification mapped to vulnerability weights,Natural Earth country boundaries via datasets/geo-countries,not used for RQ2 exposure rerun
10.5,132.0,0.0,0.5,UNASSIGNED,Unassigned/ocean,NA,Not classified,True,WorldPop Total Population 1km ArcGIS ImageServer,World Bank country income classification mapped to vulnerability weights,Natural Earth country boundaries via datasets/geo-countries,not used for RQ2 exposure rerun
10.5,132.75,0.0,0.5,UNASSIGNED,Unassigned/ocean,NA,Not classified,True,WorldPop Total Population 1km ArcGIS ImageServer,World Bank country income classification mapped to vulnerability weights,Natural Earth country boundaries via datasets/geo-countries,not used for RQ2 exposure rerun
10.5,133.5,0.0,0.5,UNASSIGNED,Unassigned/ocean,NA,Not classified,True,WorldPop Total Population 1km ArcGIS ImageServer,World Bank country income classification mapped to vulnerability weights,Natural Earth country boundaries via datasets/geo-countries,not used for RQ2 exposure rerun
10.5,134.25,0.0,0.5,UNASSIGNED,Unassigned/ocean,NA,Not classified,True,WorldPop Total Population 1km ArcGIS ImageServer,World Bank country income classification mapped to vulnerability weights,Natural Earth country boundaries via datasets/geo-countries,not used for RQ2 exposure rerun
10.5,135.0,0.0,0.5,UNASSIGNED,Unassigned/ocean,NA,Not classified,True,WorldPop Total Population 1km ArcGIS ImageServer,World Bank country income classification mapped to vulnerability weights,Natural Earth country boundaries via datasets/geo-countries,not used for RQ2 exposure rerun
10.5,135.75,0.0,0.5,UNASSIGNED,Unassigned/ocean,NA,Not classified,True,WorldPop Total Population 1km ArcGIS ImageServer,World Bank country income classification mapped to vulnerability weights,Natural Earth country boundaries via datasets/geo-countries,not used for RQ2 exposure rerun
10.5,136.5,0.0,0.5,UNASSIGNED,Unassigned/ocean,NA,Not classified,True,WorldPop Total Population 1km ArcGIS ImageServer,World Bank country income classification mapped to vulnerability weights,Natural Earth country boundaries via datasets/geo-countries,not used for RQ2 exposure rerun
10.5,137.25,0.0,0.5,UNASSIGNED,Unassigned/ocean,NA,Not classified,True,WorldPop Total Population 1km ArcGIS ImageServer,World Bank country income classification mapped to vulnerability weights,Natural Earth country boundaries via datasets/geo-countries,not used for RQ2 exposure rerun
10.5,138.0,0.0,0.5,UNASSIGNED,Unassigned/ocean,NA,Not classified,True,WorldPop Total Population 1km ArcGIS ImageServer,World Bank country income classification mapped to vulnerability weights,Natural Earth country boundaries via datasets/geo-countries,not used for RQ2 exposure rerun
10.5,138.75,0.0,0.5,UNASSIGNED,Unassigned/ocean,NA,Not classified,True,WorldPop Total Population 1km ArcGIS ImageServer,World Bank country income classification mapped to vulnerability weights,Natural Earth country boundaries via datasets/geo-countries,not used for RQ2 exposure rerun
10.5,139.5,0.0,0.5,UNASSIGNED,Unassigned/ocean,NA,Not classified,True,WorldPop Total Population 1km ArcGIS ImageServer,World Bank country income classification mapped to vulnerability weights,Natural Earth country boundaries via datasets/geo-countries,not used for RQ2 exposure rerun
10.5,140.25,0.0,0.5,UNASSIGNED,Unassigned/ocean,NA,Not classified,True,WorldPop Total Population 1km ArcGIS ImageServer,World Bank country income classification mapped to vulnerability weights,Natural Earth country boundaries via datasets/geo-countries,not used for RQ2 exposure rerun
10.5,141.0,0.0,0.5,UNASSIGNED,Unassigned/ocean,NA,Not classified,True,WorldPop Total Population 1km ArcGIS ImageServer,World Bank country income classification mapped to vulnerability weights,Natural Earth country boundaries via datasets/geo-countries,not used for RQ2 exposure rerun
10.5,141.75,0.0,0.5,UNASSIGNED,Unassigned/ocean,NA,Not classified,True,WorldPop Total Population 1km ArcGIS ImageServer,World Bank country income classification mapped to vulnerability weights,Natural Earth country boundaries via datasets/geo-countries,not used for RQ2 exposure rerun
11.25,75.75,0.0,0.75,IND,India,LMC,Lower middle income,False,WorldPop Total Population 1km ArcGIS ImageServer,World Bank country income classification mapped to vulnerability weights,Natural Earth country boundaries via datasets/geo-countries,not used for RQ2 exposure rerun
11.25,78.0,3572161.72771454,0.75,IND,India,LMC,Lower middle income,True,WorldPop Total Population 1km ArcGIS ImageServer,World Bank country income classification mapped to vulnerability weights,Natural Earth country boundaries via datasets/geo-countries,not used for RQ2 exposure rerun
11.25,78.75,2139325.2398452833,0.75,IND,India,LMC,Lower middle income,True,WorldPop Total Population 1km ArcGIS ImageServer,World Bank country income classification mapped to vulnerability weights,Natural Earth country boundaries via datasets/geo-countries,not used for RQ2 exposure rerun
11.25,79.5,3961753.2604694297,0.75,IND,India,LMC,Lower middle income,True,WorldPop Total Population 1km ArcGIS ImageServer,World Bank country income classification mapped to vulnerability weights,Natural Earth country boundaries via datasets/geo-countries,not used for RQ2 exposure rerun
11.25,80.25,0.0,0.5,UNASSIGNED,Unassigned/ocean,NA,Not classified,True,WorldPop Total Population 1km ArcGIS ImageServer,World Bank country income classification mapped to vulnerability weights,Natural Earth country boundaries via datasets/geo-countries,not used for RQ2 exposure rerun
11.25,81.0,0.0,0.5,UNASSIGNED,Unassigned/ocean,NA,Not classified,True,WorldPop Total Population 1km ArcGIS ImageServer,World Bank country income classification mapped to vulnerability weights,Natural Earth country boundaries via datasets/geo-countries,not used for RQ2 exposure rerun
11.25,81.75,0.0,0.5,UNASSIGNED,Unassigned/ocean,NA,Not classified,True,WorldPop Total Population 1km ArcGIS ImageServer,World Bank country income classification mapped to vulnerability weights,Natural Earth country boundaries via datasets/geo-countries,not used for RQ2 exposure rerun
11.25,82.5,0.0,0.5,UNASSIGNED,Unassigned/ocean,NA,Not classified,True,WorldPop Total Population 1km ArcGIS ImageServer,World Bank country income classification mapped to vulnerability weights,Natural Earth country boundaries via datasets/geo-countries,not used for RQ2 exposure rerun
11.25,84.0,0.0,0.5,UNASSIGNED,Unassigned/ocean,NA,Not classified,True,WorldPop Total Population 1km ArcGIS ImageServer,World Bank country income classification mapped to vulnerability weights,Natural Earth country boundaries via datasets/geo-countries,not used for RQ2 exposure rerun
11.25,96.75,0.0,0.5,UNASSIGNED,Unassigned/ocean,NA,Not classified,False,WorldPop Total Population 1km ArcGIS ImageServer,World Bank country income classification mapped to vulnerability weights,Natural Earth country boundaries via datasets/geo-countries,not used for RQ2 exposure rerun
11.25,101.25,0.0,0.5,UNASSIGNED,Unassigned/ocean,NA,Not classified,True,WorldPop Total Population 1km ArcGIS ImageServer,World Bank country income classification mapped to vulnerability weights,Natural Earth country boundaries via datasets/geo-countries,not used for RQ2 exposure rerun
11.25,102.0,0.0,0.5,UNASSIGNED,Unassigned/ocean,NA,Not classified,True,WorldPop Total Population 1km ArcGIS ImageServer,World Bank country income classification mapped to vulnerability weights,Natural Earth country boundaries via datasets/geo-countries,not used for RQ2 exposure rerun
11.25,102.75,38807.95477587355,0.75,KHM,Cambodia,LMC,Lower middle income,True,WorldPop Total Population 1km ArcGIS ImageServer,World Bank country income classification mapped to vulnerability weights,Natural Earth country boundaries via datasets/geo-countries,not used for RQ2 exposure rerun
11.25,103.5,71673.97049813719,0.75,KHM,Cambodia,LMC,Lower middle income,True,WorldPop Total Population 1km ArcGIS ImageServer,World Bank country income classification mapped to vulnerability weights,Natural Earth country boundaries via datasets/geo-countries,not used for RQ2 exposure rerun
11.25,104.25,475259.26247456786,0.75,KHM,Cambodia,LMC,Lower middle income,True,WorldPop Total Population 1km ArcGIS ImageServer,World Bank country income classification mapped to vulnerability weights,Natural Earth country boundaries via datasets/geo-countries,not used for RQ2 exposure rerun
11.25,105.0,2881345.228451018,0.75,KHM,Cambodia,LMC,Lower middle income,True,WorldPop Total Population 1km ArcGIS ImageServer,World Bank country income classification mapped to vulnerability weights,Natural Earth country boundaries via datasets/geo-countries,not used for RQ2 exposure rerun
11.25,105.75,1299337.2878866217,0.75,KHM,Cambodia,LMC,Lower middle income,True,WorldPop Total Population 1km ArcGIS ImageServer,World Bank country income classification mapped to vulnerability weights,Natural Earth country boundaries via datasets/geo-countries,not used for RQ2 exposure rerun
11.25,106.5,2608474.586026102,0.5,VNM,Vietnam,UMC,Upper middle income,True,WorldPop Total Population 1km ArcGIS ImageServer,World Bank country income classification mapped to vulnerability weights,Natural Earth country boundaries via datasets/geo-countries,not used for RQ2 exposure rerun
11.25,107.25,1407917.5783503065,0.5,VNM,Vietnam,UMC,Upper middle income,True,WorldPop Total Population 1km ArcGIS ImageServer,World Bank country income classification mapped to vulnerability weights,Natural Earth country boundaries via datasets/geo-countries,not used for RQ2 exposure rerun
11.25,108.0,799849.0708668216,0.5,VNM,Vietnam,UMC,Upper middle income,True,WorldPop Total Population 1km ArcGIS ImageServer,World Bank country income classification mapped to vulnerability weights,Natural Earth country boundaries via datasets/geo-countries,not used for RQ2 exposure rerun
11.25,108.75,533799.3947262153,0.5,VNM,Vietnam,UMC,Upper middle income,True,WorldPop Total Population 1km ArcGIS ImageServer,World Bank country income classification mapped to vulnerability weights,Natural Earth country boundaries via datasets/geo-countries,not used for RQ2 exposure rerun
11.25,109.5,5539.924765586855,0.5,VNM,Vietnam,UMC,Upper middle income,True,WorldPop Total Population 1km ArcGIS ImageServer,World Bank country income classification mapped to vulnerability weights,Natural Earth country boundaries via datasets/geo-countries,not used for RQ2 exposure rerun
11.25,110.25,0.0,0.5,UNASSIGNED,Unassigned/ocean,NA,Not classified,True,WorldPop Total Population 1km ArcGIS ImageServer,World Bank country income classification mapped to vulnerability weights,Natural Earth country boundaries via datasets/geo-countries,not used for RQ2 exposure rerun
11.25,111.0,0.0,0.5,UNASSIGNED,Unassigned/ocean,NA,Not classified,True,WorldPop Total Population 1km ArcGIS ImageServer,World Bank country income classification mapped to vulnerability weights,Natural Earth country boundaries via datasets/geo-countries,not used for RQ2 exposure rerun
11.25,111.75,0.0,0.5,UNASSIGNED,Unassigned/ocean,NA,Not classified,True,WorldPop Total Population 1km ArcGIS ImageServer,World Bank country income classification mapped to vulnerability weights,Natural Earth country boundaries via datasets/geo-countries,not used for RQ2 exposure rerun
11.25,112.5,0.0,0.5,UNASSIGNED,Unassigned/ocean,NA,Not classified,True,WorldPop Total Population 1km ArcGIS ImageServer,World Bank country income classification mapped to vulnerability weights,Natural Earth country boundaries via datasets/geo-countries,not used for RQ2 exposure rerun
11.25,113.25,0.0,0.5,UNASSIGNED,Unassigned/ocean,NA,Not classified,True,WorldPop Total Population 1km ArcGIS ImageServer,World Bank country income classification mapped to vulnerability weights,Natural Earth country boundaries via datasets/geo-countries,not used for RQ2 exposure rerun
11.25,114.0,0.0,0.5,-99,Spratly Islands,NA,Not classified,True,WorldPop Total Population 1km ArcGIS ImageServer,World Bank country income classification mapped to vulnerability weights,Natural Earth country boundaries via datasets/geo-countries,not used for RQ2 exposure rerun
11.25,114.75,0.0,0.5,-99,Spratly Islands,NA,Not classified,True,WorldPop Total Population 1km ArcGIS ImageServer,World Bank country income classification mapped to vulnerability weights,Natural Earth country boundaries via datasets/geo-countries,not used for RQ2 exposure rerun
11.25,115.5,0.0,0.5,UNASSIGNED,Unassigned/ocean,NA,Not classified,True,WorldPop Total Population 1km ArcGIS ImageServer,World Bank country income classification mapped to vulnerability weights,Natural Earth country boundaries via datasets/geo-countries,not used for RQ2 exposure rerun
11.25,116.25,0.0,0.5,UNASSIGNED,Unassigned/ocean,NA,Not classified,True,WorldPop Total Population 1km ArcGIS ImageServer,World Bank country income classification mapped to vulnerability weights,Natural Earth country boundaries via datasets/geo-countries,not used for RQ2 exposure rerun
11.25,117.0,0.0,0.5,UNASSIGNED,Unassigned/ocean,NA,Not classified,True,WorldPop Total Population 1km ArcGIS ImageServer,World Bank country income classification mapped to vulnerability weights,Natural Earth country boundaries via datasets/geo-countries,not used for RQ2 exposure rerun
11.25,117.75,0.0,0.5,UNASSIGNED,Unassigned/ocean,NA,Not classified,True,WorldPop Total Population 1km ArcGIS ImageServer,World Bank country income classification mapped to vulnerability weights,Natural Earth country boundaries via datasets/geo-countries,not used for RQ2 exposure rerun
11.25,118.5,0.0,0.5,UNASSIGNED,Unassigned/ocean,NA,Not classified,True,WorldPop Total Population 1km ArcGIS ImageServer,World Bank country income classification mapped to vulnerability weights,Natural Earth country boundaries via datasets/geo-countries,not used for RQ2 exposure rerun
11.25,119.25,32659.839988850064,0.5,PHL,Philippines,UMC,Upper middle income,True,WorldPop Total Population 1km ArcGIS ImageServer,World Bank country income classification mapped to vulnerability weights,Natural Earth country boundaries via datasets/geo-countries,not used for RQ2 exposure rerun
11.25,120.0,11287.934669744225,0.5,PHL,Philippines,UMC,Upper middle income,True,WorldPop Total Population 1km ArcGIS ImageServer,World Bank country income classification mapped to vulnerability weights,Natural Earth country boundaries via datasets/geo-countries,not used for RQ2 exposure rerun
11.25,120.75,12341.261106610295,0.5,PHL,Philippines,UMC,Upper middle income,True,WorldPop Total Population 1km ArcGIS ImageServer,World Bank country income classification mapped to vulnerability weights,Natural Earth country boundaries via datasets/geo-countries,not used for RQ2 exposure rerun
11.25,121.5,2164.6773798167706,0.5,UNASSIGNED,Unassigned/ocean,NA,Not classified,True,WorldPop Total Population 1km ArcGIS ImageServer,World Bank country income classification mapped to vulnerability weights,Natural Earth country boundaries via datasets/geo-countries,not used for RQ2 exposure rerun
11.25,122.25,793730.8569156526,0.5,PHL,Philippines,UMC,Upper middle income,True,WorldPop Total Population 1km ArcGIS ImageServer,World Bank country income classification mapped to vulnerability weights,Natural Earth country boundaries via datasets/geo-countries,not used for RQ2 exposure rerun
11.25,123.0,1383899.1032352436,0.5,PHL,Philippines,UMC,Upper middle income,True,WorldPop Total Population 1km ArcGIS ImageServer,World Bank country income classification mapped to vulnerability weights,Natural Earth country boundaries via datasets/geo-countries,not used for RQ2 exposure rerun
11.25,123.75,438386.4225192067,0.5,PHL,Philippines,UMC,Upper middle income,True,WorldPop Total Population 1km ArcGIS ImageServer,World Bank country income classification mapped to vulnerability weights,Natural Earth country boundaries via datasets/geo-countries,not used for RQ2 exposure rerun
11.25,124.5,819122.0160511117,0.5,PHL,Philippines,UMC,Upper middle income,True,WorldPop Total Population 1km ArcGIS ImageServer,World Bank country income classification mapped to vulnerability weights,Natural Earth country boundaries via datasets/geo-countries,not used for RQ2 exposure rerun
11.25,125.25,743494.2075569018,0.5,PHL,Philippines,UMC,Upper middle income,True,WorldPop Total Population 1km ArcGIS ImageServer,World Bank country income classification mapped to vulnerability weights,Natural Earth country boundaries via datasets/geo-countries,not used for RQ2 exposure rerun
11.25,126.0,45340.79546332361,0.5,PHL,Philippines,UMC,Upper middle income,True,WorldPop Total Population 1km ArcGIS ImageServer,World Bank country income classification mapped to vulnerability weights,Natural Earth country boundaries via datasets/geo-countries,not used for RQ2 exposure rerun
11.25,126.75,0.0,0.5,UNASSIGNED,Unassigned/ocean,NA,Not classified,True,WorldPop Total Population 1km ArcGIS ImageServer,World Bank country income classification mapped to vulnerability weights,Natural Earth country boundaries via datasets/geo-countries,not used for RQ2 exposure rerun
11.25,127.5,0.0,0.5,UNASSIGNED,Unassigned/ocean,NA,Not classified,True,WorldPop Total Population 1km ArcGIS ImageServer,World Bank country income classification mapped to vulnerability weights,Natural Earth country boundaries via datasets/geo-countries,not used for RQ2 exposure rerun
11.25,128.25,0.0,0.5,UNASSIGNED,Unassigned/ocean,NA,Not classified,True,WorldPop Total Population 1km ArcGIS ImageServer,World Bank country income classification mapped to vulnerability weights,Natural Earth country boundaries via datasets/geo-countries,not used for RQ2 exposure rerun
11.25,129.0,0.0,0.5,UNASSIGNED,Unassigned/ocean,NA,Not classified,True,WorldPop Total Population 1km ArcGIS ImageServer,World Bank country income classification mapped to vulnerability weights,Natural Earth country boundaries via datasets/geo-countries,not used for RQ2 exposure rerun
11.25,129.75,0.0,0.5,UNASSIGNED,Unassigned/ocean,NA,Not classified,True,WorldPop Total Population 1km ArcGIS ImageServer,World Bank country income classification mapped to vulnerability weights,Natural Earth country boundaries via datasets/geo-countries,not used for RQ2 exposure rerun
11.25,130.5,0.0,0.5,UNASSIGNED,Unassigned/ocean,NA,Not classified,True,WorldPop Total Population 1km ArcGIS ImageServer,World Bank country income classification mapped to vulnerability weights,Natural Earth country boundaries via datasets/geo-countries,not used for RQ2 exposure rerun
11.25,131.25,0.0,0.5,UNASSIGNED,Unassigned/ocean,NA,Not classified,True,WorldPop Total Population 1km ArcGIS ImageServer,World Bank country income classification mapped to vulnerability weights,Natural Earth country boundaries via datasets/geo-countries,not used for RQ2 exposure rerun
11.25,132.0,0.0,0.5,UNASSIGNED,Unassigned/ocean,NA,Not classified,True,WorldPop Total Population 1km ArcGIS ImageServer,World Bank country income classification mapped to vulnerability weights,Natural Earth country boundaries via datasets/geo-countries,not used for RQ2 exposure rerun
11.25,132.75,0.0,0.5,UNASSIGNED,Unassigned/ocean,NA,Not classified,True,WorldPop Total Population 1km ArcGIS ImageServer,World Bank country income classification mapped to vulnerability weights,Natural Earth country boundaries via datasets/geo-countries,not used for RQ2 exposure rerun
11.25,133.5,0.0,0.5,UNASSIGNED,Unassigned/ocean,NA,Not classified,True,WorldPop Total Population 1km ArcGIS ImageServer,World Bank country income classification mapped to vulnerability weights,Natural Earth country boundaries via datasets/geo-countries,not used for RQ2 exposure rerun
11.25,134.25,0.0,0.5,UNASSIGNED,Unassigned/ocean,NA,Not classified,True,WorldPop Total Population 1km ArcGIS ImageServer,World Bank country income classification mapped to vulnerability weights,Natural Earth country boundaries via datasets/geo-countries,not used for RQ2 exposure rerun
11.25,135.0,0.0,0.5,UNASSIGNED,Unassigned/ocean,NA,Not classified,True,WorldPop Total Population 1km ArcGIS ImageServer,World Bank country income classification mapped to vulnerability weights,Natural Earth country boundaries via datasets/geo-countries,not used for RQ2 exposure rerun
11.25,135.75,0.0,0.5,UNASSIGNED,Unassigned/ocean,NA,Not classified,True,WorldPop Total Population 1km ArcGIS ImageServer,World Bank country income classification mapped to vulnerability weights,Natural Earth country boundaries via datasets/geo-countries,not used for RQ2 exposure rerun
11.25,136.5,0.0,0.5,UNASSIGNED,Unassigned/ocean,NA,Not classified,True,WorldPop Total Population 1km ArcGIS ImageServer,World Bank country income classification mapped to vulnerability weights,Natural Earth country boundaries via datasets/geo-countries,not used for RQ2 exposure rerun
11.25,137.25,0.0,0.5,UNASSIGNED,Unassigned/ocean,NA,Not classified,True,WorldPop Total Population 1km ArcGIS ImageServer,World Bank country income classification mapped to vulnerability weights,Natural Earth country boundaries via datasets/geo-countries,not used for RQ2 exposure rerun
11.25,138.0,0.0,0.5,UNASSIGNED,Unassigned/ocean,NA,Not classified,True,WorldPop Total Population 1km ArcGIS ImageServer,World Bank country income classification mapped to vulnerability weights,Natural Earth country boundaries via datasets/geo-countries,not used for RQ2 exposure rerun
11.25,138.75,0.0,0.5,UNASSIGNED,Unassigned/ocean,NA,Not classified,True,WorldPop Total Population 1km ArcGIS ImageServer,World Bank country income classification mapped to vulnerability weights,Natural Earth country boundaries via datasets/geo-countries,not used for RQ2 exposure rerun
11.25,139.5,0.0,0.5,UNASSIGNED,Unassigned/ocean,NA,Not classified,True,WorldPop Total Population 1km ArcGIS ImageServer,World Bank country income classification mapped to vulnerability weights,Natural Earth country boundaries via datasets/geo-countries,not used for RQ2 exposure rerun
11.25,140.25,0.0,0.5,UNASSIGNED,Unassigned/ocean,NA,Not classified,True,WorldPop Total Population 1km ArcGIS ImageServer,World Bank country income classification mapped to vulnerability weights,Natural Earth country boundaries via datasets/geo-countries,not used for RQ2 exposure rerun
11.25,141.0,0.0,0.5,UNASSIGNED,Unassigned/ocean,NA,Not classified,True,WorldPop Total Population 1km ArcGIS ImageServer,World Bank country income classification mapped to vulnerability weights,Natural Earth country boundaries via datasets/geo-countries,not used for RQ2 exposure rerun
11.25,141.75,0.0,0.5,UNASSIGNED,Unassigned/ocean,NA,Not classified,True,WorldPop Total Population 1km ArcGIS ImageServer,World Bank country income classification mapped to vulnerability weights,Natural Earth country boundaries via datasets/geo-countries,not used for RQ2 exposure rerun
12.0,-129.75,0.0,0.5,UNASSIGNED,Unassigned/ocean,NA,Not classified,True,WorldPop Total Population 1km ArcGIS ImageServer,World Bank country income classification mapped to vulnerability weights,Natural Earth country boundaries via datasets/geo-countries,not used for RQ2 exposure rerun
12.0,78.75,2077988.6619386682,0.75,IND,India,LMC,Lower middle income,True,WorldPop Total Population 1km ArcGIS ImageServer,World Bank country income classification mapped to vulnerability weights,Natural Earth country boundaries via datasets/geo-countries,not used for RQ2 exposure rerun
12.0,79.5,3733324.2762675197,0.75,IND,India,LMC,Lower middle income,True,WorldPop Total Population 1km ArcGIS ImageServer,World Bank country income classification mapped to vulnerability weights,Natural Earth country boundaries via datasets/geo-countries,not used for RQ2 exposure rerun
12.0,80.25,120496.33550477031,0.75,IND,India,LMC,Lower middle income,True,WorldPop Total Population 1km ArcGIS ImageServer,World Bank country income classification mapped to vulnerability weights,Natural Earth country boundaries via datasets/geo-countries,not used for RQ2 exposure rerun
12.0,81.0,0.0,0.5,UNASSIGNED,Unassigned/ocean,NA,Not classified,True,WorldPop Total Population 1km ArcGIS ImageServer,World Bank country income classification mapped to vulnerability weights,Natural Earth country boundaries via datasets/geo-countries,not used for RQ2 exposure rerun
12.0,81.75,0.0,0.5,UNASSIGNED,Unassigned/ocean,NA,Not classified,True,WorldPop Total Population 1km ArcGIS ImageServer,World Bank country income classification mapped to vulnerability weights,Natural Earth country boundaries via datasets/geo-countries,not used for RQ2 exposure rerun
12.0,82.5,0.0,0.5,UNASSIGNED,Unassigned/ocean,NA,Not classified,True,WorldPop Total Population 1km ArcGIS ImageServer,World Bank country income classification mapped to vulnerability weights,Natural Earth country boundaries via datasets/geo-countries,not used for RQ2 exposure rerun
12.0,83.25,0.0,0.5,UNASSIGNED,Unassigned/ocean,NA,Not classified,True,WorldPop Total Population 1km ArcGIS ImageServer,World Bank country income classification mapped to vulnerability weights,Natural Earth country boundaries via datasets/geo-countries,not used for RQ2 exposure rerun
12.0,84.75,0.0,0.5,UNASSIGNED,Unassigned/ocean,NA,Not classified,True,WorldPop Total Population 1km ArcGIS ImageServer,World Bank country income classification mapped to vulnerability weights,Natural Earth country boundaries via datasets/geo-countries,not used for RQ2 exposure rerun
12.0,102.0,19478.1002494991,0.5,THA,Thailand,UMC,Upper middle income,True,WorldPop Total Population 1km ArcGIS ImageServer,World Bank country income classification mapped to vulnerability weights,Natural Earth country boundaries via datasets/geo-countries,not used for RQ2 exposure rerun
12.0,102.75,145914.93389397094,0.75,KHM,Cambodia,LMC,Lower middle income,True,WorldPop Total Population 1km ArcGIS ImageServer,World Bank country income classification mapped to vulnerability weights,Natural Earth country boundaries via datasets/geo-countries,not used for RQ2 exposure rerun
12.0,104.25,219697.76592051974,0.75,KHM,Cambodia,LMC,Lower middle income,True,WorldPop Total Population 1km ArcGIS ImageServer,World Bank country income classification mapped to vulnerability weights,Natural Earth country boundaries via datasets/geo-countries,not used for RQ2 exposure rerun
12.0,105.0,1423863.8712688736,0.75,KHM,Cambodia,LMC,Lower middle income,True,WorldPop Total Population 1km ArcGIS ImageServer,World Bank country income classification mapped to vulnerability weights,Natural Earth country boundaries via datasets/geo-countries,not used for RQ2 exposure rerun
12.0,105.75,1098440.4726424252,0.75,KHM,Cambodia,LMC,Lower middle income,True,WorldPop Total Population 1km ArcGIS ImageServer,World Bank country income classification mapped to vulnerability weights,Natural Earth country boundaries via datasets/geo-countries,not used for RQ2 exposure rerun
12.0,106.5,383104.6653189057,0.75,KHM,Cambodia,LMC,Lower middle income,True,WorldPop Total Population 1km ArcGIS ImageServer,World Bank country income classification mapped to vulnerability weights,Natural Earth country boundaries via datasets/geo-countries,not used for RQ2 exposure rerun
12.0,107.25,343748.4866865283,0.5,VNM,Vietnam,UMC,Upper middle income,True,WorldPop Total Population 1km ArcGIS ImageServer,World Bank country income classification mapped to vulnerability weights,Natural Earth country boundaries via datasets/geo-countries,not used for RQ2 exposure rerun
12.0,108.75,714090.6289520267,0.5,VNM,Vietnam,UMC,Upper middle income,True,WorldPop Total Population 1km ArcGIS ImageServer,World Bank country income classification mapped to vulnerability weights,Natural Earth country boundaries via datasets/geo-countries,not used for RQ2 exposure rerun
12.0,109.5,513445.6996601212,0.5,VNM,Vietnam,UMC,Upper middle income,True,WorldPop Total Population 1km ArcGIS ImageServer,World Bank country income classification mapped to vulnerability weights,Natural Earth country boundaries via datasets/geo-countries,not used for RQ2 exposure rerun
12.0,110.25,0.0,0.5,UNASSIGNED,Unassigned/ocean,NA,Not classified,True,WorldPop Total Population 1km ArcGIS ImageServer,World Bank country income classification mapped to vulnerability weights,Natural Earth country boundaries via datasets/geo-countries,not used for RQ2 exposure rerun
12.0,111.0,0.0,0.5,UNASSIGNED,Unassigned/ocean,NA,Not classified,True,WorldPop Total Population 1km ArcGIS ImageServer,World Bank country income classification mapped to vulnerability weights,Natural Earth country boundaries via datasets/geo-countries,not used for RQ2 exposure rerun
12.0,111.75,0.0,0.5,UNASSIGNED,Unassigned/ocean,NA,Not classified,True,WorldPop Total Population 1km ArcGIS ImageServer,World Bank country income classification mapped to vulnerability weights,Natural Earth country boundaries via datasets/geo-countries,not used for RQ2 exposure rerun
12.0,112.5,0.0,0.5,UNASSIGNED,Unassigned/ocean,NA,Not classified,True,WorldPop Total Population 1km ArcGIS ImageServer,World Bank country income classification mapped to vulnerability weights,Natural Earth country boundaries via datasets/geo-countries,not used for RQ2 exposure rerun
12.0,113.25,0.0,0.5,UNASSIGNED,Unassigned/ocean,NA,Not classified,True,WorldPop Total Population 1km ArcGIS ImageServer,World Bank country income classification mapped to vulnerability weights,Natural Earth country boundaries via datasets/geo-countries,not used for RQ2 exposure rerun
12.0,114.0,0.0,0.5,UNASSIGNED,Unassigned/ocean,NA,Not classified,True,WorldPop Total Population 1km ArcGIS ImageServer,World Bank country income classification mapped to vulnerability weights,Natural Earth country boundaries via datasets/geo-countries,not used for RQ2 exposure rerun
12.0,114.75,0.0,0.5,UNASSIGNED,Unassigned/ocean,NA,Not classified,True,WorldPop Total Population 1km ArcGIS ImageServer,World Bank country income classification mapped to vulnerability weights,Natural Earth country boundaries via datasets/geo-countries,not used for RQ2 exposure rerun
12.0,115.5,0.0,0.5,UNASSIGNED,Unassigned/ocean,NA,Not classified,True,WorldPop Total Population 1km ArcGIS ImageServer,World Bank country income classification mapped to vulnerability weights,Natural Earth country boundaries via datasets/geo-countries,not used for RQ2 exposure rerun
12.0,116.25,0.0,0.5,UNASSIGNED,Unassigned/ocean,NA,Not classified,True,WorldPop Total Population 1km ArcGIS ImageServer,World Bank country income classification mapped to vulnerability weights,Natural Earth country boundaries via datasets/geo-countries,not used for RQ2 exposure rerun
12.0,117.0,0.0,0.5,UNASSIGNED,Unassigned/ocean,NA,Not classified,True,WorldPop Total Population 1km ArcGIS ImageServer,World Bank country income classification mapped to vulnerability weights,Natural Earth country boundaries via datasets/geo-countries,not used for RQ2 exposure rerun
12.0,117.75,0.0,0.5,UNASSIGNED,Unassigned/ocean,NA,Not classified,True,WorldPop Total Population 1km ArcGIS ImageServer,World Bank country income classification mapped to vulnerability weights,Natural Earth country boundaries via datasets/geo-countries,not used for RQ2 exposure rerun
12.0,118.5,0.0,0.5,UNASSIGNED,Unassigned/ocean,NA,Not classified,True,WorldPop Total Population 1km ArcGIS ImageServer,World Bank country income classification mapped to vulnerability weights,Natural Earth country boundaries via datasets/geo-countries,not used for RQ2 exposure rerun
12.0,119.25,0.0,0.5,UNASSIGNED,Unassigned/ocean,NA,Not classified,True,WorldPop Total Population 1km ArcGIS ImageServer,World Bank country income classification mapped to vulnerability weights,Natural Earth country boundaries via datasets/geo-countries,not used for RQ2 exposure rerun
12.0,120.0,60902.83435200899,0.5,PHL,Philippines,UMC,Upper middle income,True,WorldPop Total Population 1km ArcGIS ImageServer,World Bank country income classification mapped to vulnerability weights,Natural Earth country boundaries via datasets/geo-countries,not used for RQ2 exposure rerun
12.0,120.75,58112.45338621734,0.5,PHL,Philippines,UMC,Upper middle income,True,WorldPop Total Population 1km ArcGIS ImageServer,World Bank country income classification mapped to vulnerability weights,Natural Earth country boundaries via datasets/geo-countries,not used for RQ2 exposure rerun
12.0,121.5,57853.968602702065,0.5,PHL,Philippines,UMC,Upper middle income,True,WorldPop Total Population 1km ArcGIS ImageServer,World Bank country income classification mapped to vulnerability weights,Natural Earth country boundaries via datasets/geo-countries,not used for RQ2 exposure rerun
12.0,122.25,413076.3658707145,0.5,PHL,Philippines,UMC,Upper middle income,True,WorldPop Total Population 1km ArcGIS ImageServer,World Bank country income classification mapped to vulnerability weights,Natural Earth country boundaries via datasets/geo-countries,not used for RQ2 exposure rerun
12.0,123.0,66997.90908867121,0.5,PHL,Philippines,UMC,Upper middle income,True,WorldPop Total Population 1km ArcGIS ImageServer,World Bank country income classification mapped to vulnerability weights,Natural Earth country boundaries via datasets/geo-countries,not used for RQ2 exposure rerun
12.0,123.75,380503.7603207823,0.5,PHL,Philippines,UMC,Upper middle income,True,WorldPop Total Population 1km ArcGIS ImageServer,World Bank country income classification mapped to vulnerability weights,Natural Earth country boundaries via datasets/geo-countries,not used for RQ2 exposure rerun
12.0,124.5,381625.6447634103,0.5,PHL,Philippines,UMC,Upper middle income,True,WorldPop Total Population 1km ArcGIS ImageServer,World Bank country income classification mapped to vulnerability weights,Natural Earth country boundaries via datasets/geo-countries,not used for RQ2 exposure rerun
12.0,125.25,394198.3352659208,0.5,PHL,Philippines,UMC,Upper middle income,True,WorldPop Total Population 1km ArcGIS ImageServer,World Bank country income classification mapped to vulnerability weights,Natural Earth country boundaries via datasets/geo-countries,not used for RQ2 exposure rerun
12.0,126.0,0.0,0.5,UNASSIGNED,Unassigned/ocean,NA,Not classified,True,WorldPop Total Population 1km ArcGIS ImageServer,World Bank country income classification mapped to vulnerability weights,Natural Earth country boundaries via datasets/geo-countries,not used for RQ2 exposure rerun
12.0,126.75,0.0,0.5,UNASSIGNED,Unassigned/ocean,NA,Not classified,True,WorldPop Total Population 1km ArcGIS ImageServer,World Bank country income classification mapped to vulnerability weights,Natural Earth country boundaries via datasets/geo-countries,not used for RQ2 exposure rerun
12.0,127.5,0.0,0.5,UNASSIGNED,Unassigned/ocean,NA,Not classified,True,WorldPop Total Population 1km ArcGIS ImageServer,World Bank country income classification mapped to vulnerability weights,Natural Earth country boundaries via datasets/geo-countries,not used for RQ2 exposure rerun
12.0,128.25,0.0,0.5,UNASSIGNED,Unassigned/ocean,NA,Not classified,True,WorldPop Total Population 1km ArcGIS ImageServer,World Bank country income classification mapped to vulnerability weights,Natural Earth country boundaries via datasets/geo-countries,not used for RQ2 exposure rerun
12.0,129.0,0.0,0.5,UNASSIGNED,Unassigned/ocean,NA,Not classified,True,WorldPop Total Population 1km ArcGIS ImageServer,World Bank country income classification mapped to vulnerability weights,Natural Earth country boundaries via datasets/geo-countries,not used for RQ2 exposure rerun
12.0,129.75,0.0,0.5,UNASSIGNED,Unassigned/ocean,NA,Not classified,True,WorldPop Total Population 1km ArcGIS ImageServer,World Bank country income classification mapped to vulnerability weights,Natural Earth country boundaries via datasets/geo-countries,not used for RQ2 exposure rerun
12.0,130.5,0.0,0.5,UNASSIGNED,Unassigned/ocean,NA,Not classified,True,WorldPop Total Population 1km ArcGIS ImageServer,World Bank country income classification mapped to vulnerability weights,Natural Earth country boundaries via datasets/geo-countries,not used for RQ2 exposure rerun
12.0,131.25,0.0,0.5,UNASSIGNED,Unassigned/ocean,NA,Not classified,True,WorldPop Total Population 1km ArcGIS ImageServer,World Bank country income classification mapped to vulnerability weights,Natural Earth country boundaries via datasets/geo-countries,not used for RQ2 exposure rerun
12.0,132.0,0.0,0.5,UNASSIGNED,Unassigned/ocean,NA,Not classified,True,WorldPop Total Population 1km ArcGIS ImageServer,World Bank country income classification mapped to vulnerability weights,Natural Earth country boundaries via datasets/geo-countries,not used for RQ2 exposure rerun
12.0,132.75,0.0,0.5,UNASSIGNED,Unassigned/ocean,NA,Not classified,True,WorldPop Total Population 1km ArcGIS ImageServer,World Bank country income classification mapped to vulnerability weights,Natural Earth country boundaries via datasets/geo-countries,not used for RQ2 exposure rerun
12.0,133.5,0.0,0.5,UNASSIGNED,Unassigned/ocean,NA,Not classified,True,WorldPop Total Population 1km ArcGIS ImageServer,World Bank country income classification mapped to vulnerability weights,Natural Earth country boundaries via datasets/geo-countries,not used for RQ2 exposure rerun
12.0,134.25,0.0,0.5,UNASSIGNED,Unassigned/ocean,NA,Not classified,True,WorldPop Total Population 1km ArcGIS ImageServer,World Bank country income classification mapped to vulnerability weights,Natural Earth country boundaries via datasets/geo-countries,not used for RQ2 exposure rerun
12.0,135.0,0.0,0.5,UNASSIGNED,Unassigned/ocean,NA,Not classified,True,WorldPop Total Population 1km ArcGIS ImageServer,World Bank country income classification mapped to vulnerability weights,Natural Earth country boundaries via datasets/geo-countries,not used for RQ2 exposure rerun
12.0,135.75,0.0,0.5,UNASSIGNED,Unassigned/ocean,NA,Not classified,True,WorldPop Total Population 1km ArcGIS ImageServer,World Bank country income classification mapped to vulnerability weights,Natural Earth country boundaries via datasets/geo-countries,not used for RQ2 exposure rerun
12.0,136.5,0.0,0.5,UNASSIGNED,Unassigned/ocean,NA,Not classified,True,WorldPop Total Population 1km ArcGIS ImageServer,World Bank country income classification mapped to vulnerability weights,Natural Earth country boundaries via datasets/geo-countries,not used for RQ2 exposure rerun
12.0,137.25,0.0,0.5,UNASSIGNED,Unassigned/ocean,NA,Not classified,True,WorldPop Total Population 1km ArcGIS ImageServer,World Bank country income classification mapped to vulnerability weights,Natural Earth country boundaries via datasets/geo-countries,not used for RQ2 exposure rerun
12.0,138.0,0.0,0.5,UNASSIGNED,Unassigned/ocean,NA,Not classified,True,WorldPop Total Population 1km ArcGIS ImageServer,World Bank country income classification mapped to vulnerability weights,Natural Earth country boundaries via datasets/geo-countries,not used for RQ2 exposure rerun
12.0,138.75,0.0,0.5,UNASSIGNED,Unassigned/ocean,NA,Not classified,True,WorldPop Total Population 1km ArcGIS ImageServer,World Bank country income classification mapped to vulnerability weights,Natural Earth country boundaries via datasets/geo-countries,not used for RQ2 exposure rerun
12.0,139.5,0.0,0.5,UNASSIGNED,Unassigned/ocean,NA,Not classified,True,WorldPop Total Population 1km ArcGIS ImageServer,World Bank country income classification mapped to vulnerability weights,Natural Earth country boundaries via datasets/geo-countries,not used for RQ2 exposure rerun
12.0,140.25,0.0,0.5,UNASSIGNED,Unassigned/ocean,NA,Not classified,True,WorldPop Total Population 1km ArcGIS ImageServer,World Bank country income classification mapped to vulnerability weights,Natural Earth country boundaries via datasets/geo-countries,not used for RQ2 exposure rerun
12.0,141.0,0.0,0.5,UNASSIGNED,Unassigned/ocean,NA,Not classified,True,WorldPop Total Population 1km ArcGIS ImageServer,World Bank country income classification mapped to vulnerability weights,Natural Earth country boundaries via datasets/geo-countries,not used for RQ2 exposure rerun
12.75,-136.5,0.0,0.5,UNASSIGNED,Unassigned/ocean,NA,Not classified,False,WorldPop Total Population 1km ArcGIS ImageServer,World Bank country income classification mapped to vulnerability weights,Natural Earth country boundaries via datasets/geo-countries,not used for RQ2 exposure rerun
12.75,-134.25,0.0,0.5,UNASSIGNED,Unassigned/ocean,NA,Not classified,False,WorldPop Total Population 1km ArcGIS ImageServer,World Bank country income classification mapped to vulnerability weights,Natural Earth country boundaries via datasets/geo-countries,not used for RQ2 exposure rerun
12.75,-132.75,0.0,0.5,UNASSIGNED,Unassigned/ocean,NA,Not classified,False,WorldPop Total Population 1km ArcGIS ImageServer,World Bank country income classification mapped to vulnerability weights,Natural Earth country boundaries via datasets/geo-countries,not used for RQ2 exposure rerun
12.75,-131.25,0.0,0.5,UNASSIGNED,Unassigned/ocean,NA,Not classified,False,WorldPop Total Population 1km ArcGIS ImageServer,World Bank country income classification mapped to vulnerability weights,Natural Earth country boundaries via datasets/geo-countries,not used for RQ2 exposure rerun
12.75,-129.75,0.0,0.5,UNASSIGNED,Unassigned/ocean,NA,Not classified,True,WorldPop Total Population 1km ArcGIS ImageServer,World Bank country income classification mapped to vulnerability weights,Natural Earth country boundaries via datasets/geo-countries,not used for RQ2 exposure rerun
12.75,-129.0,0.0,0.5,UNASSIGNED,Unassigned/ocean,NA,Not classified,True,WorldPop Total Population 1km ArcGIS ImageServer,World Bank country income classification mapped to vulnerability weights,Natural Earth country boundaries via datasets/geo-countries,not used for RQ2 exposure rerun
12.75,-126.75,0.0,0.5,UNASSIGNED,Unassigned/ocean,NA,Not classified,True,WorldPop Total Population 1km ArcGIS ImageServer,World Bank country income classification mapped to vulnerability weights,Natural Earth country boundaries via datasets/geo-countries,not used for RQ2 exposure rerun
12.75,-126.0,0.0,0.5,UNASSIGNED,Unassigned/ocean,NA,Not classified,True,WorldPop Total Population 1km ArcGIS ImageServer,World Bank country income classification mapped to vulnerability weights,Natural Earth country boundaries via datasets/geo-countries,not used for RQ2 exposure rerun
12.75,-125.25,0.0,0.5,UNASSIGNED,Unassigned/ocean,NA,Not classified,True,WorldPop Total Population 1km ArcGIS ImageServer,World Bank country income classification mapped to vulnerability weights,Natural Earth country boundaries via datasets/geo-countries,not used for RQ2 exposure rerun
12.75,-124.5,0.0,0.5,UNASSIGNED,Unassigned/ocean,NA,Not classified,True,WorldPop Total Population 1km ArcGIS ImageServer,World Bank country income classification mapped to vulnerability weights,Natural Earth country boundaries via datasets/geo-countries,not used for RQ2 exposure rerun
12.75,-123.75,0.0,0.5,UNASSIGNED,Unassigned/ocean,NA,Not classified,True,WorldPop Total Population 1km ArcGIS ImageServer,World Bank country income classification mapped to vulnerability weights,Natural Earth country boundaries via datasets/geo-countries,not used for RQ2 exposure rerun
12.75,-123.0,0.0,0.5,UNASSIGNED,Unassigned/ocean,NA,Not classified,True,WorldPop Total Population 1km ArcGIS ImageServer,World Bank country income classification mapped to vulnerability weights,Natural Earth country boundaries via datasets/geo-countries,not used for RQ2 exposure rerun
12.75,-122.25,0.0,0.5,UNASSIGNED,Unassigned/ocean,NA,Not classified,True,WorldPop Total Population 1km ArcGIS ImageServer,World Bank country income classification mapped to vulnerability weights,Natural Earth country boundaries via datasets/geo-countries,not used for RQ2 exposure rerun
12.75,-121.5,0.0,0.5,UNASSIGNED,Unassigned/ocean,NA,Not classified,True,WorldPop Total Population 1km ArcGIS ImageServer,World Bank country income classification mapped to vulnerability weights,Natural Earth country boundaries via datasets/geo-countries,not used for RQ2 exposure rerun
12.75,-120.75,0.0,0.5,UNASSIGNED,Unassigned/ocean,NA,Not classified,True,WorldPop Total Population 1km ArcGIS ImageServer,World Bank country income classification mapped to vulnerability weights,Natural Earth country boundaries via datasets/geo-countries,not used for RQ2 exposure rerun
12.75,-120.0,0.0,0.5,UNASSIGNED,Unassigned/ocean,NA,Not classified,True,WorldPop Total Population 1km ArcGIS ImageServer,World Bank country income classification mapped to vulnerability weights,Natural Earth country boundaries via datasets/geo-countries,not used for RQ2 exposure rerun
12.75,-119.25,0.0,0.5,UNASSIGNED,Unassigned/ocean,NA,Not classified,True,WorldPop Total Population 1km ArcGIS ImageServer,World Bank country income classification mapped to vulnerability weights,Natural Earth country boundaries via datasets/geo-countries,not used for RQ2 exposure rerun
12.75,-118.5,0.0,0.5,UNASSIGNED,Unassigned/ocean,NA,Not classified,True,WorldPop Total Population 1km ArcGIS ImageServer,World Bank country income classification mapped to vulnerability weights,Natural Earth country boundaries via datasets/geo-countries,not used for RQ2 exposure rerun
12.75,-81.75,56725.010716319084,0.5,COL,Colombia,UMC,Upper middle income,True,WorldPop Total Population 1km ArcGIS ImageServer,World Bank country income classification mapped to vulnerability weights,Natural Earth country boundaries via datasets/geo-countries,not used for RQ2 exposure rerun
12.75,75.0,0.0,0.75,IND,India,LMC,Lower middle income,False,WorldPop Total Population 1km ArcGIS ImageServer,World Bank country income classification mapped to vulnerability weights,Natural Earth country boundaries via datasets/geo-countries,not used for RQ2 exposure rerun
12.75,78.75,2652803.017311108,0.75,IND,India,LMC,Lower middle income,True,WorldPop Total Population 1km ArcGIS ImageServer,World Bank country income classification mapped to vulnerability weights,Natural Earth country boundaries via datasets/geo-countries,not used for RQ2 exposure rerun
12.75,79.5,3168801.349143978,0.75,IND,India,LMC,Lower middle income,True,WorldPop Total Population 1km ArcGIS ImageServer,World Bank country income classification mapped to vulnerability weights,Natural Earth country boundaries via datasets/geo-countries,not used for RQ2 exposure rerun
12.75,80.25,7172207.041092156,0.75,IND,India,LMC,Lower middle income,True,WorldPop Total Population 1km ArcGIS ImageServer,World Bank country income classification mapped to vulnerability weights,Natural Earth country boundaries via datasets/geo-countries,not used for RQ2 exposure rerun
12.75,81.0,0.0,0.5,UNASSIGNED,Unassigned/ocean,NA,Not classified,True,WorldPop Total Population 1km ArcGIS ImageServer,World Bank country income classification mapped to vulnerability weights,Natural Earth country boundaries via datasets/geo-countries,not used for RQ2 exposure rerun
12.75,81.75,0.0,0.5,UNASSIGNED,Unassigned/ocean,NA,Not classified,True,WorldPop Total Population 1km ArcGIS ImageServer,World Bank country income classification mapped to vulnerability weights,Natural Earth country boundaries via datasets/geo-countries,not used for RQ2 exposure rerun
12.75,82.5,0.0,0.5,UNASSIGNED,Unassigned/ocean,NA,Not classified,True,WorldPop Total Population 1km ArcGIS ImageServer,World Bank country income classification mapped to vulnerability weights,Natural Earth country boundaries via datasets/geo-countries,not used for RQ2 exposure rerun
12.75,83.25,0.0,0.5,UNASSIGNED,Unassigned/ocean,NA,Not classified,True,WorldPop Total Population 1km ArcGIS ImageServer,World Bank country income classification mapped to vulnerability weights,Natural Earth country boundaries via datasets/geo-countries,not used for RQ2 exposure rerun
12.75,84.0,0.0,0.5,UNASSIGNED,Unassigned/ocean,NA,Not classified,True,WorldPop Total Population 1km ArcGIS ImageServer,World Bank country income classification mapped to vulnerability weights,Natural Earth country boundaries via datasets/geo-countries,not used for RQ2 exposure rerun
12.75,84.75,0.0,0.5,UNASSIGNED,Unassigned/ocean,NA,Not classified,True,WorldPop Total Population 1km ArcGIS ImageServer,World Bank country income classification mapped to vulnerability weights,Natural Earth country boundaries via datasets/geo-countries,not used for RQ2 exposure rerun
12.75,101.25,0.0,0.5,THA,Thailand,UMC,Upper middle income,False,WorldPop Total Population 1km ArcGIS ImageServer,World Bank country income classification mapped to vulnerability weights,Natural Earth country boundaries via datasets/geo-countries,not used for RQ2 exposure rerun
12.75,103.5,560920.5211076725,0.75,KHM,Cambodia,LMC,Lower middle income,True,WorldPop Total Population 1km ArcGIS ImageServer,World Bank country income classification mapped to vulnerability weights,Natural Earth country boundaries via datasets/geo-countries,not used for RQ2 exposure rerun
12.75,104.25,337358.76962016436,0.75,KHM,Cambodia,LMC,Lower middle income,True,WorldPop Total Population 1km ArcGIS ImageServer,World Bank country income classification mapped to vulnerability weights,Natural Earth country boundaries via datasets/geo-countries,not used for RQ2 exposure rerun
12.75,105.0,428787.6740962274,0.75,KHM,Cambodia,LMC,Lower middle income,True,WorldPop Total Population 1km ArcGIS ImageServer,World Bank country income classification mapped to vulnerability weights,Natural Earth country boundaries via datasets/geo-countries,not used for RQ2 exposure rerun
12.75,105.75,135782.16536954054,0.75,KHM,Cambodia,LMC,Lower middle income,True,WorldPop Total Population 1km ArcGIS ImageServer,World Bank country income classification mapped to vulnerability weights,Natural Earth country boundaries via datasets/geo-countries,not used for RQ2 exposure rerun
12.75,106.5,38087.36228774488,0.75,KHM,Cambodia,LMC,Lower middle income,True,WorldPop Total Population 1km ArcGIS ImageServer,World Bank country income classification mapped to vulnerability weights,Natural Earth country boundaries via datasets/geo-countries,not used for RQ2 exposure rerun
12.75,107.25,55647.913723483565,0.75,KHM,Cambodia,LMC,Lower middle income,True,WorldPop Total Population 1km ArcGIS ImageServer,World Bank country income classification mapped to vulnerability weights,Natural Earth country boundaries via datasets/geo-countries,not used for RQ2 exposure rerun
12.75,108.0,1123860.3989009878,0.5,VNM,Vietnam,UMC,Upper middle income,True,WorldPop Total Population 1km ArcGIS ImageServer,World Bank country income classification mapped to vulnerability weights,Natural Earth country boundaries via datasets/geo-countries,not used for RQ2 exposure rerun
12.75,108.75,535404.0687308351,0.5,VNM,Vietnam,UMC,Upper middle income,True,WorldPop Total Population 1km ArcGIS ImageServer,World Bank country income classification mapped to vulnerability weights,Natural Earth country boundaries via datasets/geo-countries,not used for RQ2 exposure rerun
12.75,109.5,600852.6022927172,0.5,VNM,Vietnam,UMC,Upper middle income,True,WorldPop Total Population 1km ArcGIS ImageServer,World Bank country income classification mapped to vulnerability weights,Natural Earth country boundaries via datasets/geo-countries,not used for RQ2 exposure rerun
12.75,110.25,0.0,0.5,UNASSIGNED,Unassigned/ocean,NA,Not classified,True,WorldPop Total Population 1km ArcGIS ImageServer,World Bank country income classification mapped to vulnerability weights,Natural Earth country boundaries via datasets/geo-countries,not used for RQ2 exposure rerun
12.75,111.0,0.0,0.5,UNASSIGNED,Unassigned/ocean,NA,Not classified,True,WorldPop Total Population 1km ArcGIS ImageServer,World Bank country income classification mapped to vulnerability weights,Natural Earth country boundaries via datasets/geo-countries,not used for RQ2 exposure rerun
12.75,111.75,0.0,0.5,UNASSIGNED,Unassigned/ocean,NA,Not classified,True,WorldPop Total Population 1km ArcGIS ImageServer,World Bank country income classification mapped to vulnerability weights,Natural Earth country boundaries via datasets/geo-countries,not used for RQ2 exposure rerun
12.75,112.5,0.0,0.5,UNASSIGNED,Unassigned/ocean,NA,Not classified,True,WorldPop Total Population 1km ArcGIS ImageServer,World Bank country income classification mapped to vulnerability weights,Natural Earth country boundaries via datasets/geo-countries,not used for RQ2 exposure rerun
12.75,113.25,0.0,0.5,UNASSIGNED,Unassigned/ocean,NA,Not classified,True,WorldPop Total Population 1km ArcGIS ImageServer,World Bank country income classification mapped to vulnerability weights,Natural Earth country boundaries via datasets/geo-countries,not used for RQ2 exposure rerun
12.75,114.0,0.0,0.5,UNASSIGNED,Unassigned/ocean,NA,Not classified,True,WorldPop Total Population 1km ArcGIS ImageServer,World Bank country income classification mapped to vulnerability weights,Natural Earth country boundaries via datasets/geo-countries,not used for RQ2 exposure rerun
12.75,114.75,0.0,0.5,UNASSIGNED,Unassigned/ocean,NA,Not classified,True,WorldPop Total Population 1km ArcGIS ImageServer,World Bank country income classification mapped to vulnerability weights,Natural Earth country boundaries via datasets/geo-countries,not used for RQ2 exposure rerun
12.75,115.5,0.0,0.5,UNASSIGNED,Unassigned/ocean,NA,Not classified,True,WorldPop Total Population 1km ArcGIS ImageServer,World Bank country income classification mapped to vulnerability weights,Natural Earth country boundaries via datasets/geo-countries,not used for RQ2 exposure rerun
12.75,116.25,0.0,0.5,UNASSIGNED,Unassigned/ocean,NA,Not classified,True,WorldPop Total Population 1km ArcGIS ImageServer,World Bank country income classification mapped to vulnerability weights,Natural Earth country boundaries via datasets/geo-countries,not used for RQ2 exposure rerun
12.75,117.0,0.0,0.5,UNASSIGNED,Unassigned/ocean,NA,Not classified,True,WorldPop Total Population 1km ArcGIS ImageServer,World Bank country income classification mapped to vulnerability weights,Natural Earth country boundaries via datasets/geo-countries,not used for RQ2 exposure rerun
12.75,117.75,0.0,0.5,UNASSIGNED,Unassigned/ocean,NA,Not classified,True,WorldPop Total Population 1km ArcGIS ImageServer,World Bank country income classification mapped to vulnerability weights,Natural Earth country boundaries via datasets/geo-countries,not used for RQ2 exposure rerun
12.75,118.5,0.0,0.5,UNASSIGNED,Unassigned/ocean,NA,Not classified,True,WorldPop Total Population 1km ArcGIS ImageServer,World Bank country income classification mapped to vulnerability weights,Natural Earth country boundaries via datasets/geo-countries,not used for RQ2 exposure rerun
12.75,119.25,0.0,0.5,UNASSIGNED,Unassigned/ocean,NA,Not classified,True,WorldPop Total Population 1km ArcGIS ImageServer,World Bank country income classification mapped to vulnerability weights,Natural Earth country boundaries via datasets/geo-countries,not used for RQ2 exposure rerun
12.75,120.0,120.8392303287983,0.5,UNASSIGNED,Unassigned/ocean,NA,Not classified,True,WorldPop Total Population 1km ArcGIS ImageServer,World Bank country income classification mapped to vulnerability weights,Natural Earth country boundaries via datasets/geo-countries,not used for RQ2 exposure rerun
12.75,120.75,155989.23523372412,0.5,PHL,Philippines,UMC,Upper middle income,True,WorldPop Total Population 1km ArcGIS ImageServer,World Bank country income classification mapped to vulnerability weights,Natural Earth country boundaries via datasets/geo-countries,not used for RQ2 exposure rerun
12.75,121.5,336613.65442067303,0.5,PHL,Philippines,UMC,Upper middle income,True,WorldPop Total Population 1km ArcGIS ImageServer,World Bank country income classification mapped to vulnerability weights,Natural Earth country boundaries via datasets/geo-countries,not used for RQ2 exposure rerun
12.75,122.25,162682.04276120677,0.5,PHL,Philippines,UMC,Upper middle income,True,WorldPop Total Population 1km ArcGIS ImageServer,World Bank country income classification mapped to vulnerability weights,Natural Earth country boundaries via datasets/geo-countries,not used for RQ2 exposure rerun
12.75,123.0,108871.28404927255,0.5,PHL,Philippines,UMC,Upper middle income,True,WorldPop Total Population 1km ArcGIS ImageServer,World Bank country income classification mapped to vulnerability weights,Natural Earth country boundaries via datasets/geo-countries,not used for RQ2 exposure rerun
12.75,123.75,880127.8442848915,0.5,PHL,Philippines,UMC,Upper middle income,True,WorldPop Total Population 1km ArcGIS ImageServer,World Bank country income classification mapped to vulnerability weights,Natural Earth country boundaries via datasets/geo-countries,not used for RQ2 exposure rerun
12.75,124.5,290668.02230286645,0.5,PHL,Philippines,UMC,Upper middle income,True,WorldPop Total Population 1km ArcGIS ImageServer,World Bank country income classification mapped to vulnerability weights,Natural Earth country boundaries via datasets/geo-countries,not used for RQ2 exposure rerun
12.75,125.25,152624.07811319805,0.5,PHL,Philippines,UMC,Upper middle income,True,WorldPop Total Population 1km ArcGIS ImageServer,World Bank country income classification mapped to vulnerability weights,Natural Earth country boundaries via datasets/geo-countries,not used for RQ2 exposure rerun
12.75,126.0,0.0,0.5,UNASSIGNED,Unassigned/ocean,NA,Not classified,True,WorldPop Total Population 1km ArcGIS ImageServer,World Bank country income classification mapped to vulnerability weights,Natural Earth country boundaries via datasets/geo-countries,not used for RQ2 exposure rerun
12.75,126.75,0.0,0.5,UNASSIGNED,Unassigned/ocean,NA,Not classified,True,WorldPop Total Population 1km ArcGIS ImageServer,World Bank country income classification mapped to vulnerability weights,Natural Earth country boundaries via datasets/geo-countries,not used for RQ2 exposure rerun
12.75,127.5,0.0,0.5,UNASSIGNED,Unassigned/ocean,NA,Not classified,True,WorldPop Total Population 1km ArcGIS ImageServer,World Bank country income classification mapped to vulnerability weights,Natural Earth country boundaries via datasets/geo-countries,not used for RQ2 exposure rerun
12.75,128.25,0.0,0.5,UNASSIGNED,Unassigned/ocean,NA,Not classified,True,WorldPop Total Population 1km ArcGIS ImageServer,World Bank country income classification mapped to vulnerability weights,Natural Earth country boundaries via datasets/geo-countries,not used for RQ2 exposure rerun
12.75,129.0,0.0,0.5,UNASSIGNED,Unassigned/ocean,NA,Not classified,True,WorldPop Total Population 1km ArcGIS ImageServer,World Bank country income classification mapped to vulnerability weights,Natural Earth country boundaries via datasets/geo-countries,not used for RQ2 exposure rerun
12.75,129.75,0.0,0.5,UNASSIGNED,Unassigned/ocean,NA,Not classified,True,WorldPop Total Population 1km ArcGIS ImageServer,World Bank country income classification mapped to vulnerability weights,Natural Earth country boundaries via datasets/geo-countries,not used for RQ2 exposure rerun
12.75,130.5,0.0,0.5,UNASSIGNED,Unassigned/ocean,NA,Not classified,True,WorldPop Total Population 1km ArcGIS ImageServer,World Bank country income classification mapped to vulnerability weights,Natural Earth country boundaries via datasets/geo-countries,not used for RQ2 exposure rerun
12.75,131.25,0.0,0.5,UNASSIGNED,Unassigned/ocean,NA,Not classified,True,WorldPop Total Population 1km ArcGIS ImageServer,World Bank country income classification mapped to vulnerability weights,Natural Earth country boundaries via datasets/geo-countries,not used for RQ2 exposure rerun
12.75,132.0,0.0,0.5,UNASSIGNED,Unassigned/ocean,NA,Not classified,True,WorldPop Total Population 1km ArcGIS ImageServer,World Bank country income classification mapped to vulnerability weights,Natural Earth country boundaries via datasets/geo-countries,not used for RQ2 exposure rerun
12.75,132.75,0.0,0.5,UNASSIGNED,Unassigned/ocean,NA,Not classified,True,WorldPop Total Population 1km ArcGIS ImageServer,World Bank country income classification mapped to vulnerability weights,Natural Earth country boundaries via datasets/geo-countries,not used for RQ2 exposure rerun
12.75,133.5,0.0,0.5,UNASSIGNED,Unassigned/ocean,NA,Not classified,True,WorldPop Total Population 1km ArcGIS ImageServer,World Bank country income classification mapped to vulnerability weights,Natural Earth country boundaries via datasets/geo-countries,not used for RQ2 exposure rerun
12.75,134.25,0.0,0.5,UNASSIGNED,Unassigned/ocean,NA,Not classified,True,WorldPop Total Population 1km ArcGIS ImageServer,World Bank country income classification mapped to vulnerability weights,Natural Earth country boundaries via datasets/geo-countries,not used for RQ2 exposure rerun
12.75,135.0,0.0,0.5,UNASSIGNED,Unassigned/ocean,NA,Not classified,True,WorldPop Total Population 1km ArcGIS ImageServer,World Bank country income classification mapped to vulnerability weights,Natural Earth country boundaries via datasets/geo-countries,not used for RQ2 exposure rerun
12.75,135.75,0.0,0.5,UNASSIGNED,Unassigned/ocean,NA,Not classified,True,WorldPop Total Population 1km ArcGIS ImageServer,World Bank country income classification mapped to vulnerability weights,Natural Earth country boundaries via datasets/geo-countries,not used for RQ2 exposure rerun
12.75,136.5,0.0,0.5,UNASSIGNED,Unassigned/ocean,NA,Not classified,True,WorldPop Total Population 1km ArcGIS ImageServer,World Bank country income classification mapped to vulnerability weights,Natural Earth country boundaries via datasets/geo-countries,not used for RQ2 exposure rerun
12.75,137.25,0.0,0.5,UNASSIGNED,Unassigned/ocean,NA,Not classified,True,WorldPop Total Population 1km ArcGIS ImageServer,World Bank country income classification mapped to vulnerability weights,Natural Earth country boundaries via datasets/geo-countries,not used for RQ2 exposure rerun
12.75,138.0,0.0,0.5,UNASSIGNED,Unassigned/ocean,NA,Not classified,True,WorldPop Total Population 1km ArcGIS ImageServer,World Bank country income classification mapped to vulnerability weights,Natural Earth country boundaries via datasets/geo-countries,not used for RQ2 exposure rerun
12.75,138.75,0.0,0.5,UNASSIGNED,Unassigned/ocean,NA,Not classified,True,WorldPop Total Population 1km ArcGIS ImageServer,World Bank country income classification mapped to vulnerability weights,Natural Earth country boundaries via datasets/geo-countries,not used for RQ2 exposure rerun
12.75,139.5,0.0,0.5,UNASSIGNED,Unassigned/ocean,NA,Not classified,True,WorldPop Total Population 1km ArcGIS ImageServer,World Bank country income classification mapped to vulnerability weights,Natural Earth country boundaries via datasets/geo-countries,not used for RQ2 exposure rerun
12.75,140.25,0.0,0.5,UNASSIGNED,Unassigned/ocean,NA,Not classified,True,WorldPop Total Population 1km ArcGIS ImageServer,World Bank country income classification mapped to vulnerability weights,Natural Earth country boundaries via datasets/geo-countries,not used for RQ2 exposure rerun
13.5,-136.5,0.0,0.5,UNASSIGNED,Unassigned/ocean,NA,Not classified,False,WorldPop Total Population 1km ArcGIS ImageServer,World Bank country income classification mapped to vulnerability weights,Natural Earth country boundaries via datasets/geo-countries,not used for RQ2 exposure rerun
13.5,-135.0,0.0,0.5,UNASSIGNED,Unassigned/ocean,NA,Not classified,False,WorldPop Total Population 1km ArcGIS ImageServer,World Bank country income classification mapped to vulnerability weights,Natural Earth country boundaries via datasets/geo-countries,not used for RQ2 exposure rerun
13.5,-134.25,0.0,0.5,UNASSIGNED,Unassigned/ocean,NA,Not classified,False,WorldPop Total Population 1km ArcGIS ImageServer,World Bank country income classification mapped to vulnerability weights,Natural Earth country boundaries via datasets/geo-countries,not used for RQ2 exposure rerun
13.5,-133.5,0.0,0.5,UNASSIGNED,Unassigned/ocean,NA,Not classified,False,WorldPop Total Population 1km ArcGIS ImageServer,World Bank country income classification mapped to vulnerability weights,Natural Earth country boundaries via datasets/geo-countries,not used for RQ2 exposure rerun
13.5,-132.75,0.0,0.5,UNASSIGNED,Unassigned/ocean,NA,Not classified,True,WorldPop Total Population 1km ArcGIS ImageServer,World Bank country income classification mapped to vulnerability weights,Natural Earth country boundaries via datasets/geo-countries,not used for RQ2 exposure rerun
13.5,-132.0,0.0,0.5,UNASSIGNED,Unassigned/ocean,NA,Not classified,False,WorldPop Total Population 1km ArcGIS ImageServer,World Bank country income classification mapped to vulnerability weights,Natural Earth country boundaries via datasets/geo-countries,not used for RQ2 exposure rerun
13.5,-131.25,0.0,0.5,UNASSIGNED,Unassigned/ocean,NA,Not classified,True,WorldPop Total Population 1km ArcGIS ImageServer,World Bank country income classification mapped to vulnerability weights,Natural Earth country boundaries via datasets/geo-countries,not used for RQ2 exposure rerun
13.5,-130.5,0.0,0.5,UNASSIGNED,Unassigned/ocean,NA,Not classified,True,WorldPop Total Population 1km ArcGIS ImageServer,World Bank country income classification mapped to vulnerability weights,Natural Earth country boundaries via datasets/geo-countries,not used for RQ2 exposure rerun
13.5,-129.75,0.0,0.5,UNASSIGNED,Unassigned/ocean,NA,Not classified,True,WorldPop Total Population 1km ArcGIS ImageServer,World Bank country income classification mapped to vulnerability weights,Natural Earth country boundaries via datasets/geo-countries,not used for RQ2 exposure rerun
13.5,-129.0,0.0,0.5,UNASSIGNED,Unassigned/ocean,NA,Not classified,True,WorldPop Total Population 1km ArcGIS ImageServer,World Bank country income classification mapped to vulnerability weights,Natural Earth country boundaries via datasets/geo-countries,not used for RQ2 exposure rerun
13.5,-128.25,0.0,0.5,UNASSIGNED,Unassigned/ocean,NA,Not classified,True,WorldPop Total Population 1km ArcGIS ImageServer,World Bank country income classification mapped to vulnerability weights,Natural Earth country boundaries via datasets/geo-countries,not used for RQ2 exposure rerun
13.5,-127.5,0.0,0.5,UNASSIGNED,Unassigned/ocean,NA,Not classified,True,WorldPop Total Population 1km ArcGIS ImageServer,World Bank country income classification mapped to vulnerability weights,Natural Earth country boundaries via datasets/geo-countries,not used for RQ2 exposure rerun
13.5,-126.75,0.0,0.5,UNASSIGNED,Unassigned/ocean,NA,Not classified,True,WorldPop Total Population 1km ArcGIS ImageServer,World Bank country income classification mapped to vulnerability weights,Natural Earth country boundaries via datasets/geo-countries,not used for RQ2 exposure rerun
13.5,-126.0,0.0,0.5,UNASSIGNED,Unassigned/ocean,NA,Not classified,True,WorldPop Total Population 1km ArcGIS ImageServer,World Bank country income classification mapped to vulnerability weights,Natural Earth country boundaries via datasets/geo-countries,not used for RQ2 exposure rerun
13.5,-125.25,0.0,0.5,UNASSIGNED,Unassigned/ocean,NA,Not classified,True,WorldPop Total Population 1km ArcGIS ImageServer,World Bank country income classification mapped to vulnerability weights,Natural Earth country boundaries via datasets/geo-countries,not used for RQ2 exposure rerun
13.5,-124.5,0.0,0.5,UNASSIGNED,Unassigned/ocean,NA,Not classified,True,WorldPop Total Population 1km ArcGIS ImageServer,World Bank country income classification mapped to vulnerability weights,Natural Earth country boundaries via datasets/geo-countries,not used for RQ2 exposure rerun
13.5,-123.75,0.0,0.5,UNASSIGNED,Unassigned/ocean,NA,Not classified,True,WorldPop Total Population 1km ArcGIS ImageServer,World Bank country income classification mapped to vulnerability weights,Natural Earth country boundaries via datasets/geo-countries,not used for RQ2 exposure rerun
13.5,-123.0,0.0,0.5,UNASSIGNED,Unassigned/ocean,NA,Not classified,True,WorldPop Total Population 1km ArcGIS ImageServer,World Bank country income classification mapped to vulnerability weights,Natural Earth country boundaries via datasets/geo-countries,not used for RQ2 exposure rerun
13.5,-122.25,0.0,0.5,UNASSIGNED,Unassigned/ocean,NA,Not classified,True,WorldPop Total Population 1km ArcGIS ImageServer,World Bank country income classification mapped to vulnerability weights,Natural Earth country boundaries via datasets/geo-countries,not used for RQ2 exposure rerun
13.5,-121.5,0.0,0.5,UNASSIGNED,Unassigned/ocean,NA,Not classified,True,WorldPop Total Population 1km ArcGIS ImageServer,World Bank country income classification mapped to vulnerability weights,Natural Earth country boundaries via datasets/geo-countries,not used for RQ2 exposure rerun
13.5,-120.75,0.0,0.5,UNASSIGNED,Unassigned/ocean,NA,Not classified,True,WorldPop Total Population 1km ArcGIS ImageServer,World Bank country income classification mapped to vulnerability weights,Natural Earth country boundaries via datasets/geo-countries,not used for RQ2 exposure rerun
13.5,-120.0,0.0,0.5,UNASSIGNED,Unassigned/ocean,NA,Not classified,True,WorldPop Total Population 1km ArcGIS ImageServer,World Bank country income classification mapped to vulnerability weights,Natural Earth country boundaries via datasets/geo-countries,not used for RQ2 exposure rerun
13.5,-119.25,0.0,0.5,UNASSIGNED,Unassigned/ocean,NA,Not classified,True,WorldPop Total Population 1km ArcGIS ImageServer,World Bank country income classification mapped to vulnerability weights,Natural Earth country boundaries via datasets/geo-countries,not used for RQ2 exposure rerun
13.5,-118.5,0.0,0.5,UNASSIGNED,Unassigned/ocean,NA,Not classified,True,WorldPop Total Population 1km ArcGIS ImageServer,World Bank country income classification mapped to vulnerability weights,Natural Earth country boundaries via datasets/geo-countries,not used for RQ2 exposure rerun
13.5,-117.75,0.0,0.5,UNASSIGNED,Unassigned/ocean,NA,Not classified,True,WorldPop Total Population 1km ArcGIS ImageServer,World Bank country income classification mapped to vulnerability weights,Natural Earth country boundaries via datasets/geo-countries,not used for RQ2 exposure rerun
13.5,-84.0,13395.597432423374,0.75,NIC,Nicaragua,LMC,Lower middle income,True,WorldPop Total Population 1km ArcGIS ImageServer,World Bank country income classification mapped to vulnerability weights,Natural Earth country boundaries via datasets/geo-countries,not used for RQ2 exposure rerun
13.5,-82.5,0.0,0.5,UNASSIGNED,Unassigned/ocean,NA,Not classified,True,WorldPop Total Population 1km ArcGIS ImageServer,World Bank country income classification mapped to vulnerability weights,Natural Earth country boundaries via datasets/geo-countries,not used for RQ2 exposure rerun
13.5,-81.75,1969.078449249268,0.5,COL,Colombia,UMC,Upper middle income,True,WorldPop Total Population 1km ArcGIS ImageServer,World Bank country income classification mapped to vulnerability weights,Natural Earth country boundaries via datasets/geo-countries,not used for RQ2 exposure rerun
13.5,-81.0,2470.1548976898202,0.5,COL,Colombia,UMC,Upper middle income,True,WorldPop Total Population 1km ArcGIS ImageServer,World Bank country income classification mapped to vulnerability weights,Natural Earth country boundaries via datasets/geo-countries,not used for RQ2 exposure rerun
13.5,-79.5,0.0,0.5,UNASSIGNED,Unassigned/ocean,NA,Not classified,True,WorldPop Total Population 1km ArcGIS ImageServer,World Bank country income classification mapped to vulnerability weights,Natural Earth country boundaries via datasets/geo-countries,not used for RQ2 exposure rerun
13.5,-76.5,0.0,0.5,UNASSIGNED,Unassigned/ocean,NA,Not classified,True,WorldPop Total Population 1km ArcGIS ImageServer,World Bank country income classification mapped to vulnerability weights,Natural Earth country boundaries via datasets/geo-countries,not used for RQ2 exposure rerun
13.5,77.25,2505226.177198405,0.75,IND,India,LMC,Lower middle income,True,WorldPop Total Population 1km ArcGIS ImageServer,World Bank country income classification mapped to vulnerability weights,Natural Earth country boundaries via datasets/geo-countries,not used for RQ2 exposure rerun
13.5,79.5,1907745.9678072978,0.75,IND,India,LMC,Lower middle income,True,WorldPop Total Population 1km ArcGIS ImageServer,World Bank country income classification mapped to vulnerability weights,Natural Earth country boundaries via datasets/geo-countries,not used for RQ2 exposure rerun
13.5,80.25,1795047.626672508,0.75,IND,India,LMC,Lower middle income,True,WorldPop Total Population 1km ArcGIS ImageServer,World Bank country income classification mapped to vulnerability weights,Natural Earth country boundaries via datasets/geo-countries,not used for RQ2 exposure rerun
13.5,81.0,0.0,0.5,UNASSIGNED,Unassigned/ocean,NA,Not classified,True,WorldPop Total Population 1km ArcGIS ImageServer,World Bank country income classification mapped to vulnerability weights,Natural Earth country boundaries via datasets/geo-countries,not used for RQ2 exposure rerun
13.5,81.75,0.0,0.5,UNASSIGNED,Unassigned/ocean,NA,Not classified,True,WorldPop Total Population 1km ArcGIS ImageServer,World Bank country income classification mapped to vulnerability weights,Natural Earth country boundaries via datasets/geo-countries,not used for RQ2 exposure rerun
13.5,82.5,0.0,0.5,UNASSIGNED,Unassigned/ocean,NA,Not classified,True,WorldPop Total Population 1km ArcGIS ImageServer,World Bank country income classification mapped to vulnerability weights,Natural Earth country boundaries via datasets/geo-countries,not used for RQ2 exposure rerun
13.5,83.25,0.0,0.5,UNASSIGNED,Unassigned/ocean,NA,Not classified,True,WorldPop Total Population 1km ArcGIS ImageServer,World Bank country income classification mapped to vulnerability weights,Natural Earth country boundaries via datasets/geo-countries,not used for RQ2 exposure rerun
13.5,84.0,0.0,0.5,UNASSIGNED,Unassigned/ocean,NA,Not classified,True,WorldPop Total Population 1km ArcGIS ImageServer,World Bank country income classification mapped to vulnerability weights,Natural Earth country boundaries via datasets/geo-countries,not used for RQ2 exposure rerun
13.5,84.75,0.0,0.5,UNASSIGNED,Unassigned/ocean,NA,Not classified,True,WorldPop Total Population 1km ArcGIS ImageServer,World Bank country income classification mapped to vulnerability weights,Natural Earth country boundaries via datasets/geo-countries,not used for RQ2 exposure rerun
13.5,102.0,419272.32207381853,0.5,THA,Thailand,UMC,Upper middle income,True,WorldPop Total Population 1km ArcGIS ImageServer,World Bank country income classification mapped to vulnerability weights,Natural Earth country boundaries via datasets/geo-countries,not used for RQ2 exposure rerun
13.5,102.75,692044.2720308293,0.75,KHM,Cambodia,LMC,Lower middle income,True,WorldPop Total Population 1km ArcGIS ImageServer,World Bank country income classification mapped to vulnerability weights,Natural Earth country boundaries via datasets/geo-countries,not used for RQ2 exposure rerun
13.5,104.25,301531.67771160544,0.75,KHM,Cambodia,LMC,Lower middle income,True,WorldPop Total Population 1km ArcGIS ImageServer,World Bank country income classification mapped to vulnerability weights,Natural Earth country boundaries via datasets/geo-countries,not used for RQ2 exposure rerun
13.5,105.0,107613.80109697585,0.75,KHM,Cambodia,LMC,Lower middle income,True,WorldPop Total Population 1km ArcGIS ImageServer,World Bank country income classification mapped to vulnerability weights,Natural Earth country boundaries via datasets/geo-countries,not used for RQ2 exposure rerun
13.5,105.75,68284.61176767954,0.75,KHM,Cambodia,LMC,Lower middle income,True,WorldPop Total Population 1km ArcGIS ImageServer,World Bank country income classification mapped to vulnerability weights,Natural Earth country boundaries via datasets/geo-countries,not used for RQ2 exposure rerun
13.5,106.5,21506.54618488259,0.75,KHM,Cambodia,LMC,Lower middle income,True,WorldPop Total Population 1km ArcGIS ImageServer,World Bank country income classification mapped to vulnerability weights,Natural Earth country boundaries via datasets/geo-countries,not used for RQ2 exposure rerun
13.5,107.25,98529.70903646946,0.75,KHM,Cambodia,LMC,Lower middle income,True,WorldPop Total Population 1km ArcGIS ImageServer,World Bank country income classification mapped to vulnerability weights,Natural Earth country boundaries via datasets/geo-countries,not used for RQ2 exposure rerun
13.5,108.0,422016.67276525433,0.5,VNM,Vietnam,UMC,Upper middle income,True,WorldPop Total Population 1km ArcGIS ImageServer,World Bank country income classification mapped to vulnerability weights,Natural Earth country boundaries via datasets/geo-countries,not used for RQ2 exposure rerun
13.5,108.75,342110.8873734475,0.5,VNM,Vietnam,UMC,Upper middle income,True,WorldPop Total Population 1km ArcGIS ImageServer,World Bank country income classification mapped to vulnerability weights,Natural Earth country boundaries via datasets/geo-countries,not used for RQ2 exposure rerun
13.5,109.5,603962.6346164935,0.5,VNM,Vietnam,UMC,Upper middle income,True,WorldPop Total Population 1km ArcGIS ImageServer,World Bank country income classification mapped to vulnerability weights,Natural Earth country boundaries via datasets/geo-countries,not used for RQ2 exposure rerun
13.5,110.25,0.0,0.5,UNASSIGNED,Unassigned/ocean,NA,Not classified,True,WorldPop Total Population 1km ArcGIS ImageServer,World Bank country income classification mapped to vulnerability weights,Natural Earth country boundaries via datasets/geo-countries,not used for RQ2 exposure rerun
13.5,111.0,0.0,0.5,UNASSIGNED,Unassigned/ocean,NA,Not classified,True,WorldPop Total Population 1km ArcGIS ImageServer,World Bank country income classification mapped to vulnerability weights,Natural Earth country boundaries via datasets/geo-countries,not used for RQ2 exposure rerun
13.5,111.75,0.0,0.5,UNASSIGNED,Unassigned/ocean,NA,Not classified,True,WorldPop Total Population 1km ArcGIS ImageServer,World Bank country income classification mapped to vulnerability weights,Natural Earth country boundaries via datasets/geo-countries,not used for RQ2 exposure rerun
13.5,112.5,0.0,0.5,UNASSIGNED,Unassigned/ocean,NA,Not classified,True,WorldPop Total Population 1km ArcGIS ImageServer,World Bank country income classification mapped to vulnerability weights,Natural Earth country boundaries via datasets/geo-countries,not used for RQ2 exposure rerun
13.5,113.25,0.0,0.5,UNASSIGNED,Unassigned/ocean,NA,Not classified,True,WorldPop Total Population 1km ArcGIS ImageServer,World Bank country income classification mapped to vulnerability weights,Natural Earth country boundaries via datasets/geo-countries,not used for RQ2 exposure rerun
13.5,114.0,0.0,0.5,UNASSIGNED,Unassigned/ocean,NA,Not classified,True,WorldPop Total Population 1km ArcGIS ImageServer,World Bank country income classification mapped to vulnerability weights,Natural Earth country boundaries via datasets/geo-countries,not used for RQ2 exposure rerun
13.5,114.75,0.0,0.5,UNASSIGNED,Unassigned/ocean,NA,Not classified,True,WorldPop Total Population 1km ArcGIS ImageServer,World Bank country income classification mapped to vulnerability weights,Natural Earth country boundaries via datasets/geo-countries,not used for RQ2 exposure rerun
13.5,115.5,0.0,0.5,UNASSIGNED,Unassigned/ocean,NA,Not classified,True,WorldPop Total Population 1km ArcGIS ImageServer,World Bank country income classification mapped to vulnerability weights,Natural Earth country boundaries via datasets/geo-countries,not used for RQ2 exposure rerun
13.5,116.25,0.0,0.5,UNASSIGNED,Unassigned/ocean,NA,Not classified,True,WorldPop Total Population 1km ArcGIS ImageServer,World Bank country income classification mapped to vulnerability weights,Natural Earth country boundaries via datasets/geo-countries,not used for RQ2 exposure rerun
13.5,117.0,0.0,0.5,UNASSIGNED,Unassigned/ocean,NA,Not classified,True,WorldPop Total Population 1km ArcGIS ImageServer,World Bank country income classification mapped to vulnerability weights,Natural Earth country boundaries via datasets/geo-countries,not used for RQ2 exposure rerun
13.5,117.75,0.0,0.5,UNASSIGNED,Unassigned/ocean,NA,Not classified,True,WorldPop Total Population 1km ArcGIS ImageServer,World Bank country income classification mapped to vulnerability weights,Natural Earth country boundaries via datasets/geo-countries,not used for RQ2 exposure rerun
13.5,118.5,0.0,0.5,UNASSIGNED,Unassigned/ocean,NA,Not classified,True,WorldPop Total Population 1km ArcGIS ImageServer,World Bank country income classification mapped to vulnerability weights,Natural Earth country boundaries via datasets/geo-countries,not used for RQ2 exposure rerun
13.5,119.25,0.0,0.5,UNASSIGNED,Unassigned/ocean,NA,Not classified,True,WorldPop Total Population 1km ArcGIS ImageServer,World Bank country income classification mapped to vulnerability weights,Natural Earth country boundaries via datasets/geo-countries,not used for RQ2 exposure rerun
13.5,120.0,54640.224759295634,0.5,PHL,Philippines,UMC,Upper middle income,True,WorldPop Total Population 1km ArcGIS ImageServer,World Bank country income classification mapped to vulnerability weights,Natural Earth country boundaries via datasets/geo-countries,not used for RQ2 exposure rerun
13.5,120.75,688833.6391305357,0.5,PHL,Philippines,UMC,Upper middle income,True,WorldPop Total Population 1km ArcGIS ImageServer,World Bank country income classification mapped to vulnerability weights,Natural Earth country boundaries via datasets/geo-countries,not used for RQ2 exposure rerun
13.5,121.5,624936.7784577608,0.5,PHL,Philippines,UMC,Upper middle income,True,WorldPop Total Population 1km ArcGIS ImageServer,World Bank country income classification mapped to vulnerability weights,Natural Earth country boundaries via datasets/geo-countries,not used for RQ2 exposure rerun
13.5,122.25,486544.8882188798,0.5,PHL,Philippines,UMC,Upper middle income,True,WorldPop Total Population 1km ArcGIS ImageServer,World Bank country income classification mapped to vulnerability weights,Natural Earth country boundaries via datasets/geo-countries,not used for RQ2 exposure rerun
13.5,123.0,970125.0664837358,0.5,PHL,Philippines,UMC,Upper middle income,True,WorldPop Total Population 1km ArcGIS ImageServer,World Bank country income classification mapped to vulnerability weights,Natural Earth country boundaries via datasets/geo-countries,not used for RQ2 exposure rerun
13.5,123.75,1320874.537773071,0.5,PHL,Philippines,UMC,Upper middle income,True,WorldPop Total Population 1km ArcGIS ImageServer,World Bank country income classification mapped to vulnerability weights,Natural Earth country boundaries via datasets/geo-countries,not used for RQ2 exposure rerun
13.5,124.5,133013.99521112448,0.5,PHL,Philippines,UMC,Upper middle income,True,WorldPop Total Population 1km ArcGIS ImageServer,World Bank country income classification mapped to vulnerability weights,Natural Earth country boundaries via datasets/geo-countries,not used for RQ2 exposure rerun
13.5,125.25,0.0,0.5,UNASSIGNED,Unassigned/ocean,NA,Not classified,True,WorldPop Total Population 1km ArcGIS ImageServer,World Bank country income classification mapped to vulnerability weights,Natural Earth country boundaries via datasets/geo-countries,not used for RQ2 exposure rerun
13.5,126.0,0.0,0.5,UNASSIGNED,Unassigned/ocean,NA,Not classified,True,WorldPop Total Population 1km ArcGIS ImageServer,World Bank country income classification mapped to vulnerability weights,Natural Earth country boundaries via datasets/geo-countries,not used for RQ2 exposure rerun
13.5,126.75,0.0,0.5,UNASSIGNED,Unassigned/ocean,NA,Not classified,True,WorldPop Total Population 1km ArcGIS ImageServer,World Bank country income classification mapped to vulnerability weights,Natural Earth country boundaries via datasets/geo-countries,not used for RQ2 exposure rerun
13.5,127.5,0.0,0.5,UNASSIGNED,Unassigned/ocean,NA,Not classified,True,WorldPop Total Population 1km ArcGIS ImageServer,World Bank country income classification mapped to vulnerability weights,Natural Earth country boundaries via datasets/geo-countries,not used for RQ2 exposure rerun
13.5,128.25,0.0,0.5,UNASSIGNED,Unassigned/ocean,NA,Not classified,True,WorldPop Total Population 1km ArcGIS ImageServer,World Bank country income classification mapped to vulnerability weights,Natural Earth country boundaries via datasets/geo-countries,not used for RQ2 exposure rerun
13.5,129.0,0.0,0.5,UNASSIGNED,Unassigned/ocean,NA,Not classified,True,WorldPop Total Population 1km ArcGIS ImageServer,World Bank country income classification mapped to vulnerability weights,Natural Earth country boundaries via datasets/geo-countries,not used for RQ2 exposure rerun
13.5,129.75,0.0,0.5,UNASSIGNED,Unassigned/ocean,NA,Not classified,True,WorldPop Total Population 1km ArcGIS ImageServer,World Bank country income classification mapped to vulnerability weights,Natural Earth country boundaries via datasets/geo-countries,not used for RQ2 exposure rerun
13.5,130.5,0.0,0.5,UNASSIGNED,Unassigned/ocean,NA,Not classified,True,WorldPop Total Population 1km ArcGIS ImageServer,World Bank country income classification mapped to vulnerability weights,Natural Earth country boundaries via datasets/geo-countries,not used for RQ2 exposure rerun
13.5,131.25,0.0,0.5,UNASSIGNED,Unassigned/ocean,NA,Not classified,True,WorldPop Total Population 1km ArcGIS ImageServer,World Bank country income classification mapped to vulnerability weights,Natural Earth country boundaries via datasets/geo-countries,not used for RQ2 exposure rerun
13.5,132.0,0.0,0.5,UNASSIGNED,Unassigned/ocean,NA,Not classified,True,WorldPop Total Population 1km ArcGIS ImageServer,World Bank country income classification mapped to vulnerability weights,Natural Earth country boundaries via datasets/geo-countries,not used for RQ2 exposure rerun
13.5,132.75,0.0,0.5,UNASSIGNED,Unassigned/ocean,NA,Not classified,True,WorldPop Total Population 1km ArcGIS ImageServer,World Bank country income classification mapped to vulnerability weights,Natural Earth country boundaries via datasets/geo-countries,not used for RQ2 exposure rerun
13.5,133.5,0.0,0.5,UNASSIGNED,Unassigned/ocean,NA,Not classified,True,WorldPop Total Population 1km ArcGIS ImageServer,World Bank country income classification mapped to vulnerability weights,Natural Earth country boundaries via datasets/geo-countries,not used for RQ2 exposure rerun
13.5,134.25,0.0,0.5,UNASSIGNED,Unassigned/ocean,NA,Not classified,True,WorldPop Total Population 1km ArcGIS ImageServer,World Bank country income classification mapped to vulnerability weights,Natural Earth country boundaries via datasets/geo-countries,not used for RQ2 exposure rerun
13.5,135.0,0.0,0.5,UNASSIGNED,Unassigned/ocean,NA,Not classified,True,WorldPop Total Population 1km ArcGIS ImageServer,World Bank country income classification mapped to vulnerability weights,Natural Earth country boundaries via datasets/geo-countries,not used for RQ2 exposure rerun
13.5,135.75,0.0,0.5,UNASSIGNED,Unassigned/ocean,NA,Not classified,True,WorldPop Total Population 1km ArcGIS ImageServer,World Bank country income classification mapped to vulnerability weights,Natural Earth country boundaries via datasets/geo-countries,not used for RQ2 exposure rerun
13.5,136.5,0.0,0.5,UNASSIGNED,Unassigned/ocean,NA,Not classified,True,WorldPop Total Population 1km ArcGIS ImageServer,World Bank country income classification mapped to vulnerability weights,Natural Earth country boundaries via datasets/geo-countries,not used for RQ2 exposure rerun
13.5,137.25,0.0,0.5,UNASSIGNED,Unassigned/ocean,NA,Not classified,True,WorldPop Total Population 1km ArcGIS ImageServer,World Bank country income classification mapped to vulnerability weights,Natural Earth country boundaries via datasets/geo-countries,not used for RQ2 exposure rerun
13.5,138.0,0.0,0.5,UNASSIGNED,Unassigned/ocean,NA,Not classified,True,WorldPop Total Population 1km ArcGIS ImageServer,World Bank country income classification mapped to vulnerability weights,Natural Earth country boundaries via datasets/geo-countries,not used for RQ2 exposure rerun
14.25,-135.75,0.0,0.5,UNASSIGNED,Unassigned/ocean,NA,Not classified,False,WorldPop Total Population 1km ArcGIS ImageServer,World Bank country income classification mapped to vulnerability weights,Natural Earth country boundaries via datasets/geo-countries,not used for RQ2 exposure rerun
14.25,-133.5,0.0,0.5,UNASSIGNED,Unassigned/ocean,NA,Not classified,False,WorldPop Total Population 1km ArcGIS ImageServer,World Bank country income classification mapped to vulnerability weights,Natural Earth country boundaries via datasets/geo-countries,not used for RQ2 exposure rerun
14.25,-132.75,0.0,0.5,UNASSIGNED,Unassigned/ocean,NA,Not classified,False,WorldPop Total Population 1km ArcGIS ImageServer,World Bank country income classification mapped to vulnerability weights,Natural Earth country boundaries via datasets/geo-countries,not used for RQ2 exposure rerun
14.25,-132.0,0.0,0.5,UNASSIGNED,Unassigned/ocean,NA,Not classified,False,WorldPop Total Population 1km ArcGIS ImageServer,World Bank country income classification mapped to vulnerability weights,Natural Earth country boundaries via datasets/geo-countries,not used for RQ2 exposure rerun
14.25,-131.25,0.0,0.5,UNASSIGNED,Unassigned/ocean,NA,Not classified,True,WorldPop Total Population 1km ArcGIS ImageServer,World Bank country income classification mapped to vulnerability weights,Natural Earth country boundaries via datasets/geo-countries,not used for RQ2 exposure rerun
14.25,-130.5,0.0,0.5,UNASSIGNED,Unassigned/ocean,NA,Not classified,True,WorldPop Total Population 1km ArcGIS ImageServer,World Bank country income classification mapped to vulnerability weights,Natural Earth country boundaries via datasets/geo-countries,not used for RQ2 exposure rerun
14.25,-129.75,0.0,0.5,UNASSIGNED,Unassigned/ocean,NA,Not classified,True,WorldPop Total Population 1km ArcGIS ImageServer,World Bank country income classification mapped to vulnerability weights,Natural Earth country boundaries via datasets/geo-countries,not used for RQ2 exposure rerun
14.25,-129.0,0.0,0.5,UNASSIGNED,Unassigned/ocean,NA,Not classified,True,WorldPop Total Population 1km ArcGIS ImageServer,World Bank country income classification mapped to vulnerability weights,Natural Earth country boundaries via datasets/geo-countries,not used for RQ2 exposure rerun
14.25,-128.25,0.0,0.5,UNASSIGNED,Unassigned/ocean,NA,Not classified,True,WorldPop Total Population 1km ArcGIS ImageServer,World Bank country income classification mapped to vulnerability weights,Natural Earth country boundaries via datasets/geo-countries,not used for RQ2 exposure rerun
14.25,-127.5,0.0,0.5,UNASSIGNED,Unassigned/ocean,NA,Not classified,True,WorldPop Total Population 1km ArcGIS ImageServer,World Bank country income classification mapped to vulnerability weights,Natural Earth country boundaries via datasets/geo-countries,not used for RQ2 exposure rerun
14.25,-126.75,0.0,0.5,UNASSIGNED,Unassigned/ocean,NA,Not classified,True,WorldPop Total Population 1km ArcGIS ImageServer,World Bank country income classification mapped to vulnerability weights,Natural Earth country boundaries via datasets/geo-countries,not used for RQ2 exposure rerun
14.25,-126.0,0.0,0.5,UNASSIGNED,Unassigned/ocean,NA,Not classified,True,WorldPop Total Population 1km ArcGIS ImageServer,World Bank country income classification mapped to vulnerability weights,Natural Earth country boundaries via datasets/geo-countries,not used for RQ2 exposure rerun
14.25,-125.25,0.0,0.5,UNASSIGNED,Unassigned/ocean,NA,Not classified,True,WorldPop Total Population 1km ArcGIS ImageServer,World Bank country income classification mapped to vulnerability weights,Natural Earth country boundaries via datasets/geo-countries,not used for RQ2 exposure rerun
14.25,-124.5,0.0,0.5,UNASSIGNED,Unassigned/ocean,NA,Not classified,True,WorldPop Total Population 1km ArcGIS ImageServer,World Bank country income classification mapped to vulnerability weights,Natural Earth country boundaries via datasets/geo-countries,not used for RQ2 exposure rerun
14.25,-123.75,0.0,0.5,UNASSIGNED,Unassigned/ocean,NA,Not classified,True,WorldPop Total Population 1km ArcGIS ImageServer,World Bank country income classification mapped to vulnerability weights,Natural Earth country boundaries via datasets/geo-countries,not used for RQ2 exposure rerun
14.25,-123.0,0.0,0.5,UNASSIGNED,Unassigned/ocean,NA,Not classified,True,WorldPop Total Population 1km ArcGIS ImageServer,World Bank country income classification mapped to vulnerability weights,Natural Earth country boundaries via datasets/geo-countries,not used for RQ2 exposure rerun
14.25,-122.25,0.0,0.5,UNASSIGNED,Unassigned/ocean,NA,Not classified,True,WorldPop Total Population 1km ArcGIS ImageServer,World Bank country income classification mapped to vulnerability weights,Natural Earth country boundaries via datasets/geo-countries,not used for RQ2 exposure rerun
14.25,-121.5,0.0,0.5,UNASSIGNED,Unassigned/ocean,NA,Not classified,True,WorldPop Total Population 1km ArcGIS ImageServer,World Bank country income classification mapped to vulnerability weights,Natural Earth country boundaries via datasets/geo-countries,not used for RQ2 exposure rerun
14.25,-120.75,0.0,0.5,UNASSIGNED,Unassigned/ocean,NA,Not classified,True,WorldPop Total Population 1km ArcGIS ImageServer,World Bank country income classification mapped to vulnerability weights,Natural Earth country boundaries via datasets/geo-countries,not used for RQ2 exposure rerun
14.25,-120.0,0.0,0.5,UNASSIGNED,Unassigned/ocean,NA,Not classified,True,WorldPop Total Population 1km ArcGIS ImageServer,World Bank country income classification mapped to vulnerability weights,Natural Earth country boundaries via datasets/geo-countries,not used for RQ2 exposure rerun
14.25,-119.25,0.0,0.5,UNASSIGNED,Unassigned/ocean,NA,Not classified,True,WorldPop Total Population 1km ArcGIS ImageServer,World Bank country income classification mapped to vulnerability weights,Natural Earth country boundaries via datasets/geo-countries,not used for RQ2 exposure rerun
14.25,-118.5,0.0,0.5,UNASSIGNED,Unassigned/ocean,NA,Not classified,True,WorldPop Total Population 1km ArcGIS ImageServer,World Bank country income classification mapped to vulnerability weights,Natural Earth country boundaries via datasets/geo-countries,not used for RQ2 exposure rerun
14.25,-117.0,0.0,0.5,UNASSIGNED,Unassigned/ocean,NA,Not classified,False,WorldPop Total Population 1km ArcGIS ImageServer,World Bank country income classification mapped to vulnerability weights,Natural Earth country boundaries via datasets/geo-countries,not used for RQ2 exposure rerun
14.25,-83.25,27220.99044903361,0.75,NIC,Nicaragua,LMC,Lower middle income,True,WorldPop Total Population 1km ArcGIS ImageServer,World Bank country income classification mapped to vulnerability weights,Natural Earth country boundaries via datasets/geo-countries,not used for RQ2 exposure rerun
14.25,-82.5,90.45050892233849,0.75,NIC,Nicaragua,LMC,Lower middle income,True,WorldPop Total Population 1km ArcGIS ImageServer,World Bank country income classification mapped to vulnerability weights,Natural Earth country boundaries via datasets/geo-countries,not used for RQ2 exposure rerun
14.25,-81.75,0.03258233144879341,0.5,UNASSIGNED,Unassigned/ocean,NA,Not classified,True,WorldPop Total Population 1km ArcGIS ImageServer,World Bank country income classification mapped to vulnerability weights,Natural Earth country boundaries via datasets/geo-countries,not used for RQ2 exposure rerun
14.25,-81.0,0.0,0.5,UNASSIGNED,Unassigned/ocean,NA,Not classified,True,WorldPop Total Population 1km ArcGIS ImageServer,World Bank country income classification mapped to vulnerability weights,Natural Earth country boundaries via datasets/geo-countries,not used for RQ2 exposure rerun
14.25,-80.25,0.4591691885143519,0.5,UNASSIGNED,Unassigned/ocean,NA,Not classified,True,WorldPop Total Population 1km ArcGIS ImageServer,World Bank country income classification mapped to vulnerability weights,Natural Earth country boundaries via datasets/geo-countries,not used for RQ2 exposure rerun
14.25,-79.5,0.0,0.5,UNASSIGNED,Unassigned/ocean,NA,Not classified,True,WorldPop Total Population 1km ArcGIS ImageServer,World Bank country income classification mapped to vulnerability weights,Natural Earth country boundaries via datasets/geo-countries,not used for RQ2 exposure rerun
14.25,-78.0,0.0,0.5,UNASSIGNED,Unassigned/ocean,NA,Not classified,True,WorldPop Total Population 1km ArcGIS ImageServer,World Bank country income classification mapped to vulnerability weights,Natural Earth country boundaries via datasets/geo-countries,not used for RQ2 exposure rerun
14.25,-77.25,0.0,0.5,UNASSIGNED,Unassigned/ocean,NA,Not classified,True,WorldPop Total Population 1km ArcGIS ImageServer,World Bank country income classification mapped to vulnerability weights,Natural Earth country boundaries via datasets/geo-countries,not used for RQ2 exposure rerun
14.25,-76.5,0.0,0.5,UNASSIGNED,Unassigned/ocean,NA,Not classified,True,WorldPop Total Population 1km ArcGIS ImageServer,World Bank country income classification mapped to vulnerability weights,Natural Earth country boundaries via datasets/geo-countries,not used for RQ2 exposure rerun
14.25,-75.75,0.0,0.5,UNASSIGNED,Unassigned/ocean,NA,Not classified,True,WorldPop Total Population 1km ArcGIS ImageServer,World Bank country income classification mapped to vulnerability weights,Natural Earth country boundaries via datasets/geo-countries,not used for RQ2 exposure rerun
14.25,-75.0,0.0,0.5,UNASSIGNED,Unassigned/ocean,NA,Not classified,True,WorldPop Total Population 1km ArcGIS ImageServer,World Bank country income classification mapped to vulnerability weights,Natural Earth country boundaries via datasets/geo-countries,not used for RQ2 exposure rerun
14.25,-74.25,0.0,0.5,UNASSIGNED,Unassigned/ocean,NA,Not classified,True,WorldPop Total Population 1km ArcGIS ImageServer,World Bank country income classification mapped to vulnerability weights,Natural Earth country boundaries via datasets/geo-countries,not used for RQ2 exposure rerun
14.25,78.0,1102301.4621267305,0.75,IND,India,LMC,Lower middle income,True,WorldPop Total Population 1km ArcGIS ImageServer,World Bank country income classification mapped to vulnerability weights,Natural Earth country boundaries via datasets/geo-countries,not used for RQ2 exposure rerun
14.25,78.75,1168413.9652357127,0.75,IND,India,LMC,Lower middle income,True,WorldPop Total Population 1km ArcGIS ImageServer,World Bank country income classification mapped to vulnerability weights,Natural Earth country boundaries via datasets/geo-countries,not used for RQ2 exposure rerun
14.25,79.5,996242.7099732166,0.75,IND,India,LMC,Lower middle income,True,WorldPop Total Population 1km ArcGIS ImageServer,World Bank country income classification mapped to vulnerability weights,Natural Earth country boundaries via datasets/geo-countries,not used for RQ2 exposure rerun
14.25,80.25,1142029.8889354467,0.75,IND,India,LMC,Lower middle income,True,WorldPop Total Population 1km ArcGIS ImageServer,World Bank country income classification mapped to vulnerability weights,Natural Earth country boundaries via datasets/geo-countries,not used for RQ2 exposure rerun
14.25,81.0,0.0,0.5,UNASSIGNED,Unassigned/ocean,NA,Not classified,True,WorldPop Total Population 1km ArcGIS ImageServer,World Bank country income classification mapped to vulnerability weights,Natural Earth country boundaries via datasets/geo-countries,not used for RQ2 exposure rerun
14.25,81.75,0.0,0.5,UNASSIGNED,Unassigned/ocean,NA,Not classified,True,WorldPop Total Population 1km ArcGIS ImageServer,World Bank country income classification mapped to vulnerability weights,Natural Earth country boundaries via datasets/geo-countries,not used for RQ2 exposure rerun
14.25,82.5,0.0,0.5,UNASSIGNED,Unassigned/ocean,NA,Not classified,True,WorldPop Total Population 1km ArcGIS ImageServer,World Bank country income classification mapped to vulnerability weights,Natural Earth country boundaries via datasets/geo-countries,not used for RQ2 exposure rerun
14.25,83.25,0.0,0.5,UNASSIGNED,Unassigned/ocean,NA,Not classified,True,WorldPop Total Population 1km ArcGIS ImageServer,World Bank country income classification mapped to vulnerability weights,Natural Earth country boundaries via datasets/geo-countries,not used for RQ2 exposure rerun
14.25,84.0,0.0,0.5,UNASSIGNED,Unassigned/ocean,NA,Not classified,True,WorldPop Total Population 1km ArcGIS ImageServer,World Bank country income classification mapped to vulnerability weights,Natural Earth country boundaries via datasets/geo-countries,not used for RQ2 exposure rerun
14.25,84.75,0.0,0.5,UNASSIGNED,Unassigned/ocean,NA,Not classified,True,WorldPop Total Population 1km ArcGIS ImageServer,World Bank country income classification mapped to vulnerability weights,Natural Earth country boundaries via datasets/geo-countries,not used for RQ2 exposure rerun
14.25,86.25,0.0,0.5,UNASSIGNED,Unassigned/ocean,NA,Not classified,True,WorldPop Total Population 1km ArcGIS ImageServer,World Bank country income classification mapped to vulnerability weights,Natural Earth country boundaries via datasets/geo-countries,not used for RQ2 exposure rerun
14.25,101.25,808136.1938443178,0.5,THA,Thailand,UMC,Upper middle income,True,WorldPop Total Population 1km ArcGIS ImageServer,World Bank country income classification mapped to vulnerability weights,Natural Earth country boundaries via datasets/geo-countries,not used for RQ2 exposure rerun
14.25,102.0,340610.68935430056,0.5,THA,Thailand,UMC,Upper middle income,True,WorldPop Total Population 1km ArcGIS ImageServer,World Bank country income classification mapped to vulnerability weights,Natural Earth country boundaries via datasets/geo-countries,not used for RQ2 exposure rerun
14.25,102.75,530520.3444062468,0.5,THA,Thailand,UMC,Upper middle income,True,WorldPop Total Population 1km ArcGIS ImageServer,World Bank country income classification mapped to vulnerability weights,Natural Earth country boundaries via datasets/geo-countries,not used for RQ2 exposure rerun
14.25,103.5,367649.89196497126,0.75,KHM,Cambodia,LMC,Lower middle income,True,WorldPop Total Population 1km ArcGIS ImageServer,World Bank country income classification mapped to vulnerability weights,Natural Earth country boundaries via datasets/geo-countries,not used for RQ2 exposure rerun
14.25,104.25,191881.55013057633,0.75,KHM,Cambodia,LMC,Lower middle income,True,WorldPop Total Population 1km ArcGIS ImageServer,World Bank country income classification mapped to vulnerability weights,Natural Earth country boundaries via datasets/geo-countries,not used for RQ2 exposure rerun
14.25,105.0,202665.05367048108,0.75,KHM,Cambodia,LMC,Lower middle income,True,WorldPop Total Population 1km ArcGIS ImageServer,World Bank country income classification mapped to vulnerability weights,Natural Earth country boundaries via datasets/geo-countries,not used for RQ2 exposure rerun
14.25,105.75,137996.0160446539,0.75,LAO,Laos,LMC,Lower middle income,True,WorldPop Total Population 1km ArcGIS ImageServer,World Bank country income classification mapped to vulnerability weights,Natural Earth country boundaries via datasets/geo-countries,not used for RQ2 exposure rerun
14.25,106.5,24967.758067598574,0.75,KHM,Cambodia,LMC,Lower middle income,True,WorldPop Total Population 1km ArcGIS ImageServer,World Bank country income classification mapped to vulnerability weights,Natural Earth country boundaries via datasets/geo-countries,not used for RQ2 exposure rerun
14.25,107.25,48941.93708868502,0.75,KHM,Cambodia,LMC,Lower middle income,True,WorldPop Total Population 1km ArcGIS ImageServer,World Bank country income classification mapped to vulnerability weights,Natural Earth country boundaries via datasets/geo-countries,not used for RQ2 exposure rerun
14.25,108.0,553896.8827791214,0.5,VNM,Vietnam,UMC,Upper middle income,True,WorldPop Total Population 1km ArcGIS ImageServer,World Bank country income classification mapped to vulnerability weights,Natural Earth country boundaries via datasets/geo-countries,not used for RQ2 exposure rerun
14.25,108.75,949129.4578003881,0.5,VNM,Vietnam,UMC,Upper middle income,True,WorldPop Total Population 1km ArcGIS ImageServer,World Bank country income classification mapped to vulnerability weights,Natural Earth country boundaries via datasets/geo-countries,not used for RQ2 exposure rerun
14.25,109.5,157525.29952502254,0.5,VNM,Vietnam,UMC,Upper middle income,True,WorldPop Total Population 1km ArcGIS ImageServer,World Bank country income classification mapped to vulnerability weights,Natural Earth country boundaries via datasets/geo-countries,not used for RQ2 exposure rerun
14.25,110.25,0.0,0.5,UNASSIGNED,Unassigned/ocean,NA,Not classified,True,WorldPop Total Population 1km ArcGIS ImageServer,World Bank country income classification mapped to vulnerability weights,Natural Earth country boundaries via datasets/geo-countries,not used for RQ2 exposure rerun
14.25,111.0,0.0,0.5,UNASSIGNED,Unassigned/ocean,NA,Not classified,True,WorldPop Total Population 1km ArcGIS ImageServer,World Bank country income classification mapped to vulnerability weights,Natural Earth country boundaries via datasets/geo-countries,not used for RQ2 exposure rerun
14.25,111.75,0.0,0.5,UNASSIGNED,Unassigned/ocean,NA,Not classified,True,WorldPop Total Population 1km ArcGIS ImageServer,World Bank country income classification mapped to vulnerability weights,Natural Earth country boundaries via datasets/geo-countries,not used for RQ2 exposure rerun
14.25,112.5,0.0,0.5,UNASSIGNED,Unassigned/ocean,NA,Not classified,True,WorldPop Total Population 1km ArcGIS ImageServer,World Bank country income classification mapped to vulnerability weights,Natural Earth country boundaries via datasets/geo-countries,not used for RQ2 exposure rerun
14.25,113.25,0.0,0.5,UNASSIGNED,Unassigned/ocean,NA,Not classified,True,WorldPop Total Population 1km ArcGIS ImageServer,World Bank country income classification mapped to vulnerability weights,Natural Earth country boundaries via datasets/geo-countries,not used for RQ2 exposure rerun
14.25,114.0,0.0,0.5,UNASSIGNED,Unassigned/ocean,NA,Not classified,True,WorldPop Total Population 1km ArcGIS ImageServer,World Bank country income classification mapped to vulnerability weights,Natural Earth country boundaries via datasets/geo-countries,not used for RQ2 exposure rerun
14.25,114.75,0.0,0.5,UNASSIGNED,Unassigned/ocean,NA,Not classified,True,WorldPop Total Population 1km ArcGIS ImageServer,World Bank country income classification mapped to vulnerability weights,Natural Earth country boundaries via datasets/geo-countries,not used for RQ2 exposure rerun
14.25,115.5,0.0,0.5,UNASSIGNED,Unassigned/ocean,NA,Not classified,True,WorldPop Total Population 1km ArcGIS ImageServer,World Bank country income classification mapped to vulnerability weights,Natural Earth country boundaries via datasets/geo-countries,not used for RQ2 exposure rerun
14.25,116.25,0.0,0.5,UNASSIGNED,Unassigned/ocean,NA,Not classified,True,WorldPop Total Population 1km ArcGIS ImageServer,World Bank country income classification mapped to vulnerability weights,Natural Earth country boundaries via datasets/geo-countries,not used for RQ2 exposure rerun
14.25,117.0,0.0,0.5,UNASSIGNED,Unassigned/ocean,NA,Not classified,True,WorldPop Total Population 1km ArcGIS ImageServer,World Bank country income classification mapped to vulnerability weights,Natural Earth country boundaries via datasets/geo-countries,not used for RQ2 exposure rerun
14.25,117.75,0.0,0.5,UNASSIGNED,Unassigned/ocean,NA,Not classified,True,WorldPop Total Population 1km ArcGIS ImageServer,World Bank country income classification mapped to vulnerability weights,Natural Earth country boundaries via datasets/geo-countries,not used for RQ2 exposure rerun
14.25,118.5,0.0,0.5,UNASSIGNED,Unassigned/ocean,NA,Not classified,True,WorldPop Total Population 1km ArcGIS ImageServer,World Bank country income classification mapped to vulnerability weights,Natural Earth country boundaries via datasets/geo-countries,not used for RQ2 exposure rerun
14.25,119.25,0.0,0.5,UNASSIGNED,Unassigned/ocean,NA,Not classified,True,WorldPop Total Population 1km ArcGIS ImageServer,World Bank country income classification mapped to vulnerability weights,Natural Earth country boundaries via datasets/geo-countries,not used for RQ2 exposure rerun
14.25,120.0,5211.171127796172,0.5,PHL,Philippines,UMC,Upper middle income,True,WorldPop Total Population 1km ArcGIS ImageServer,World Bank country income classification mapped to vulnerability weights,Natural Earth country boundaries via datasets/geo-countries,not used for RQ2 exposure rerun
14.25,120.75,10276417.56769594,0.5,PHL,Philippines,UMC,Upper middle income,True,WorldPop Total Population 1km ArcGIS ImageServer,World Bank country income classification mapped to vulnerability weights,Natural Earth country boundaries via datasets/geo-countries,not used for RQ2 exposure rerun
14.25,121.5,3716010.0542728854,0.5,PHL,Philippines,UMC,Upper middle income,True,WorldPop Total Population 1km ArcGIS ImageServer,World Bank country income classification mapped to vulnerability weights,Natural Earth country boundaries via datasets/geo-countries,not used for RQ2 exposure rerun
14.25,122.25,424196.1094355584,0.5,PHL,Philippines,UMC,Upper middle income,True,WorldPop Total Population 1km ArcGIS ImageServer,World Bank country income classification mapped to vulnerability weights,Natural Earth country boundaries via datasets/geo-countries,not used for RQ2 exposure rerun
14.25,123.0,414142.09767127124,0.5,PHL,Philippines,UMC,Upper middle income,True,WorldPop Total Population 1km ArcGIS ImageServer,World Bank country income classification mapped to vulnerability weights,Natural Earth country boundaries via datasets/geo-countries,not used for RQ2 exposure rerun
14.25,123.75,39711.68253821134,0.5,PHL,Philippines,UMC,Upper middle income,True,WorldPop Total Population 1km ArcGIS ImageServer,World Bank country income classification mapped to vulnerability weights,Natural Earth country boundaries via datasets/geo-countries,not used for RQ2 exposure rerun
14.25,124.5,53348.7967635393,0.5,PHL,Philippines,UMC,Upper middle income,True,WorldPop Total Population 1km ArcGIS ImageServer,World Bank country income classification mapped to vulnerability weights,Natural Earth country boundaries via datasets/geo-countries,not used for RQ2 exposure rerun
14.25,125.25,0.0,0.5,UNASSIGNED,Unassigned/ocean,NA,Not classified,True,WorldPop Total Population 1km ArcGIS ImageServer,World Bank country income classification mapped to vulnerability weights,Natural Earth country boundaries via datasets/geo-countries,not used for RQ2 exposure rerun
14.25,126.0,0.0,0.5,UNASSIGNED,Unassigned/ocean,NA,Not classified,True,WorldPop Total Population 1km ArcGIS ImageServer,World Bank country income classification mapped to vulnerability weights,Natural Earth country boundaries via datasets/geo-countries,not used for RQ2 exposure rerun
14.25,126.75,0.0,0.5,UNASSIGNED,Unassigned/ocean,NA,Not classified,True,WorldPop Total Population 1km ArcGIS ImageServer,World Bank country income classification mapped to vulnerability weights,Natural Earth country boundaries via datasets/geo-countries,not used for RQ2 exposure rerun
14.25,127.5,0.0,0.5,UNASSIGNED,Unassigned/ocean,NA,Not classified,True,WorldPop Total Population 1km ArcGIS ImageServer,World Bank country income classification mapped to vulnerability weights,Natural Earth country boundaries via datasets/geo-countries,not used for RQ2 exposure rerun
14.25,128.25,0.0,0.5,UNASSIGNED,Unassigned/ocean,NA,Not classified,True,WorldPop Total Population 1km ArcGIS ImageServer,World Bank country income classification mapped to vulnerability weights,Natural Earth country boundaries via datasets/geo-countries,not used for RQ2 exposure rerun
14.25,129.0,0.0,0.5,UNASSIGNED,Unassigned/ocean,NA,Not classified,True,WorldPop Total Population 1km ArcGIS ImageServer,World Bank country income classification mapped to vulnerability weights,Natural Earth country boundaries via datasets/geo-countries,not used for RQ2 exposure rerun
14.25,129.75,0.0,0.5,UNASSIGNED,Unassigned/ocean,NA,Not classified,True,WorldPop Total Population 1km ArcGIS ImageServer,World Bank country income classification mapped to vulnerability weights,Natural Earth country boundaries via datasets/geo-countries,not used for RQ2 exposure rerun
14.25,130.5,0.0,0.5,UNASSIGNED,Unassigned/ocean,NA,Not classified,True,WorldPop Total Population 1km ArcGIS ImageServer,World Bank country income classification mapped to vulnerability weights,Natural Earth country boundaries via datasets/geo-countries,not used for RQ2 exposure rerun
14.25,131.25,0.0,0.5,UNASSIGNED,Unassigned/ocean,NA,Not classified,True,WorldPop Total Population 1km ArcGIS ImageServer,World Bank country income classification mapped to vulnerability weights,Natural Earth country boundaries via datasets/geo-countries,not used for RQ2 exposure rerun
14.25,132.0,0.0,0.5,UNASSIGNED,Unassigned/ocean,NA,Not classified,True,WorldPop Total Population 1km ArcGIS ImageServer,World Bank country income classification mapped to vulnerability weights,Natural Earth country boundaries via datasets/geo-countries,not used for RQ2 exposure rerun
14.25,132.75,0.0,0.5,UNASSIGNED,Unassigned/ocean,NA,Not classified,True,WorldPop Total Population 1km ArcGIS ImageServer,World Bank country income classification mapped to vulnerability weights,Natural Earth country boundaries via datasets/geo-countries,not used for RQ2 exposure rerun
14.25,133.5,0.0,0.5,UNASSIGNED,Unassigned/ocean,NA,Not classified,True,WorldPop Total Population 1km ArcGIS ImageServer,World Bank country income classification mapped to vulnerability weights,Natural Earth country boundaries via datasets/geo-countries,not used for RQ2 exposure rerun
14.25,134.25,0.0,0.5,UNASSIGNED,Unassigned/ocean,NA,Not classified,True,WorldPop Total Population 1km ArcGIS ImageServer,World Bank country income classification mapped to vulnerability weights,Natural Earth country boundaries via datasets/geo-countries,not used for RQ2 exposure rerun
14.25,135.0,0.0,0.5,UNASSIGNED,Unassigned/ocean,NA,Not classified,True,WorldPop Total Population 1km ArcGIS ImageServer,World Bank country income classification mapped to vulnerability weights,Natural Earth country boundaries via datasets/geo-countries,not used for RQ2 exposure rerun
14.25,135.75,0.0,0.5,UNASSIGNED,Unassigned/ocean,NA,Not classified,True,WorldPop Total Population 1km ArcGIS ImageServer,World Bank country income classification mapped to vulnerability weights,Natural Earth country boundaries via datasets/geo-countries,not used for RQ2 exposure rerun
14.25,137.25,0.0,0.5,UNASSIGNED,Unassigned/ocean,NA,Not classified,True,WorldPop Total Population 1km ArcGIS ImageServer,World Bank country income classification mapped to vulnerability weights,Natural Earth country boundaries via datasets/geo-countries,not used for RQ2 exposure rerun
14.25,138.0,0.0,0.5,UNASSIGNED,Unassigned/ocean,NA,Not classified,False,WorldPop Total Population 1km ArcGIS ImageServer,World Bank country income classification mapped to vulnerability weights,Natural Earth country boundaries via datasets/geo-countries,not used for RQ2 exposure rerun
15.0,-137.25,0.0,0.5,UNASSIGNED,Unassigned/ocean,NA,Not classified,False,WorldPop Total Population 1km ArcGIS ImageServer,World Bank country income classification mapped to vulnerability weights,Natural Earth country boundaries via datasets/geo-countries,not used for RQ2 exposure rerun
15.0,-134.25,0.0,0.5,UNASSIGNED,Unassigned/ocean,NA,Not classified,False,WorldPop Total Population 1km ArcGIS ImageServer,World Bank country income classification mapped to vulnerability weights,Natural Earth country boundaries via datasets/geo-countries,not used for RQ2 exposure rerun
15.0,-132.75,0.0,0.5,UNASSIGNED,Unassigned/ocean,NA,Not classified,False,WorldPop Total Population 1km ArcGIS ImageServer,World Bank country income classification mapped to vulnerability weights,Natural Earth country boundaries via datasets/geo-countries,not used for RQ2 exposure rerun
15.0,-131.25,0.0,0.5,UNASSIGNED,Unassigned/ocean,NA,Not classified,True,WorldPop Total Population 1km ArcGIS ImageServer,World Bank country income classification mapped to vulnerability weights,Natural Earth country boundaries via datasets/geo-countries,not used for RQ2 exposure rerun
15.0,-130.5,0.0,0.5,UNASSIGNED,Unassigned/ocean,NA,Not classified,True,WorldPop Total Population 1km ArcGIS ImageServer,World Bank country income classification mapped to vulnerability weights,Natural Earth country boundaries via datasets/geo-countries,not used for RQ2 exposure rerun
15.0,-129.75,0.0,0.5,UNASSIGNED,Unassigned/ocean,NA,Not classified,True,WorldPop Total Population 1km ArcGIS ImageServer,World Bank country income classification mapped to vulnerability weights,Natural Earth country boundaries via datasets/geo-countries,not used for RQ2 exposure rerun
15.0,-129.0,0.0,0.5,UNASSIGNED,Unassigned/ocean,NA,Not classified,True,WorldPop Total Population 1km ArcGIS ImageServer,World Bank country income classification mapped to vulnerability weights,Natural Earth country boundaries via datasets/geo-countries,not used for RQ2 exposure rerun
15.0,-128.25,0.0,0.5,UNASSIGNED,Unassigned/ocean,NA,Not classified,True,WorldPop Total Population 1km ArcGIS ImageServer,World Bank country income classification mapped to vulnerability weights,Natural Earth country boundaries via datasets/geo-countries,not used for RQ2 exposure rerun
15.0,-127.5,0.0,0.5,UNASSIGNED,Unassigned/ocean,NA,Not classified,True,WorldPop Total Population 1km ArcGIS ImageServer,World Bank country income classification mapped to vulnerability weights,Natural Earth country boundaries via datasets/geo-countries,not used for RQ2 exposure rerun
15.0,-126.75,0.0,0.5,UNASSIGNED,Unassigned/ocean,NA,Not classified,True,WorldPop Total Population 1km ArcGIS ImageServer,World Bank country income classification mapped to vulnerability weights,Natural Earth country boundaries via datasets/geo-countries,not used for RQ2 exposure rerun
15.0,-126.0,0.0,0.5,UNASSIGNED,Unassigned/ocean,NA,Not classified,True,WorldPop Total Population 1km ArcGIS ImageServer,World Bank country income classification mapped to vulnerability weights,Natural Earth country boundaries via datasets/geo-countries,not used for RQ2 exposure rerun
15.0,-125.25,0.0,0.5,UNASSIGNED,Unassigned/ocean,NA,Not classified,True,WorldPop Total Population 1km ArcGIS ImageServer,World Bank country income classification mapped to vulnerability weights,Natural Earth country boundaries via datasets/geo-countries,not used for RQ2 exposure rerun
15.0,-124.5,0.0,0.5,UNASSIGNED,Unassigned/ocean,NA,Not classified,True,WorldPop Total Population 1km ArcGIS ImageServer,World Bank country income classification mapped to vulnerability weights,Natural Earth country boundaries via datasets/geo-countries,not used for RQ2 exposure rerun
15.0,-123.75,0.0,0.5,UNASSIGNED,Unassigned/ocean,NA,Not classified,True,WorldPop Total Population 1km ArcGIS ImageServer,World Bank country income classification mapped to vulnerability weights,Natural Earth country boundaries via datasets/geo-countries,not used for RQ2 exposure rerun
15.0,-123.0,0.0,0.5,UNASSIGNED,Unassigned/ocean,NA,Not classified,True,WorldPop Total Population 1km ArcGIS ImageServer,World Bank country income classification mapped to vulnerability weights,Natural Earth country boundaries via datasets/geo-countries,not used for RQ2 exposure rerun
15.0,-122.25,0.0,0.5,UNASSIGNED,Unassigned/ocean,NA,Not classified,True,WorldPop Total Population 1km ArcGIS ImageServer,World Bank country income classification mapped to vulnerability weights,Natural Earth country boundaries via datasets/geo-countries,not used for RQ2 exposure rerun
15.0,-121.5,0.0,0.5,UNASSIGNED,Unassigned/ocean,NA,Not classified,True,WorldPop Total Population 1km ArcGIS ImageServer,World Bank country income classification mapped to vulnerability weights,Natural Earth country boundaries via datasets/geo-countries,not used for RQ2 exposure rerun
15.0,-120.75,0.0,0.5,UNASSIGNED,Unassigned/ocean,NA,Not classified,True,WorldPop Total Population 1km ArcGIS ImageServer,World Bank country income classification mapped to vulnerability weights,Natural Earth country boundaries via datasets/geo-countries,not used for RQ2 exposure rerun
15.0,-120.0,0.0,0.5,UNASSIGNED,Unassigned/ocean,NA,Not classified,True,WorldPop Total Population 1km ArcGIS ImageServer,World Bank country income classification mapped to vulnerability weights,Natural Earth country boundaries via datasets/geo-countries,not used for RQ2 exposure rerun
15.0,-119.25,0.0,0.5,UNASSIGNED,Unassigned/ocean,NA,Not classified,True,WorldPop Total Population 1km ArcGIS ImageServer,World Bank country income classification mapped to vulnerability weights,Natural Earth country boundaries via datasets/geo-countries,not used for RQ2 exposure rerun
15.0,-118.5,0.0,0.5,UNASSIGNED,Unassigned/ocean,NA,Not classified,False,WorldPop Total Population 1km ArcGIS ImageServer,World Bank country income classification mapped to vulnerability weights,Natural Earth country boundaries via datasets/geo-countries,not used for RQ2 exposure rerun
15.0,-82.5,0.0,0.5,UNASSIGNED,Unassigned/ocean,NA,Not classified,True,WorldPop Total Population 1km ArcGIS ImageServer,World Bank country income classification mapped to vulnerability weights,Natural Earth country boundaries via datasets/geo-countries,not used for RQ2 exposure rerun
15.0,-81.75,0.0,0.5,UNASSIGNED,Unassigned/ocean,NA,Not classified,True,WorldPop Total Population 1km ArcGIS ImageServer,World Bank country income classification mapped to vulnerability weights,Natural Earth country boundaries via datasets/geo-countries,not used for RQ2 exposure rerun
15.0,-81.0,0.0,0.5,UNASSIGNED,Unassigned/ocean,NA,Not classified,True,WorldPop Total Population 1km ArcGIS ImageServer,World Bank country income classification mapped to vulnerability weights,Natural Earth country boundaries via datasets/geo-countries,not used for RQ2 exposure rerun
15.0,-80.25,0.0,0.5,UNASSIGNED,Unassigned/ocean,NA,Not classified,True,WorldPop Total Population 1km ArcGIS ImageServer,World Bank country income classification mapped to vulnerability weights,Natural Earth country boundaries via datasets/geo-countries,not used for RQ2 exposure rerun
15.0,-79.5,0.0,0.5,UNASSIGNED,Unassigned/ocean,NA,Not classified,True,WorldPop Total Population 1km ArcGIS ImageServer,World Bank country income classification mapped to vulnerability weights,Natural Earth country boundaries via datasets/geo-countries,not used for RQ2 exposure rerun
15.0,-78.75,0.0,0.5,UNASSIGNED,Unassigned/ocean,NA,Not classified,True,WorldPop Total Population 1km ArcGIS ImageServer,World Bank country income classification mapped to vulnerability weights,Natural Earth country boundaries via datasets/geo-countries,not used for RQ2 exposure rerun
15.0,-78.0,0.0,0.5,UNASSIGNED,Unassigned/ocean,NA,Not classified,True,WorldPop Total Population 1km ArcGIS ImageServer,World Bank country income classification mapped to vulnerability weights,Natural Earth country boundaries via datasets/geo-countries,not used for RQ2 exposure rerun
15.0,-77.25,0.0,0.5,UNASSIGNED,Unassigned/ocean,NA,Not classified,True,WorldPop Total Population 1km ArcGIS ImageServer,World Bank country income classification mapped to vulnerability weights,Natural Earth country boundaries via datasets/geo-countries,not used for RQ2 exposure rerun
15.0,-76.5,0.0,0.5,UNASSIGNED,Unassigned/ocean,NA,Not classified,True,WorldPop Total Population 1km ArcGIS ImageServer,World Bank country income classification mapped to vulnerability weights,Natural Earth country boundaries via datasets/geo-countries,not used for RQ2 exposure rerun
15.0,-75.75,0.0,0.5,UNASSIGNED,Unassigned/ocean,NA,Not classified,True,WorldPop Total Population 1km ArcGIS ImageServer,World Bank country income classification mapped to vulnerability weights,Natural Earth country boundaries via datasets/geo-countries,not used for RQ2 exposure rerun
15.0,-75.0,0.0,0.5,UNASSIGNED,Unassigned/ocean,NA,Not classified,True,WorldPop Total Population 1km ArcGIS ImageServer,World Bank country income classification mapped to vulnerability weights,Natural Earth country boundaries via datasets/geo-countries,not used for RQ2 exposure rerun
15.0,-74.25,0.0,0.5,UNASSIGNED,Unassigned/ocean,NA,Not classified,True,WorldPop Total Population 1km ArcGIS ImageServer,World Bank country income classification mapped to vulnerability weights,Natural Earth country boundaries via datasets/geo-countries,not used for RQ2 exposure rerun
15.0,-73.5,0.0,0.5,UNASSIGNED,Unassigned/ocean,NA,Not classified,True,WorldPop Total Population 1km ArcGIS ImageServer,World Bank country income classification mapped to vulnerability weights,Natural Earth country boundaries via datasets/geo-countries,not used for RQ2 exposure rerun
15.0,-72.75,0.0,0.5,UNASSIGNED,Unassigned/ocean,NA,Not classified,True,WorldPop Total Population 1km ArcGIS ImageServer,World Bank country income classification mapped to vulnerability weights,Natural Earth country boundaries via datasets/geo-countries,not used for RQ2 exposure rerun
15.0,78.0,964989.9124912033,0.75,IND,India,LMC,Lower middle income,True,WorldPop Total Population 1km ArcGIS ImageServer,World Bank country income classification mapped to vulnerability weights,Natural Earth country boundaries via datasets/geo-countries,not used for RQ2 exposure rerun
15.0,78.75,1195201.4166012462,0.75,IND,India,LMC,Lower middle income,True,WorldPop Total Population 1km ArcGIS ImageServer,World Bank country income classification mapped to vulnerability weights,Natural Earth country boundaries via datasets/geo-countries,not used for RQ2 exposure rerun
15.0,79.5,707905.7427833072,0.75,IND,India,LMC,Lower middle income,True,WorldPop Total Population 1km ArcGIS ImageServer,World Bank country income classification mapped to vulnerability weights,Natural Earth country boundaries via datasets/geo-countries,not used for RQ2 exposure rerun
15.0,80.25,561647.2212873698,0.75,IND,India,LMC,Lower middle income,True,WorldPop Total Population 1km ArcGIS ImageServer,World Bank country income classification mapped to vulnerability weights,Natural Earth country boundaries via datasets/geo-countries,not used for RQ2 exposure rerun
15.0,81.0,0.0,0.5,UNASSIGNED,Unassigned/ocean,NA,Not classified,True,WorldPop Total Population 1km ArcGIS ImageServer,World Bank country income classification mapped to vulnerability weights,Natural Earth country boundaries via datasets/geo-countries,not used for RQ2 exposure rerun
15.0,81.75,0.0,0.5,UNASSIGNED,Unassigned/ocean,NA,Not classified,True,WorldPop Total Population 1km ArcGIS ImageServer,World Bank country income classification mapped to vulnerability weights,Natural Earth country boundaries via datasets/geo-countries,not used for RQ2 exposure rerun
15.0,82.5,0.0,0.5,UNASSIGNED,Unassigned/ocean,NA,Not classified,True,WorldPop Total Population 1km ArcGIS ImageServer,World Bank country income classification mapped to vulnerability weights,Natural Earth country boundaries via datasets/geo-countries,not used for RQ2 exposure rerun
15.0,83.25,0.0,0.5,UNASSIGNED,Unassigned/ocean,NA,Not classified,True,WorldPop Total Population 1km ArcGIS ImageServer,World Bank country income classification mapped to vulnerability weights,Natural Earth country boundaries via datasets/geo-countries,not used for RQ2 exposure rerun
15.0,84.0,0.0,0.5,UNASSIGNED,Unassigned/ocean,NA,Not classified,True,WorldPop Total Population 1km ArcGIS ImageServer,World Bank country income classification mapped to vulnerability weights,Natural Earth country boundaries via datasets/geo-countries,not used for RQ2 exposure rerun
15.0,84.75,0.0,0.5,UNASSIGNED,Unassigned/ocean,NA,Not classified,True,WorldPop Total Population 1km ArcGIS ImageServer,World Bank country income classification mapped to vulnerability weights,Natural Earth country boundaries via datasets/geo-countries,not used for RQ2 exposure rerun
15.0,95.25,0.0,0.5,UNASSIGNED,Unassigned/ocean,NA,Not classified,False,WorldPop Total Population 1km ArcGIS ImageServer,World Bank country income classification mapped to vulnerability weights,Natural Earth country boundaries via datasets/geo-countries,not used for RQ2 exposure rerun
15.0,96.0,0.0,0.5,UNASSIGNED,Unassigned/ocean,NA,Not classified,False,WorldPop Total Population 1km ArcGIS ImageServer,World Bank country income classification mapped to vulnerability weights,Natural Earth country boundaries via datasets/geo-countries,not used for RQ2 exposure rerun
15.0,99.75,0.0,0.5,THA,Thailand,UMC,Upper middle income,False,WorldPop Total Population 1km ArcGIS ImageServer,World Bank country income classification mapped to vulnerability weights,Natural Earth country boundaries via datasets/geo-countries,not used for RQ2 exposure rerun
15.0,100.5,1382354.4165859194,0.5,THA,Thailand,UMC,Upper middle income,True,WorldPop Total Population 1km ArcGIS ImageServer,World Bank country income classification mapped to vulnerability weights,Natural Earth country boundaries via datasets/geo-countries,not used for RQ2 exposure rerun
15.0,101.25,538217.999188005,0.5,THA,Thailand,UMC,Upper middle income,True,WorldPop Total Population 1km ArcGIS ImageServer,World Bank country income classification mapped to vulnerability weights,Natural Earth country boundaries via datasets/geo-countries,not used for RQ2 exposure rerun
15.0,102.0,1167662.1476976203,0.5,THA,Thailand,UMC,Upper middle income,True,WorldPop Total Population 1km ArcGIS ImageServer,World Bank country income classification mapped to vulnerability weights,Natural Earth country boundaries via datasets/geo-countries,not used for RQ2 exposure rerun
15.0,102.75,1010657.8349976537,0.5,THA,Thailand,UMC,Upper middle income,True,WorldPop Total Population 1km ArcGIS ImageServer,World Bank country income classification mapped to vulnerability weights,Natural Earth country boundaries via datasets/geo-countries,not used for RQ2 exposure rerun
15.0,103.5,1194443.473847387,0.5,THA,Thailand,UMC,Upper middle income,True,WorldPop Total Population 1km ArcGIS ImageServer,World Bank country income classification mapped to vulnerability weights,Natural Earth country boundaries via datasets/geo-countries,not used for RQ2 exposure rerun
15.0,104.25,1086704.7236052712,0.5,THA,Thailand,UMC,Upper middle income,True,WorldPop Total Population 1km ArcGIS ImageServer,World Bank country income classification mapped to vulnerability weights,Natural Earth country boundaries via datasets/geo-countries,not used for RQ2 exposure rerun
15.0,105.0,1016922.4763196385,0.5,THA,Thailand,UMC,Upper middle income,True,WorldPop Total Population 1km ArcGIS ImageServer,World Bank country income classification mapped to vulnerability weights,Natural Earth country boundaries via datasets/geo-countries,not used for RQ2 exposure rerun
15.0,105.75,435699.71999701107,0.75,LAO,Laos,LMC,Lower middle income,True,WorldPop Total Population 1km ArcGIS ImageServer,World Bank country income classification mapped to vulnerability weights,Natural Earth country boundaries via datasets/geo-countries,not used for RQ2 exposure rerun
15.0,106.5,125480.7667886724,0.75,LAO,Laos,LMC,Lower middle income,True,WorldPop Total Population 1km ArcGIS ImageServer,World Bank country income classification mapped to vulnerability weights,Natural Earth country boundaries via datasets/geo-countries,not used for RQ2 exposure rerun
15.0,107.25,55609.01670332262,0.75,LAO,Laos,LMC,Lower middle income,True,WorldPop Total Population 1km ArcGIS ImageServer,World Bank country income classification mapped to vulnerability weights,Natural Earth country boundaries via datasets/geo-countries,not used for RQ2 exposure rerun
15.0,108.0,187028.02224588336,0.5,VNM,Vietnam,UMC,Upper middle income,True,WorldPop Total Population 1km ArcGIS ImageServer,World Bank country income classification mapped to vulnerability weights,Natural Earth country boundaries via datasets/geo-countries,not used for RQ2 exposure rerun
15.0,108.75,1159884.6135303946,0.5,VNM,Vietnam,UMC,Upper middle income,True,WorldPop Total Population 1km ArcGIS ImageServer,World Bank country income classification mapped to vulnerability weights,Natural Earth country boundaries via datasets/geo-countries,not used for RQ2 exposure rerun
15.0,109.5,508.8714599609375,0.5,UNASSIGNED,Unassigned/ocean,NA,Not classified,True,WorldPop Total Population 1km ArcGIS ImageServer,World Bank country income classification mapped to vulnerability weights,Natural Earth country boundaries via datasets/geo-countries,not used for RQ2 exposure rerun
15.0,110.25,0.0,0.5,UNASSIGNED,Unassigned/ocean,NA,Not classified,True,WorldPop Total Population 1km ArcGIS ImageServer,World Bank country income classification mapped to vulnerability weights,Natural Earth country boundaries via datasets/geo-countries,not used for RQ2 exposure rerun
15.0,111.0,0.0,0.5,UNASSIGNED,Unassigned/ocean,NA,Not classified,True,WorldPop Total Population 1km ArcGIS ImageServer,World Bank country income classification mapped to vulnerability weights,Natural Earth country boundaries via datasets/geo-countries,not used for RQ2 exposure rerun
15.0,111.75,0.0,0.5,UNASSIGNED,Unassigned/ocean,NA,Not classified,True,WorldPop Total Population 1km ArcGIS ImageServer,World Bank country income classification mapped to vulnerability weights,Natural Earth country boundaries via datasets/geo-countries,not used for RQ2 exposure rerun
15.0,112.5,0.0,0.5,UNASSIGNED,Unassigned/ocean,NA,Not classified,True,WorldPop Total Population 1km ArcGIS ImageServer,World Bank country income classification mapped to vulnerability weights,Natural Earth country boundaries via datasets/geo-countries,not used for RQ2 exposure rerun
15.0,113.25,0.0,0.5,UNASSIGNED,Unassigned/ocean,NA,Not classified,True,WorldPop Total Population 1km ArcGIS ImageServer,World Bank country income classification mapped to vulnerability weights,Natural Earth country boundaries via datasets/geo-countries,not used for RQ2 exposure rerun
15.0,114.0,0.0,0.5,UNASSIGNED,Unassigned/ocean,NA,Not classified,True,WorldPop Total Population 1km ArcGIS ImageServer,World Bank country income classification mapped to vulnerability weights,Natural Earth country boundaries via datasets/geo-countries,not used for RQ2 exposure rerun
15.0,114.75,0.0,0.5,UNASSIGNED,Unassigned/ocean,NA,Not classified,True,WorldPop Total Population 1km ArcGIS ImageServer,World Bank country income classification mapped to vulnerability weights,Natural Earth country boundaries via datasets/geo-countries,not used for RQ2 exposure rerun
15.0,115.5,0.0,0.5,UNASSIGNED,Unassigned/ocean,NA,Not classified,True,WorldPop Total Population 1km ArcGIS ImageServer,World Bank country income classification mapped to vulnerability weights,Natural Earth country boundaries via datasets/geo-countries,not used for RQ2 exposure rerun
15.0,118.5,0.0,0.5,UNASSIGNED,Unassigned/ocean,NA,Not classified,True,WorldPop Total Population 1km ArcGIS ImageServer,World Bank country income classification mapped to vulnerability weights,Natural Earth country boundaries via datasets/geo-countries,not used for RQ2 exposure rerun
15.0,119.25,0.0,0.5,UNASSIGNED,Unassigned/ocean,NA,Not classified,True,WorldPop Total Population 1km ArcGIS ImageServer,World Bank country income classification mapped to vulnerability weights,Natural Earth country boundaries via datasets/geo-countries,not used for RQ2 exposure rerun
15.0,120.0,553801.8057497744,0.5,PHL,Philippines,UMC,Upper middle income,True,WorldPop Total Population 1km ArcGIS ImageServer,World Bank country income classification mapped to vulnerability weights,Natural Earth country boundaries via datasets/geo-countries,not used for RQ2 exposure rerun
15.0,120.75,10755477.47851429,0.5,PHL,Philippines,UMC,Upper middle income,True,WorldPop Total Population 1km ArcGIS ImageServer,World Bank country income classification mapped to vulnerability weights,Natural Earth country boundaries via datasets/geo-countries,not used for RQ2 exposure rerun
15.0,121.5,494958.18188273814,0.5,PHL,Philippines,UMC,Upper middle income,True,WorldPop Total Population 1km ArcGIS ImageServer,World Bank country income classification mapped to vulnerability weights,Natural Earth country boundaries via datasets/geo-countries,not used for RQ2 exposure rerun
15.0,122.25,66304.66711866857,0.5,PHL,Philippines,UMC,Upper middle income,True,WorldPop Total Population 1km ArcGIS ImageServer,World Bank country income classification mapped to vulnerability weights,Natural Earth country boundaries via datasets/geo-countries,not used for RQ2 exposure rerun
15.0,123.0,0.0,0.5,UNASSIGNED,Unassigned/ocean,NA,Not classified,True,WorldPop Total Population 1km ArcGIS ImageServer,World Bank country income classification mapped to vulnerability weights,Natural Earth country boundaries via datasets/geo-countries,not used for RQ2 exposure rerun
15.0,123.75,0.0,0.5,UNASSIGNED,Unassigned/ocean,NA,Not classified,True,WorldPop Total Population 1km ArcGIS ImageServer,World Bank country income classification mapped to vulnerability weights,Natural Earth country boundaries via datasets/geo-countries,not used for RQ2 exposure rerun
15.0,124.5,0.0,0.5,UNASSIGNED,Unassigned/ocean,NA,Not classified,True,WorldPop Total Population 1km ArcGIS ImageServer,World Bank country income classification mapped to vulnerability weights,Natural Earth country boundaries via datasets/geo-countries,not used for RQ2 exposure rerun
15.0,125.25,0.0,0.5,UNASSIGNED,Unassigned/ocean,NA,Not classified,True,WorldPop Total Population 1km ArcGIS ImageServer,World Bank country income classification mapped to vulnerability weights,Natural Earth country boundaries via datasets/geo-countries,not used for RQ2 exposure rerun
15.0,126.0,0.0,0.5,UNASSIGNED,Unassigned/ocean,NA,Not classified,True,WorldPop Total Population 1km ArcGIS ImageServer,World Bank country income classification mapped to vulnerability weights,Natural Earth country boundaries via datasets/geo-countries,not used for RQ2 exposure rerun
15.0,126.75,0.0,0.5,UNASSIGNED,Unassigned/ocean,NA,Not classified,True,WorldPop Total Population 1km ArcGIS ImageServer,World Bank country income classification mapped to vulnerability weights,Natural Earth country boundaries via datasets/geo-countries,not used for RQ2 exposure rerun
15.0,127.5,0.0,0.5,UNASSIGNED,Unassigned/ocean,NA,Not classified,True,WorldPop Total Population 1km ArcGIS ImageServer,World Bank country income classification mapped to vulnerability weights,Natural Earth country boundaries via datasets/geo-countries,not used for RQ2 exposure rerun
15.0,128.25,0.0,0.5,UNASSIGNED,Unassigned/ocean,NA,Not classified,True,WorldPop Total Population 1km ArcGIS ImageServer,World Bank country income classification mapped to vulnerability weights,Natural Earth country boundaries via datasets/geo-countries,not used for RQ2 exposure rerun
15.0,129.0,0.0,0.5,UNASSIGNED,Unassigned/ocean,NA,Not classified,True,WorldPop Total Population 1km ArcGIS ImageServer,World Bank country income classification mapped to vulnerability weights,Natural Earth country boundaries via datasets/geo-countries,not used for RQ2 exposure rerun
15.0,129.75,0.0,0.5,UNASSIGNED,Unassigned/ocean,NA,Not classified,True,WorldPop Total Population 1km ArcGIS ImageServer,World Bank country income classification mapped to vulnerability weights,Natural Earth country boundaries via datasets/geo-countries,not used for RQ2 exposure rerun
15.0,130.5,0.0,0.5,UNASSIGNED,Unassigned/ocean,NA,Not classified,True,WorldPop Total Population 1km ArcGIS ImageServer,World Bank country income classification mapped to vulnerability weights,Natural Earth country boundaries via datasets/geo-countries,not used for RQ2 exposure rerun
15.0,131.25,0.0,0.5,UNASSIGNED,Unassigned/ocean,NA,Not classified,True,WorldPop Total Population 1km ArcGIS ImageServer,World Bank country income classification mapped to vulnerability weights,Natural Earth country boundaries via datasets/geo-countries,not used for RQ2 exposure rerun
15.0,132.0,0.0,0.5,UNASSIGNED,Unassigned/ocean,NA,Not classified,True,WorldPop Total Population 1km ArcGIS ImageServer,World Bank country income classification mapped to vulnerability weights,Natural Earth country boundaries via datasets/geo-countries,not used for RQ2 exposure rerun
15.0,135.75,0.0,0.5,UNASSIGNED,Unassigned/ocean,NA,Not classified,True,WorldPop Total Population 1km ArcGIS ImageServer,World Bank country income classification mapped to vulnerability weights,Natural Earth country boundaries via datasets/geo-countries,not used for RQ2 exposure rerun
15.0,136.5,0.0,0.5,UNASSIGNED,Unassigned/ocean,NA,Not classified,True,WorldPop Total Population 1km ArcGIS ImageServer,World Bank country income classification mapped to vulnerability weights,Natural Earth country boundaries via datasets/geo-countries,not used for RQ2 exposure rerun
15.75,-132.0,0.0,0.5,UNASSIGNED,Unassigned/ocean,NA,Not classified,True,WorldPop Total Population 1km ArcGIS ImageServer,World Bank country income classification mapped to vulnerability weights,Natural Earth country boundaries via datasets/geo-countries,not used for RQ2 exposure rerun
15.75,-131.25,0.0,0.5,UNASSIGNED,Unassigned/ocean,NA,Not classified,True,WorldPop Total Population 1km ArcGIS ImageServer,World Bank country income classification mapped to vulnerability weights,Natural Earth country boundaries via datasets/geo-countries,not used for RQ2 exposure rerun
15.75,-130.5,0.0,0.5,UNASSIGNED,Unassigned/ocean,NA,Not classified,True,WorldPop Total Population 1km ArcGIS ImageServer,World Bank country income classification mapped to vulnerability weights,Natural Earth country boundaries via datasets/geo-countries,not used for RQ2 exposure rerun
15.75,-129.75,0.0,0.5,UNASSIGNED,Unassigned/ocean,NA,Not classified,True,WorldPop Total Population 1km ArcGIS ImageServer,World Bank country income classification mapped to vulnerability weights,Natural Earth country boundaries via datasets/geo-countries,not used for RQ2 exposure rerun
15.75,-129.0,0.0,0.5,UNASSIGNED,Unassigned/ocean,NA,Not classified,True,WorldPop Total Population 1km ArcGIS ImageServer,World Bank country income classification mapped to vulnerability weights,Natural Earth country boundaries via datasets/geo-countries,not used for RQ2 exposure rerun
15.75,-128.25,0.0,0.5,UNASSIGNED,Unassigned/ocean,NA,Not classified,True,WorldPop Total Population 1km ArcGIS ImageServer,World Bank country income classification mapped to vulnerability weights,Natural Earth country boundaries via datasets/geo-countries,not used for RQ2 exposure rerun
15.75,-127.5,0.0,0.5,UNASSIGNED,Unassigned/ocean,NA,Not classified,True,WorldPop Total Population 1km ArcGIS ImageServer,World Bank country income classification mapped to vulnerability weights,Natural Earth country boundaries via datasets/geo-countries,not used for RQ2 exposure rerun
15.75,-126.75,0.0,0.5,UNASSIGNED,Unassigned/ocean,NA,Not classified,True,WorldPop Total Population 1km ArcGIS ImageServer,World Bank country income classification mapped to vulnerability weights,Natural Earth country boundaries via datasets/geo-countries,not used for RQ2 exposure rerun
15.75,-126.0,0.0,0.5,UNASSIGNED,Unassigned/ocean,NA,Not classified,True,WorldPop Total Population 1km ArcGIS ImageServer,World Bank country income classification mapped to vulnerability weights,Natural Earth country boundaries via datasets/geo-countries,not used for RQ2 exposure rerun
15.75,-125.25,0.0,0.5,UNASSIGNED,Unassigned/ocean,NA,Not classified,True,WorldPop Total Population 1km ArcGIS ImageServer,World Bank country income classification mapped to vulnerability weights,Natural Earth country boundaries via datasets/geo-countries,not used for RQ2 exposure rerun
15.75,-124.5,0.0,0.5,UNASSIGNED,Unassigned/ocean,NA,Not classified,True,WorldPop Total Population 1km ArcGIS ImageServer,World Bank country income classification mapped to vulnerability weights,Natural Earth country boundaries via datasets/geo-countries,not used for RQ2 exposure rerun
15.75,-123.75,0.0,0.5,UNASSIGNED,Unassigned/ocean,NA,Not classified,True,WorldPop Total Population 1km ArcGIS ImageServer,World Bank country income classification mapped to vulnerability weights,Natural Earth country boundaries via datasets/geo-countries,not used for RQ2 exposure rerun
15.75,-123.0,0.0,0.5,UNASSIGNED,Unassigned/ocean,NA,Not classified,True,WorldPop Total Population 1km ArcGIS ImageServer,World Bank country income classification mapped to vulnerability weights,Natural Earth country boundaries via datasets/geo-countries,not used for RQ2 exposure rerun
15.75,-122.25,0.0,0.5,UNASSIGNED,Unassigned/ocean,NA,Not classified,True,WorldPop Total Population 1km ArcGIS ImageServer,World Bank country income classification mapped to vulnerability weights,Natural Earth country boundaries via datasets/geo-countries,not used for RQ2 exposure rerun
15.75,-121.5,0.0,0.5,UNASSIGNED,Unassigned/ocean,NA,Not classified,True,WorldPop Total Population 1km ArcGIS ImageServer,World Bank country income classification mapped to vulnerability weights,Natural Earth country boundaries via datasets/geo-countries,not used for RQ2 exposure rerun
15.75,-120.75,0.0,0.5,UNASSIGNED,Unassigned/ocean,NA,Not classified,True,WorldPop Total Population 1km ArcGIS ImageServer,World Bank country income classification mapped to vulnerability weights,Natural Earth country boundaries via datasets/geo-countries,not used for RQ2 exposure rerun
15.75,-84.0,7823.6824913583605,0.75,HND,Honduras,LMC,Lower middle income,True,WorldPop Total Population 1km ArcGIS ImageServer,World Bank country income classification mapped to vulnerability weights,Natural Earth country boundaries via datasets/geo-countries,not used for RQ2 exposure rerun
15.75,-83.25,25.646405935287476,0.5,UNASSIGNED,Unassigned/ocean,NA,Not classified,True,WorldPop Total Population 1km ArcGIS ImageServer,World Bank country income classification mapped to vulnerability weights,Natural Earth country boundaries via datasets/geo-countries,not used for RQ2 exposure rerun
15.75,-82.5,19.105035543441772,0.5,UNASSIGNED,Unassigned/ocean,NA,Not classified,True,WorldPop Total Population 1km ArcGIS ImageServer,World Bank country income classification mapped to vulnerability weights,Natural Earth country boundaries via datasets/geo-countries,not used for RQ2 exposure rerun
15.75,-81.75,0.0,0.5,UNASSIGNED,Unassigned/ocean,NA,Not classified,True,WorldPop Total Population 1km ArcGIS ImageServer,World Bank country income classification mapped to vulnerability weights,Natural Earth country boundaries via datasets/geo-countries,not used for RQ2 exposure rerun
15.75,-81.0,0.0,0.5,UNASSIGNED,Unassigned/ocean,NA,Not classified,True,WorldPop Total Population 1km ArcGIS ImageServer,World Bank country income classification mapped to vulnerability weights,Natural Earth country boundaries via datasets/geo-countries,not used for RQ2 exposure rerun
15.75,-80.25,0.0,0.5,-99,Bajo Nuevo Bank (Petrel Is.),NA,Not classified,True,WorldPop Total Population 1km ArcGIS ImageServer,World Bank country income classification mapped to vulnerability weights,Natural Earth country boundaries via datasets/geo-countries,not used for RQ2 exposure rerun
15.75,-79.5,0.29537894017994404,0.5,UNASSIGNED,Unassigned/ocean,NA,Not classified,True,WorldPop Total Population 1km ArcGIS ImageServer,World Bank country income classification mapped to vulnerability weights,Natural Earth country boundaries via datasets/geo-countries,not used for RQ2 exposure rerun
15.75,-78.75,0.982477649115026,0.5,-99,Serranilla Bank,NA,Not classified,True,WorldPop Total Population 1km ArcGIS ImageServer,World Bank country income classification mapped to vulnerability weights,Natural Earth country boundaries via datasets/geo-countries,not used for RQ2 exposure rerun
15.75,-78.0,0.0,0.5,UNASSIGNED,Unassigned/ocean,NA,Not classified,True,WorldPop Total Population 1km ArcGIS ImageServer,World Bank country income classification mapped to vulnerability weights,Natural Earth country boundaries via datasets/geo-countries,not used for RQ2 exposure rerun
15.75,-77.25,0.0,0.5,UNASSIGNED,Unassigned/ocean,NA,Not classified,True,WorldPop Total Population 1km ArcGIS ImageServer,World Bank country income classification mapped to vulnerability weights,Natural Earth country boundaries via datasets/geo-countries,not used for RQ2 exposure rerun
15.75,-76.5,0.0,0.5,UNASSIGNED,Unassigned/ocean,NA,Not classified,True,WorldPop Total Population 1km ArcGIS ImageServer,World Bank country income classification mapped to vulnerability weights,Natural Earth country boundaries via datasets/geo-countries,not used for RQ2 exposure rerun
15.75,-75.75,0.0,0.5,UNASSIGNED,Unassigned/ocean,NA,Not classified,True,WorldPop Total Population 1km ArcGIS ImageServer,World Bank country income classification mapped to vulnerability weights,Natural Earth country boundaries via datasets/geo-countries,not used for RQ2 exposure rerun
15.75,-75.0,0.0,0.5,UNASSIGNED,Unassigned/ocean,NA,Not classified,True,WorldPop Total Population 1km ArcGIS ImageServer,World Bank country income classification mapped to vulnerability weights,Natural Earth country boundaries via datasets/geo-countries,not used for RQ2 exposure rerun
15.75,-74.25,0.0,0.5,UNASSIGNED,Unassigned/ocean,NA,Not classified,True,WorldPop Total Population 1km ArcGIS ImageServer,World Bank country income classification mapped to vulnerability weights,Natural Earth country boundaries via datasets/geo-countries,not used for RQ2 exposure rerun
15.75,-73.5,0.0,0.5,UNASSIGNED,Unassigned/ocean,NA,Not classified,True,WorldPop Total Population 1km ArcGIS ImageServer,World Bank country income classification mapped to vulnerability weights,Natural Earth country boundaries via datasets/geo-countries,not used for RQ2 exposure rerun
15.75,-72.75,0.0,0.5,UNASSIGNED,Unassigned/ocean,NA,Not classified,True,WorldPop Total Population 1km ArcGIS ImageServer,World Bank country income classification mapped to vulnerability weights,Natural Earth country boundaries via datasets/geo-countries,not used for RQ2 exposure rerun
15.75,79.5,1024642.4878511428,0.75,IND,India,LMC,Lower middle income,True,WorldPop Total Population 1km ArcGIS ImageServer,World Bank country income classification mapped to vulnerability weights,Natural Earth country boundaries via datasets/geo-countries,not used for RQ2 exposure rerun
15.75,80.25,1811113.591091389,0.75,IND,India,LMC,Lower middle income,True,WorldPop Total Population 1km ArcGIS ImageServer,World Bank country income classification mapped to vulnerability weights,Natural Earth country boundaries via datasets/geo-countries,not used for RQ2 exposure rerun
15.75,81.0,449313.559843123,0.75,IND,India,LMC,Lower middle income,True,WorldPop Total Population 1km ArcGIS ImageServer,World Bank country income classification mapped to vulnerability weights,Natural Earth country boundaries via datasets/geo-countries,not used for RQ2 exposure rerun
15.75,81.75,0.0,0.5,UNASSIGNED,Unassigned/ocean,NA,Not classified,True,WorldPop Total Population 1km ArcGIS ImageServer,World Bank country income classification mapped to vulnerability weights,Natural Earth country boundaries via datasets/geo-countries,not used for RQ2 exposure rerun
15.75,82.5,0.0,0.5,UNASSIGNED,Unassigned/ocean,NA,Not classified,True,WorldPop Total Population 1km ArcGIS ImageServer,World Bank country income classification mapped to vulnerability weights,Natural Earth country boundaries via datasets/geo-countries,not used for RQ2 exposure rerun
15.75,83.25,0.0,0.5,UNASSIGNED,Unassigned/ocean,NA,Not classified,True,WorldPop Total Population 1km ArcGIS ImageServer,World Bank country income classification mapped to vulnerability weights,Natural Earth country boundaries via datasets/geo-countries,not used for RQ2 exposure rerun
15.75,84.0,0.0,0.5,UNASSIGNED,Unassigned/ocean,NA,Not classified,True,WorldPop Total Population 1km ArcGIS ImageServer,World Bank country income classification mapped to vulnerability weights,Natural Earth country boundaries via datasets/geo-countries,not used for RQ2 exposure rerun
15.75,96.0,0.0,0.75,MMR,Myanmar,LMC,Lower middle income,False,WorldPop Total Population 1km ArcGIS ImageServer,World Bank country income classification mapped to vulnerability weights,Natural Earth country boundaries via datasets/geo-countries,not used for RQ2 exposure rerun
15.75,96.75,0.0,0.5,UNASSIGNED,Unassigned/ocean,NA,Not classified,False,WorldPop Total Population 1km ArcGIS ImageServer,World Bank country income classification mapped to vulnerability weights,Natural Earth country boundaries via datasets/geo-countries,not used for RQ2 exposure rerun
15.75,97.5,0.0,0.75,MMR,Myanmar,LMC,Lower middle income,False,WorldPop Total Population 1km ArcGIS ImageServer,World Bank country income classification mapped to vulnerability weights,Natural Earth country boundaries via datasets/geo-countries,not used for RQ2 exposure rerun
15.75,99.75,0.0,0.5,THA,Thailand,UMC,Upper middle income,False,WorldPop Total Population 1km ArcGIS ImageServer,World Bank country income classification mapped to vulnerability weights,Natural Earth country boundaries via datasets/geo-countries,not used for RQ2 exposure rerun
15.75,100.5,667754.0854215604,0.5,THA,Thailand,UMC,Upper middle income,True,WorldPop Total Population 1km ArcGIS ImageServer,World Bank country income classification mapped to vulnerability weights,Natural Earth country boundaries via datasets/geo-countries,not used for RQ2 exposure rerun
15.75,101.25,488922.51208066795,0.5,THA,Thailand,UMC,Upper middle income,True,WorldPop Total Population 1km ArcGIS ImageServer,World Bank country income classification mapped to vulnerability weights,Natural Earth country boundaries via datasets/geo-countries,not used for RQ2 exposure rerun
15.75,102.0,777731.8154557922,0.5,THA,Thailand,UMC,Upper middle income,True,WorldPop Total Population 1km ArcGIS ImageServer,World Bank country income classification mapped to vulnerability weights,Natural Earth country boundaries via datasets/geo-countries,not used for RQ2 exposure rerun
15.75,102.75,1006065.7230713388,0.5,THA,Thailand,UMC,Upper middle income,True,WorldPop Total Population 1km ArcGIS ImageServer,World Bank country income classification mapped to vulnerability weights,Natural Earth country boundaries via datasets/geo-countries,not used for RQ2 exposure rerun
15.75,103.5,1068759.4683160782,0.5,THA,Thailand,UMC,Upper middle income,True,WorldPop Total Population 1km ArcGIS ImageServer,World Bank country income classification mapped to vulnerability weights,Natural Earth country boundaries via datasets/geo-countries,not used for RQ2 exposure rerun
15.75,104.25,978643.2045326227,0.5,THA,Thailand,UMC,Upper middle income,True,WorldPop Total Population 1km ArcGIS ImageServer,World Bank country income classification mapped to vulnerability weights,Natural Earth country boundaries via datasets/geo-countries,not used for RQ2 exposure rerun
15.75,105.0,695529.0508483655,0.5,THA,Thailand,UMC,Upper middle income,True,WorldPop Total Population 1km ArcGIS ImageServer,World Bank country income classification mapped to vulnerability weights,Natural Earth country boundaries via datasets/geo-countries,not used for RQ2 exposure rerun
15.75,105.75,216323.16470067203,0.75,LAO,Laos,LMC,Lower middle income,True,WorldPop Total Population 1km ArcGIS ImageServer,World Bank country income classification mapped to vulnerability weights,Natural Earth country boundaries via datasets/geo-countries,not used for RQ2 exposure rerun
15.75,106.5,168516.67600649214,0.75,LAO,Laos,LMC,Lower middle income,True,WorldPop Total Population 1km ArcGIS ImageServer,World Bank country income classification mapped to vulnerability weights,Natural Earth country boundaries via datasets/geo-countries,not used for RQ2 exposure rerun
15.75,107.25,51146.70227189731,0.5,VNM,Vietnam,UMC,Upper middle income,True,WorldPop Total Population 1km ArcGIS ImageServer,World Bank country income classification mapped to vulnerability weights,Natural Earth country boundaries via datasets/geo-countries,not used for RQ2 exposure rerun
15.75,108.0,1545711.8916132485,0.5,VNM,Vietnam,UMC,Upper middle income,True,WorldPop Total Population 1km ArcGIS ImageServer,World Bank country income classification mapped to vulnerability weights,Natural Earth country boundaries via datasets/geo-countries,not used for RQ2 exposure rerun
15.75,108.75,437299.1434861431,0.5,VNM,Vietnam,UMC,Upper middle income,True,WorldPop Total Population 1km ArcGIS ImageServer,World Bank country income classification mapped to vulnerability weights,Natural Earth country boundaries via datasets/geo-countries,not used for RQ2 exposure rerun
15.75,109.5,4150.912036895752,0.5,UNASSIGNED,Unassigned/ocean,NA,Not classified,True,WorldPop Total Population 1km ArcGIS ImageServer,World Bank country income classification mapped to vulnerability weights,Natural Earth country boundaries via datasets/geo-countries,not used for RQ2 exposure rerun
15.75,110.25,0.0,0.5,UNASSIGNED,Unassigned/ocean,NA,Not classified,True,WorldPop Total Population 1km ArcGIS ImageServer,World Bank country income classification mapped to vulnerability weights,Natural Earth country boundaries via datasets/geo-countries,not used for RQ2 exposure rerun
15.75,111.0,0.0,0.5,CHN,China,UMC,Upper middle income,True,WorldPop Total Population 1km ArcGIS ImageServer,World Bank country income classification mapped to vulnerability weights,Natural Earth country boundaries via datasets/geo-countries,not used for RQ2 exposure rerun
15.75,111.75,0.0,0.5,CHN,China,UMC,Upper middle income,True,WorldPop Total Population 1km ArcGIS ImageServer,World Bank country income classification mapped to vulnerability weights,Natural Earth country boundaries via datasets/geo-countries,not used for RQ2 exposure rerun
15.75,112.5,104.56554850935937,0.5,UNASSIGNED,Unassigned/ocean,NA,Not classified,True,WorldPop Total Population 1km ArcGIS ImageServer,World Bank country income classification mapped to vulnerability weights,Natural Earth country boundaries via datasets/geo-countries,not used for RQ2 exposure rerun
15.75,113.25,0.0,0.5,UNASSIGNED,Unassigned/ocean,NA,Not classified,True,WorldPop Total Population 1km ArcGIS ImageServer,World Bank country income classification mapped to vulnerability weights,Natural Earth country boundaries via datasets/geo-countries,not used for RQ2 exposure rerun
15.75,114.0,0.0,0.5,UNASSIGNED,Unassigned/ocean,NA,Not classified,True,WorldPop Total Population 1km ArcGIS ImageServer,World Bank country income classification mapped to vulnerability weights,Natural Earth country boundaries via datasets/geo-countries,not used for RQ2 exposure rerun
15.75,114.75,0.0,0.5,UNASSIGNED,Unassigned/ocean,NA,Not classified,True,WorldPop Total Population 1km ArcGIS ImageServer,World Bank country income classification mapped to vulnerability weights,Natural Earth country boundaries via datasets/geo-countries,not used for RQ2 exposure rerun
15.75,116.25,0.0,0.5,UNASSIGNED,Unassigned/ocean,NA,Not classified,True,WorldPop Total Population 1km ArcGIS ImageServer,World Bank country income classification mapped to vulnerability weights,Natural Earth country boundaries via datasets/geo-countries,not used for RQ2 exposure rerun
15.75,117.0,0.0,0.5,UNASSIGNED,Unassigned/ocean,NA,Not classified,True,WorldPop Total Population 1km ArcGIS ImageServer,World Bank country income classification mapped to vulnerability weights,Natural Earth country boundaries via datasets/geo-countries,not used for RQ2 exposure rerun
15.75,117.75,0.0,0.5,UNASSIGNED,Unassigned/ocean,NA,Not classified,True,WorldPop Total Population 1km ArcGIS ImageServer,World Bank country income classification mapped to vulnerability weights,Natural Earth country boundaries via datasets/geo-countries,not used for RQ2 exposure rerun
15.75,118.5,0.0,0.5,UNASSIGNED,Unassigned/ocean,NA,Not classified,True,WorldPop Total Population 1km ArcGIS ImageServer,World Bank country income classification mapped to vulnerability weights,Natural Earth country boundaries via datasets/geo-countries,not used for RQ2 exposure rerun
15.75,119.25,0.0,0.5,UNASSIGNED,Unassigned/ocean,NA,Not classified,True,WorldPop Total Population 1km ArcGIS ImageServer,World Bank country income classification mapped to vulnerability weights,Natural Earth country boundaries via datasets/geo-countries,not used for RQ2 exposure rerun
15.75,120.0,930769.173014403,0.5,PHL,Philippines,UMC,Upper middle income,True,WorldPop Total Population 1km ArcGIS ImageServer,World Bank country income classification mapped to vulnerability weights,Natural Earth country boundaries via datasets/geo-countries,not used for RQ2 exposure rerun
15.75,120.75,3293261.1656869557,0.5,PHL,Philippines,UMC,Upper middle income,True,WorldPop Total Population 1km ArcGIS ImageServer,World Bank country income classification mapped to vulnerability weights,Natural Earth country boundaries via datasets/geo-countries,not used for RQ2 exposure rerun
15.75,121.5,279644.21562850435,0.5,PHL,Philippines,UMC,Upper middle income,True,WorldPop Total Population 1km ArcGIS ImageServer,World Bank country income classification mapped to vulnerability weights,Natural Earth country boundaries via datasets/geo-countries,not used for RQ2 exposure rerun
15.75,122.25,514.5348262190818,0.5,PHL,Philippines,UMC,Upper middle income,True,WorldPop Total Population 1km ArcGIS ImageServer,World Bank country income classification mapped to vulnerability weights,Natural Earth country boundaries via datasets/geo-countries,not used for RQ2 exposure rerun
15.75,123.0,0.0,0.5,UNASSIGNED,Unassigned/ocean,NA,Not classified,True,WorldPop Total Population 1km ArcGIS ImageServer,World Bank country income classification mapped to vulnerability weights,Natural Earth country boundaries via datasets/geo-countries,not used for RQ2 exposure rerun
15.75,123.75,0.0,0.5,UNASSIGNED,Unassigned/ocean,NA,Not classified,True,WorldPop Total Population 1km ArcGIS ImageServer,World Bank country income classification mapped to vulnerability weights,Natural Earth country boundaries via datasets/geo-countries,not used for RQ2 exposure rerun
15.75,124.5,0.0,0.5,UNASSIGNED,Unassigned/ocean,NA,Not classified,True,WorldPop Total Population 1km ArcGIS ImageServer,World Bank country income classification mapped to vulnerability weights,Natural Earth country boundaries via datasets/geo-countries,not used for RQ2 exposure rerun
15.75,125.25,0.0,0.5,UNASSIGNED,Unassigned/ocean,NA,Not classified,True,WorldPop Total Population 1km ArcGIS ImageServer,World Bank country income classification mapped to vulnerability weights,Natural Earth country boundaries via datasets/geo-countries,not used for RQ2 exposure rerun
15.75,126.0,0.0,0.5,UNASSIGNED,Unassigned/ocean,NA,Not classified,True,WorldPop Total Population 1km ArcGIS ImageServer,World Bank country income classification mapped to vulnerability weights,Natural Earth country boundaries via datasets/geo-countries,not used for RQ2 exposure rerun
15.75,126.75,0.0,0.5,UNASSIGNED,Unassigned/ocean,NA,Not classified,True,WorldPop Total Population 1km ArcGIS ImageServer,World Bank country income classification mapped to vulnerability weights,Natural Earth country boundaries via datasets/geo-countries,not used for RQ2 exposure rerun
15.75,127.5,0.0,0.5,UNASSIGNED,Unassigned/ocean,NA,Not classified,True,WorldPop Total Population 1km ArcGIS ImageServer,World Bank country income classification mapped to vulnerability weights,Natural Earth country boundaries via datasets/geo-countries,not used for RQ2 exposure rerun
15.75,128.25,0.0,0.5,UNASSIGNED,Unassigned/ocean,NA,Not classified,True,WorldPop Total Population 1km ArcGIS ImageServer,World Bank country income classification mapped to vulnerability weights,Natural Earth country boundaries via datasets/geo-countries,not used for RQ2 exposure rerun
15.75,129.0,0.0,0.5,UNASSIGNED,Unassigned/ocean,NA,Not classified,True,WorldPop Total Population 1km ArcGIS ImageServer,World Bank country income classification mapped to vulnerability weights,Natural Earth country boundaries via datasets/geo-countries,not used for RQ2 exposure rerun
15.75,129.75,0.0,0.5,UNASSIGNED,Unassigned/ocean,NA,Not classified,True,WorldPop Total Population 1km ArcGIS ImageServer,World Bank country income classification mapped to vulnerability weights,Natural Earth country boundaries via datasets/geo-countries,not used for RQ2 exposure rerun
15.75,130.5,0.0,0.5,UNASSIGNED,Unassigned/ocean,NA,Not classified,True,WorldPop Total Population 1km ArcGIS ImageServer,World Bank country income classification mapped to vulnerability weights,Natural Earth country boundaries via datasets/geo-countries,not used for RQ2 exposure rerun
15.75,131.25,0.0,0.5,UNASSIGNED,Unassigned/ocean,NA,Not classified,True,WorldPop Total Population 1km ArcGIS ImageServer,World Bank country income classification mapped to vulnerability weights,Natural Earth country boundaries via datasets/geo-countries,not used for RQ2 exposure rerun
15.75,132.0,0.0,0.5,UNASSIGNED,Unassigned/ocean,NA,Not classified,True,WorldPop Total Population 1km ArcGIS ImageServer,World Bank country income classification mapped to vulnerability weights,Natural Earth country boundaries via datasets/geo-countries,not used for RQ2 exposure rerun
15.75,132.75,0.0,0.5,UNASSIGNED,Unassigned/ocean,NA,Not classified,False,WorldPop Total Population 1km ArcGIS ImageServer,World Bank country income classification mapped to vulnerability weights,Natural Earth country boundaries via datasets/geo-countries,not used for RQ2 exposure rerun
15.75,134.25,0.0,0.5,UNASSIGNED,Unassigned/ocean,NA,Not classified,True,WorldPop Total Population 1km ArcGIS ImageServer,World Bank country income classification mapped to vulnerability weights,Natural Earth country boundaries via datasets/geo-countries,not used for RQ2 exposure rerun
16.5,-132.0,0.0,0.5,UNASSIGNED,Unassigned/ocean,NA,Not classified,False,WorldPop Total Population 1km ArcGIS ImageServer,World Bank country income classification mapped to vulnerability weights,Natural Earth country boundaries via datasets/geo-countries,not used for RQ2 exposure rerun
16.5,-131.25,0.0,0.5,UNASSIGNED,Unassigned/ocean,NA,Not classified,True,WorldPop Total Population 1km ArcGIS ImageServer,World Bank country income classification mapped to vulnerability weights,Natural Earth country boundaries via datasets/geo-countries,not used for RQ2 exposure rerun
16.5,-130.5,0.0,0.5,UNASSIGNED,Unassigned/ocean,NA,Not classified,True,WorldPop Total Population 1km ArcGIS ImageServer,World Bank country income classification mapped to vulnerability weights,Natural Earth country boundaries via datasets/geo-countries,not used for RQ2 exposure rerun
16.5,-129.75,0.0,0.5,UNASSIGNED,Unassigned/ocean,NA,Not classified,True,WorldPop Total Population 1km ArcGIS ImageServer,World Bank country income classification mapped to vulnerability weights,Natural Earth country boundaries via datasets/geo-countries,not used for RQ2 exposure rerun
16.5,-129.0,0.0,0.5,UNASSIGNED,Unassigned/ocean,NA,Not classified,True,WorldPop Total Population 1km ArcGIS ImageServer,World Bank country income classification mapped to vulnerability weights,Natural Earth country boundaries via datasets/geo-countries,not used for RQ2 exposure rerun
16.5,-128.25,0.0,0.5,UNASSIGNED,Unassigned/ocean,NA,Not classified,True,WorldPop Total Population 1km ArcGIS ImageServer,World Bank country income classification mapped to vulnerability weights,Natural Earth country boundaries via datasets/geo-countries,not used for RQ2 exposure rerun
16.5,-127.5,0.0,0.5,UNASSIGNED,Unassigned/ocean,NA,Not classified,True,WorldPop Total Population 1km ArcGIS ImageServer,World Bank country income classification mapped to vulnerability weights,Natural Earth country boundaries via datasets/geo-countries,not used for RQ2 exposure rerun
16.5,-126.75,0.0,0.5,UNASSIGNED,Unassigned/ocean,NA,Not classified,True,WorldPop Total Population 1km ArcGIS ImageServer,World Bank country income classification mapped to vulnerability weights,Natural Earth country boundaries via datasets/geo-countries,not used for RQ2 exposure rerun
16.5,-126.0,0.0,0.5,UNASSIGNED,Unassigned/ocean,NA,Not classified,True,WorldPop Total Population 1km ArcGIS ImageServer,World Bank country income classification mapped to vulnerability weights,Natural Earth country boundaries via datasets/geo-countries,not used for RQ2 exposure rerun
16.5,-125.25,0.0,0.5,UNASSIGNED,Unassigned/ocean,NA,Not classified,True,WorldPop Total Population 1km ArcGIS ImageServer,World Bank country income classification mapped to vulnerability weights,Natural Earth country boundaries via datasets/geo-countries,not used for RQ2 exposure rerun
16.5,-124.5,0.0,0.5,UNASSIGNED,Unassigned/ocean,NA,Not classified,True,WorldPop Total Population 1km ArcGIS ImageServer,World Bank country income classification mapped to vulnerability weights,Natural Earth country boundaries via datasets/geo-countries,not used for RQ2 exposure rerun
16.5,-123.75,0.0,0.5,UNASSIGNED,Unassigned/ocean,NA,Not classified,True,WorldPop Total Population 1km ArcGIS ImageServer,World Bank country income classification mapped to vulnerability weights,Natural Earth country boundaries via datasets/geo-countries,not used for RQ2 exposure rerun
16.5,-122.25,0.0,0.5,UNASSIGNED,Unassigned/ocean,NA,Not classified,True,WorldPop Total Population 1km ArcGIS ImageServer,World Bank country income classification mapped to vulnerability weights,Natural Earth country boundaries via datasets/geo-countries,not used for RQ2 exposure rerun
16.5,-121.5,0.0,0.5,UNASSIGNED,Unassigned/ocean,NA,Not classified,True,WorldPop Total Population 1km ArcGIS ImageServer,World Bank country income classification mapped to vulnerability weights,Natural Earth country boundaries via datasets/geo-countries,not used for RQ2 exposure rerun
16.5,-84.0,0.0,0.5,UNASSIGNED,Unassigned/ocean,NA,Not classified,True,WorldPop Total Population 1km ArcGIS ImageServer,World Bank country income classification mapped to vulnerability weights,Natural Earth country boundaries via datasets/geo-countries,not used for RQ2 exposure rerun
16.5,-83.25,0.0,0.5,UNASSIGNED,Unassigned/ocean,NA,Not classified,True,WorldPop Total Population 1km ArcGIS ImageServer,World Bank country income classification mapped to vulnerability weights,Natural Earth country boundaries via datasets/geo-countries,not used for RQ2 exposure rerun
16.5,-81.75,0.0,0.5,UNASSIGNED,Unassigned/ocean,NA,Not classified,True,WorldPop Total Population 1km ArcGIS ImageServer,World Bank country income classification mapped to vulnerability weights,Natural Earth country boundaries via datasets/geo-countries,not used for RQ2 exposure rerun
16.5,-81.0,0.0,0.5,UNASSIGNED,Unassigned/ocean,NA,Not classified,True,WorldPop Total Population 1km ArcGIS ImageServer,World Bank country income classification mapped to vulnerability weights,Natural Earth country boundaries via datasets/geo-countries,not used for RQ2 exposure rerun
16.5,-80.25,0.0,0.5,UNASSIGNED,Unassigned/ocean,NA,Not classified,True,WorldPop Total Population 1km ArcGIS ImageServer,World Bank country income classification mapped to vulnerability weights,Natural Earth country boundaries via datasets/geo-countries,not used for RQ2 exposure rerun
16.5,-79.5,0.0,0.5,UNASSIGNED,Unassigned/ocean,NA,Not classified,True,WorldPop Total Population 1km ArcGIS ImageServer,World Bank country income classification mapped to vulnerability weights,Natural Earth country boundaries via datasets/geo-countries,not used for RQ2 exposure rerun
16.5,-78.75,0.0,0.5,UNASSIGNED,Unassigned/ocean,NA,Not classified,True,WorldPop Total Population 1km ArcGIS ImageServer,World Bank country income classification mapped to vulnerability weights,Natural Earth country boundaries via datasets/geo-countries,not used for RQ2 exposure rerun
16.5,-78.0,0.0,0.5,UNASSIGNED,Unassigned/ocean,NA,Not classified,True,WorldPop Total Population 1km ArcGIS ImageServer,World Bank country income classification mapped to vulnerability weights,Natural Earth country boundaries via datasets/geo-countries,not used for RQ2 exposure rerun
16.5,-77.25,0.0,0.5,UNASSIGNED,Unassigned/ocean,NA,Not classified,True,WorldPop Total Population 1km ArcGIS ImageServer,World Bank country income classification mapped to vulnerability weights,Natural Earth country boundaries via datasets/geo-countries,not used for RQ2 exposure rerun
16.5,-76.5,0.0,0.5,UNASSIGNED,Unassigned/ocean,NA,Not classified,True,WorldPop Total Population 1km ArcGIS ImageServer,World Bank country income classification mapped to vulnerability weights,Natural Earth country boundaries via datasets/geo-countries,not used for RQ2 exposure rerun
16.5,-75.75,0.0,0.5,UNASSIGNED,Unassigned/ocean,NA,Not classified,True,WorldPop Total Population 1km ArcGIS ImageServer,World Bank country income classification mapped to vulnerability weights,Natural Earth country boundaries via datasets/geo-countries,not used for RQ2 exposure rerun
16.5,-75.0,0.0,0.5,UNASSIGNED,Unassigned/ocean,NA,Not classified,True,WorldPop Total Population 1km ArcGIS ImageServer,World Bank country income classification mapped to vulnerability weights,Natural Earth country boundaries via datasets/geo-countries,not used for RQ2 exposure rerun
16.5,-74.25,0.0,0.5,UNASSIGNED,Unassigned/ocean,NA,Not classified,True,WorldPop Total Population 1km ArcGIS ImageServer,World Bank country income classification mapped to vulnerability weights,Natural Earth country boundaries via datasets/geo-countries,not used for RQ2 exposure rerun
16.5,-73.5,0.0,0.5,UNASSIGNED,Unassigned/ocean,NA,Not classified,True,WorldPop Total Population 1km ArcGIS ImageServer,World Bank country income classification mapped to vulnerability weights,Natural Earth country boundaries via datasets/geo-countries,not used for RQ2 exposure rerun
16.5,-72.75,0.0,0.5,UNASSIGNED,Unassigned/ocean,NA,Not classified,True,WorldPop Total Population 1km ArcGIS ImageServer,World Bank country income classification mapped to vulnerability weights,Natural Earth country boundaries via datasets/geo-countries,not used for RQ2 exposure rerun
16.5,79.5,1163454.21316737,0.75,IND,India,LMC,Lower middle income,True,WorldPop Total Population 1km ArcGIS ImageServer,World Bank country income classification mapped to vulnerability weights,Natural Earth country boundaries via datasets/geo-countries,not used for RQ2 exposure rerun
16.5,80.25,3319202.250756969,0.75,IND,India,LMC,Lower middle income,True,WorldPop Total Population 1km ArcGIS ImageServer,World Bank country income classification mapped to vulnerability weights,Natural Earth country boundaries via datasets/geo-countries,not used for RQ2 exposure rerun
16.5,81.0,3693458.473494045,0.75,IND,India,LMC,Lower middle income,True,WorldPop Total Population 1km ArcGIS ImageServer,World Bank country income classification mapped to vulnerability weights,Natural Earth country boundaries via datasets/geo-countries,not used for RQ2 exposure rerun
16.5,81.75,3442183.227936617,0.75,IND,India,LMC,Lower middle income,True,WorldPop Total Population 1km ArcGIS ImageServer,World Bank country income classification mapped to vulnerability weights,Natural Earth country boundaries via datasets/geo-countries,not used for RQ2 exposure rerun
16.5,82.5,344781.91470235586,0.75,IND,India,LMC,Lower middle income,True,WorldPop Total Population 1km ArcGIS ImageServer,World Bank country income classification mapped to vulnerability weights,Natural Earth country boundaries via datasets/geo-countries,not used for RQ2 exposure rerun
16.5,83.25,0.0,0.5,UNASSIGNED,Unassigned/ocean,NA,Not classified,True,WorldPop Total Population 1km ArcGIS ImageServer,World Bank country income classification mapped to vulnerability weights,Natural Earth country boundaries via datasets/geo-countries,not used for RQ2 exposure rerun
16.5,84.0,0.0,0.5,UNASSIGNED,Unassigned/ocean,NA,Not classified,True,WorldPop Total Population 1km ArcGIS ImageServer,World Bank country income classification mapped to vulnerability weights,Natural Earth country boundaries via datasets/geo-countries,not used for RQ2 exposure rerun
16.5,84.75,0.0,0.5,UNASSIGNED,Unassigned/ocean,NA,Not classified,True,WorldPop Total Population 1km ArcGIS ImageServer,World Bank country income classification mapped to vulnerability weights,Natural Earth country boundaries via datasets/geo-countries,not used for RQ2 exposure rerun
16.5,93.0,0.0,0.5,UNASSIGNED,Unassigned/ocean,NA,Not classified,False,WorldPop Total Population 1km ArcGIS ImageServer,World Bank country income classification mapped to vulnerability weights,Natural Earth country boundaries via datasets/geo-countries,not used for RQ2 exposure rerun
16.5,93.75,0.0,0.5,UNASSIGNED,Unassigned/ocean,NA,Not classified,False,WorldPop Total Population 1km ArcGIS ImageServer,World Bank country income classification mapped to vulnerability weights,Natural Earth country boundaries via datasets/geo-countries,not used for RQ2 exposure rerun
16.5,96.0,0.0,0.75,MMR,Myanmar,LMC,Lower middle income,False,WorldPop Total Population 1km ArcGIS ImageServer,World Bank country income classification mapped to vulnerability weights,Natural Earth country boundaries via datasets/geo-countries,not used for RQ2 exposure rerun
16.5,96.75,0.0,0.75,MMR,Myanmar,LMC,Lower middle income,False,WorldPop Total Population 1km ArcGIS ImageServer,World Bank country income classification mapped to vulnerability weights,Natural Earth country boundaries via datasets/geo-countries,not used for RQ2 exposure rerun
16.5,97.5,0.0,0.75,MMR,Myanmar,LMC,Lower middle income,False,WorldPop Total Population 1km ArcGIS ImageServer,World Bank country income classification mapped to vulnerability weights,Natural Earth country boundaries via datasets/geo-countries,not used for RQ2 exposure rerun
16.5,98.25,0.0,0.75,MMR,Myanmar,LMC,Lower middle income,False,WorldPop Total Population 1km ArcGIS ImageServer,World Bank country income classification mapped to vulnerability weights,Natural Earth country boundaries via datasets/geo-countries,not used for RQ2 exposure rerun
16.5,99.0,0.0,0.5,THA,Thailand,UMC,Upper middle income,False,WorldPop Total Population 1km ArcGIS ImageServer,World Bank country income classification mapped to vulnerability weights,Natural Earth country boundaries via datasets/geo-countries,not used for RQ2 exposure rerun
16.5,99.75,0.0,0.5,THA,Thailand,UMC,Upper middle income,False,WorldPop Total Population 1km ArcGIS ImageServer,World Bank country income classification mapped to vulnerability weights,Natural Earth country boundaries via datasets/geo-countries,not used for RQ2 exposure rerun
16.5,100.5,879014.2499246605,0.5,THA,Thailand,UMC,Upper middle income,True,WorldPop Total Population 1km ArcGIS ImageServer,World Bank country income classification mapped to vulnerability weights,Natural Earth country boundaries via datasets/geo-countries,not used for RQ2 exposure rerun
16.5,101.25,445265.7936115256,0.5,THA,Thailand,UMC,Upper middle income,True,WorldPop Total Population 1km ArcGIS ImageServer,World Bank country income classification mapped to vulnerability weights,Natural Earth country boundaries via datasets/geo-countries,not used for RQ2 exposure rerun
16.5,102.0,662342.3190418486,0.5,THA,Thailand,UMC,Upper middle income,True,WorldPop Total Population 1km ArcGIS ImageServer,World Bank country income classification mapped to vulnerability weights,Natural Earth country boundaries via datasets/geo-countries,not used for RQ2 exposure rerun
16.5,102.75,1157088.3577340837,0.5,THA,Thailand,UMC,Upper middle income,True,WorldPop Total Population 1km ArcGIS ImageServer,World Bank country income classification mapped to vulnerability weights,Natural Earth country boundaries via datasets/geo-countries,not used for RQ2 exposure rerun
16.5,103.5,1057045.2094125135,0.5,THA,Thailand,UMC,Upper middle income,True,WorldPop Total Population 1km ArcGIS ImageServer,World Bank country income classification mapped to vulnerability weights,Natural Earth country boundaries via datasets/geo-countries,not used for RQ2 exposure rerun
16.5,104.25,645120.6289343855,0.5,THA,Thailand,UMC,Upper middle income,True,WorldPop Total Population 1km ArcGIS ImageServer,World Bank country income classification mapped to vulnerability weights,Natural Earth country boundaries via datasets/geo-countries,not used for RQ2 exposure rerun
16.5,105.0,619508.952644644,0.75,LAO,Laos,LMC,Lower middle income,True,WorldPop Total Population 1km ArcGIS ImageServer,World Bank country income classification mapped to vulnerability weights,Natural Earth country boundaries via datasets/geo-countries,not used for RQ2 exposure rerun
16.5,105.75,139561.7679151595,0.75,LAO,Laos,LMC,Lower middle income,True,WorldPop Total Population 1km ArcGIS ImageServer,World Bank country income classification mapped to vulnerability weights,Natural Earth country boundaries via datasets/geo-countries,not used for RQ2 exposure rerun
16.5,106.5,153433.1045890449,0.75,LAO,Laos,LMC,Lower middle income,True,WorldPop Total Population 1km ArcGIS ImageServer,World Bank country income classification mapped to vulnerability weights,Natural Earth country boundaries via datasets/geo-countries,not used for RQ2 exposure rerun
16.5,107.25,1064165.1222591144,0.5,VNM,Vietnam,UMC,Upper middle income,True,WorldPop Total Population 1km ArcGIS ImageServer,World Bank country income classification mapped to vulnerability weights,Natural Earth country boundaries via datasets/geo-countries,not used for RQ2 exposure rerun
16.5,108.0,359505.89142203383,0.5,VNM,Vietnam,UMC,Upper middle income,True,WorldPop Total Population 1km ArcGIS ImageServer,World Bank country income classification mapped to vulnerability weights,Natural Earth country boundaries via datasets/geo-countries,not used for RQ2 exposure rerun
16.5,108.75,0.0,0.5,UNASSIGNED,Unassigned/ocean,NA,Not classified,True,WorldPop Total Population 1km ArcGIS ImageServer,World Bank country income classification mapped to vulnerability weights,Natural Earth country boundaries via datasets/geo-countries,not used for RQ2 exposure rerun
16.5,109.5,0.0,0.5,UNASSIGNED,Unassigned/ocean,NA,Not classified,True,WorldPop Total Population 1km ArcGIS ImageServer,World Bank country income classification mapped to vulnerability weights,Natural Earth country boundaries via datasets/geo-countries,not used for RQ2 exposure rerun
16.5,110.25,0.0,0.5,UNASSIGNED,Unassigned/ocean,NA,Not classified,True,WorldPop Total Population 1km ArcGIS ImageServer,World Bank country income classification mapped to vulnerability weights,Natural Earth country boundaries via datasets/geo-countries,not used for RQ2 exposure rerun
16.5,111.0,0.0,0.5,UNASSIGNED,Unassigned/ocean,NA,Not classified,True,WorldPop Total Population 1km ArcGIS ImageServer,World Bank country income classification mapped to vulnerability weights,Natural Earth country boundaries via datasets/geo-countries,not used for RQ2 exposure rerun
16.5,111.75,52.84487056732179,0.5,CHN,China,UMC,Upper middle income,True,WorldPop Total Population 1km ArcGIS ImageServer,World Bank country income classification mapped to vulnerability weights,Natural Earth country boundaries via datasets/geo-countries,not used for RQ2 exposure rerun
16.5,112.5,189.17637576162815,0.5,CHN,China,UMC,Upper middle income,True,WorldPop Total Population 1km ArcGIS ImageServer,World Bank country income classification mapped to vulnerability weights,Natural Earth country boundaries via datasets/geo-countries,not used for RQ2 exposure rerun
16.5,113.25,0.0,0.5,UNASSIGNED,Unassigned/ocean,NA,Not classified,True,WorldPop Total Population 1km ArcGIS ImageServer,World Bank country income classification mapped to vulnerability weights,Natural Earth country boundaries via datasets/geo-countries,not used for RQ2 exposure rerun
16.5,114.0,0.0,0.5,UNASSIGNED,Unassigned/ocean,NA,Not classified,True,WorldPop Total Population 1km ArcGIS ImageServer,World Bank country income classification mapped to vulnerability weights,Natural Earth country boundaries via datasets/geo-countries,not used for RQ2 exposure rerun
16.5,115.5,0.0,0.5,UNASSIGNED,Unassigned/ocean,NA,Not classified,True,WorldPop Total Population 1km ArcGIS ImageServer,World Bank country income classification mapped to vulnerability weights,Natural Earth country boundaries via datasets/geo-countries,not used for RQ2 exposure rerun
16.5,116.25,0.0,0.5,UNASSIGNED,Unassigned/ocean,NA,Not classified,True,WorldPop Total Population 1km ArcGIS ImageServer,World Bank country income classification mapped to vulnerability weights,Natural Earth country boundaries via datasets/geo-countries,not used for RQ2 exposure rerun
16.5,117.0,0.0,0.5,UNASSIGNED,Unassigned/ocean,NA,Not classified,True,WorldPop Total Population 1km ArcGIS ImageServer,World Bank country income classification mapped to vulnerability weights,Natural Earth country boundaries via datasets/geo-countries,not used for RQ2 exposure rerun
16.5,117.75,0.0,0.5,UNASSIGNED,Unassigned/ocean,NA,Not classified,True,WorldPop Total Population 1km ArcGIS ImageServer,World Bank country income classification mapped to vulnerability weights,Natural Earth country boundaries via datasets/geo-countries,not used for RQ2 exposure rerun
16.5,118.5,0.0,0.5,UNASSIGNED,Unassigned/ocean,NA,Not classified,True,WorldPop Total Population 1km ArcGIS ImageServer,World Bank country income classification mapped to vulnerability weights,Natural Earth country boundaries via datasets/geo-countries,not used for RQ2 exposure rerun
16.5,119.25,0.0,0.5,UNASSIGNED,Unassigned/ocean,NA,Not classified,True,WorldPop Total Population 1km ArcGIS ImageServer,World Bank country income classification mapped to vulnerability weights,Natural Earth country boundaries via datasets/geo-countries,not used for RQ2 exposure rerun
16.5,120.0,524561.9616688481,0.5,PHL,Philippines,UMC,Upper middle income,True,WorldPop Total Population 1km ArcGIS ImageServer,World Bank country income classification mapped to vulnerability weights,Natural Earth country boundaries via datasets/geo-countries,not used for RQ2 exposure rerun
16.5,120.75,1185172.730147363,0.5,PHL,Philippines,UMC,Upper middle income,True,WorldPop Total Population 1km ArcGIS ImageServer,World Bank country income classification mapped to vulnerability weights,Natural Earth country boundaries via datasets/geo-countries,not used for RQ2 exposure rerun
16.5,121.5,826836.2776480194,0.5,PHL,Philippines,UMC,Upper middle income,True,WorldPop Total Population 1km ArcGIS ImageServer,World Bank country income classification mapped to vulnerability weights,Natural Earth country boundaries via datasets/geo-countries,not used for RQ2 exposure rerun
16.5,122.25,72355.46404187763,0.5,PHL,Philippines,UMC,Upper middle income,True,WorldPop Total Population 1km ArcGIS ImageServer,World Bank country income classification mapped to vulnerability weights,Natural Earth country boundaries via datasets/geo-countries,not used for RQ2 exposure rerun
16.5,123.0,0.0,0.5,UNASSIGNED,Unassigned/ocean,NA,Not classified,True,WorldPop Total Population 1km ArcGIS ImageServer,World Bank country income classification mapped to vulnerability weights,Natural Earth country boundaries via datasets/geo-countries,not used for RQ2 exposure rerun
16.5,123.75,0.0,0.5,UNASSIGNED,Unassigned/ocean,NA,Not classified,True,WorldPop Total Population 1km ArcGIS ImageServer,World Bank country income classification mapped to vulnerability weights,Natural Earth country boundaries via datasets/geo-countries,not used for RQ2 exposure rerun
16.5,124.5,0.0,0.5,UNASSIGNED,Unassigned/ocean,NA,Not classified,True,WorldPop Total Population 1km ArcGIS ImageServer,World Bank country income classification mapped to vulnerability weights,Natural Earth country boundaries via datasets/geo-countries,not used for RQ2 exposure rerun
16.5,125.25,0.0,0.5,UNASSIGNED,Unassigned/ocean,NA,Not classified,True,WorldPop Total Population 1km ArcGIS ImageServer,World Bank country income classification mapped to vulnerability weights,Natural Earth country boundaries via datasets/geo-countries,not used for RQ2 exposure rerun
16.5,126.0,0.0,0.5,UNASSIGNED,Unassigned/ocean,NA,Not classified,True,WorldPop Total Population 1km ArcGIS ImageServer,World Bank country income classification mapped to vulnerability weights,Natural Earth country boundaries via datasets/geo-countries,not used for RQ2 exposure rerun
16.5,126.75,0.0,0.5,UNASSIGNED,Unassigned/ocean,NA,Not classified,True,WorldPop Total Population 1km ArcGIS ImageServer,World Bank country income classification mapped to vulnerability weights,Natural Earth country boundaries via datasets/geo-countries,not used for RQ2 exposure rerun
16.5,127.5,0.0,0.5,UNASSIGNED,Unassigned/ocean,NA,Not classified,True,WorldPop Total Population 1km ArcGIS ImageServer,World Bank country income classification mapped to vulnerability weights,Natural Earth country boundaries via datasets/geo-countries,not used for RQ2 exposure rerun
16.5,128.25,0.0,0.5,UNASSIGNED,Unassigned/ocean,NA,Not classified,True,WorldPop Total Population 1km ArcGIS ImageServer,World Bank country income classification mapped to vulnerability weights,Natural Earth country boundaries via datasets/geo-countries,not used for RQ2 exposure rerun
16.5,129.0,0.0,0.5,UNASSIGNED,Unassigned/ocean,NA,Not classified,True,WorldPop Total Population 1km ArcGIS ImageServer,World Bank country income classification mapped to vulnerability weights,Natural Earth country boundaries via datasets/geo-countries,not used for RQ2 exposure rerun
16.5,129.75,0.0,0.5,UNASSIGNED,Unassigned/ocean,NA,Not classified,True,WorldPop Total Population 1km ArcGIS ImageServer,World Bank country income classification mapped to vulnerability weights,Natural Earth country boundaries via datasets/geo-countries,not used for RQ2 exposure rerun
16.5,132.0,0.0,0.5,UNASSIGNED,Unassigned/ocean,NA,Not classified,False,WorldPop Total Population 1km ArcGIS ImageServer,World Bank country income classification mapped to vulnerability weights,Natural Earth country boundaries via datasets/geo-countries,not used for RQ2 exposure rerun
17.25,-128.25,0.0,0.5,UNASSIGNED,Unassigned/ocean,NA,Not classified,True,WorldPop Total Population 1km ArcGIS ImageServer,World Bank country income classification mapped to vulnerability weights,Natural Earth country boundaries via datasets/geo-countries,not used for RQ2 exposure rerun
17.25,-127.5,0.0,0.5,UNASSIGNED,Unassigned/ocean,NA,Not classified,True,WorldPop Total Population 1km ArcGIS ImageServer,World Bank country income classification mapped to vulnerability weights,Natural Earth country boundaries via datasets/geo-countries,not used for RQ2 exposure rerun
17.25,-126.75,0.0,0.5,UNASSIGNED,Unassigned/ocean,NA,Not classified,True,WorldPop Total Population 1km ArcGIS ImageServer,World Bank country income classification mapped to vulnerability weights,Natural Earth country boundaries via datasets/geo-countries,not used for RQ2 exposure rerun
17.25,-126.0,0.0,0.5,UNASSIGNED,Unassigned/ocean,NA,Not classified,True,WorldPop Total Population 1km ArcGIS ImageServer,World Bank country income classification mapped to vulnerability weights,Natural Earth country boundaries via datasets/geo-countries,not used for RQ2 exposure rerun
17.25,-125.25,0.0,0.5,UNASSIGNED,Unassigned/ocean,NA,Not classified,True,WorldPop Total Population 1km ArcGIS ImageServer,World Bank country income classification mapped to vulnerability weights,Natural Earth country boundaries via datasets/geo-countries,not used for RQ2 exposure rerun
17.25,-123.75,0.0,0.5,UNASSIGNED,Unassigned/ocean,NA,Not classified,True,WorldPop Total Population 1km ArcGIS ImageServer,World Bank country income classification mapped to vulnerability weights,Natural Earth country boundaries via datasets/geo-countries,not used for RQ2 exposure rerun
17.25,-84.0,624.228014945984,0.75,HND,Honduras,LMC,Lower middle income,True,WorldPop Total Population 1km ArcGIS ImageServer,World Bank country income classification mapped to vulnerability weights,Natural Earth country boundaries via datasets/geo-countries,not used for RQ2 exposure rerun
17.25,-81.75,0.0,0.5,UNASSIGNED,Unassigned/ocean,NA,Not classified,True,WorldPop Total Population 1km ArcGIS ImageServer,World Bank country income classification mapped to vulnerability weights,Natural Earth country boundaries via datasets/geo-countries,not used for RQ2 exposure rerun
17.25,-81.0,0.0,0.5,UNASSIGNED,Unassigned/ocean,NA,Not classified,True,WorldPop Total Population 1km ArcGIS ImageServer,World Bank country income classification mapped to vulnerability weights,Natural Earth country boundaries via datasets/geo-countries,not used for RQ2 exposure rerun
17.25,-80.25,0.0,0.5,UNASSIGNED,Unassigned/ocean,NA,Not classified,True,WorldPop Total Population 1km ArcGIS ImageServer,World Bank country income classification mapped to vulnerability weights,Natural Earth country boundaries via datasets/geo-countries,not used for RQ2 exposure rerun
17.25,-79.5,0.0,0.5,UNASSIGNED,Unassigned/ocean,NA,Not classified,True,WorldPop Total Population 1km ArcGIS ImageServer,World Bank country income classification mapped to vulnerability weights,Natural Earth country boundaries via datasets/geo-countries,not used for RQ2 exposure rerun
17.25,-78.75,0.0,0.5,UNASSIGNED,Unassigned/ocean,NA,Not classified,True,WorldPop Total Population 1km ArcGIS ImageServer,World Bank country income classification mapped to vulnerability weights,Natural Earth country boundaries via datasets/geo-countries,not used for RQ2 exposure rerun
17.25,-78.0,1.2180164903402328,0.5,UNASSIGNED,Unassigned/ocean,NA,Not classified,True,WorldPop Total Population 1km ArcGIS ImageServer,World Bank country income classification mapped to vulnerability weights,Natural Earth country boundaries via datasets/geo-countries,not used for RQ2 exposure rerun
17.25,-77.25,0.0,0.5,UNASSIGNED,Unassigned/ocean,NA,Not classified,True,WorldPop Total Population 1km ArcGIS ImageServer,World Bank country income classification mapped to vulnerability weights,Natural Earth country boundaries via datasets/geo-countries,not used for RQ2 exposure rerun
17.25,-76.5,0.0,0.5,UNASSIGNED,Unassigned/ocean,NA,Not classified,True,WorldPop Total Population 1km ArcGIS ImageServer,World Bank country income classification mapped to vulnerability weights,Natural Earth country boundaries via datasets/geo-countries,not used for RQ2 exposure rerun
17.25,-75.75,2.3784071803092957,0.5,UNASSIGNED,Unassigned/ocean,NA,Not classified,True,WorldPop Total Population 1km ArcGIS ImageServer,World Bank country income classification mapped to vulnerability weights,Natural Earth country boundaries via datasets/geo-countries,not used for RQ2 exposure rerun
17.25,-75.0,0.0,0.5,UNASSIGNED,Unassigned/ocean,NA,Not classified,True,WorldPop Total Population 1km ArcGIS ImageServer,World Bank country income classification mapped to vulnerability weights,Natural Earth country boundaries via datasets/geo-countries,not used for RQ2 exposure rerun
17.25,-74.25,0.0,0.5,UNASSIGNED,Unassigned/ocean,NA,Not classified,True,WorldPop Total Population 1km ArcGIS ImageServer,World Bank country income classification mapped to vulnerability weights,Natural Earth country boundaries via datasets/geo-countries,not used for RQ2 exposure rerun
17.25,-73.5,0.0,0.5,UNASSIGNED,Unassigned/ocean,NA,Not classified,True,WorldPop Total Population 1km ArcGIS ImageServer,World Bank country income classification mapped to vulnerability weights,Natural Earth country boundaries via datasets/geo-countries,not used for RQ2 exposure rerun
17.25,-72.75,0.0,0.5,UNASSIGNED,Unassigned/ocean,NA,Not classified,True,WorldPop Total Population 1km ArcGIS ImageServer,World Bank country income classification mapped to vulnerability weights,Natural Earth country boundaries via datasets/geo-countries,not used for RQ2 exposure rerun
17.25,79.5,1798868.4389774802,0.75,IND,India,LMC,Lower middle income,True,WorldPop Total Population 1km ArcGIS ImageServer,World Bank country income classification mapped to vulnerability weights,Natural Earth country boundaries via datasets/geo-countries,not used for RQ2 exposure rerun
17.25,80.25,2014609.4053500867,0.75,IND,India,LMC,Lower middle income,True,WorldPop Total Population 1km ArcGIS ImageServer,World Bank country income classification mapped to vulnerability weights,Natural Earth country boundaries via datasets/geo-countries,not used for RQ2 exposure rerun
17.25,81.0,1235564.8657569913,0.75,IND,India,LMC,Lower middle income,True,WorldPop Total Population 1km ArcGIS ImageServer,World Bank country income classification mapped to vulnerability weights,Natural Earth country boundaries via datasets/geo-countries,not used for RQ2 exposure rerun
17.25,81.75,2270387.1861534053,0.75,IND,India,LMC,Lower middle income,True,WorldPop Total Population 1km ArcGIS ImageServer,World Bank country income classification mapped to vulnerability weights,Natural Earth country boundaries via datasets/geo-countries,not used for RQ2 exposure rerun
17.25,82.5,2037653.3500703496,0.75,IND,India,LMC,Lower middle income,True,WorldPop Total Population 1km ArcGIS ImageServer,World Bank country income classification mapped to vulnerability weights,Natural Earth country boundaries via datasets/geo-countries,not used for RQ2 exposure rerun
17.25,83.25,278471.5423458814,0.75,IND,India,LMC,Lower middle income,True,WorldPop Total Population 1km ArcGIS ImageServer,World Bank country income classification mapped to vulnerability weights,Natural Earth country boundaries via datasets/geo-countries,not used for RQ2 exposure rerun
17.25,84.0,0.0,0.5,UNASSIGNED,Unassigned/ocean,NA,Not classified,True,WorldPop Total Population 1km ArcGIS ImageServer,World Bank country income classification mapped to vulnerability weights,Natural Earth country boundaries via datasets/geo-countries,not used for RQ2 exposure rerun
17.25,84.75,0.0,0.5,UNASSIGNED,Unassigned/ocean,NA,Not classified,True,WorldPop Total Population 1km ArcGIS ImageServer,World Bank country income classification mapped to vulnerability weights,Natural Earth country boundaries via datasets/geo-countries,not used for RQ2 exposure rerun
17.25,93.0,0.0,0.5,UNASSIGNED,Unassigned/ocean,NA,Not classified,False,WorldPop Total Population 1km ArcGIS ImageServer,World Bank country income classification mapped to vulnerability weights,Natural Earth country boundaries via datasets/geo-countries,not used for RQ2 exposure rerun
17.25,93.75,0.0,0.5,UNASSIGNED,Unassigned/ocean,NA,Not classified,False,WorldPop Total Population 1km ArcGIS ImageServer,World Bank country income classification mapped to vulnerability weights,Natural Earth country boundaries via datasets/geo-countries,not used for RQ2 exposure rerun
17.25,94.5,0.0,0.75,MMR,Myanmar,LMC,Lower middle income,False,WorldPop Total Population 1km ArcGIS ImageServer,World Bank country income classification mapped to vulnerability weights,Natural Earth country boundaries via datasets/geo-countries,not used for RQ2 exposure rerun
17.25,95.25,0.0,0.75,MMR,Myanmar,LMC,Lower middle income,False,WorldPop Total Population 1km ArcGIS ImageServer,World Bank country income classification mapped to vulnerability weights,Natural Earth country boundaries via datasets/geo-countries,not used for RQ2 exposure rerun
17.25,96.0,0.0,0.75,MMR,Myanmar,LMC,Lower middle income,False,WorldPop Total Population 1km ArcGIS ImageServer,World Bank country income classification mapped to vulnerability weights,Natural Earth country boundaries via datasets/geo-countries,not used for RQ2 exposure rerun
17.25,96.75,0.0,0.75,MMR,Myanmar,LMC,Lower middle income,False,WorldPop Total Population 1km ArcGIS ImageServer,World Bank country income classification mapped to vulnerability weights,Natural Earth country boundaries via datasets/geo-countries,not used for RQ2 exposure rerun
17.25,97.5,0.0,0.75,MMR,Myanmar,LMC,Lower middle income,False,WorldPop Total Population 1km ArcGIS ImageServer,World Bank country income classification mapped to vulnerability weights,Natural Earth country boundaries via datasets/geo-countries,not used for RQ2 exposure rerun
17.25,98.25,0.0,0.5,THA,Thailand,UMC,Upper middle income,False,WorldPop Total Population 1km ArcGIS ImageServer,World Bank country income classification mapped to vulnerability weights,Natural Earth country boundaries via datasets/geo-countries,not used for RQ2 exposure rerun
17.25,99.0,0.0,0.5,THA,Thailand,UMC,Upper middle income,False,WorldPop Total Population 1km ArcGIS ImageServer,World Bank country income classification mapped to vulnerability weights,Natural Earth country boundaries via datasets/geo-countries,not used for RQ2 exposure rerun
17.25,99.75,0.0,0.5,THA,Thailand,UMC,Upper middle income,False,WorldPop Total Population 1km ArcGIS ImageServer,World Bank country income classification mapped to vulnerability weights,Natural Earth country boundaries via datasets/geo-countries,not used for RQ2 exposure rerun
17.25,100.5,347213.83903121937,0.5,THA,Thailand,UMC,Upper middle income,True,WorldPop Total Population 1km ArcGIS ImageServer,World Bank country income classification mapped to vulnerability weights,Natural Earth country boundaries via datasets/geo-countries,not used for RQ2 exposure rerun
17.25,101.25,223510.48947721694,0.5,THA,Thailand,UMC,Upper middle income,True,WorldPop Total Population 1km ArcGIS ImageServer,World Bank country income classification mapped to vulnerability weights,Natural Earth country boundaries via datasets/geo-countries,not used for RQ2 exposure rerun
17.25,102.0,658173.6529450417,0.5,THA,Thailand,UMC,Upper middle income,True,WorldPop Total Population 1km ArcGIS ImageServer,World Bank country income classification mapped to vulnerability weights,Natural Earth country boundaries via datasets/geo-countries,not used for RQ2 exposure rerun
17.25,102.75,1037202.5013474295,0.5,THA,Thailand,UMC,Upper middle income,True,WorldPop Total Population 1km ArcGIS ImageServer,World Bank country income classification mapped to vulnerability weights,Natural Earth country boundaries via datasets/geo-countries,not used for RQ2 exposure rerun
17.25,103.5,709815.9073661568,0.5,THA,Thailand,UMC,Upper middle income,True,WorldPop Total Population 1km ArcGIS ImageServer,World Bank country income classification mapped to vulnerability weights,Natural Earth country boundaries via datasets/geo-countries,not used for RQ2 exposure rerun
17.25,104.25,732058.4733188761,0.5,THA,Thailand,UMC,Upper middle income,True,WorldPop Total Population 1km ArcGIS ImageServer,World Bank country income classification mapped to vulnerability weights,Natural Earth country boundaries via datasets/geo-countries,not used for RQ2 exposure rerun
17.25,105.0,493028.55661958415,0.75,LAO,Laos,LMC,Lower middle income,True,WorldPop Total Population 1km ArcGIS ImageServer,World Bank country income classification mapped to vulnerability weights,Natural Earth country boundaries via datasets/geo-countries,not used for RQ2 exposure rerun
17.25,105.75,89784.21526764342,0.75,LAO,Laos,LMC,Lower middle income,True,WorldPop Total Population 1km ArcGIS ImageServer,World Bank country income classification mapped to vulnerability weights,Natural Earth country boundaries via datasets/geo-countries,not used for RQ2 exposure rerun
17.25,106.5,440301.58073423017,0.5,VNM,Vietnam,UMC,Upper middle income,True,WorldPop Total Population 1km ArcGIS ImageServer,World Bank country income classification mapped to vulnerability weights,Natural Earth country boundaries via datasets/geo-countries,not used for RQ2 exposure rerun
17.25,107.25,158296.48024874972,0.5,VNM,Vietnam,UMC,Upper middle income,True,WorldPop Total Population 1km ArcGIS ImageServer,World Bank country income classification mapped to vulnerability weights,Natural Earth country boundaries via datasets/geo-countries,not used for RQ2 exposure rerun
17.25,108.0,0.0,0.5,UNASSIGNED,Unassigned/ocean,NA,Not classified,True,WorldPop Total Population 1km ArcGIS ImageServer,World Bank country income classification mapped to vulnerability weights,Natural Earth country boundaries via datasets/geo-countries,not used for RQ2 exposure rerun
17.25,109.5,0.0,0.5,UNASSIGNED,Unassigned/ocean,NA,Not classified,True,WorldPop Total Population 1km ArcGIS ImageServer,World Bank country income classification mapped to vulnerability weights,Natural Earth country boundaries via datasets/geo-countries,not used for RQ2 exposure rerun
17.25,111.75,0.0,0.5,UNASSIGNED,Unassigned/ocean,NA,Not classified,True,WorldPop Total Population 1km ArcGIS ImageServer,World Bank country income classification mapped to vulnerability weights,Natural Earth country boundaries via datasets/geo-countries,not used for RQ2 exposure rerun
17.25,112.5,69.64338573813438,0.5,CHN,China,UMC,Upper middle income,True,WorldPop Total Population 1km ArcGIS ImageServer,World Bank country income classification mapped to vulnerability weights,Natural Earth country boundaries via datasets/geo-countries,not used for RQ2 exposure rerun
17.25,113.25,0.0,0.5,UNASSIGNED,Unassigned/ocean,NA,Not classified,True,WorldPop Total Population 1km ArcGIS ImageServer,World Bank country income classification mapped to vulnerability weights,Natural Earth country boundaries via datasets/geo-countries,not used for RQ2 exposure rerun
17.25,114.0,0.0,0.5,UNASSIGNED,Unassigned/ocean,NA,Not classified,True,WorldPop Total Population 1km ArcGIS ImageServer,World Bank country income classification mapped to vulnerability weights,Natural Earth country boundaries via datasets/geo-countries,not used for RQ2 exposure rerun
17.25,114.75,0.0,0.5,UNASSIGNED,Unassigned/ocean,NA,Not classified,True,WorldPop Total Population 1km ArcGIS ImageServer,World Bank country income classification mapped to vulnerability weights,Natural Earth country boundaries via datasets/geo-countries,not used for RQ2 exposure rerun
17.25,115.5,0.0,0.5,UNASSIGNED,Unassigned/ocean,NA,Not classified,True,WorldPop Total Population 1km ArcGIS ImageServer,World Bank country income classification mapped to vulnerability weights,Natural Earth country boundaries via datasets/geo-countries,not used for RQ2 exposure rerun
17.25,116.25,0.0,0.5,UNASSIGNED,Unassigned/ocean,NA,Not classified,True,WorldPop Total Population 1km ArcGIS ImageServer,World Bank country income classification mapped to vulnerability weights,Natural Earth country boundaries via datasets/geo-countries,not used for RQ2 exposure rerun
17.25,117.0,0.0,0.5,UNASSIGNED,Unassigned/ocean,NA,Not classified,True,WorldPop Total Population 1km ArcGIS ImageServer,World Bank country income classification mapped to vulnerability weights,Natural Earth country boundaries via datasets/geo-countries,not used for RQ2 exposure rerun
17.25,117.75,0.0,0.5,UNASSIGNED,Unassigned/ocean,NA,Not classified,True,WorldPop Total Population 1km ArcGIS ImageServer,World Bank country income classification mapped to vulnerability weights,Natural Earth country boundaries via datasets/geo-countries,not used for RQ2 exposure rerun
17.25,118.5,0.0,0.5,UNASSIGNED,Unassigned/ocean,NA,Not classified,True,WorldPop Total Population 1km ArcGIS ImageServer,World Bank country income classification mapped to vulnerability weights,Natural Earth country boundaries via datasets/geo-countries,not used for RQ2 exposure rerun
17.25,119.25,0.0,0.5,UNASSIGNED,Unassigned/ocean,NA,Not classified,True,WorldPop Total Population 1km ArcGIS ImageServer,World Bank country income classification mapped to vulnerability weights,Natural Earth country boundaries via datasets/geo-countries,not used for RQ2 exposure rerun
17.25,120.0,27713.193679809574,0.5,PHL,Philippines,UMC,Upper middle income,True,WorldPop Total Population 1km ArcGIS ImageServer,World Bank country income classification mapped to vulnerability weights,Natural Earth country boundaries via datasets/geo-countries,not used for RQ2 exposure rerun
17.25,120.75,766005.4245693238,0.5,PHL,Philippines,UMC,Upper middle income,True,WorldPop Total Population 1km ArcGIS ImageServer,World Bank country income classification mapped to vulnerability weights,Natural Earth country boundaries via datasets/geo-countries,not used for RQ2 exposure rerun
17.25,121.5,868207.7511288543,0.5,PHL,Philippines,UMC,Upper middle income,True,WorldPop Total Population 1km ArcGIS ImageServer,World Bank country income classification mapped to vulnerability weights,Natural Earth country boundaries via datasets/geo-countries,not used for RQ2 exposure rerun
17.25,122.25,191809.6224202663,0.5,PHL,Philippines,UMC,Upper middle income,True,WorldPop Total Population 1km ArcGIS ImageServer,World Bank country income classification mapped to vulnerability weights,Natural Earth country boundaries via datasets/geo-countries,not used for RQ2 exposure rerun
17.25,123.0,0.0,0.5,UNASSIGNED,Unassigned/ocean,NA,Not classified,True,WorldPop Total Population 1km ArcGIS ImageServer,World Bank country income classification mapped to vulnerability weights,Natural Earth country boundaries via datasets/geo-countries,not used for RQ2 exposure rerun
17.25,123.75,0.0,0.5,UNASSIGNED,Unassigned/ocean,NA,Not classified,True,WorldPop Total Population 1km ArcGIS ImageServer,World Bank country income classification mapped to vulnerability weights,Natural Earth country boundaries via datasets/geo-countries,not used for RQ2 exposure rerun
17.25,124.5,0.0,0.5,UNASSIGNED,Unassigned/ocean,NA,Not classified,True,WorldPop Total Population 1km ArcGIS ImageServer,World Bank country income classification mapped to vulnerability weights,Natural Earth country boundaries via datasets/geo-countries,not used for RQ2 exposure rerun
17.25,125.25,0.0,0.5,UNASSIGNED,Unassigned/ocean,NA,Not classified,True,WorldPop Total Population 1km ArcGIS ImageServer,World Bank country income classification mapped to vulnerability weights,Natural Earth country boundaries via datasets/geo-countries,not used for RQ2 exposure rerun
17.25,126.0,0.0,0.5,UNASSIGNED,Unassigned/ocean,NA,Not classified,True,WorldPop Total Population 1km ArcGIS ImageServer,World Bank country income classification mapped to vulnerability weights,Natural Earth country boundaries via datasets/geo-countries,not used for RQ2 exposure rerun
17.25,127.5,0.0,0.5,UNASSIGNED,Unassigned/ocean,NA,Not classified,True,WorldPop Total Population 1km ArcGIS ImageServer,World Bank country income classification mapped to vulnerability weights,Natural Earth country boundaries via datasets/geo-countries,not used for RQ2 exposure rerun
17.25,129.0,0.0,0.5,UNASSIGNED,Unassigned/ocean,NA,Not classified,True,WorldPop Total Population 1km ArcGIS ImageServer,World Bank country income classification mapped to vulnerability weights,Natural Earth country boundaries via datasets/geo-countries,not used for RQ2 exposure rerun
17.25,131.25,0.0,0.5,UNASSIGNED,Unassigned/ocean,NA,Not classified,False,WorldPop Total Population 1km ArcGIS ImageServer,World Bank country income classification mapped to vulnerability weights,Natural Earth country boundaries via datasets/geo-countries,not used for RQ2 exposure rerun
18.0,-124.5,0.0,0.5,UNASSIGNED,Unassigned/ocean,NA,Not classified,False,WorldPop Total Population 1km ArcGIS ImageServer,World Bank country income classification mapped to vulnerability weights,Natural Earth country boundaries via datasets/geo-countries,not used for RQ2 exposure rerun
18.0,-82.5,0.0,0.5,UNASSIGNED,Unassigned/ocean,NA,Not classified,True,WorldPop Total Population 1km ArcGIS ImageServer,World Bank country income classification mapped to vulnerability weights,Natural Earth country boundaries via datasets/geo-countries,not used for RQ2 exposure rerun
18.0,-80.25,0.0,0.5,UNASSIGNED,Unassigned/ocean,NA,Not classified,True,WorldPop Total Population 1km ArcGIS ImageServer,World Bank country income classification mapped to vulnerability weights,Natural Earth country boundaries via datasets/geo-countries,not used for RQ2 exposure rerun
18.0,-79.5,0.0,0.5,UNASSIGNED,Unassigned/ocean,NA,Not classified,True,WorldPop Total Population 1km ArcGIS ImageServer,World Bank country income classification mapped to vulnerability weights,Natural Earth country boundaries via datasets/geo-countries,not used for RQ2 exposure rerun
18.0,-78.75,0.0,0.5,UNASSIGNED,Unassigned/ocean,NA,Not classified,True,WorldPop Total Population 1km ArcGIS ImageServer,World Bank country income classification mapped to vulnerability weights,Natural Earth country boundaries via datasets/geo-countries,not used for RQ2 exposure rerun
18.0,-78.0,299752.2499386665,0.5,JAM,Jamaica,UMC,Upper middle income,True,WorldPop Total Population 1km ArcGIS ImageServer,World Bank country income classification mapped to vulnerability weights,Natural Earth country boundaries via datasets/geo-countries,not used for RQ2 exposure rerun
18.0,-77.25,1020451.1783665811,0.5,JAM,Jamaica,UMC,Upper middle income,True,WorldPop Total Population 1km ArcGIS ImageServer,World Bank country income classification mapped to vulnerability weights,Natural Earth country boundaries via datasets/geo-countries,not used for RQ2 exposure rerun
18.0,-76.5,882491.846889974,0.5,JAM,Jamaica,UMC,Upper middle income,True,WorldPop Total Population 1km ArcGIS ImageServer,World Bank country income classification mapped to vulnerability weights,Natural Earth country boundaries via datasets/geo-countries,not used for RQ2 exposure rerun
18.0,-75.75,0.04761223495006561,0.5,UNASSIGNED,Unassigned/ocean,NA,Not classified,True,WorldPop Total Population 1km ArcGIS ImageServer,World Bank country income classification mapped to vulnerability weights,Natural Earth country boundaries via datasets/geo-countries,not used for RQ2 exposure rerun
18.0,-75.0,0.0,0.5,UNASSIGNED,Unassigned/ocean,NA,Not classified,True,WorldPop Total Population 1km ArcGIS ImageServer,World Bank country income classification mapped to vulnerability weights,Natural Earth country boundaries via datasets/geo-countries,not used for RQ2 exposure rerun
18.0,-74.25,186559.1099250317,0.75,HTI,Haiti,LMC,Lower middle income,True,WorldPop Total Population 1km ArcGIS ImageServer,World Bank country income classification mapped to vulnerability weights,Natural Earth country boundaries via datasets/geo-countries,not used for RQ2 exposure rerun
18.0,-73.5,391125.54839360714,0.75,HTI,Haiti,LMC,Lower middle income,True,WorldPop Total Population 1km ArcGIS ImageServer,World Bank country income classification mapped to vulnerability weights,Natural Earth country boundaries via datasets/geo-countries,not used for RQ2 exposure rerun
18.0,78.75,1613564.0559682888,0.75,IND,India,LMC,Lower middle income,True,WorldPop Total Population 1km ArcGIS ImageServer,World Bank country income classification mapped to vulnerability weights,Natural Earth country boundaries via datasets/geo-countries,not used for RQ2 exposure rerun
18.0,79.5,2570547.5503415996,0.75,IND,India,LMC,Lower middle income,True,WorldPop Total Population 1km ArcGIS ImageServer,World Bank country income classification mapped to vulnerability weights,Natural Earth country boundaries via datasets/geo-countries,not used for RQ2 exposure rerun
18.0,80.25,554035.7298213228,0.75,IND,India,LMC,Lower middle income,True,WorldPop Total Population 1km ArcGIS ImageServer,World Bank country income classification mapped to vulnerability weights,Natural Earth country boundaries via datasets/geo-countries,not used for RQ2 exposure rerun
18.0,81.0,487594.875749826,0.75,IND,India,LMC,Lower middle income,True,WorldPop Total Population 1km ArcGIS ImageServer,World Bank country income classification mapped to vulnerability weights,Natural Earth country boundaries via datasets/geo-countries,not used for RQ2 exposure rerun
18.0,81.75,398987.34374284785,0.75,IND,India,LMC,Lower middle income,True,WorldPop Total Population 1km ArcGIS ImageServer,World Bank country income classification mapped to vulnerability weights,Natural Earth country boundaries via datasets/geo-countries,not used for RQ2 exposure rerun
18.0,83.25,3494875.134095196,0.75,IND,India,LMC,Lower middle income,True,WorldPop Total Population 1km ArcGIS ImageServer,World Bank country income classification mapped to vulnerability weights,Natural Earth country boundaries via datasets/geo-countries,not used for RQ2 exposure rerun
18.0,85.5,0.0,0.5,UNASSIGNED,Unassigned/ocean,NA,Not classified,True,WorldPop Total Population 1km ArcGIS ImageServer,World Bank country income classification mapped to vulnerability weights,Natural Earth country boundaries via datasets/geo-countries,not used for RQ2 exposure rerun
18.0,87.0,0.0,0.5,UNASSIGNED,Unassigned/ocean,NA,Not classified,True,WorldPop Total Population 1km ArcGIS ImageServer,World Bank country income classification mapped to vulnerability weights,Natural Earth country boundaries via datasets/geo-countries,not used for RQ2 exposure rerun
18.0,94.5,0.0,0.75,MMR,Myanmar,LMC,Lower middle income,False,WorldPop Total Population 1km ArcGIS ImageServer,World Bank country income classification mapped to vulnerability weights,Natural Earth country boundaries via datasets/geo-countries,not used for RQ2 exposure rerun
18.0,95.25,0.0,0.75,MMR,Myanmar,LMC,Lower middle income,False,WorldPop Total Population 1km ArcGIS ImageServer,World Bank country income classification mapped to vulnerability weights,Natural Earth country boundaries via datasets/geo-countries,not used for RQ2 exposure rerun
18.0,96.0,0.0,0.75,MMR,Myanmar,LMC,Lower middle income,False,WorldPop Total Population 1km ArcGIS ImageServer,World Bank country income classification mapped to vulnerability weights,Natural Earth country boundaries via datasets/geo-countries,not used for RQ2 exposure rerun
18.0,96.75,0.0,0.75,MMR,Myanmar,LMC,Lower middle income,False,WorldPop Total Population 1km ArcGIS ImageServer,World Bank country income classification mapped to vulnerability weights,Natural Earth country boundaries via datasets/geo-countries,not used for RQ2 exposure rerun
18.0,98.25,0.0,0.5,THA,Thailand,UMC,Upper middle income,False,WorldPop Total Population 1km ArcGIS ImageServer,World Bank country income classification mapped to vulnerability weights,Natural Earth country boundaries via datasets/geo-countries,not used for RQ2 exposure rerun
18.0,99.0,0.0,0.5,THA,Thailand,UMC,Upper middle income,False,WorldPop Total Population 1km ArcGIS ImageServer,World Bank country income classification mapped to vulnerability weights,Natural Earth country boundaries via datasets/geo-countries,not used for RQ2 exposure rerun
18.0,99.75,0.0,0.5,THA,Thailand,UMC,Upper middle income,False,WorldPop Total Population 1km ArcGIS ImageServer,World Bank country income classification mapped to vulnerability weights,Natural Earth country boundaries via datasets/geo-countries,not used for RQ2 exposure rerun
18.0,100.5,0.0,0.5,THA,Thailand,UMC,Upper middle income,False,WorldPop Total Population 1km ArcGIS ImageServer,World Bank country income classification mapped to vulnerability weights,Natural Earth country boundaries via datasets/geo-countries,not used for RQ2 exposure rerun
18.0,101.25,157686.136486314,0.75,LAO,Laos,LMC,Lower middle income,True,WorldPop Total Population 1km ArcGIS ImageServer,World Bank country income classification mapped to vulnerability weights,Natural Earth country boundaries via datasets/geo-countries,not used for RQ2 exposure rerun
18.0,102.75,1140921.8811096116,0.75,LAO,Laos,LMC,Lower middle income,True,WorldPop Total Population 1km ArcGIS ImageServer,World Bank country income classification mapped to vulnerability weights,Natural Earth country boundaries via datasets/geo-countries,not used for RQ2 exposure rerun
18.0,103.5,682499.4475534715,0.5,THA,Thailand,UMC,Upper middle income,True,WorldPop Total Population 1km ArcGIS ImageServer,World Bank country income classification mapped to vulnerability weights,Natural Earth country boundaries via datasets/geo-countries,not used for RQ2 exposure rerun
18.0,104.25,318709.84138996934,0.75,LAO,Laos,LMC,Lower middle income,True,WorldPop Total Population 1km ArcGIS ImageServer,World Bank country income classification mapped to vulnerability weights,Natural Earth country boundaries via datasets/geo-countries,not used for RQ2 exposure rerun
18.0,105.75,540074.7378487734,0.5,VNM,Vietnam,UMC,Upper middle income,True,WorldPop Total Population 1km ArcGIS ImageServer,World Bank country income classification mapped to vulnerability weights,Natural Earth country boundaries via datasets/geo-countries,not used for RQ2 exposure rerun
18.0,106.5,436602.359911203,0.5,VNM,Vietnam,UMC,Upper middle income,True,WorldPop Total Population 1km ArcGIS ImageServer,World Bank country income classification mapped to vulnerability weights,Natural Earth country boundaries via datasets/geo-countries,not used for RQ2 exposure rerun
18.0,108.0,0.0,0.5,UNASSIGNED,Unassigned/ocean,NA,Not classified,True,WorldPop Total Population 1km ArcGIS ImageServer,World Bank country income classification mapped to vulnerability weights,Natural Earth country boundaries via datasets/geo-countries,not used for RQ2 exposure rerun
18.0,113.25,0.0,0.5,UNASSIGNED,Unassigned/ocean,NA,Not classified,True,WorldPop Total Population 1km ArcGIS ImageServer,World Bank country income classification mapped to vulnerability weights,Natural Earth country boundaries via datasets/geo-countries,not used for RQ2 exposure rerun
18.0,114.0,0.0,0.5,UNASSIGNED,Unassigned/ocean,NA,Not classified,True,WorldPop Total Population 1km ArcGIS ImageServer,World Bank country income classification mapped to vulnerability weights,Natural Earth country boundaries via datasets/geo-countries,not used for RQ2 exposure rerun
18.0,114.75,0.0,0.5,UNASSIGNED,Unassigned/ocean,NA,Not classified,True,WorldPop Total Population 1km ArcGIS ImageServer,World Bank country income classification mapped to vulnerability weights,Natural Earth country boundaries via datasets/geo-countries,not used for RQ2 exposure rerun
18.0,115.5,0.0,0.5,UNASSIGNED,Unassigned/ocean,NA,Not classified,True,WorldPop Total Population 1km ArcGIS ImageServer,World Bank country income classification mapped to vulnerability weights,Natural Earth country boundaries via datasets/geo-countries,not used for RQ2 exposure rerun
18.0,116.25,0.0,0.5,UNASSIGNED,Unassigned/ocean,NA,Not classified,True,WorldPop Total Population 1km ArcGIS ImageServer,World Bank country income classification mapped to vulnerability weights,Natural Earth country boundaries via datasets/geo-countries,not used for RQ2 exposure rerun
18.0,117.0,0.0,0.5,UNASSIGNED,Unassigned/ocean,NA,Not classified,True,WorldPop Total Population 1km ArcGIS ImageServer,World Bank country income classification mapped to vulnerability weights,Natural Earth country boundaries via datasets/geo-countries,not used for RQ2 exposure rerun
18.0,117.75,0.0,0.5,UNASSIGNED,Unassigned/ocean,NA,Not classified,True,WorldPop Total Population 1km ArcGIS ImageServer,World Bank country income classification mapped to vulnerability weights,Natural Earth country boundaries via datasets/geo-countries,not used for RQ2 exposure rerun
18.0,118.5,0.0,0.5,UNASSIGNED,Unassigned/ocean,NA,Not classified,True,WorldPop Total Population 1km ArcGIS ImageServer,World Bank country income classification mapped to vulnerability weights,Natural Earth country boundaries via datasets/geo-countries,not used for RQ2 exposure rerun
18.0,119.25,0.0,0.5,UNASSIGNED,Unassigned/ocean,NA,Not classified,True,WorldPop Total Population 1km ArcGIS ImageServer,World Bank country income classification mapped to vulnerability weights,Natural Earth country boundaries via datasets/geo-countries,not used for RQ2 exposure rerun
18.0,120.0,7476.000946044922,0.5,PHL,Philippines,UMC,Upper middle income,True,WorldPop Total Population 1km ArcGIS ImageServer,World Bank country income classification mapped to vulnerability weights,Natural Earth country boundaries via datasets/geo-countries,not used for RQ2 exposure rerun
18.0,120.75,635967.7253865527,0.5,PHL,Philippines,UMC,Upper middle income,True,WorldPop Total Population 1km ArcGIS ImageServer,World Bank country income classification mapped to vulnerability weights,Natural Earth country boundaries via datasets/geo-countries,not used for RQ2 exposure rerun
18.0,121.5,714139.9183533521,0.5,PHL,Philippines,UMC,Upper middle income,True,WorldPop Total Population 1km ArcGIS ImageServer,World Bank country income classification mapped to vulnerability weights,Natural Earth country boundaries via datasets/geo-countries,not used for RQ2 exposure rerun
18.0,122.25,97459.70491047183,0.5,PHL,Philippines,UMC,Upper middle income,True,WorldPop Total Population 1km ArcGIS ImageServer,World Bank country income classification mapped to vulnerability weights,Natural Earth country boundaries via datasets/geo-countries,not used for RQ2 exposure rerun
18.0,123.0,0.0,0.5,UNASSIGNED,Unassigned/ocean,NA,Not classified,True,WorldPop Total Population 1km ArcGIS ImageServer,World Bank country income classification mapped to vulnerability weights,Natural Earth country boundaries via datasets/geo-countries,not used for RQ2 exposure rerun
18.0,123.75,0.0,0.5,UNASSIGNED,Unassigned/ocean,NA,Not classified,True,WorldPop Total Population 1km ArcGIS ImageServer,World Bank country income classification mapped to vulnerability weights,Natural Earth country boundaries via datasets/geo-countries,not used for RQ2 exposure rerun
18.0,124.5,0.0,0.5,UNASSIGNED,Unassigned/ocean,NA,Not classified,True,WorldPop Total Population 1km ArcGIS ImageServer,World Bank country income classification mapped to vulnerability weights,Natural Earth country boundaries via datasets/geo-countries,not used for RQ2 exposure rerun
18.0,125.25,0.0,0.5,UNASSIGNED,Unassigned/ocean,NA,Not classified,True,WorldPop Total Population 1km ArcGIS ImageServer,World Bank country income classification mapped to vulnerability weights,Natural Earth country boundaries via datasets/geo-countries,not used for RQ2 exposure rerun
18.0,126.0,0.0,0.5,UNASSIGNED,Unassigned/ocean,NA,Not classified,True,WorldPop Total Population 1km ArcGIS ImageServer,World Bank country income classification mapped to vulnerability weights,Natural Earth country boundaries via datasets/geo-countries,not used for RQ2 exposure rerun
18.0,126.75,0.0,0.5,UNASSIGNED,Unassigned/ocean,NA,Not classified,True,WorldPop Total Population 1km ArcGIS ImageServer,World Bank country income classification mapped to vulnerability weights,Natural Earth country boundaries via datasets/geo-countries,not used for RQ2 exposure rerun
18.0,127.5,0.0,0.5,UNASSIGNED,Unassigned/ocean,NA,Not classified,True,WorldPop Total Population 1km ArcGIS ImageServer,World Bank country income classification mapped to vulnerability weights,Natural Earth country boundaries via datasets/geo-countries,not used for RQ2 exposure rerun
18.75,-80.25,0.0,0.5,UNASSIGNED,Unassigned/ocean,NA,Not classified,True,WorldPop Total Population 1km ArcGIS ImageServer,World Bank country income classification mapped to vulnerability weights,Natural Earth country boundaries via datasets/geo-countries,not used for RQ2 exposure rerun
18.75,-79.5,0.0,0.5,UNASSIGNED,Unassigned/ocean,NA,Not classified,True,WorldPop Total Population 1km ArcGIS ImageServer,World Bank country income classification mapped to vulnerability weights,Natural Earth country boundaries via datasets/geo-countries,not used for RQ2 exposure rerun
18.75,-78.75,0.0,0.5,UNASSIGNED,Unassigned/ocean,NA,Not classified,True,WorldPop Total Population 1km ArcGIS ImageServer,World Bank country income classification mapped to vulnerability weights,Natural Earth country boundaries via datasets/geo-countries,not used for RQ2 exposure rerun
18.75,-78.0,227148.0439795259,0.5,JAM,Jamaica,UMC,Upper middle income,True,WorldPop Total Population 1km ArcGIS ImageServer,World Bank country income classification mapped to vulnerability weights,Natural Earth country boundaries via datasets/geo-countries,not used for RQ2 exposure rerun
18.75,-77.25,169017.4981844424,0.5,JAM,Jamaica,UMC,Upper middle income,True,WorldPop Total Population 1km ArcGIS ImageServer,World Bank country income classification mapped to vulnerability weights,Natural Earth country boundaries via datasets/geo-countries,not used for RQ2 exposure rerun
18.75,-76.5,0.0,0.5,UNASSIGNED,Unassigned/ocean,NA,Not classified,True,WorldPop Total Population 1km ArcGIS ImageServer,World Bank country income classification mapped to vulnerability weights,Natural Earth country boundaries via datasets/geo-countries,not used for RQ2 exposure rerun
18.75,-75.75,0.0,0.5,UNASSIGNED,Unassigned/ocean,NA,Not classified,True,WorldPop Total Population 1km ArcGIS ImageServer,World Bank country income classification mapped to vulnerability weights,Natural Earth country boundaries via datasets/geo-countries,not used for RQ2 exposure rerun
18.75,-75.0,0.0,0.5,UMI,United States Minor Outlying Islands,NA,Not classified,True,WorldPop Total Population 1km ArcGIS ImageServer,World Bank country income classification mapped to vulnerability weights,Natural Earth country boundaries via datasets/geo-countries,not used for RQ2 exposure rerun
18.75,-74.25,311196.0055828092,0.75,HTI,Haiti,LMC,Lower middle income,True,WorldPop Total Population 1km ArcGIS ImageServer,World Bank country income classification mapped to vulnerability weights,Natural Earth country boundaries via datasets/geo-countries,not used for RQ2 exposure rerun
18.75,-73.5,234379.18664491188,0.75,HTI,Haiti,LMC,Lower middle income,True,WorldPop Total Population 1km ArcGIS ImageServer,World Bank country income classification mapped to vulnerability weights,Natural Earth country boundaries via datasets/geo-countries,not used for RQ2 exposure rerun
18.75,-72.75,1171273.6332331926,0.75,HTI,Haiti,LMC,Lower middle income,True,WorldPop Total Population 1km ArcGIS ImageServer,World Bank country income classification mapped to vulnerability weights,Natural Earth country boundaries via datasets/geo-countries,not used for RQ2 exposure rerun
18.75,78.75,1831419.7816128738,0.75,IND,India,LMC,Lower middle income,True,WorldPop Total Population 1km ArcGIS ImageServer,World Bank country income classification mapped to vulnerability weights,Natural Earth country boundaries via datasets/geo-countries,not used for RQ2 exposure rerun
18.75,79.5,1788014.7600884396,0.75,IND,India,LMC,Lower middle income,True,WorldPop Total Population 1km ArcGIS ImageServer,World Bank country income classification mapped to vulnerability weights,Natural Earth country boundaries via datasets/geo-countries,not used for RQ2 exposure rerun
18.75,80.25,284925.20065748686,0.75,IND,India,LMC,Lower middle income,True,WorldPop Total Population 1km ArcGIS ImageServer,World Bank country income classification mapped to vulnerability weights,Natural Earth country boundaries via datasets/geo-countries,not used for RQ2 exposure rerun
18.75,81.0,299288.4459855535,0.75,IND,India,LMC,Lower middle income,True,WorldPop Total Population 1km ArcGIS ImageServer,World Bank country income classification mapped to vulnerability weights,Natural Earth country boundaries via datasets/geo-countries,not used for RQ2 exposure rerun
18.75,81.75,723057.163013698,0.75,IND,India,LMC,Lower middle income,True,WorldPop Total Population 1km ArcGIS ImageServer,World Bank country income classification mapped to vulnerability weights,Natural Earth country boundaries via datasets/geo-countries,not used for RQ2 exposure rerun
18.75,82.5,931220.238841773,0.75,IND,India,LMC,Lower middle income,True,WorldPop Total Population 1km ArcGIS ImageServer,World Bank country income classification mapped to vulnerability weights,Natural Earth country boundaries via datasets/geo-countries,not used for RQ2 exposure rerun
18.75,84.75,524134.65989971085,0.75,IND,India,LMC,Lower middle income,True,WorldPop Total Population 1km ArcGIS ImageServer,World Bank country income classification mapped to vulnerability weights,Natural Earth country boundaries via datasets/geo-countries,not used for RQ2 exposure rerun
18.75,92.25,0.0,0.5,UNASSIGNED,Unassigned/ocean,NA,Not classified,False,WorldPop Total Population 1km ArcGIS ImageServer,World Bank country income classification mapped to vulnerability weights,Natural Earth country boundaries via datasets/geo-countries,not used for RQ2 exposure rerun
18.75,93.75,0.0,0.75,MMR,Myanmar,LMC,Lower middle income,False,WorldPop Total Population 1km ArcGIS ImageServer,World Bank country income classification mapped to vulnerability weights,Natural Earth country boundaries via datasets/geo-countries,not used for RQ2 exposure rerun
18.75,95.25,0.0,0.75,MMR,Myanmar,LMC,Lower middle income,False,WorldPop Total Population 1km ArcGIS ImageServer,World Bank country income classification mapped to vulnerability weights,Natural Earth country boundaries via datasets/geo-countries,not used for RQ2 exposure rerun
18.75,96.0,0.0,0.75,MMR,Myanmar,LMC,Lower middle income,False,WorldPop Total Population 1km ArcGIS ImageServer,World Bank country income classification mapped to vulnerability weights,Natural Earth country boundaries via datasets/geo-countries,not used for RQ2 exposure rerun
18.75,96.75,0.0,0.75,MMR,Myanmar,LMC,Lower middle income,False,WorldPop Total Population 1km ArcGIS ImageServer,World Bank country income classification mapped to vulnerability weights,Natural Earth country boundaries via datasets/geo-countries,not used for RQ2 exposure rerun
18.75,99.0,0.0,0.5,THA,Thailand,UMC,Upper middle income,False,WorldPop Total Population 1km ArcGIS ImageServer,World Bank country income classification mapped to vulnerability weights,Natural Earth country boundaries via datasets/geo-countries,not used for RQ2 exposure rerun
18.75,99.75,0.0,0.5,THA,Thailand,UMC,Upper middle income,False,WorldPop Total Population 1km ArcGIS ImageServer,World Bank country income classification mapped to vulnerability weights,Natural Earth country boundaries via datasets/geo-countries,not used for RQ2 exposure rerun
18.75,101.25,0.0,0.75,LAO,Laos,LMC,Lower middle income,False,WorldPop Total Population 1km ArcGIS ImageServer,World Bank country income classification mapped to vulnerability weights,Natural Earth country boundaries via datasets/geo-countries,not used for RQ2 exposure rerun
18.75,102.0,82735.2630653642,0.75,LAO,Laos,LMC,Lower middle income,True,WorldPop Total Population 1km ArcGIS ImageServer,World Bank country income classification mapped to vulnerability weights,Natural Earth country boundaries via datasets/geo-countries,not used for RQ2 exposure rerun
18.75,102.75,158391.86508164663,0.75,LAO,Laos,LMC,Lower middle income,True,WorldPop Total Population 1km ArcGIS ImageServer,World Bank country income classification mapped to vulnerability weights,Natural Earth country boundaries via datasets/geo-countries,not used for RQ2 exposure rerun
18.75,105.75,1993713.1057255238,0.5,VNM,Vietnam,UMC,Upper middle income,True,WorldPop Total Population 1km ArcGIS ImageServer,World Bank country income classification mapped to vulnerability weights,Natural Earth country boundaries via datasets/geo-countries,not used for RQ2 exposure rerun
18.75,108.0,0.0,0.5,UNASSIGNED,Unassigned/ocean,NA,Not classified,True,WorldPop Total Population 1km ArcGIS ImageServer,World Bank country income classification mapped to vulnerability weights,Natural Earth country boundaries via datasets/geo-countries,not used for RQ2 exposure rerun
18.75,113.25,0.0,0.5,UNASSIGNED,Unassigned/ocean,NA,Not classified,False,WorldPop Total Population 1km ArcGIS ImageServer,World Bank country income classification mapped to vulnerability weights,Natural Earth country boundaries via datasets/geo-countries,not used for RQ2 exposure rerun
18.75,114.75,0.0,0.5,UNASSIGNED,Unassigned/ocean,NA,Not classified,True,WorldPop Total Population 1km ArcGIS ImageServer,World Bank country income classification mapped to vulnerability weights,Natural Earth country boundaries via datasets/geo-countries,not used for RQ2 exposure rerun
18.75,115.5,0.0,0.5,UNASSIGNED,Unassigned/ocean,NA,Not classified,True,WorldPop Total Population 1km ArcGIS ImageServer,World Bank country income classification mapped to vulnerability weights,Natural Earth country boundaries via datasets/geo-countries,not used for RQ2 exposure rerun
18.75,116.25,0.0,0.5,UNASSIGNED,Unassigned/ocean,NA,Not classified,True,WorldPop Total Population 1km ArcGIS ImageServer,World Bank country income classification mapped to vulnerability weights,Natural Earth country boundaries via datasets/geo-countries,not used for RQ2 exposure rerun
18.75,117.0,0.0,0.5,UNASSIGNED,Unassigned/ocean,NA,Not classified,True,WorldPop Total Population 1km ArcGIS ImageServer,World Bank country income classification mapped to vulnerability weights,Natural Earth country boundaries via datasets/geo-countries,not used for RQ2 exposure rerun
18.75,117.75,0.0,0.5,UNASSIGNED,Unassigned/ocean,NA,Not classified,True,WorldPop Total Population 1km ArcGIS ImageServer,World Bank country income classification mapped to vulnerability weights,Natural Earth country boundaries via datasets/geo-countries,not used for RQ2 exposure rerun
18.75,118.5,0.0,0.5,UNASSIGNED,Unassigned/ocean,NA,Not classified,True,WorldPop Total Population 1km ArcGIS ImageServer,World Bank country income classification mapped to vulnerability weights,Natural Earth country boundaries via datasets/geo-countries,not used for RQ2 exposure rerun
18.75,119.25,0.0,0.5,UNASSIGNED,Unassigned/ocean,NA,Not classified,True,WorldPop Total Population 1km ArcGIS ImageServer,World Bank country income classification mapped to vulnerability weights,Natural Earth country boundaries via datasets/geo-countries,not used for RQ2 exposure rerun
18.75,120.0,0.0,0.5,UNASSIGNED,Unassigned/ocean,NA,Not classified,True,WorldPop Total Population 1km ArcGIS ImageServer,World Bank country income classification mapped to vulnerability weights,Natural Earth country boundaries via datasets/geo-countries,not used for RQ2 exposure rerun
18.75,120.75,77404.94378027334,0.5,PHL,Philippines,UMC,Upper middle income,True,WorldPop Total Population 1km ArcGIS ImageServer,World Bank country income classification mapped to vulnerability weights,Natural Earth country boundaries via datasets/geo-countries,not used for RQ2 exposure rerun
18.75,121.5,84443.10787999643,0.5,PHL,Philippines,UMC,Upper middle income,True,WorldPop Total Population 1km ArcGIS ImageServer,World Bank country income classification mapped to vulnerability weights,Natural Earth country boundaries via datasets/geo-countries,not used for RQ2 exposure rerun
18.75,122.25,18472.736418783672,0.5,PHL,Philippines,UMC,Upper middle income,True,WorldPop Total Population 1km ArcGIS ImageServer,World Bank country income classification mapped to vulnerability weights,Natural Earth country boundaries via datasets/geo-countries,not used for RQ2 exposure rerun
18.75,123.0,0.0,0.5,UNASSIGNED,Unassigned/ocean,NA,Not classified,True,WorldPop Total Population 1km ArcGIS ImageServer,World Bank country income classification mapped to vulnerability weights,Natural Earth country boundaries via datasets/geo-countries,not used for RQ2 exposure rerun
18.75,126.0,0.0,0.5,UNASSIGNED,Unassigned/ocean,NA,Not classified,True,WorldPop Total Population 1km ArcGIS ImageServer,World Bank country income classification mapped to vulnerability weights,Natural Earth country boundaries via datasets/geo-countries,not used for RQ2 exposure rerun
18.75,127.5,0.0,0.5,UNASSIGNED,Unassigned/ocean,NA,Not classified,True,WorldPop Total Population 1km ArcGIS ImageServer,World Bank country income classification mapped to vulnerability weights,Natural Earth country boundaries via datasets/geo-countries,not used for RQ2 exposure rerun
18.75,129.0,0.0,0.5,UNASSIGNED,Unassigned/ocean,NA,Not classified,False,WorldPop Total Population 1km ArcGIS ImageServer,World Bank country income classification mapped to vulnerability weights,Natural Earth country boundaries via datasets/geo-countries,not used for RQ2 exposure rerun
18.75,129.75,0.0,0.5,UNASSIGNED,Unassigned/ocean,NA,Not classified,True,WorldPop Total Population 1km ArcGIS ImageServer,World Bank country income classification mapped to vulnerability weights,Natural Earth country boundaries via datasets/geo-countries,not used for RQ2 exposure rerun
19.5,-81.0,24160.899896707382,0.25,CYM,Cayman Islands,HIC,High income,True,WorldPop Total Population 1km ArcGIS ImageServer,World Bank country income classification mapped to vulnerability weights,Natural Earth country boundaries via datasets/geo-countries,not used for RQ2 exposure rerun
19.5,-79.5,1128.224008321762,0.25,CYM,Cayman Islands,HIC,High income,True,WorldPop Total Population 1km ArcGIS ImageServer,World Bank country income classification mapped to vulnerability weights,Natural Earth country boundaries via datasets/geo-countries,not used for RQ2 exposure rerun
19.5,-78.75,0.0,0.5,UNASSIGNED,Unassigned/ocean,NA,Not classified,True,WorldPop Total Population 1km ArcGIS ImageServer,World Bank country income classification mapped to vulnerability weights,Natural Earth country boundaries via datasets/geo-countries,not used for RQ2 exposure rerun
19.5,-78.0,1372.302531301975,0.5,CUB,Cuba,UMC,Upper middle income,True,WorldPop Total Population 1km ArcGIS ImageServer,World Bank country income classification mapped to vulnerability weights,Natural Earth country boundaries via datasets/geo-countries,not used for RQ2 exposure rerun
19.5,-77.25,1998.483310058713,0.5,CUB,Cuba,UMC,Upper middle income,True,WorldPop Total Population 1km ArcGIS ImageServer,World Bank country income classification mapped to vulnerability weights,Natural Earth country boundaries via datasets/geo-countries,not used for RQ2 exposure rerun
19.5,-76.5,0.0,0.5,UNASSIGNED,Unassigned/ocean,NA,Not classified,True,WorldPop Total Population 1km ArcGIS ImageServer,World Bank country income classification mapped to vulnerability weights,Natural Earth country boundaries via datasets/geo-countries,not used for RQ2 exposure rerun
19.5,-75.75,0.0,0.5,UNASSIGNED,Unassigned/ocean,NA,Not classified,True,WorldPop Total Population 1km ArcGIS ImageServer,World Bank country income classification mapped to vulnerability weights,Natural Earth country boundaries via datasets/geo-countries,not used for RQ2 exposure rerun
19.5,-75.0,0.0,0.5,UNASSIGNED,Unassigned/ocean,NA,Not classified,True,WorldPop Total Population 1km ArcGIS ImageServer,World Bank country income classification mapped to vulnerability weights,Natural Earth country boundaries via datasets/geo-countries,not used for RQ2 exposure rerun
19.5,-74.25,0.0,0.5,UNASSIGNED,Unassigned/ocean,NA,Not classified,True,WorldPop Total Population 1km ArcGIS ImageServer,World Bank country income classification mapped to vulnerability weights,Natural Earth country boundaries via datasets/geo-countries,not used for RQ2 exposure rerun
19.5,-73.5,118904.35614961393,0.75,HTI,Haiti,LMC,Lower middle income,True,WorldPop Total Population 1km ArcGIS ImageServer,World Bank country income classification mapped to vulnerability weights,Natural Earth country boundaries via datasets/geo-countries,not used for RQ2 exposure rerun
19.5,-72.75,1157258.0750538101,0.75,HTI,Haiti,LMC,Lower middle income,True,WorldPop Total Population 1km ArcGIS ImageServer,World Bank country income classification mapped to vulnerability weights,Natural Earth country boundaries via datasets/geo-countries,not used for RQ2 exposure rerun
19.5,-72.0,1116522.4844421833,0.75,HTI,Haiti,LMC,Lower middle income,True,WorldPop Total Population 1km ArcGIS ImageServer,World Bank country income classification mapped to vulnerability weights,Natural Earth country boundaries via datasets/geo-countries,not used for RQ2 exposure rerun
19.5,78.0,1093038.1257790292,0.75,IND,India,LMC,Lower middle income,True,WorldPop Total Population 1km ArcGIS ImageServer,World Bank country income classification mapped to vulnerability weights,Natural Earth country boundaries via datasets/geo-countries,not used for RQ2 exposure rerun
19.5,78.75,874446.4997956756,0.75,IND,India,LMC,Lower middle income,True,WorldPop Total Population 1km ArcGIS ImageServer,World Bank country income classification mapped to vulnerability weights,Natural Earth country boundaries via datasets/geo-countries,not used for RQ2 exposure rerun
19.5,79.5,889705.589513303,0.75,IND,India,LMC,Lower middle income,True,WorldPop Total Population 1km ArcGIS ImageServer,World Bank country income classification mapped to vulnerability weights,Natural Earth country boundaries via datasets/geo-countries,not used for RQ2 exposure rerun
19.5,80.25,304578.56189084036,0.75,IND,India,LMC,Lower middle income,True,WorldPop Total Population 1km ArcGIS ImageServer,World Bank country income classification mapped to vulnerability weights,Natural Earth country boundaries via datasets/geo-countries,not used for RQ2 exposure rerun
19.5,81.0,136072.39313137459,0.75,IND,India,LMC,Lower middle income,True,WorldPop Total Population 1km ArcGIS ImageServer,World Bank country income classification mapped to vulnerability weights,Natural Earth country boundaries via datasets/geo-countries,not used for RQ2 exposure rerun
19.5,81.75,615040.6284494435,0.75,IND,India,LMC,Lower middle income,True,WorldPop Total Population 1km ArcGIS ImageServer,World Bank country income classification mapped to vulnerability weights,Natural Earth country boundaries via datasets/geo-countries,not used for RQ2 exposure rerun
19.5,82.5,1295964.8076345914,0.75,IND,India,LMC,Lower middle income,True,WorldPop Total Population 1km ArcGIS ImageServer,World Bank country income classification mapped to vulnerability weights,Natural Earth country boundaries via datasets/geo-countries,not used for RQ2 exposure rerun
19.5,83.25,785760.2792973527,0.75,IND,India,LMC,Lower middle income,True,WorldPop Total Population 1km ArcGIS ImageServer,World Bank country income classification mapped to vulnerability weights,Natural Earth country boundaries via datasets/geo-countries,not used for RQ2 exposure rerun
19.5,93.0,0.0,0.75,MMR,Myanmar,LMC,Lower middle income,False,WorldPop Total Population 1km ArcGIS ImageServer,World Bank country income classification mapped to vulnerability weights,Natural Earth country boundaries via datasets/geo-countries,not used for RQ2 exposure rerun
19.5,93.75,0.0,0.75,MMR,Myanmar,LMC,Lower middle income,False,WorldPop Total Population 1km ArcGIS ImageServer,World Bank country income classification mapped to vulnerability weights,Natural Earth country boundaries via datasets/geo-countries,not used for RQ2 exposure rerun
19.5,95.25,0.0,0.75,MMR,Myanmar,LMC,Lower middle income,False,WorldPop Total Population 1km ArcGIS ImageServer,World Bank country income classification mapped to vulnerability weights,Natural Earth country boundaries via datasets/geo-countries,not used for RQ2 exposure rerun
19.5,96.0,0.0,0.75,MMR,Myanmar,LMC,Lower middle income,False,WorldPop Total Population 1km ArcGIS ImageServer,World Bank country income classification mapped to vulnerability weights,Natural Earth country boundaries via datasets/geo-countries,not used for RQ2 exposure rerun
19.5,99.75,0.0,0.5,THA,Thailand,UMC,Upper middle income,False,WorldPop Total Population 1km ArcGIS ImageServer,World Bank country income classification mapped to vulnerability weights,Natural Earth country boundaries via datasets/geo-countries,not used for RQ2 exposure rerun
19.5,100.5,0.0,0.5,THA,Thailand,UMC,Upper middle income,False,WorldPop Total Population 1km ArcGIS ImageServer,World Bank country income classification mapped to vulnerability weights,Natural Earth country boundaries via datasets/geo-countries,not used for RQ2 exposure rerun
19.5,105.75,0.0,0.5,VNM,Vietnam,UMC,Upper middle income,False,WorldPop Total Population 1km ArcGIS ImageServer,World Bank country income classification mapped to vulnerability weights,Natural Earth country boundaries via datasets/geo-countries,not used for RQ2 exposure rerun
19.5,107.25,0.0,0.5,UNASSIGNED,Unassigned/ocean,NA,Not classified,False,WorldPop Total Population 1km ArcGIS ImageServer,World Bank country income classification mapped to vulnerability weights,Natural Earth country boundaries via datasets/geo-countries,not used for RQ2 exposure rerun
19.5,114.0,0.0,0.5,UNASSIGNED,Unassigned/ocean,NA,Not classified,True,WorldPop Total Population 1km ArcGIS ImageServer,World Bank country income classification mapped to vulnerability weights,Natural Earth country boundaries via datasets/geo-countries,not used for RQ2 exposure rerun
19.5,114.75,0.0,0.5,UNASSIGNED,Unassigned/ocean,NA,Not classified,True,WorldPop Total Population 1km ArcGIS ImageServer,World Bank country income classification mapped to vulnerability weights,Natural Earth country boundaries via datasets/geo-countries,not used for RQ2 exposure rerun
19.5,115.5,0.0,0.5,UNASSIGNED,Unassigned/ocean,NA,Not classified,True,WorldPop Total Population 1km ArcGIS ImageServer,World Bank country income classification mapped to vulnerability weights,Natural Earth country boundaries via datasets/geo-countries,not used for RQ2 exposure rerun
19.5,116.25,0.0,0.5,UNASSIGNED,Unassigned/ocean,NA,Not classified,True,WorldPop Total Population 1km ArcGIS ImageServer,World Bank country income classification mapped to vulnerability weights,Natural Earth country boundaries via datasets/geo-countries,not used for RQ2 exposure rerun
19.5,117.0,0.0,0.5,UNASSIGNED,Unassigned/ocean,NA,Not classified,True,WorldPop Total Population 1km ArcGIS ImageServer,World Bank country income classification mapped to vulnerability weights,Natural Earth country boundaries via datasets/geo-countries,not used for RQ2 exposure rerun
19.5,117.75,0.0,0.5,UNASSIGNED,Unassigned/ocean,NA,Not classified,True,WorldPop Total Population 1km ArcGIS ImageServer,World Bank country income classification mapped to vulnerability weights,Natural Earth country boundaries via datasets/geo-countries,not used for RQ2 exposure rerun
19.5,118.5,0.0,0.5,UNASSIGNED,Unassigned/ocean,NA,Not classified,True,WorldPop Total Population 1km ArcGIS ImageServer,World Bank country income classification mapped to vulnerability weights,Natural Earth country boundaries via datasets/geo-countries,not used for RQ2 exposure rerun
19.5,119.25,0.0,0.5,UNASSIGNED,Unassigned/ocean,NA,Not classified,True,WorldPop Total Population 1km ArcGIS ImageServer,World Bank country income classification mapped to vulnerability weights,Natural Earth country boundaries via datasets/geo-countries,not used for RQ2 exposure rerun
19.5,120.0,0.0,0.5,UNASSIGNED,Unassigned/ocean,NA,Not classified,True,WorldPop Total Population 1km ArcGIS ImageServer,World Bank country income classification mapped to vulnerability weights,Natural Earth country boundaries via datasets/geo-countries,not used for RQ2 exposure rerun
19.5,120.75,0.0,0.5,UNASSIGNED,Unassigned/ocean,NA,Not classified,True,WorldPop Total Population 1km ArcGIS ImageServer,World Bank country income classification mapped to vulnerability weights,Natural Earth country boundaries via datasets/geo-countries,not used for RQ2 exposure rerun
19.5,121.5,9579.710913538927,0.5,PHL,Philippines,UMC,Upper middle income,True,WorldPop Total Population 1km ArcGIS ImageServer,World Bank country income classification mapped to vulnerability weights,Natural Earth country boundaries via datasets/geo-countries,not used for RQ2 exposure rerun
19.5,122.25,1292.3773489892487,0.5,PHL,Philippines,UMC,Upper middle income,True,WorldPop Total Population 1km ArcGIS ImageServer,World Bank country income classification mapped to vulnerability weights,Natural Earth country boundaries via datasets/geo-countries,not used for RQ2 exposure rerun
19.5,123.0,0.0,0.5,UNASSIGNED,Unassigned/ocean,NA,Not classified,True,WorldPop Total Population 1km ArcGIS ImageServer,World Bank country income classification mapped to vulnerability weights,Natural Earth country boundaries via datasets/geo-countries,not used for RQ2 exposure rerun
19.5,123.75,0.0,0.5,UNASSIGNED,Unassigned/ocean,NA,Not classified,True,WorldPop Total Population 1km ArcGIS ImageServer,World Bank country income classification mapped to vulnerability weights,Natural Earth country boundaries via datasets/geo-countries,not used for RQ2 exposure rerun
19.5,125.25,0.0,0.5,UNASSIGNED,Unassigned/ocean,NA,Not classified,True,WorldPop Total Population 1km ArcGIS ImageServer,World Bank country income classification mapped to vulnerability weights,Natural Earth country boundaries via datasets/geo-countries,not used for RQ2 exposure rerun
19.5,131.25,0.0,0.5,UNASSIGNED,Unassigned/ocean,NA,Not classified,False,WorldPop Total Population 1km ArcGIS ImageServer,World Bank country income classification mapped to vulnerability weights,Natural Earth country boundaries via datasets/geo-countries,not used for RQ2 exposure rerun
20.25,-78.75,96.38721920736134,0.5,CUB,Cuba,UMC,Upper middle income,True,WorldPop Total Population 1km ArcGIS ImageServer,World Bank country income classification mapped to vulnerability weights,Natural Earth country boundaries via datasets/geo-countries,not used for RQ2 exposure rerun
20.25,-78.0,4083.8297327384353,0.5,CUB,Cuba,UMC,Upper middle income,True,WorldPop Total Population 1km ArcGIS ImageServer,World Bank country income classification mapped to vulnerability weights,Natural Earth country boundaries via datasets/geo-countries,not used for RQ2 exposure rerun
20.25,-77.25,395203.63105676306,0.5,CUB,Cuba,UMC,Upper middle income,True,WorldPop Total Population 1km ArcGIS ImageServer,World Bank country income classification mapped to vulnerability weights,Natural Earth country boundaries via datasets/geo-countries,not used for RQ2 exposure rerun
20.25,-76.5,591954.3028856969,0.5,CUB,Cuba,UMC,Upper middle income,True,WorldPop Total Population 1km ArcGIS ImageServer,World Bank country income classification mapped to vulnerability weights,Natural Earth country boundaries via datasets/geo-countries,not used for RQ2 exposure rerun
20.25,-75.75,917579.2876263849,0.5,CUB,Cuba,UMC,Upper middle income,True,WorldPop Total Population 1km ArcGIS ImageServer,World Bank country income classification mapped to vulnerability weights,Natural Earth country boundaries via datasets/geo-countries,not used for RQ2 exposure rerun
20.25,-75.0,475591.32255623053,0.5,CUB,Cuba,UMC,Upper middle income,True,WorldPop Total Population 1km ArcGIS ImageServer,World Bank country income classification mapped to vulnerability weights,Natural Earth country boundaries via datasets/geo-countries,not used for RQ2 exposure rerun
20.25,-74.25,108020.64410746116,0.5,CUB,Cuba,UMC,Upper middle income,True,WorldPop Total Population 1km ArcGIS ImageServer,World Bank country income classification mapped to vulnerability weights,Natural Earth country boundaries via datasets/geo-countries,not used for RQ2 exposure rerun
20.25,-73.5,6276.505487114193,0.75,HTI,Haiti,LMC,Lower middle income,True,WorldPop Total Population 1km ArcGIS ImageServer,World Bank country income classification mapped to vulnerability weights,Natural Earth country boundaries via datasets/geo-countries,not used for RQ2 exposure rerun
20.25,-72.75,211178.1883562806,0.75,HTI,Haiti,LMC,Lower middle income,True,WorldPop Total Population 1km ArcGIS ImageServer,World Bank country income classification mapped to vulnerability weights,Natural Earth country boundaries via datasets/geo-countries,not used for RQ2 exposure rerun
20.25,-72.0,622.9206508770585,0.5,DOM,Dominican Republic,UMC,Upper middle income,True,WorldPop Total Population 1km ArcGIS ImageServer,World Bank country income classification mapped to vulnerability weights,Natural Earth country boundaries via datasets/geo-countries,not used for RQ2 exposure rerun
20.25,-71.25,9286.704229593279,0.5,DOM,Dominican Republic,UMC,Upper middle income,True,WorldPop Total Population 1km ArcGIS ImageServer,World Bank country income classification mapped to vulnerability weights,Natural Earth country boundaries via datasets/geo-countries,not used for RQ2 exposure rerun
20.25,78.0,1248211.8471345922,0.75,IND,India,LMC,Lower middle income,True,WorldPop Total Population 1km ArcGIS ImageServer,World Bank country income classification mapped to vulnerability weights,Natural Earth country boundaries via datasets/geo-countries,not used for RQ2 exposure rerun
20.25,78.75,1112202.0574554282,0.75,IND,India,LMC,Lower middle income,True,WorldPop Total Population 1km ArcGIS ImageServer,World Bank country income classification mapped to vulnerability weights,Natural Earth country boundaries via datasets/geo-countries,not used for RQ2 exposure rerun
20.25,79.5,1163461.6823326347,0.75,IND,India,LMC,Lower middle income,True,WorldPop Total Population 1km ArcGIS ImageServer,World Bank country income classification mapped to vulnerability weights,Natural Earth country boundaries via datasets/geo-countries,not used for RQ2 exposure rerun
20.25,80.25,633599.2212581632,0.75,IND,India,LMC,Lower middle income,True,WorldPop Total Population 1km ArcGIS ImageServer,World Bank country income classification mapped to vulnerability weights,Natural Earth country boundaries via datasets/geo-countries,not used for RQ2 exposure rerun
20.25,81.0,570945.2936859132,0.75,IND,India,LMC,Lower middle income,True,WorldPop Total Population 1km ArcGIS ImageServer,World Bank country income classification mapped to vulnerability weights,Natural Earth country boundaries via datasets/geo-countries,not used for RQ2 exposure rerun
20.25,81.75,683951.7879530187,0.75,IND,India,LMC,Lower middle income,True,WorldPop Total Population 1km ArcGIS ImageServer,World Bank country income classification mapped to vulnerability weights,Natural Earth country boundaries via datasets/geo-countries,not used for RQ2 exposure rerun
20.25,82.5,713141.3202300665,0.75,IND,India,LMC,Lower middle income,True,WorldPop Total Population 1km ArcGIS ImageServer,World Bank country income classification mapped to vulnerability weights,Natural Earth country boundaries via datasets/geo-countries,not used for RQ2 exposure rerun
20.25,83.25,0.0,0.75,IND,India,LMC,Lower middle income,False,WorldPop Total Population 1km ArcGIS ImageServer,World Bank country income classification mapped to vulnerability weights,Natural Earth country boundaries via datasets/geo-countries,not used for RQ2 exposure rerun
20.25,86.25,0.0,0.75,IND,India,LMC,Lower middle income,False,WorldPop Total Population 1km ArcGIS ImageServer,World Bank country income classification mapped to vulnerability weights,Natural Earth country boundaries via datasets/geo-countries,not used for RQ2 exposure rerun
20.25,94.5,0.0,0.75,MMR,Myanmar,LMC,Lower middle income,False,WorldPop Total Population 1km ArcGIS ImageServer,World Bank country income classification mapped to vulnerability weights,Natural Earth country boundaries via datasets/geo-countries,not used for RQ2 exposure rerun
20.25,97.5,0.0,0.75,MMR,Myanmar,LMC,Lower middle income,False,WorldPop Total Population 1km ArcGIS ImageServer,World Bank country income classification mapped to vulnerability weights,Natural Earth country boundaries via datasets/geo-countries,not used for RQ2 exposure rerun
20.25,98.25,0.0,0.75,MMR,Myanmar,LMC,Lower middle income,False,WorldPop Total Population 1km ArcGIS ImageServer,World Bank country income classification mapped to vulnerability weights,Natural Earth country boundaries via datasets/geo-countries,not used for RQ2 exposure rerun
20.25,99.0,0.0,0.75,MMR,Myanmar,LMC,Lower middle income,False,WorldPop Total Population 1km ArcGIS ImageServer,World Bank country income classification mapped to vulnerability weights,Natural Earth country boundaries via datasets/geo-countries,not used for RQ2 exposure rerun
20.25,99.75,0.0,0.5,THA,Thailand,UMC,Upper middle income,False,WorldPop Total Population 1km ArcGIS ImageServer,World Bank country income classification mapped to vulnerability weights,Natural Earth country boundaries via datasets/geo-countries,not used for RQ2 exposure rerun
20.25,102.0,0.0,0.75,LAO,Laos,LMC,Lower middle income,False,WorldPop Total Population 1km ArcGIS ImageServer,World Bank country income classification mapped to vulnerability weights,Natural Earth country boundaries via datasets/geo-countries,not used for RQ2 exposure rerun
20.25,102.75,0.0,0.75,LAO,Laos,LMC,Lower middle income,False,WorldPop Total Population 1km ArcGIS ImageServer,World Bank country income classification mapped to vulnerability weights,Natural Earth country boundaries via datasets/geo-countries,not used for RQ2 exposure rerun
20.25,114.75,0.0,0.5,UNASSIGNED,Unassigned/ocean,NA,Not classified,True,WorldPop Total Population 1km ArcGIS ImageServer,World Bank country income classification mapped to vulnerability weights,Natural Earth country boundaries via datasets/geo-countries,not used for RQ2 exposure rerun
20.25,115.5,0.0,0.5,UNASSIGNED,Unassigned/ocean,NA,Not classified,True,WorldPop Total Population 1km ArcGIS ImageServer,World Bank country income classification mapped to vulnerability weights,Natural Earth country boundaries via datasets/geo-countries,not used for RQ2 exposure rerun
20.25,116.25,0.0,0.5,UNASSIGNED,Unassigned/ocean,NA,Not classified,True,WorldPop Total Population 1km ArcGIS ImageServer,World Bank country income classification mapped to vulnerability weights,Natural Earth country boundaries via datasets/geo-countries,not used for RQ2 exposure rerun
20.25,117.0,0.0,0.5,UNASSIGNED,Unassigned/ocean,NA,Not classified,True,WorldPop Total Population 1km ArcGIS ImageServer,World Bank country income classification mapped to vulnerability weights,Natural Earth country boundaries via datasets/geo-countries,not used for RQ2 exposure rerun
20.25,117.75,0.0,0.5,UNASSIGNED,Unassigned/ocean,NA,Not classified,True,WorldPop Total Population 1km ArcGIS ImageServer,World Bank country income classification mapped to vulnerability weights,Natural Earth country boundaries via datasets/geo-countries,not used for RQ2 exposure rerun
20.25,118.5,0.0,0.5,UNASSIGNED,Unassigned/ocean,NA,Not classified,True,WorldPop Total Population 1km ArcGIS ImageServer,World Bank country income classification mapped to vulnerability weights,Natural Earth country boundaries via datasets/geo-countries,not used for RQ2 exposure rerun
20.25,119.25,0.0,0.5,UNASSIGNED,Unassigned/ocean,NA,Not classified,True,WorldPop Total Population 1km ArcGIS ImageServer,World Bank country income classification mapped to vulnerability weights,Natural Earth country boundaries via datasets/geo-countries,not used for RQ2 exposure rerun
20.25,120.0,0.0,0.5,UNASSIGNED,Unassigned/ocean,NA,Not classified,True,WorldPop Total Population 1km ArcGIS ImageServer,World Bank country income classification mapped to vulnerability weights,Natural Earth country boundaries via datasets/geo-countries,not used for RQ2 exposure rerun
20.25,120.75,0.0,0.5,UNASSIGNED,Unassigned/ocean,NA,Not classified,True,WorldPop Total Population 1km ArcGIS ImageServer,World Bank country income classification mapped to vulnerability weights,Natural Earth country boundaries via datasets/geo-countries,not used for RQ2 exposure rerun
20.25,121.5,926.5734246745707,0.5,PHL,Philippines,UMC,Upper middle income,True,WorldPop Total Population 1km ArcGIS ImageServer,World Bank country income classification mapped to vulnerability weights,Natural Earth country boundaries via datasets/geo-countries,not used for RQ2 exposure rerun
20.25,122.25,10622.92055676506,0.5,PHL,Philippines,UMC,Upper middle income,True,WorldPop Total Population 1km ArcGIS ImageServer,World Bank country income classification mapped to vulnerability weights,Natural Earth country boundaries via datasets/geo-countries,not used for RQ2 exposure rerun
21.0,-78.75,11236.322546500685,0.5,CUB,Cuba,UMC,Upper middle income,True,WorldPop Total Population 1km ArcGIS ImageServer,World Bank country income classification mapped to vulnerability weights,Natural Earth country boundaries via datasets/geo-countries,not used for RQ2 exposure rerun
21.0,-78.0,271524.81054850324,0.5,CUB,Cuba,UMC,Upper middle income,True,WorldPop Total Population 1km ArcGIS ImageServer,World Bank country income classification mapped to vulnerability weights,Natural Earth country boundaries via datasets/geo-countries,not used for RQ2 exposure rerun
21.0,-77.25,407305.084526978,0.5,CUB,Cuba,UMC,Upper middle income,True,WorldPop Total Population 1km ArcGIS ImageServer,World Bank country income classification mapped to vulnerability weights,Natural Earth country boundaries via datasets/geo-countries,not used for RQ2 exposure rerun
21.0,-76.5,705350.5510171057,0.5,CUB,Cuba,UMC,Upper middle income,True,WorldPop Total Population 1km ArcGIS ImageServer,World Bank country income classification mapped to vulnerability weights,Natural Earth country boundaries via datasets/geo-countries,not used for RQ2 exposure rerun
21.0,-75.75,282374.171800091,0.5,CUB,Cuba,UMC,Upper middle income,True,WorldPop Total Population 1km ArcGIS ImageServer,World Bank country income classification mapped to vulnerability weights,Natural Earth country boundaries via datasets/geo-countries,not used for RQ2 exposure rerun
21.0,-75.0,58678.05125270786,0.5,CUB,Cuba,UMC,Upper middle income,True,WorldPop Total Population 1km ArcGIS ImageServer,World Bank country income classification mapped to vulnerability weights,Natural Earth country boundaries via datasets/geo-countries,not used for RQ2 exposure rerun
21.0,-74.25,0.0,0.5,UNASSIGNED,Unassigned/ocean,NA,Not classified,True,WorldPop Total Population 1km ArcGIS ImageServer,World Bank country income classification mapped to vulnerability weights,Natural Earth country boundaries via datasets/geo-countries,not used for RQ2 exposure rerun
21.0,-73.5,772.9534807358874,0.25,BHS,The Bahamas,HIC,High income,True,WorldPop Total Population 1km ArcGIS ImageServer,World Bank country income classification mapped to vulnerability weights,Natural Earth country boundaries via datasets/geo-countries,not used for RQ2 exposure rerun
21.0,-72.75,128.0196697572247,0.25,BHS,The Bahamas,HIC,High income,True,WorldPop Total Population 1km ArcGIS ImageServer,World Bank country income classification mapped to vulnerability weights,Natural Earth country boundaries via datasets/geo-countries,not used for RQ2 exposure rerun
21.0,-72.0,0.0,0.25,TCA,Turks and Caicos Islands,HIC,High income,True,WorldPop Total Population 1km ArcGIS ImageServer,World Bank country income classification mapped to vulnerability weights,Natural Earth country boundaries via datasets/geo-countries,not used for RQ2 exposure rerun
21.0,-71.25,121.15490603446962,0.25,TCA,Turks and Caicos Islands,HIC,High income,True,WorldPop Total Population 1km ArcGIS ImageServer,World Bank country income classification mapped to vulnerability weights,Natural Earth country boundaries via datasets/geo-countries,not used for RQ2 exposure rerun
21.0,77.25,0.0,0.75,IND,India,LMC,Lower middle income,False,WorldPop Total Population 1km ArcGIS ImageServer,World Bank country income classification mapped to vulnerability weights,Natural Earth country boundaries via datasets/geo-countries,not used for RQ2 exposure rerun
21.0,78.0,1695064.9871072795,0.75,IND,India,LMC,Lower middle income,True,WorldPop Total Population 1km ArcGIS ImageServer,World Bank country income classification mapped to vulnerability weights,Natural Earth country boundaries via datasets/geo-countries,not used for RQ2 exposure rerun
21.0,78.75,3502989.4582486167,0.75,IND,India,LMC,Lower middle income,True,WorldPop Total Population 1km ArcGIS ImageServer,World Bank country income classification mapped to vulnerability weights,Natural Earth country boundaries via datasets/geo-countries,not used for RQ2 exposure rerun
21.0,79.5,1504577.4912915276,0.75,IND,India,LMC,Lower middle income,True,WorldPop Total Population 1km ArcGIS ImageServer,World Bank country income classification mapped to vulnerability weights,Natural Earth country boundaries via datasets/geo-countries,not used for RQ2 exposure rerun
21.0,80.25,1108553.3317450886,0.75,IND,India,LMC,Lower middle income,True,WorldPop Total Population 1km ArcGIS ImageServer,World Bank country income classification mapped to vulnerability weights,Natural Earth country boundaries via datasets/geo-countries,not used for RQ2 exposure rerun
21.0,81.0,1919854.2495810958,0.75,IND,India,LMC,Lower middle income,True,WorldPop Total Population 1km ArcGIS ImageServer,World Bank country income classification mapped to vulnerability weights,Natural Earth country boundaries via datasets/geo-countries,not used for RQ2 exposure rerun
21.0,81.75,2815436.1984605836,0.75,IND,India,LMC,Lower middle income,True,WorldPop Total Population 1km ArcGIS ImageServer,World Bank country income classification mapped to vulnerability weights,Natural Earth country boundaries via datasets/geo-countries,not used for RQ2 exposure rerun
21.0,82.5,0.0,0.75,IND,India,LMC,Lower middle income,False,WorldPop Total Population 1km ArcGIS ImageServer,World Bank country income classification mapped to vulnerability weights,Natural Earth country boundaries via datasets/geo-countries,not used for RQ2 exposure rerun
21.0,83.25,0.0,0.75,IND,India,LMC,Lower middle income,False,WorldPop Total Population 1km ArcGIS ImageServer,World Bank country income classification mapped to vulnerability weights,Natural Earth country boundaries via datasets/geo-countries,not used for RQ2 exposure rerun
21.0,90.0,0.0,0.5,UNASSIGNED,Unassigned/ocean,NA,Not classified,False,WorldPop Total Population 1km ArcGIS ImageServer,World Bank country income classification mapped to vulnerability weights,Natural Earth country boundaries via datasets/geo-countries,not used for RQ2 exposure rerun
21.0,94.5,0.0,0.75,MMR,Myanmar,LMC,Lower middle income,False,WorldPop Total Population 1km ArcGIS ImageServer,World Bank country income classification mapped to vulnerability weights,Natural Earth country boundaries via datasets/geo-countries,not used for RQ2 exposure rerun
21.0,98.25,0.0,0.75,MMR,Myanmar,LMC,Lower middle income,False,WorldPop Total Population 1km ArcGIS ImageServer,World Bank country income classification mapped to vulnerability weights,Natural Earth country boundaries via datasets/geo-countries,not used for RQ2 exposure rerun
21.0,99.75,0.0,0.75,MMR,Myanmar,LMC,Lower middle income,False,WorldPop Total Population 1km ArcGIS ImageServer,World Bank country income classification mapped to vulnerability weights,Natural Earth country boundaries via datasets/geo-countries,not used for RQ2 exposure rerun
21.0,100.5,0.0,0.75,MMR,Myanmar,LMC,Lower middle income,False,WorldPop Total Population 1km ArcGIS ImageServer,World Bank country income classification mapped to vulnerability weights,Natural Earth country boundaries via datasets/geo-countries,not used for RQ2 exposure rerun
21.0,113.25,0.0,0.5,UNASSIGNED,Unassigned/ocean,NA,Not classified,False,WorldPop Total Population 1km ArcGIS ImageServer,World Bank country income classification mapped to vulnerability weights,Natural Earth country boundaries via datasets/geo-countries,not used for RQ2 exposure rerun
21.0,114.0,0.0,0.5,UNASSIGNED,Unassigned/ocean,NA,Not classified,True,WorldPop Total Population 1km ArcGIS ImageServer,World Bank country income classification mapped to vulnerability weights,Natural Earth country boundaries via datasets/geo-countries,not used for RQ2 exposure rerun
21.0,114.75,0.0,0.5,UNASSIGNED,Unassigned/ocean,NA,Not classified,True,WorldPop Total Population 1km ArcGIS ImageServer,World Bank country income classification mapped to vulnerability weights,Natural Earth country boundaries via datasets/geo-countries,not used for RQ2 exposure rerun
21.0,115.5,0.0,0.5,UNASSIGNED,Unassigned/ocean,NA,Not classified,True,WorldPop Total Population 1km ArcGIS ImageServer,World Bank country income classification mapped to vulnerability weights,Natural Earth country boundaries via datasets/geo-countries,not used for RQ2 exposure rerun
21.0,116.25,0.0,0.5,UNASSIGNED,Unassigned/ocean,NA,Not classified,True,WorldPop Total Population 1km ArcGIS ImageServer,World Bank country income classification mapped to vulnerability weights,Natural Earth country boundaries via datasets/geo-countries,not used for RQ2 exposure rerun
21.0,117.0,0.0,0.5,UNASSIGNED,Unassigned/ocean,NA,Not classified,True,WorldPop Total Population 1km ArcGIS ImageServer,World Bank country income classification mapped to vulnerability weights,Natural Earth country boundaries via datasets/geo-countries,not used for RQ2 exposure rerun
21.0,117.75,0.0,0.5,UNASSIGNED,Unassigned/ocean,NA,Not classified,True,WorldPop Total Population 1km ArcGIS ImageServer,World Bank country income classification mapped to vulnerability weights,Natural Earth country boundaries via datasets/geo-countries,not used for RQ2 exposure rerun
21.0,118.5,0.0,0.5,UNASSIGNED,Unassigned/ocean,NA,Not classified,True,WorldPop Total Population 1km ArcGIS ImageServer,World Bank country income classification mapped to vulnerability weights,Natural Earth country boundaries via datasets/geo-countries,not used for RQ2 exposure rerun
21.0,119.25,0.0,0.5,UNASSIGNED,Unassigned/ocean,NA,Not classified,True,WorldPop Total Population 1km ArcGIS ImageServer,World Bank country income classification mapped to vulnerability weights,Natural Earth country boundaries via datasets/geo-countries,not used for RQ2 exposure rerun
21.0,120.0,0.0,0.5,UNASSIGNED,Unassigned/ocean,NA,Not classified,True,WorldPop Total Population 1km ArcGIS ImageServer,World Bank country income classification mapped to vulnerability weights,Natural Earth country boundaries via datasets/geo-countries,not used for RQ2 exposure rerun
21.0,120.75,0.0,0.5,UNASSIGNED,Unassigned/ocean,NA,Not classified,True,WorldPop Total Population 1km ArcGIS ImageServer,World Bank country income classification mapped to vulnerability weights,Natural Earth country boundaries via datasets/geo-countries,not used for RQ2 exposure rerun
21.0,123.75,0.0,0.5,UNASSIGNED,Unassigned/ocean,NA,Not classified,True,WorldPop Total Population 1km ArcGIS ImageServer,World Bank country income classification mapped to vulnerability weights,Natural Earth country boundaries via datasets/geo-countries,not used for RQ2 exposure rerun
21.0,125.25,0.0,0.5,UNASSIGNED,Unassigned/ocean,NA,Not classified,False,WorldPop Total Population 1km ArcGIS ImageServer,World Bank country income classification mapped to vulnerability weights,Natural Earth country boundaries via datasets/geo-countries,not used for RQ2 exposure rerun
21.0,128.25,0.0,0.5,UNASSIGNED,Unassigned/ocean,NA,Not classified,False,WorldPop Total Population 1km ArcGIS ImageServer,World Bank country income classification mapped to vulnerability weights,Natural Earth country boundaries via datasets/geo-countries,not used for RQ2 exposure rerun
21.75,-79.5,344109.11230055994,0.5,CUB,Cuba,UMC,Upper middle income,True,WorldPop Total Population 1km ArcGIS ImageServer,World Bank country income classification mapped to vulnerability weights,Natural Earth country boundaries via datasets/geo-countries,not used for RQ2 exposure rerun
21.75,-78.75,361674.9421417525,0.5,CUB,Cuba,UMC,Upper middle income,True,WorldPop Total Population 1km ArcGIS ImageServer,World Bank country income classification mapped to vulnerability weights,Natural Earth country boundaries via datasets/geo-countries,not used for RQ2 exposure rerun
21.75,-77.25,94543.61573646942,0.5,CUB,Cuba,UMC,Upper middle income,True,WorldPop Total Population 1km ArcGIS ImageServer,World Bank country income classification mapped to vulnerability weights,Natural Earth country boundaries via datasets/geo-countries,not used for RQ2 exposure rerun
21.75,-76.5,701.245654039085,0.5,CUB,Cuba,UMC,Upper middle income,True,WorldPop Total Population 1km ArcGIS ImageServer,World Bank country income classification mapped to vulnerability weights,Natural Earth country boundaries via datasets/geo-countries,not used for RQ2 exposure rerun
21.75,-75.75,0.14372113347053528,0.5,UNASSIGNED,Unassigned/ocean,NA,Not classified,True,WorldPop Total Population 1km ArcGIS ImageServer,World Bank country income classification mapped to vulnerability weights,Natural Earth country boundaries via datasets/geo-countries,not used for RQ2 exposure rerun
21.75,-75.0,0.6089285984635353,0.5,UNASSIGNED,Unassigned/ocean,NA,Not classified,True,WorldPop Total Population 1km ArcGIS ImageServer,World Bank country income classification mapped to vulnerability weights,Natural Earth country boundaries via datasets/geo-countries,not used for RQ2 exposure rerun
21.75,-74.25,0.4498971067368984,0.5,UNASSIGNED,Unassigned/ocean,NA,Not classified,True,WorldPop Total Population 1km ArcGIS ImageServer,World Bank country income classification mapped to vulnerability weights,Natural Earth country boundaries via datasets/geo-countries,not used for RQ2 exposure rerun
21.75,-73.5,0.028884737752377987,0.5,UNASSIGNED,Unassigned/ocean,NA,Not classified,True,WorldPop Total Population 1km ArcGIS ImageServer,World Bank country income classification mapped to vulnerability weights,Natural Earth country boundaries via datasets/geo-countries,not used for RQ2 exposure rerun
21.75,-72.75,68.45851575536652,0.25,BHS,The Bahamas,HIC,High income,True,WorldPop Total Population 1km ArcGIS ImageServer,World Bank country income classification mapped to vulnerability weights,Natural Earth country boundaries via datasets/geo-countries,not used for RQ2 exposure rerun
21.75,-72.0,14114.200009176979,0.25,TCA,Turks and Caicos Islands,HIC,High income,True,WorldPop Total Population 1km ArcGIS ImageServer,World Bank country income classification mapped to vulnerability weights,Natural Earth country boundaries via datasets/geo-countries,not used for RQ2 exposure rerun
21.75,76.5,0.0,0.75,IND,India,LMC,Lower middle income,False,WorldPop Total Population 1km ArcGIS ImageServer,World Bank country income classification mapped to vulnerability weights,Natural Earth country boundaries via datasets/geo-countries,not used for RQ2 exposure rerun
21.75,78.0,0.0,0.75,IND,India,LMC,Lower middle income,False,WorldPop Total Population 1km ArcGIS ImageServer,World Bank country income classification mapped to vulnerability weights,Natural Earth country boundaries via datasets/geo-countries,not used for RQ2 exposure rerun
21.75,78.75,1178787.1777381918,0.75,IND,India,LMC,Lower middle income,True,WorldPop Total Population 1km ArcGIS ImageServer,World Bank country income classification mapped to vulnerability weights,Natural Earth country boundaries via datasets/geo-countries,not used for RQ2 exposure rerun
21.75,79.5,925407.1281186342,0.75,IND,India,LMC,Lower middle income,True,WorldPop Total Population 1km ArcGIS ImageServer,World Bank country income classification mapped to vulnerability weights,Natural Earth country boundaries via datasets/geo-countries,not used for RQ2 exposure rerun
21.75,80.25,1575707.7792921043,0.75,IND,India,LMC,Lower middle income,True,WorldPop Total Population 1km ArcGIS ImageServer,World Bank country income classification mapped to vulnerability weights,Natural Earth country boundaries via datasets/geo-countries,not used for RQ2 exposure rerun
21.75,81.0,903891.8448305123,0.75,IND,India,LMC,Lower middle income,True,WorldPop Total Population 1km ArcGIS ImageServer,World Bank country income classification mapped to vulnerability weights,Natural Earth country boundaries via datasets/geo-countries,not used for RQ2 exposure rerun
21.75,81.75,0.0,0.75,IND,India,LMC,Lower middle income,False,WorldPop Total Population 1km ArcGIS ImageServer,World Bank country income classification mapped to vulnerability weights,Natural Earth country boundaries via datasets/geo-countries,not used for RQ2 exposure rerun
21.75,82.5,0.0,0.75,IND,India,LMC,Lower middle income,False,WorldPop Total Population 1km ArcGIS ImageServer,World Bank country income classification mapped to vulnerability weights,Natural Earth country boundaries via datasets/geo-countries,not used for RQ2 exposure rerun
21.75,83.25,0.0,0.75,IND,India,LMC,Lower middle income,False,WorldPop Total Population 1km ArcGIS ImageServer,World Bank country income classification mapped to vulnerability weights,Natural Earth country boundaries via datasets/geo-countries,not used for RQ2 exposure rerun
21.75,90.0,0.0,0.75,BGD,Bangladesh,LMC,Lower middle income,False,WorldPop Total Population 1km ArcGIS ImageServer,World Bank country income classification mapped to vulnerability weights,Natural Earth country boundaries via datasets/geo-countries,not used for RQ2 exposure rerun
21.75,91.5,0.0,0.75,BGD,Bangladesh,LMC,Lower middle income,False,WorldPop Total Population 1km ArcGIS ImageServer,World Bank country income classification mapped to vulnerability weights,Natural Earth country boundaries via datasets/geo-countries,not used for RQ2 exposure rerun
21.75,98.25,0.0,0.75,MMR,Myanmar,LMC,Lower middle income,False,WorldPop Total Population 1km ArcGIS ImageServer,World Bank country income classification mapped to vulnerability weights,Natural Earth country boundaries via datasets/geo-countries,not used for RQ2 exposure rerun
21.75,100.5,0.0,0.5,CHN,China,UMC,Upper middle income,False,WorldPop Total Population 1km ArcGIS ImageServer,World Bank country income classification mapped to vulnerability weights,Natural Earth country boundaries via datasets/geo-countries,not used for RQ2 exposure rerun
21.75,114.0,2902.04112035036,0.5,CHN,China,UMC,Upper middle income,True,WorldPop Total Population 1km ArcGIS ImageServer,World Bank country income classification mapped to vulnerability weights,Natural Earth country boundaries via datasets/geo-countries,not used for RQ2 exposure rerun
21.75,114.75,0.0,0.5,UNASSIGNED,Unassigned/ocean,NA,Not classified,True,WorldPop Total Population 1km ArcGIS ImageServer,World Bank country income classification mapped to vulnerability weights,Natural Earth country boundaries via datasets/geo-countries,not used for RQ2 exposure rerun
21.75,115.5,0.0,0.5,UNASSIGNED,Unassigned/ocean,NA,Not classified,True,WorldPop Total Population 1km ArcGIS ImageServer,World Bank country income classification mapped to vulnerability weights,Natural Earth country boundaries via datasets/geo-countries,not used for RQ2 exposure rerun
21.75,116.25,0.0,0.5,UNASSIGNED,Unassigned/ocean,NA,Not classified,True,WorldPop Total Population 1km ArcGIS ImageServer,World Bank country income classification mapped to vulnerability weights,Natural Earth country boundaries via datasets/geo-countries,not used for RQ2 exposure rerun
21.75,117.0,0.0,0.5,UNASSIGNED,Unassigned/ocean,NA,Not classified,True,WorldPop Total Population 1km ArcGIS ImageServer,World Bank country income classification mapped to vulnerability weights,Natural Earth country boundaries via datasets/geo-countries,not used for RQ2 exposure rerun
21.75,117.75,0.0,0.5,UNASSIGNED,Unassigned/ocean,NA,Not classified,True,WorldPop Total Population 1km ArcGIS ImageServer,World Bank country income classification mapped to vulnerability weights,Natural Earth country boundaries via datasets/geo-countries,not used for RQ2 exposure rerun
21.75,118.5,0.0,0.5,UNASSIGNED,Unassigned/ocean,NA,Not classified,True,WorldPop Total Population 1km ArcGIS ImageServer,World Bank country income classification mapped to vulnerability weights,Natural Earth country boundaries via datasets/geo-countries,not used for RQ2 exposure rerun
21.75,119.25,0.0,0.5,UNASSIGNED,Unassigned/ocean,NA,Not classified,True,WorldPop Total Population 1km ArcGIS ImageServer,World Bank country income classification mapped to vulnerability weights,Natural Earth country boundaries via datasets/geo-countries,not used for RQ2 exposure rerun
21.75,120.0,0.0,0.5,UNASSIGNED,Unassigned/ocean,NA,Not classified,True,WorldPop Total Population 1km ArcGIS ImageServer,World Bank country income classification mapped to vulnerability weights,Natural Earth country boundaries via datasets/geo-countries,not used for RQ2 exposure rerun
21.75,120.75,43893.2658903897,0.5,TWN,Taiwan,NA,Not classified,True,WorldPop Total Population 1km ArcGIS ImageServer,World Bank country income classification mapped to vulnerability weights,Natural Earth country boundaries via datasets/geo-countries,not used for RQ2 exposure rerun
21.75,121.5,2454.47386687994,0.5,TWN,Taiwan,NA,Not classified,True,WorldPop Total Population 1km ArcGIS ImageServer,World Bank country income classification mapped to vulnerability weights,Natural Earth country boundaries via datasets/geo-countries,not used for RQ2 exposure rerun
21.75,122.25,0.0,0.5,UNASSIGNED,Unassigned/ocean,NA,Not classified,True,WorldPop Total Population 1km ArcGIS ImageServer,World Bank country income classification mapped to vulnerability weights,Natural Earth country boundaries via datasets/geo-countries,not used for RQ2 exposure rerun
21.75,123.75,0.0,0.5,UNASSIGNED,Unassigned/ocean,NA,Not classified,True,WorldPop Total Population 1km ArcGIS ImageServer,World Bank country income classification mapped to vulnerability weights,Natural Earth country boundaries via datasets/geo-countries,not used for RQ2 exposure rerun
21.75,125.25,0.0,0.5,UNASSIGNED,Unassigned/ocean,NA,Not classified,True,WorldPop Total Population 1km ArcGIS ImageServer,World Bank country income classification mapped to vulnerability weights,Natural Earth country boundaries via datasets/geo-countries,not used for RQ2 exposure rerun
21.75,126.75,0.0,0.5,UNASSIGNED,Unassigned/ocean,NA,Not classified,True,WorldPop Total Population 1km ArcGIS ImageServer,World Bank country income classification mapped to vulnerability weights,Natural Earth country boundaries via datasets/geo-countries,not used for RQ2 exposure rerun
21.75,133.5,0.0,0.5,UNASSIGNED,Unassigned/ocean,NA,Not classified,True,WorldPop Total Population 1km ArcGIS ImageServer,World Bank country income classification mapped to vulnerability weights,Natural Earth country boundaries via datasets/geo-countries,not used for RQ2 exposure rerun
22.5,-76.5,0.0,0.5,UNASSIGNED,Unassigned/ocean,NA,Not classified,True,WorldPop Total Population 1km ArcGIS ImageServer,World Bank country income classification mapped to vulnerability weights,Natural Earth country boundaries via datasets/geo-countries,not used for RQ2 exposure rerun
22.5,-75.75,62.27769764326512,0.25,BHS,The Bahamas,HIC,High income,True,WorldPop Total Population 1km ArcGIS ImageServer,World Bank country income classification mapped to vulnerability weights,Natural Earth country boundaries via datasets/geo-countries,not used for RQ2 exposure rerun
22.5,-75.0,15.527210765518248,0.25,BHS,The Bahamas,HIC,High income,True,WorldPop Total Population 1km ArcGIS ImageServer,World Bank country income classification mapped to vulnerability weights,Natural Earth country boundaries via datasets/geo-countries,not used for RQ2 exposure rerun
22.5,-74.25,716.670817127453,0.25,BHS,The Bahamas,HIC,High income,True,WorldPop Total Population 1km ArcGIS ImageServer,World Bank country income classification mapped to vulnerability weights,Natural Earth country boundaries via datasets/geo-countries,not used for RQ2 exposure rerun
22.5,-73.5,58.89500075951218,0.25,BHS,The Bahamas,HIC,High income,True,WorldPop Total Population 1km ArcGIS ImageServer,World Bank country income classification mapped to vulnerability weights,Natural Earth country boundaries via datasets/geo-countries,not used for RQ2 exposure rerun
22.5,-72.75,245.14238370489346,0.25,BHS,The Bahamas,HIC,High income,True,WorldPop Total Population 1km ArcGIS ImageServer,World Bank country income classification mapped to vulnerability weights,Natural Earth country boundaries via datasets/geo-countries,not used for RQ2 exposure rerun
22.5,-72.0,0.0,0.5,UNASSIGNED,Unassigned/ocean,NA,Not classified,True,WorldPop Total Population 1km ArcGIS ImageServer,World Bank country income classification mapped to vulnerability weights,Natural Earth country boundaries via datasets/geo-countries,not used for RQ2 exposure rerun
22.5,-71.25,0.0,0.5,UNASSIGNED,Unassigned/ocean,NA,Not classified,True,WorldPop Total Population 1km ArcGIS ImageServer,World Bank country income classification mapped to vulnerability weights,Natural Earth country boundaries via datasets/geo-countries,not used for RQ2 exposure rerun
22.5,-69.75,0.0,0.5,UNASSIGNED,Unassigned/ocean,NA,Not classified,True,WorldPop Total Population 1km ArcGIS ImageServer,World Bank country income classification mapped to vulnerability weights,Natural Earth country boundaries via datasets/geo-countries,not used for RQ2 exposure rerun
22.5,77.25,0.0,0.75,IND,India,LMC,Lower middle income,False,WorldPop Total Population 1km ArcGIS ImageServer,World Bank country income classification mapped to vulnerability weights,Natural Earth country boundaries via datasets/geo-countries,not used for RQ2 exposure rerun
22.5,78.0,0.0,0.75,IND,India,LMC,Lower middle income,False,WorldPop Total Population 1km ArcGIS ImageServer,World Bank country income classification mapped to vulnerability weights,Natural Earth country boundaries via datasets/geo-countries,not used for RQ2 exposure rerun
22.5,78.75,930354.2547445314,0.75,IND,India,LMC,Lower middle income,True,WorldPop Total Population 1km ArcGIS ImageServer,World Bank country income classification mapped to vulnerability weights,Natural Earth country boundaries via datasets/geo-countries,not used for RQ2 exposure rerun
22.5,79.5,0.0,0.75,IND,India,LMC,Lower middle income,False,WorldPop Total Population 1km ArcGIS ImageServer,World Bank country income classification mapped to vulnerability weights,Natural Earth country boundaries via datasets/geo-countries,not used for RQ2 exposure rerun
22.5,80.25,0.0,0.75,IND,India,LMC,Lower middle income,False,WorldPop Total Population 1km ArcGIS ImageServer,World Bank country income classification mapped to vulnerability weights,Natural Earth country boundaries via datasets/geo-countries,not used for RQ2 exposure rerun
22.5,81.0,0.0,0.75,IND,India,LMC,Lower middle income,False,WorldPop Total Population 1km ArcGIS ImageServer,World Bank country income classification mapped to vulnerability weights,Natural Earth country boundaries via datasets/geo-countries,not used for RQ2 exposure rerun
22.5,81.75,0.0,0.75,IND,India,LMC,Lower middle income,False,WorldPop Total Population 1km ArcGIS ImageServer,World Bank country income classification mapped to vulnerability weights,Natural Earth country boundaries via datasets/geo-countries,not used for RQ2 exposure rerun
22.5,82.5,0.0,0.75,IND,India,LMC,Lower middle income,False,WorldPop Total Population 1km ArcGIS ImageServer,World Bank country income classification mapped to vulnerability weights,Natural Earth country boundaries via datasets/geo-countries,not used for RQ2 exposure rerun
22.5,86.25,0.0,0.75,IND,India,LMC,Lower middle income,False,WorldPop Total Population 1km ArcGIS ImageServer,World Bank country income classification mapped to vulnerability weights,Natural Earth country boundaries via datasets/geo-countries,not used for RQ2 exposure rerun
22.5,90.75,0.0,0.75,BGD,Bangladesh,LMC,Lower middle income,False,WorldPop Total Population 1km ArcGIS ImageServer,World Bank country income classification mapped to vulnerability weights,Natural Earth country boundaries via datasets/geo-countries,not used for RQ2 exposure rerun
22.5,100.5,0.0,0.5,CHN,China,UMC,Upper middle income,False,WorldPop Total Population 1km ArcGIS ImageServer,World Bank country income classification mapped to vulnerability weights,Natural Earth country boundaries via datasets/geo-countries,not used for RQ2 exposure rerun
22.5,115.5,671571.0695131195,0.5,CHN,China,UMC,Upper middle income,True,WorldPop Total Population 1km ArcGIS ImageServer,World Bank country income classification mapped to vulnerability weights,Natural Earth country boundaries via datasets/geo-countries,not used for RQ2 exposure rerun
22.5,116.25,138612.3624185324,0.5,CHN,China,UMC,Upper middle income,True,WorldPop Total Population 1km ArcGIS ImageServer,World Bank country income classification mapped to vulnerability weights,Natural Earth country boundaries via datasets/geo-countries,not used for RQ2 exposure rerun
22.5,117.0,0.0,0.5,UNASSIGNED,Unassigned/ocean,NA,Not classified,True,WorldPop Total Population 1km ArcGIS ImageServer,World Bank country income classification mapped to vulnerability weights,Natural Earth country boundaries via datasets/geo-countries,not used for RQ2 exposure rerun
22.5,117.75,0.0,0.5,UNASSIGNED,Unassigned/ocean,NA,Not classified,True,WorldPop Total Population 1km ArcGIS ImageServer,World Bank country income classification mapped to vulnerability weights,Natural Earth country boundaries via datasets/geo-countries,not used for RQ2 exposure rerun
22.5,118.5,0.0,0.5,UNASSIGNED,Unassigned/ocean,NA,Not classified,True,WorldPop Total Population 1km ArcGIS ImageServer,World Bank country income classification mapped to vulnerability weights,Natural Earth country boundaries via datasets/geo-countries,not used for RQ2 exposure rerun
22.5,119.25,0.0,0.5,UNASSIGNED,Unassigned/ocean,NA,Not classified,True,WorldPop Total Population 1km ArcGIS ImageServer,World Bank country income classification mapped to vulnerability weights,Natural Earth country boundaries via datasets/geo-countries,not used for RQ2 exposure rerun
22.5,120.0,2213647.791738036,0.5,TWN,Taiwan,NA,Not classified,True,WorldPop Total Population 1km ArcGIS ImageServer,World Bank country income classification mapped to vulnerability weights,Natural Earth country boundaries via datasets/geo-countries,not used for RQ2 exposure rerun
22.5,120.75,1309240.7321152093,0.5,TWN,Taiwan,NA,Not classified,True,WorldPop Total Population 1km ArcGIS ImageServer,World Bank country income classification mapped to vulnerability weights,Natural Earth country boundaries via datasets/geo-countries,not used for RQ2 exposure rerun
22.5,121.5,67051.23438358308,0.5,TWN,Taiwan,NA,Not classified,True,WorldPop Total Population 1km ArcGIS ImageServer,World Bank country income classification mapped to vulnerability weights,Natural Earth country boundaries via datasets/geo-countries,not used for RQ2 exposure rerun
22.5,122.25,0.0,0.5,UNASSIGNED,Unassigned/ocean,NA,Not classified,True,WorldPop Total Population 1km ArcGIS ImageServer,World Bank country income classification mapped to vulnerability weights,Natural Earth country boundaries via datasets/geo-countries,not used for RQ2 exposure rerun
22.5,123.0,0.0,0.5,UNASSIGNED,Unassigned/ocean,NA,Not classified,True,WorldPop Total Population 1km ArcGIS ImageServer,World Bank country income classification mapped to vulnerability weights,Natural Earth country boundaries via datasets/geo-countries,not used for RQ2 exposure rerun
22.5,123.75,0.0,0.5,UNASSIGNED,Unassigned/ocean,NA,Not classified,True,WorldPop Total Population 1km ArcGIS ImageServer,World Bank country income classification mapped to vulnerability weights,Natural Earth country boundaries via datasets/geo-countries,not used for RQ2 exposure rerun
22.5,124.5,0.0,0.5,UNASSIGNED,Unassigned/ocean,NA,Not classified,True,WorldPop Total Population 1km ArcGIS ImageServer,World Bank country income classification mapped to vulnerability weights,Natural Earth country boundaries via datasets/geo-countries,not used for RQ2 exposure rerun
22.5,126.0,0.0,0.5,UNASSIGNED,Unassigned/ocean,NA,Not classified,True,WorldPop Total Population 1km ArcGIS ImageServer,World Bank country income classification mapped to vulnerability weights,Natural Earth country boundaries via datasets/geo-countries,not used for RQ2 exposure rerun
22.5,126.75,0.0,0.5,UNASSIGNED,Unassigned/ocean,NA,Not classified,True,WorldPop Total Population 1km ArcGIS ImageServer,World Bank country income classification mapped to vulnerability weights,Natural Earth country boundaries via datasets/geo-countries,not used for RQ2 exposure rerun
22.5,127.5,0.0,0.5,UNASSIGNED,Unassigned/ocean,NA,Not classified,True,WorldPop Total Population 1km ArcGIS ImageServer,World Bank country income classification mapped to vulnerability weights,Natural Earth country boundaries via datasets/geo-countries,not used for RQ2 exposure rerun
22.5,128.25,0.0,0.5,UNASSIGNED,Unassigned/ocean,NA,Not classified,True,WorldPop Total Population 1km ArcGIS ImageServer,World Bank country income classification mapped to vulnerability weights,Natural Earth country boundaries via datasets/geo-countries,not used for RQ2 exposure rerun
22.5,129.0,0.0,0.5,UNASSIGNED,Unassigned/ocean,NA,Not classified,False,WorldPop Total Population 1km ArcGIS ImageServer,World Bank country income classification mapped to vulnerability weights,Natural Earth country boundaries via datasets/geo-countries,not used for RQ2 exposure rerun
22.5,133.5,0.0,0.5,UNASSIGNED,Unassigned/ocean,NA,Not classified,False,WorldPop Total Population 1km ArcGIS ImageServer,World Bank country income classification mapped to vulnerability weights,Natural Earth country boundaries via datasets/geo-countries,not used for RQ2 exposure rerun
23.25,-76.5,0.0,0.5,UNASSIGNED,Unassigned/ocean,NA,Not classified,True,WorldPop Total Population 1km ArcGIS ImageServer,World Bank country income classification mapped to vulnerability weights,Natural Earth country boundaries via datasets/geo-countries,not used for RQ2 exposure rerun
23.25,-75.75,2460.3892779471353,0.25,BHS,The Bahamas,HIC,High income,True,WorldPop Total Population 1km ArcGIS ImageServer,World Bank country income classification mapped to vulnerability weights,Natural Earth country boundaries via datasets/geo-countries,not used for RQ2 exposure rerun
23.25,-75.0,2814.4959249356757,0.25,BHS,The Bahamas,HIC,High income,True,WorldPop Total Population 1km ArcGIS ImageServer,World Bank country income classification mapped to vulnerability weights,Natural Earth country boundaries via datasets/geo-countries,not used for RQ2 exposure rerun
23.25,-74.25,0.002609983319416642,0.5,UNASSIGNED,Unassigned/ocean,NA,Not classified,True,WorldPop Total Population 1km ArcGIS ImageServer,World Bank country income classification mapped to vulnerability weights,Natural Earth country boundaries via datasets/geo-countries,not used for RQ2 exposure rerun
23.25,-73.5,15.813135795295238,0.25,BHS,The Bahamas,HIC,High income,True,WorldPop Total Population 1km ArcGIS ImageServer,World Bank country income classification mapped to vulnerability weights,Natural Earth country boundaries via datasets/geo-countries,not used for RQ2 exposure rerun
23.25,-72.75,0.0,0.5,UNASSIGNED,Unassigned/ocean,NA,Not classified,True,WorldPop Total Population 1km ArcGIS ImageServer,World Bank country income classification mapped to vulnerability weights,Natural Earth country boundaries via datasets/geo-countries,not used for RQ2 exposure rerun
23.25,-72.0,0.0,0.5,UNASSIGNED,Unassigned/ocean,NA,Not classified,True,WorldPop Total Population 1km ArcGIS ImageServer,World Bank country income classification mapped to vulnerability weights,Natural Earth country boundaries via datasets/geo-countries,not used for RQ2 exposure rerun
23.25,-71.25,0.0,0.5,UNASSIGNED,Unassigned/ocean,NA,Not classified,True,WorldPop Total Population 1km ArcGIS ImageServer,World Bank country income classification mapped to vulnerability weights,Natural Earth country boundaries via datasets/geo-countries,not used for RQ2 exposure rerun
23.25,-70.5,0.0,0.5,UNASSIGNED,Unassigned/ocean,NA,Not classified,True,WorldPop Total Population 1km ArcGIS ImageServer,World Bank country income classification mapped to vulnerability weights,Natural Earth country boundaries via datasets/geo-countries,not used for RQ2 exposure rerun
23.25,-69.75,0.0,0.5,UNASSIGNED,Unassigned/ocean,NA,Not classified,True,WorldPop Total Population 1km ArcGIS ImageServer,World Bank country income classification mapped to vulnerability weights,Natural Earth country boundaries via datasets/geo-countries,not used for RQ2 exposure rerun
23.25,-69.0,0.0,0.5,UNASSIGNED,Unassigned/ocean,NA,Not classified,True,WorldPop Total Population 1km ArcGIS ImageServer,World Bank country income classification mapped to vulnerability weights,Natural Earth country boundaries via datasets/geo-countries,not used for RQ2 exposure rerun
23.25,-68.25,0.0,0.5,UNASSIGNED,Unassigned/ocean,NA,Not classified,True,WorldPop Total Population 1km ArcGIS ImageServer,World Bank country income classification mapped to vulnerability weights,Natural Earth country boundaries via datasets/geo-countries,not used for RQ2 exposure rerun
23.25,78.75,0.0,0.75,IND,India,LMC,Lower middle income,False,WorldPop Total Population 1km ArcGIS ImageServer,World Bank country income classification mapped to vulnerability weights,Natural Earth country boundaries via datasets/geo-countries,not used for RQ2 exposure rerun
23.25,79.5,0.0,0.75,IND,India,LMC,Lower middle income,False,WorldPop Total Population 1km ArcGIS ImageServer,World Bank country income classification mapped to vulnerability weights,Natural Earth country boundaries via datasets/geo-countries,not used for RQ2 exposure rerun
23.25,80.25,0.0,0.75,IND,India,LMC,Lower middle income,False,WorldPop Total Population 1km ArcGIS ImageServer,World Bank country income classification mapped to vulnerability weights,Natural Earth country boundaries via datasets/geo-countries,not used for RQ2 exposure rerun
23.25,81.0,0.0,0.75,IND,India,LMC,Lower middle income,False,WorldPop Total Population 1km ArcGIS ImageServer,World Bank country income classification mapped to vulnerability weights,Natural Earth country boundaries via datasets/geo-countries,not used for RQ2 exposure rerun
23.25,81.75,0.0,0.75,IND,India,LMC,Lower middle income,False,WorldPop Total Population 1km ArcGIS ImageServer,World Bank country income classification mapped to vulnerability weights,Natural Earth country boundaries via datasets/geo-countries,not used for RQ2 exposure rerun
23.25,82.5,0.0,0.75,IND,India,LMC,Lower middle income,False,WorldPop Total Population 1km ArcGIS ImageServer,World Bank country income classification mapped to vulnerability weights,Natural Earth country boundaries via datasets/geo-countries,not used for RQ2 exposure rerun
23.25,83.25,0.0,0.75,IND,India,LMC,Lower middle income,False,WorldPop Total Population 1km ArcGIS ImageServer,World Bank country income classification mapped to vulnerability weights,Natural Earth country boundaries via datasets/geo-countries,not used for RQ2 exposure rerun
23.25,87.75,0.0,0.75,IND,India,LMC,Lower middle income,False,WorldPop Total Population 1km ArcGIS ImageServer,World Bank country income classification mapped to vulnerability weights,Natural Earth country boundaries via datasets/geo-countries,not used for RQ2 exposure rerun
23.25,88.5,0.0,0.75,IND,India,LMC,Lower middle income,False,WorldPop Total Population 1km ArcGIS ImageServer,World Bank country income classification mapped to vulnerability weights,Natural Earth country boundaries via datasets/geo-countries,not used for RQ2 exposure rerun
23.25,90.75,0.0,0.75,BGD,Bangladesh,LMC,Lower middle income,False,WorldPop Total Population 1km ArcGIS ImageServer,World Bank country income classification mapped to vulnerability weights,Natural Earth country boundaries via datasets/geo-countries,not used for RQ2 exposure rerun
23.25,115.5,1887886.8172272071,0.5,CHN,China,UMC,Upper middle income,True,WorldPop Total Population 1km ArcGIS ImageServer,World Bank country income classification mapped to vulnerability weights,Natural Earth country boundaries via datasets/geo-countries,not used for RQ2 exposure rerun
23.25,116.25,7872195.386163965,0.5,CHN,China,UMC,Upper middle income,True,WorldPop Total Population 1km ArcGIS ImageServer,World Bank country income classification mapped to vulnerability weights,Natural Earth country boundaries via datasets/geo-countries,not used for RQ2 exposure rerun
23.25,117.0,2762117.4339259844,0.5,CHN,China,UMC,Upper middle income,True,WorldPop Total Population 1km ArcGIS ImageServer,World Bank country income classification mapped to vulnerability weights,Natural Earth country boundaries via datasets/geo-countries,not used for RQ2 exposure rerun
23.25,117.75,17619.00731539726,0.5,CHN,China,UMC,Upper middle income,True,WorldPop Total Population 1km ArcGIS ImageServer,World Bank country income classification mapped to vulnerability weights,Natural Earth country boundaries via datasets/geo-countries,not used for RQ2 exposure rerun
23.25,118.5,0.0,0.5,UNASSIGNED,Unassigned/ocean,NA,Not classified,True,WorldPop Total Population 1km ArcGIS ImageServer,World Bank country income classification mapped to vulnerability weights,Natural Earth country boundaries via datasets/geo-countries,not used for RQ2 exposure rerun
23.25,119.25,64582.60620588069,0.5,TWN,Taiwan,NA,Not classified,True,WorldPop Total Population 1km ArcGIS ImageServer,World Bank country income classification mapped to vulnerability weights,Natural Earth country boundaries via datasets/geo-countries,not used for RQ2 exposure rerun
23.25,120.0,1999733.420073865,0.5,TWN,Taiwan,NA,Not classified,True,WorldPop Total Population 1km ArcGIS ImageServer,World Bank country income classification mapped to vulnerability weights,Natural Earth country boundaries via datasets/geo-countries,not used for RQ2 exposure rerun
23.25,120.75,863498.8763065585,0.5,TWN,Taiwan,NA,Not classified,True,WorldPop Total Population 1km ArcGIS ImageServer,World Bank country income classification mapped to vulnerability weights,Natural Earth country boundaries via datasets/geo-countries,not used for RQ2 exposure rerun
23.25,121.5,102822.666669965,0.5,TWN,Taiwan,NA,Not classified,True,WorldPop Total Population 1km ArcGIS ImageServer,World Bank country income classification mapped to vulnerability weights,Natural Earth country boundaries via datasets/geo-countries,not used for RQ2 exposure rerun
23.25,122.25,0.0,0.5,UNASSIGNED,Unassigned/ocean,NA,Not classified,True,WorldPop Total Population 1km ArcGIS ImageServer,World Bank country income classification mapped to vulnerability weights,Natural Earth country boundaries via datasets/geo-countries,not used for RQ2 exposure rerun
23.25,123.0,0.0,0.5,UNASSIGNED,Unassigned/ocean,NA,Not classified,True,WorldPop Total Population 1km ArcGIS ImageServer,World Bank country income classification mapped to vulnerability weights,Natural Earth country boundaries via datasets/geo-countries,not used for RQ2 exposure rerun
23.25,123.75,0.0,0.5,UNASSIGNED,Unassigned/ocean,NA,Not classified,True,WorldPop Total Population 1km ArcGIS ImageServer,World Bank country income classification mapped to vulnerability weights,Natural Earth country boundaries via datasets/geo-countries,not used for RQ2 exposure rerun
23.25,125.25,0.0,0.5,UNASSIGNED,Unassigned/ocean,NA,Not classified,True,WorldPop Total Population 1km ArcGIS ImageServer,World Bank country income classification mapped to vulnerability weights,Natural Earth country boundaries via datasets/geo-countries,not used for RQ2 exposure rerun
23.25,126.0,0.0,0.5,UNASSIGNED,Unassigned/ocean,NA,Not classified,True,WorldPop Total Population 1km ArcGIS ImageServer,World Bank country income classification mapped to vulnerability weights,Natural Earth country boundaries via datasets/geo-countries,not used for RQ2 exposure rerun
23.25,126.75,0.0,0.5,UNASSIGNED,Unassigned/ocean,NA,Not classified,True,WorldPop Total Population 1km ArcGIS ImageServer,World Bank country income classification mapped to vulnerability weights,Natural Earth country boundaries via datasets/geo-countries,not used for RQ2 exposure rerun
23.25,127.5,0.0,0.5,UNASSIGNED,Unassigned/ocean,NA,Not classified,True,WorldPop Total Population 1km ArcGIS ImageServer,World Bank country income classification mapped to vulnerability weights,Natural Earth country boundaries via datasets/geo-countries,not used for RQ2 exposure rerun
23.25,128.25,0.0,0.5,UNASSIGNED,Unassigned/ocean,NA,Not classified,True,WorldPop Total Population 1km ArcGIS ImageServer,World Bank country income classification mapped to vulnerability weights,Natural Earth country boundaries via datasets/geo-countries,not used for RQ2 exposure rerun
23.25,129.0,0.0,0.5,UNASSIGNED,Unassigned/ocean,NA,Not classified,True,WorldPop Total Population 1km ArcGIS ImageServer,World Bank country income classification mapped to vulnerability weights,Natural Earth country boundaries via datasets/geo-countries,not used for RQ2 exposure rerun
23.25,129.75,0.0,0.5,UNASSIGNED,Unassigned/ocean,NA,Not classified,True,WorldPop Total Population 1km ArcGIS ImageServer,World Bank country income classification mapped to vulnerability weights,Natural Earth country boundaries via datasets/geo-countries,not used for RQ2 exposure rerun
23.25,130.5,0.0,0.5,UNASSIGNED,Unassigned/ocean,NA,Not classified,False,WorldPop Total Population 1km ArcGIS ImageServer,World Bank country income classification mapped to vulnerability weights,Natural Earth country boundaries via datasets/geo-countries,not used for RQ2 exposure rerun
23.25,131.25,0.0,0.5,UNASSIGNED,Unassigned/ocean,NA,Not classified,False,WorldPop Total Population 1km ArcGIS ImageServer,World Bank country income classification mapped to vulnerability weights,Natural Earth country boundaries via datasets/geo-countries,not used for RQ2 exposure rerun
23.25,133.5,0.0,0.5,UNASSIGNED,Unassigned/ocean,NA,Not classified,False,WorldPop Total Population 1km ArcGIS ImageServer,World Bank country income classification mapped to vulnerability weights,Natural Earth country boundaries via datasets/geo-countries,not used for RQ2 exposure rerun
24.0,-75.75,1873.3062523212284,0.25,BHS,The Bahamas,HIC,High income,True,WorldPop Total Population 1km ArcGIS ImageServer,World Bank country income classification mapped to vulnerability weights,Natural Earth country boundaries via datasets/geo-countries,not used for RQ2 exposure rerun
24.0,-75.0,472.34727573627623,0.25,BHS,The Bahamas,HIC,High income,True,WorldPop Total Population 1km ArcGIS ImageServer,World Bank country income classification mapped to vulnerability weights,Natural Earth country boundaries via datasets/geo-countries,not used for RQ2 exposure rerun
24.0,-74.25,969.5964079312974,0.25,BHS,The Bahamas,HIC,High income,True,WorldPop Total Population 1km ArcGIS ImageServer,World Bank country income classification mapped to vulnerability weights,Natural Earth country boundaries via datasets/geo-countries,not used for RQ2 exposure rerun
24.0,-73.5,0.0,0.5,UNASSIGNED,Unassigned/ocean,NA,Not classified,True,WorldPop Total Population 1km ArcGIS ImageServer,World Bank country income classification mapped to vulnerability weights,Natural Earth country boundaries via datasets/geo-countries,not used for RQ2 exposure rerun
24.0,-72.75,0.0,0.5,UNASSIGNED,Unassigned/ocean,NA,Not classified,True,WorldPop Total Population 1km ArcGIS ImageServer,World Bank country income classification mapped to vulnerability weights,Natural Earth country boundaries via datasets/geo-countries,not used for RQ2 exposure rerun
24.0,-72.0,0.0,0.5,UNASSIGNED,Unassigned/ocean,NA,Not classified,True,WorldPop Total Population 1km ArcGIS ImageServer,World Bank country income classification mapped to vulnerability weights,Natural Earth country boundaries via datasets/geo-countries,not used for RQ2 exposure rerun
24.0,-71.25,0.0,0.5,UNASSIGNED,Unassigned/ocean,NA,Not classified,True,WorldPop Total Population 1km ArcGIS ImageServer,World Bank country income classification mapped to vulnerability weights,Natural Earth country boundaries via datasets/geo-countries,not used for RQ2 exposure rerun
24.0,-70.5,0.0,0.5,UNASSIGNED,Unassigned/ocean,NA,Not classified,True,WorldPop Total Population 1km ArcGIS ImageServer,World Bank country income classification mapped to vulnerability weights,Natural Earth country boundaries via datasets/geo-countries,not used for RQ2 exposure rerun
24.0,-69.75,0.0,0.5,UNASSIGNED,Unassigned/ocean,NA,Not classified,True,WorldPop Total Population 1km ArcGIS ImageServer,World Bank country income classification mapped to vulnerability weights,Natural Earth country boundaries via datasets/geo-countries,not used for RQ2 exposure rerun
24.0,-69.0,0.0,0.5,UNASSIGNED,Unassigned/ocean,NA,Not classified,True,WorldPop Total Population 1km ArcGIS ImageServer,World Bank country income classification mapped to vulnerability weights,Natural Earth country boundaries via datasets/geo-countries,not used for RQ2 exposure rerun
24.0,78.0,0.0,0.75,IND,India,LMC,Lower middle income,False,WorldPop Total Population 1km ArcGIS ImageServer,World Bank country income classification mapped to vulnerability weights,Natural Earth country boundaries via datasets/geo-countries,not used for RQ2 exposure rerun
24.0,78.75,0.0,0.75,IND,India,LMC,Lower middle income,False,WorldPop Total Population 1km ArcGIS ImageServer,World Bank country income classification mapped to vulnerability weights,Natural Earth country boundaries via datasets/geo-countries,not used for RQ2 exposure rerun
24.0,79.5,0.0,0.75,IND,India,LMC,Lower middle income,False,WorldPop Total Population 1km ArcGIS ImageServer,World Bank country income classification mapped to vulnerability weights,Natural Earth country boundaries via datasets/geo-countries,not used for RQ2 exposure rerun
24.0,80.25,0.0,0.75,IND,India,LMC,Lower middle income,False,WorldPop Total Population 1km ArcGIS ImageServer,World Bank country income classification mapped to vulnerability weights,Natural Earth country boundaries via datasets/geo-countries,not used for RQ2 exposure rerun
24.0,81.0,0.0,0.75,IND,India,LMC,Lower middle income,False,WorldPop Total Population 1km ArcGIS ImageServer,World Bank country income classification mapped to vulnerability weights,Natural Earth country boundaries via datasets/geo-countries,not used for RQ2 exposure rerun
24.0,81.75,0.0,0.75,IND,India,LMC,Lower middle income,False,WorldPop Total Population 1km ArcGIS ImageServer,World Bank country income classification mapped to vulnerability weights,Natural Earth country boundaries via datasets/geo-countries,not used for RQ2 exposure rerun
24.0,82.5,0.0,0.75,IND,India,LMC,Lower middle income,False,WorldPop Total Population 1km ArcGIS ImageServer,World Bank country income classification mapped to vulnerability weights,Natural Earth country boundaries via datasets/geo-countries,not used for RQ2 exposure rerun
24.0,83.25,0.0,0.75,IND,India,LMC,Lower middle income,False,WorldPop Total Population 1km ArcGIS ImageServer,World Bank country income classification mapped to vulnerability weights,Natural Earth country boundaries via datasets/geo-countries,not used for RQ2 exposure rerun
24.0,84.0,0.0,0.75,IND,India,LMC,Lower middle income,False,WorldPop Total Population 1km ArcGIS ImageServer,World Bank country income classification mapped to vulnerability weights,Natural Earth country boundaries via datasets/geo-countries,not used for RQ2 exposure rerun
24.0,84.75,0.0,0.75,IND,India,LMC,Lower middle income,False,WorldPop Total Population 1km ArcGIS ImageServer,World Bank country income classification mapped to vulnerability weights,Natural Earth country boundaries via datasets/geo-countries,not used for RQ2 exposure rerun
24.0,87.0,0.0,0.75,IND,India,LMC,Lower middle income,False,WorldPop Total Population 1km ArcGIS ImageServer,World Bank country income classification mapped to vulnerability weights,Natural Earth country boundaries via datasets/geo-countries,not used for RQ2 exposure rerun
24.0,87.75,0.0,0.75,IND,India,LMC,Lower middle income,False,WorldPop Total Population 1km ArcGIS ImageServer,World Bank country income classification mapped to vulnerability weights,Natural Earth country boundaries via datasets/geo-countries,not used for RQ2 exposure rerun
24.0,88.5,0.0,0.75,IND,India,LMC,Lower middle income,False,WorldPop Total Population 1km ArcGIS ImageServer,World Bank country income classification mapped to vulnerability weights,Natural Earth country boundaries via datasets/geo-countries,not used for RQ2 exposure rerun
24.0,89.25,0.0,0.75,BGD,Bangladesh,LMC,Lower middle income,False,WorldPop Total Population 1km ArcGIS ImageServer,World Bank country income classification mapped to vulnerability weights,Natural Earth country boundaries via datasets/geo-countries,not used for RQ2 exposure rerun
24.0,90.0,0.0,0.75,BGD,Bangladesh,LMC,Lower middle income,False,WorldPop Total Population 1km ArcGIS ImageServer,World Bank country income classification mapped to vulnerability weights,Natural Earth country boundaries via datasets/geo-countries,not used for RQ2 exposure rerun
24.0,91.5,0.0,0.75,IND,India,LMC,Lower middle income,False,WorldPop Total Population 1km ArcGIS ImageServer,World Bank country income classification mapped to vulnerability weights,Natural Earth country boundaries via datasets/geo-countries,not used for RQ2 exposure rerun
24.0,117.0,2440245.6608368238,0.5,CHN,China,UMC,Upper middle income,True,WorldPop Total Population 1km ArcGIS ImageServer,World Bank country income classification mapped to vulnerability weights,Natural Earth country boundaries via datasets/geo-countries,not used for RQ2 exposure rerun
24.0,117.75,1249143.257117987,0.5,CHN,China,UMC,Upper middle income,True,WorldPop Total Population 1km ArcGIS ImageServer,World Bank country income classification mapped to vulnerability weights,Natural Earth country boundaries via datasets/geo-countries,not used for RQ2 exposure rerun
24.0,118.5,2094.387377262115,0.5,CHN,China,UMC,Upper middle income,True,WorldPop Total Population 1km ArcGIS ImageServer,World Bank country income classification mapped to vulnerability weights,Natural Earth country boundaries via datasets/geo-countries,not used for RQ2 exposure rerun
24.0,119.25,6883.710428059099,0.5,TWN,Taiwan,NA,Not classified,True,WorldPop Total Population 1km ArcGIS ImageServer,World Bank country income classification mapped to vulnerability weights,Natural Earth country boundaries via datasets/geo-countries,not used for RQ2 exposure rerun
24.0,120.0,207227.90713179114,0.5,TWN,Taiwan,NA,Not classified,True,WorldPop Total Population 1km ArcGIS ImageServer,World Bank country income classification mapped to vulnerability weights,Natural Earth country boundaries via datasets/geo-countries,not used for RQ2 exposure rerun
24.0,121.5,281553.26324582135,0.5,TWN,Taiwan,NA,Not classified,True,WorldPop Total Population 1km ArcGIS ImageServer,World Bank country income classification mapped to vulnerability weights,Natural Earth country boundaries via datasets/geo-countries,not used for RQ2 exposure rerun
24.0,122.25,0.0,0.5,UNASSIGNED,Unassigned/ocean,NA,Not classified,True,WorldPop Total Population 1km ArcGIS ImageServer,World Bank country income classification mapped to vulnerability weights,Natural Earth country boundaries via datasets/geo-countries,not used for RQ2 exposure rerun
24.0,123.0,0.0,0.5,UNASSIGNED,Unassigned/ocean,NA,Not classified,True,WorldPop Total Population 1km ArcGIS ImageServer,World Bank country income classification mapped to vulnerability weights,Natural Earth country boundaries via datasets/geo-countries,not used for RQ2 exposure rerun
24.0,123.75,3149.381871398539,0.25,JPN,Japan,HIC,High income,True,WorldPop Total Population 1km ArcGIS ImageServer,World Bank country income classification mapped to vulnerability weights,Natural Earth country boundaries via datasets/geo-countries,not used for RQ2 exposure rerun
24.0,124.5,31610.54305291177,0.25,JPN,Japan,HIC,High income,True,WorldPop Total Population 1km ArcGIS ImageServer,World Bank country income classification mapped to vulnerability weights,Natural Earth country boundaries via datasets/geo-countries,not used for RQ2 exposure rerun
24.0,125.25,0.0,0.5,UNASSIGNED,Unassigned/ocean,NA,Not classified,True,WorldPop Total Population 1km ArcGIS ImageServer,World Bank country income classification mapped to vulnerability weights,Natural Earth country boundaries via datasets/geo-countries,not used for RQ2 exposure rerun
24.0,126.0,0.0,0.5,UNASSIGNED,Unassigned/ocean,NA,Not classified,True,WorldPop Total Population 1km ArcGIS ImageServer,World Bank country income classification mapped to vulnerability weights,Natural Earth country boundaries via datasets/geo-countries,not used for RQ2 exposure rerun
24.0,126.75,0.0,0.5,UNASSIGNED,Unassigned/ocean,NA,Not classified,True,WorldPop Total Population 1km ArcGIS ImageServer,World Bank country income classification mapped to vulnerability weights,Natural Earth country boundaries via datasets/geo-countries,not used for RQ2 exposure rerun
24.0,127.5,0.0,0.5,UNASSIGNED,Unassigned/ocean,NA,Not classified,True,WorldPop Total Population 1km ArcGIS ImageServer,World Bank country income classification mapped to vulnerability weights,Natural Earth country boundaries via datasets/geo-countries,not used for RQ2 exposure rerun
24.0,128.25,0.0,0.5,UNASSIGNED,Unassigned/ocean,NA,Not classified,True,WorldPop Total Population 1km ArcGIS ImageServer,World Bank country income classification mapped to vulnerability weights,Natural Earth country boundaries via datasets/geo-countries,not used for RQ2 exposure rerun
24.0,129.0,0.0,0.5,UNASSIGNED,Unassigned/ocean,NA,Not classified,True,WorldPop Total Population 1km ArcGIS ImageServer,World Bank country income classification mapped to vulnerability weights,Natural Earth country boundaries via datasets/geo-countries,not used for RQ2 exposure rerun
24.0,129.75,0.0,0.5,UNASSIGNED,Unassigned/ocean,NA,Not classified,True,WorldPop Total Population 1km ArcGIS ImageServer,World Bank country income classification mapped to vulnerability weights,Natural Earth country boundaries via datasets/geo-countries,not used for RQ2 exposure rerun
24.0,130.5,0.0,0.5,UNASSIGNED,Unassigned/ocean,NA,Not classified,True,WorldPop Total Population 1km ArcGIS ImageServer,World Bank country income classification mapped to vulnerability weights,Natural Earth country boundaries via datasets/geo-countries,not used for RQ2 exposure rerun
24.0,131.25,0.0,0.5,UNASSIGNED,Unassigned/ocean,NA,Not classified,False,WorldPop Total Population 1km ArcGIS ImageServer,World Bank country income classification mapped to vulnerability weights,Natural Earth country boundaries via datasets/geo-countries,not used for RQ2 exposure rerun
24.0,132.0,0.0,0.5,UNASSIGNED,Unassigned/ocean,NA,Not classified,False,WorldPop Total Population 1km ArcGIS ImageServer,World Bank country income classification mapped to vulnerability weights,Natural Earth country boundaries via datasets/geo-countries,not used for RQ2 exposure rerun
24.75,-75.75,516.9746917001901,0.25,BHS,The Bahamas,HIC,High income,True,WorldPop Total Population 1km ArcGIS ImageServer,World Bank country income classification mapped to vulnerability weights,Natural Earth country boundaries via datasets/geo-countries,not used for RQ2 exposure rerun
24.75,-75.0,0.0,0.5,UNASSIGNED,Unassigned/ocean,NA,Not classified,True,WorldPop Total Population 1km ArcGIS ImageServer,World Bank country income classification mapped to vulnerability weights,Natural Earth country boundaries via datasets/geo-countries,not used for RQ2 exposure rerun
24.75,-74.25,0.0,0.5,UNASSIGNED,Unassigned/ocean,NA,Not classified,True,WorldPop Total Population 1km ArcGIS ImageServer,World Bank country income classification mapped to vulnerability weights,Natural Earth country boundaries via datasets/geo-countries,not used for RQ2 exposure rerun
24.75,-73.5,0.0,0.5,UNASSIGNED,Unassigned/ocean,NA,Not classified,True,WorldPop Total Population 1km ArcGIS ImageServer,World Bank country income classification mapped to vulnerability weights,Natural Earth country boundaries via datasets/geo-countries,not used for RQ2 exposure rerun
24.75,-72.75,0.0,0.5,UNASSIGNED,Unassigned/ocean,NA,Not classified,True,WorldPop Total Population 1km ArcGIS ImageServer,World Bank country income classification mapped to vulnerability weights,Natural Earth country boundaries via datasets/geo-countries,not used for RQ2 exposure rerun
24.75,-72.0,0.0,0.5,UNASSIGNED,Unassigned/ocean,NA,Not classified,True,WorldPop Total Population 1km ArcGIS ImageServer,World Bank country income classification mapped to vulnerability weights,Natural Earth country boundaries via datasets/geo-countries,not used for RQ2 exposure rerun
24.75,-71.25,0.0,0.5,UNASSIGNED,Unassigned/ocean,NA,Not classified,True,WorldPop Total Population 1km ArcGIS ImageServer,World Bank country income classification mapped to vulnerability weights,Natural Earth country boundaries via datasets/geo-countries,not used for RQ2 exposure rerun
24.75,-70.5,0.0,0.5,UNASSIGNED,Unassigned/ocean,NA,Not classified,True,WorldPop Total Population 1km ArcGIS ImageServer,World Bank country income classification mapped to vulnerability weights,Natural Earth country boundaries via datasets/geo-countries,not used for RQ2 exposure rerun
24.75,-69.75,0.0,0.5,UNASSIGNED,Unassigned/ocean,NA,Not classified,True,WorldPop Total Population 1km ArcGIS ImageServer,World Bank country income classification mapped to vulnerability weights,Natural Earth country boundaries via datasets/geo-countries,not used for RQ2 exposure rerun
24.75,-69.0,0.0,0.5,UNASSIGNED,Unassigned/ocean,NA,Not classified,True,WorldPop Total Population 1km ArcGIS ImageServer,World Bank country income classification mapped to vulnerability weights,Natural Earth country boundaries via datasets/geo-countries,not used for RQ2 exposure rerun
24.75,-68.25,0.0,0.5,UNASSIGNED,Unassigned/ocean,NA,Not classified,True,WorldPop Total Population 1km ArcGIS ImageServer,World Bank country income classification mapped to vulnerability weights,Natural Earth country boundaries via datasets/geo-countries,not used for RQ2 exposure rerun
24.75,-67.5,0.0,0.5,UNASSIGNED,Unassigned/ocean,NA,Not classified,True,WorldPop Total Population 1km ArcGIS ImageServer,World Bank country income classification mapped to vulnerability weights,Natural Earth country boundaries via datasets/geo-countries,not used for RQ2 exposure rerun
24.75,78.75,0.0,0.75,IND,India,LMC,Lower middle income,False,WorldPop Total Population 1km ArcGIS ImageServer,World Bank country income classification mapped to vulnerability weights,Natural Earth country boundaries via datasets/geo-countries,not used for RQ2 exposure rerun
24.75,79.5,0.0,0.75,IND,India,LMC,Lower middle income,False,WorldPop Total Population 1km ArcGIS ImageServer,World Bank country income classification mapped to vulnerability weights,Natural Earth country boundaries via datasets/geo-countries,not used for RQ2 exposure rerun
24.75,80.25,0.0,0.75,IND,India,LMC,Lower middle income,False,WorldPop Total Population 1km ArcGIS ImageServer,World Bank country income classification mapped to vulnerability weights,Natural Earth country boundaries via datasets/geo-countries,not used for RQ2 exposure rerun
24.75,81.0,0.0,0.75,IND,India,LMC,Lower middle income,False,WorldPop Total Population 1km ArcGIS ImageServer,World Bank country income classification mapped to vulnerability weights,Natural Earth country boundaries via datasets/geo-countries,not used for RQ2 exposure rerun
24.75,81.75,0.0,0.75,IND,India,LMC,Lower middle income,False,WorldPop Total Population 1km ArcGIS ImageServer,World Bank country income classification mapped to vulnerability weights,Natural Earth country boundaries via datasets/geo-countries,not used for RQ2 exposure rerun
24.75,82.5,0.0,0.75,IND,India,LMC,Lower middle income,False,WorldPop Total Population 1km ArcGIS ImageServer,World Bank country income classification mapped to vulnerability weights,Natural Earth country boundaries via datasets/geo-countries,not used for RQ2 exposure rerun
24.75,83.25,0.0,0.75,IND,India,LMC,Lower middle income,False,WorldPop Total Population 1km ArcGIS ImageServer,World Bank country income classification mapped to vulnerability weights,Natural Earth country boundaries via datasets/geo-countries,not used for RQ2 exposure rerun
24.75,84.0,0.0,0.75,IND,India,LMC,Lower middle income,False,WorldPop Total Population 1km ArcGIS ImageServer,World Bank country income classification mapped to vulnerability weights,Natural Earth country boundaries via datasets/geo-countries,not used for RQ2 exposure rerun
24.75,84.75,0.0,0.75,IND,India,LMC,Lower middle income,False,WorldPop Total Population 1km ArcGIS ImageServer,World Bank country income classification mapped to vulnerability weights,Natural Earth country boundaries via datasets/geo-countries,not used for RQ2 exposure rerun
24.75,85.5,0.0,0.75,IND,India,LMC,Lower middle income,False,WorldPop Total Population 1km ArcGIS ImageServer,World Bank country income classification mapped to vulnerability weights,Natural Earth country boundaries via datasets/geo-countries,not used for RQ2 exposure rerun
24.75,86.25,0.0,0.75,IND,India,LMC,Lower middle income,False,WorldPop Total Population 1km ArcGIS ImageServer,World Bank country income classification mapped to vulnerability weights,Natural Earth country boundaries via datasets/geo-countries,not used for RQ2 exposure rerun
24.75,87.0,0.0,0.75,IND,India,LMC,Lower middle income,False,WorldPop Total Population 1km ArcGIS ImageServer,World Bank country income classification mapped to vulnerability weights,Natural Earth country boundaries via datasets/geo-countries,not used for RQ2 exposure rerun
24.75,87.75,0.0,0.75,IND,India,LMC,Lower middle income,False,WorldPop Total Population 1km ArcGIS ImageServer,World Bank country income classification mapped to vulnerability weights,Natural Earth country boundaries via datasets/geo-countries,not used for RQ2 exposure rerun
24.75,88.5,0.0,0.75,BGD,Bangladesh,LMC,Lower middle income,False,WorldPop Total Population 1km ArcGIS ImageServer,World Bank country income classification mapped to vulnerability weights,Natural Earth country boundaries via datasets/geo-countries,not used for RQ2 exposure rerun
24.75,89.25,0.0,0.75,BGD,Bangladesh,LMC,Lower middle income,False,WorldPop Total Population 1km ArcGIS ImageServer,World Bank country income classification mapped to vulnerability weights,Natural Earth country boundaries via datasets/geo-countries,not used for RQ2 exposure rerun
24.75,90.0,0.0,0.75,BGD,Bangladesh,LMC,Lower middle income,False,WorldPop Total Population 1km ArcGIS ImageServer,World Bank country income classification mapped to vulnerability weights,Natural Earth country boundaries via datasets/geo-countries,not used for RQ2 exposure rerun
24.75,90.75,0.0,0.75,BGD,Bangladesh,LMC,Lower middle income,False,WorldPop Total Population 1km ArcGIS ImageServer,World Bank country income classification mapped to vulnerability weights,Natural Earth country boundaries via datasets/geo-countries,not used for RQ2 exposure rerun
24.75,91.5,0.0,0.75,BGD,Bangladesh,LMC,Lower middle income,False,WorldPop Total Population 1km ArcGIS ImageServer,World Bank country income classification mapped to vulnerability weights,Natural Earth country boundaries via datasets/geo-countries,not used for RQ2 exposure rerun
24.75,117.75,3434223.96941712,0.5,CHN,China,UMC,Upper middle income,True,WorldPop Total Population 1km ArcGIS ImageServer,World Bank country income classification mapped to vulnerability weights,Natural Earth country boundaries via datasets/geo-countries,not used for RQ2 exposure rerun
24.75,118.5,5953997.798760616,0.5,CHN,China,UMC,Upper middle income,True,WorldPop Total Population 1km ArcGIS ImageServer,World Bank country income classification mapped to vulnerability weights,Natural Earth country boundaries via datasets/geo-countries,not used for RQ2 exposure rerun
24.75,119.25,329716.31598651403,0.5,CHN,China,UMC,Upper middle income,True,WorldPop Total Population 1km ArcGIS ImageServer,World Bank country income classification mapped to vulnerability weights,Natural Earth country boundaries via datasets/geo-countries,not used for RQ2 exposure rerun
24.75,120.0,0.0,0.5,UNASSIGNED,Unassigned/ocean,NA,Not classified,True,WorldPop Total Population 1km ArcGIS ImageServer,World Bank country income classification mapped to vulnerability weights,Natural Earth country boundaries via datasets/geo-countries,not used for RQ2 exposure rerun
24.75,120.75,1368089.6119621382,0.5,TWN,Taiwan,NA,Not classified,True,WorldPop Total Population 1km ArcGIS ImageServer,World Bank country income classification mapped to vulnerability weights,Natural Earth country boundaries via datasets/geo-countries,not used for RQ2 exposure rerun
24.75,121.5,8090198.433525852,0.5,TWN,Taiwan,NA,Not classified,True,WorldPop Total Population 1km ArcGIS ImageServer,World Bank country income classification mapped to vulnerability weights,Natural Earth country boundaries via datasets/geo-countries,not used for RQ2 exposure rerun
24.75,122.25,11455.993900299063,0.5,TWN,Taiwan,NA,Not classified,True,WorldPop Total Population 1km ArcGIS ImageServer,World Bank country income classification mapped to vulnerability weights,Natural Earth country boundaries via datasets/geo-countries,not used for RQ2 exposure rerun
24.75,123.0,1584.0704686641693,0.25,JPN,Japan,HIC,High income,True,WorldPop Total Population 1km ArcGIS ImageServer,World Bank country income classification mapped to vulnerability weights,Natural Earth country boundaries via datasets/geo-countries,not used for RQ2 exposure rerun
24.75,123.75,1571.848118014634,0.25,JPN,Japan,HIC,High income,True,WorldPop Total Population 1km ArcGIS ImageServer,World Bank country income classification mapped to vulnerability weights,Natural Earth country boundaries via datasets/geo-countries,not used for RQ2 exposure rerun
24.75,124.5,13286.295381903647,0.25,JPN,Japan,HIC,High income,True,WorldPop Total Population 1km ArcGIS ImageServer,World Bank country income classification mapped to vulnerability weights,Natural Earth country boundaries via datasets/geo-countries,not used for RQ2 exposure rerun
24.75,125.25,49748.60442483427,0.25,JPN,Japan,HIC,High income,True,WorldPop Total Population 1km ArcGIS ImageServer,World Bank country income classification mapped to vulnerability weights,Natural Earth country boundaries via datasets/geo-countries,not used for RQ2 exposure rerun
24.75,126.0,0.0,0.5,UNASSIGNED,Unassigned/ocean,NA,Not classified,True,WorldPop Total Population 1km ArcGIS ImageServer,World Bank country income classification mapped to vulnerability weights,Natural Earth country boundaries via datasets/geo-countries,not used for RQ2 exposure rerun
24.75,126.75,0.0,0.5,UNASSIGNED,Unassigned/ocean,NA,Not classified,True,WorldPop Total Population 1km ArcGIS ImageServer,World Bank country income classification mapped to vulnerability weights,Natural Earth country boundaries via datasets/geo-countries,not used for RQ2 exposure rerun
24.75,127.5,0.0,0.5,UNASSIGNED,Unassigned/ocean,NA,Not classified,True,WorldPop Total Population 1km ArcGIS ImageServer,World Bank country income classification mapped to vulnerability weights,Natural Earth country boundaries via datasets/geo-countries,not used for RQ2 exposure rerun
24.75,128.25,0.0,0.5,UNASSIGNED,Unassigned/ocean,NA,Not classified,True,WorldPop Total Population 1km ArcGIS ImageServer,World Bank country income classification mapped to vulnerability weights,Natural Earth country boundaries via datasets/geo-countries,not used for RQ2 exposure rerun
24.75,129.0,0.0,0.5,UNASSIGNED,Unassigned/ocean,NA,Not classified,True,WorldPop Total Population 1km ArcGIS ImageServer,World Bank country income classification mapped to vulnerability weights,Natural Earth country boundaries via datasets/geo-countries,not used for RQ2 exposure rerun
24.75,129.75,0.0,0.5,UNASSIGNED,Unassigned/ocean,NA,Not classified,True,WorldPop Total Population 1km ArcGIS ImageServer,World Bank country income classification mapped to vulnerability weights,Natural Earth country boundaries via datasets/geo-countries,not used for RQ2 exposure rerun
24.75,130.5,0.0,0.5,UNASSIGNED,Unassigned/ocean,NA,Not classified,True,WorldPop Total Population 1km ArcGIS ImageServer,World Bank country income classification mapped to vulnerability weights,Natural Earth country boundaries via datasets/geo-countries,not used for RQ2 exposure rerun
24.75,131.25,0.0,0.5,UNASSIGNED,Unassigned/ocean,NA,Not classified,False,WorldPop Total Population 1km ArcGIS ImageServer,World Bank country income classification mapped to vulnerability weights,Natural Earth country boundaries via datasets/geo-countries,not used for RQ2 exposure rerun
24.75,132.0,0.0,0.5,UNASSIGNED,Unassigned/ocean,NA,Not classified,False,WorldPop Total Population 1km ArcGIS ImageServer,World Bank country income classification mapped to vulnerability weights,Natural Earth country boundaries via datasets/geo-countries,not used for RQ2 exposure rerun
24.75,132.75,0.0,0.5,UNASSIGNED,Unassigned/ocean,NA,Not classified,False,WorldPop Total Population 1km ArcGIS ImageServer,World Bank country income classification mapped to vulnerability weights,Natural Earth country boundaries via datasets/geo-countries,not used for RQ2 exposure rerun
25.5,-75.0,0.0,0.5,UNASSIGNED,Unassigned/ocean,NA,Not classified,True,WorldPop Total Population 1km ArcGIS ImageServer,World Bank country income classification mapped to vulnerability weights,Natural Earth country boundaries via datasets/geo-countries,not used for RQ2 exposure rerun
25.5,-74.25,0.0,0.5,UNASSIGNED,Unassigned/ocean,NA,Not classified,True,WorldPop Total Population 1km ArcGIS ImageServer,World Bank country income classification mapped to vulnerability weights,Natural Earth country boundaries via datasets/geo-countries,not used for RQ2 exposure rerun
25.5,-73.5,0.0,0.5,UNASSIGNED,Unassigned/ocean,NA,Not classified,True,WorldPop Total Population 1km ArcGIS ImageServer,World Bank country income classification mapped to vulnerability weights,Natural Earth country boundaries via datasets/geo-countries,not used for RQ2 exposure rerun
25.5,-72.75,0.0,0.5,UNASSIGNED,Unassigned/ocean,NA,Not classified,True,WorldPop Total Population 1km ArcGIS ImageServer,World Bank country income classification mapped to vulnerability weights,Natural Earth country boundaries via datasets/geo-countries,not used for RQ2 exposure rerun
25.5,-72.0,0.0,0.5,UNASSIGNED,Unassigned/ocean,NA,Not classified,True,WorldPop Total Population 1km ArcGIS ImageServer,World Bank country income classification mapped to vulnerability weights,Natural Earth country boundaries via datasets/geo-countries,not used for RQ2 exposure rerun
25.5,-71.25,0.0,0.5,UNASSIGNED,Unassigned/ocean,NA,Not classified,True,WorldPop Total Population 1km ArcGIS ImageServer,World Bank country income classification mapped to vulnerability weights,Natural Earth country boundaries via datasets/geo-countries,not used for RQ2 exposure rerun
25.5,-70.5,0.0,0.5,UNASSIGNED,Unassigned/ocean,NA,Not classified,True,WorldPop Total Population 1km ArcGIS ImageServer,World Bank country income classification mapped to vulnerability weights,Natural Earth country boundaries via datasets/geo-countries,not used for RQ2 exposure rerun
25.5,-69.0,0.0,0.5,UNASSIGNED,Unassigned/ocean,NA,Not classified,True,WorldPop Total Population 1km ArcGIS ImageServer,World Bank country income classification mapped to vulnerability weights,Natural Earth country boundaries via datasets/geo-countries,not used for RQ2 exposure rerun
25.5,-67.5,0.0,0.5,UNASSIGNED,Unassigned/ocean,NA,Not classified,True,WorldPop Total Population 1km ArcGIS ImageServer,World Bank country income classification mapped to vulnerability weights,Natural Earth country boundaries via datasets/geo-countries,not used for RQ2 exposure rerun
25.5,-66.75,0.0,0.5,UNASSIGNED,Unassigned/ocean,NA,Not classified,True,WorldPop Total Population 1km ArcGIS ImageServer,World Bank country income classification mapped to vulnerability weights,Natural Earth country boundaries via datasets/geo-countries,not used for RQ2 exposure rerun
25.5,78.0,0.0,0.75,IND,India,LMC,Lower middle income,False,WorldPop Total Population 1km ArcGIS ImageServer,World Bank country income classification mapped to vulnerability weights,Natural Earth country boundaries via datasets/geo-countries,not used for RQ2 exposure rerun
25.5,80.25,0.0,0.75,IND,India,LMC,Lower middle income,False,WorldPop Total Population 1km ArcGIS ImageServer,World Bank country income classification mapped to vulnerability weights,Natural Earth country boundaries via datasets/geo-countries,not used for RQ2 exposure rerun
25.5,81.0,0.0,0.75,IND,India,LMC,Lower middle income,False,WorldPop Total Population 1km ArcGIS ImageServer,World Bank country income classification mapped to vulnerability weights,Natural Earth country boundaries via datasets/geo-countries,not used for RQ2 exposure rerun
25.5,81.75,0.0,0.75,IND,India,LMC,Lower middle income,False,WorldPop Total Population 1km ArcGIS ImageServer,World Bank country income classification mapped to vulnerability weights,Natural Earth country boundaries via datasets/geo-countries,not used for RQ2 exposure rerun
25.5,82.5,0.0,0.75,IND,India,LMC,Lower middle income,False,WorldPop Total Population 1km ArcGIS ImageServer,World Bank country income classification mapped to vulnerability weights,Natural Earth country boundaries via datasets/geo-countries,not used for RQ2 exposure rerun
25.5,83.25,0.0,0.75,IND,India,LMC,Lower middle income,False,WorldPop Total Population 1km ArcGIS ImageServer,World Bank country income classification mapped to vulnerability weights,Natural Earth country boundaries via datasets/geo-countries,not used for RQ2 exposure rerun
25.5,84.0,0.0,0.75,IND,India,LMC,Lower middle income,False,WorldPop Total Population 1km ArcGIS ImageServer,World Bank country income classification mapped to vulnerability weights,Natural Earth country boundaries via datasets/geo-countries,not used for RQ2 exposure rerun
25.5,84.75,0.0,0.75,IND,India,LMC,Lower middle income,False,WorldPop Total Population 1km ArcGIS ImageServer,World Bank country income classification mapped to vulnerability weights,Natural Earth country boundaries via datasets/geo-countries,not used for RQ2 exposure rerun
25.5,85.5,0.0,0.75,IND,India,LMC,Lower middle income,False,WorldPop Total Population 1km ArcGIS ImageServer,World Bank country income classification mapped to vulnerability weights,Natural Earth country boundaries via datasets/geo-countries,not used for RQ2 exposure rerun
25.5,86.25,0.0,0.75,IND,India,LMC,Lower middle income,False,WorldPop Total Population 1km ArcGIS ImageServer,World Bank country income classification mapped to vulnerability weights,Natural Earth country boundaries via datasets/geo-countries,not used for RQ2 exposure rerun
25.5,87.0,0.0,0.75,IND,India,LMC,Lower middle income,False,WorldPop Total Population 1km ArcGIS ImageServer,World Bank country income classification mapped to vulnerability weights,Natural Earth country boundaries via datasets/geo-countries,not used for RQ2 exposure rerun
25.5,87.75,0.0,0.75,IND,India,LMC,Lower middle income,False,WorldPop Total Population 1km ArcGIS ImageServer,World Bank country income classification mapped to vulnerability weights,Natural Earth country boundaries via datasets/geo-countries,not used for RQ2 exposure rerun
25.5,88.5,0.0,0.75,IND,India,LMC,Lower middle income,False,WorldPop Total Population 1km ArcGIS ImageServer,World Bank country income classification mapped to vulnerability weights,Natural Earth country boundaries via datasets/geo-countries,not used for RQ2 exposure rerun
25.5,89.25,0.0,0.75,BGD,Bangladesh,LMC,Lower middle income,False,WorldPop Total Population 1km ArcGIS ImageServer,World Bank country income classification mapped to vulnerability weights,Natural Earth country boundaries via datasets/geo-countries,not used for RQ2 exposure rerun
25.5,90.0,0.0,0.75,IND,India,LMC,Lower middle income,False,WorldPop Total Population 1km ArcGIS ImageServer,World Bank country income classification mapped to vulnerability weights,Natural Earth country boundaries via datasets/geo-countries,not used for RQ2 exposure rerun
25.5,93.0,0.0,0.75,IND,India,LMC,Lower middle income,False,WorldPop Total Population 1km ArcGIS ImageServer,World Bank country income classification mapped to vulnerability weights,Natural Earth country boundaries via datasets/geo-countries,not used for RQ2 exposure rerun
25.5,119.25,3334789.336608346,0.5,CHN,China,UMC,Upper middle income,True,WorldPop Total Population 1km ArcGIS ImageServer,World Bank country income classification mapped to vulnerability weights,Natural Earth country boundaries via datasets/geo-countries,not used for RQ2 exposure rerun
25.5,120.0,319491.91046619444,0.5,CHN,China,UMC,Upper middle income,True,WorldPop Total Population 1km ArcGIS ImageServer,World Bank country income classification mapped to vulnerability weights,Natural Earth country boundaries via datasets/geo-countries,not used for RQ2 exposure rerun
25.5,120.75,0.0,0.5,UNASSIGNED,Unassigned/ocean,NA,Not classified,True,WorldPop Total Population 1km ArcGIS ImageServer,World Bank country income classification mapped to vulnerability weights,Natural Earth country boundaries via datasets/geo-countries,not used for RQ2 exposure rerun
25.5,121.5,880627.1600103376,0.5,TWN,Taiwan,NA,Not classified,True,WorldPop Total Population 1km ArcGIS ImageServer,World Bank country income classification mapped to vulnerability weights,Natural Earth country boundaries via datasets/geo-countries,not used for RQ2 exposure rerun
25.5,122.25,149.02904070913794,0.5,UNASSIGNED,Unassigned/ocean,NA,Not classified,True,WorldPop Total Population 1km ArcGIS ImageServer,World Bank country income classification mapped to vulnerability weights,Natural Earth country boundaries via datasets/geo-countries,not used for RQ2 exposure rerun
25.5,123.0,0.0,0.5,UNASSIGNED,Unassigned/ocean,NA,Not classified,True,WorldPop Total Population 1km ArcGIS ImageServer,World Bank country income classification mapped to vulnerability weights,Natural Earth country boundaries via datasets/geo-countries,not used for RQ2 exposure rerun
25.5,123.75,82.16475091874598,0.25,JPN,Japan,HIC,High income,True,WorldPop Total Population 1km ArcGIS ImageServer,World Bank country income classification mapped to vulnerability weights,Natural Earth country boundaries via datasets/geo-countries,not used for RQ2 exposure rerun
25.5,124.5,0.0,0.5,UNASSIGNED,Unassigned/ocean,NA,Not classified,True,WorldPop Total Population 1km ArcGIS ImageServer,World Bank country income classification mapped to vulnerability weights,Natural Earth country boundaries via datasets/geo-countries,not used for RQ2 exposure rerun
25.5,125.25,0.0,0.5,UNASSIGNED,Unassigned/ocean,NA,Not classified,True,WorldPop Total Population 1km ArcGIS ImageServer,World Bank country income classification mapped to vulnerability weights,Natural Earth country boundaries via datasets/geo-countries,not used for RQ2 exposure rerun
25.5,126.0,0.0,0.5,UNASSIGNED,Unassigned/ocean,NA,Not classified,True,WorldPop Total Population 1km ArcGIS ImageServer,World Bank country income classification mapped to vulnerability weights,Natural Earth country boundaries via datasets/geo-countries,not used for RQ2 exposure rerun
25.5,126.75,0.0,0.5,UNASSIGNED,Unassigned/ocean,NA,Not classified,True,WorldPop Total Population 1km ArcGIS ImageServer,World Bank country income classification mapped to vulnerability weights,Natural Earth country boundaries via datasets/geo-countries,not used for RQ2 exposure rerun
25.5,127.5,87.61489269137383,0.5,UNASSIGNED,Unassigned/ocean,NA,Not classified,True,WorldPop Total Population 1km ArcGIS ImageServer,World Bank country income classification mapped to vulnerability weights,Natural Earth country boundaries via datasets/geo-countries,not used for RQ2 exposure rerun
25.5,128.25,0.0,0.5,UNASSIGNED,Unassigned/ocean,NA,Not classified,True,WorldPop Total Population 1km ArcGIS ImageServer,World Bank country income classification mapped to vulnerability weights,Natural Earth country boundaries via datasets/geo-countries,not used for RQ2 exposure rerun
25.5,129.0,0.0,0.5,UNASSIGNED,Unassigned/ocean,NA,Not classified,True,WorldPop Total Population 1km ArcGIS ImageServer,World Bank country income classification mapped to vulnerability weights,Natural Earth country boundaries via datasets/geo-countries,not used for RQ2 exposure rerun
25.5,129.75,0.0,0.5,UNASSIGNED,Unassigned/ocean,NA,Not classified,True,WorldPop Total Population 1km ArcGIS ImageServer,World Bank country income classification mapped to vulnerability weights,Natural Earth country boundaries via datasets/geo-countries,not used for RQ2 exposure rerun
25.5,130.5,0.0,0.5,UNASSIGNED,Unassigned/ocean,NA,Not classified,True,WorldPop Total Population 1km ArcGIS ImageServer,World Bank country income classification mapped to vulnerability weights,Natural Earth country boundaries via datasets/geo-countries,not used for RQ2 exposure rerun
25.5,131.25,0.0,0.25,JPN,Japan,HIC,High income,False,WorldPop Total Population 1km ArcGIS ImageServer,World Bank country income classification mapped to vulnerability weights,Natural Earth country boundaries via datasets/geo-countries,not used for RQ2 exposure rerun
25.5,132.0,0.0,0.5,UNASSIGNED,Unassigned/ocean,NA,Not classified,False,WorldPop Total Population 1km ArcGIS ImageServer,World Bank country income classification mapped to vulnerability weights,Natural Earth country boundaries via datasets/geo-countries,not used for RQ2 exposure rerun
25.5,132.75,0.0,0.5,UNASSIGNED,Unassigned/ocean,NA,Not classified,False,WorldPop Total Population 1km ArcGIS ImageServer,World Bank country income classification mapped to vulnerability weights,Natural Earth country boundaries via datasets/geo-countries,not used for RQ2 exposure rerun
25.5,134.25,0.0,0.5,UNASSIGNED,Unassigned/ocean,NA,Not classified,False,WorldPop Total Population 1km ArcGIS ImageServer,World Bank country income classification mapped to vulnerability weights,Natural Earth country boundaries via datasets/geo-countries,not used for RQ2 exposure rerun
25.5,135.0,0.0,0.5,UNASSIGNED,Unassigned/ocean,NA,Not classified,False,WorldPop Total Population 1km ArcGIS ImageServer,World Bank country income classification mapped to vulnerability weights,Natural Earth country boundaries via datasets/geo-countries,not used for RQ2 exposure rerun
26.25,-74.25,0.0,0.5,UNASSIGNED,Unassigned/ocean,NA,Not classified,True,WorldPop Total Population 1km ArcGIS ImageServer,World Bank country income classification mapped to vulnerability weights,Natural Earth country boundaries via datasets/geo-countries,not used for RQ2 exposure rerun
26.25,-73.5,0.0,0.5,UNASSIGNED,Unassigned/ocean,NA,Not classified,True,WorldPop Total Population 1km ArcGIS ImageServer,World Bank country income classification mapped to vulnerability weights,Natural Earth country boundaries via datasets/geo-countries,not used for RQ2 exposure rerun
26.25,-72.75,0.0,0.5,UNASSIGNED,Unassigned/ocean,NA,Not classified,True,WorldPop Total Population 1km ArcGIS ImageServer,World Bank country income classification mapped to vulnerability weights,Natural Earth country boundaries via datasets/geo-countries,not used for RQ2 exposure rerun
26.25,-72.0,0.0,0.5,UNASSIGNED,Unassigned/ocean,NA,Not classified,True,WorldPop Total Population 1km ArcGIS ImageServer,World Bank country income classification mapped to vulnerability weights,Natural Earth country boundaries via datasets/geo-countries,not used for RQ2 exposure rerun
26.25,-71.25,0.0,0.5,UNASSIGNED,Unassigned/ocean,NA,Not classified,True,WorldPop Total Population 1km ArcGIS ImageServer,World Bank country income classification mapped to vulnerability weights,Natural Earth country boundaries via datasets/geo-countries,not used for RQ2 exposure rerun
26.25,-70.5,0.0,0.5,UNASSIGNED,Unassigned/ocean,NA,Not classified,True,WorldPop Total Population 1km ArcGIS ImageServer,World Bank country income classification mapped to vulnerability weights,Natural Earth country boundaries via datasets/geo-countries,not used for RQ2 exposure rerun
26.25,-69.75,0.0,0.5,UNASSIGNED,Unassigned/ocean,NA,Not classified,True,WorldPop Total Population 1km ArcGIS ImageServer,World Bank country income classification mapped to vulnerability weights,Natural Earth country boundaries via datasets/geo-countries,not used for RQ2 exposure rerun
26.25,-69.0,0.0,0.5,UNASSIGNED,Unassigned/ocean,NA,Not classified,True,WorldPop Total Population 1km ArcGIS ImageServer,World Bank country income classification mapped to vulnerability weights,Natural Earth country boundaries via datasets/geo-countries,not used for RQ2 exposure rerun
26.25,-68.25,0.0,0.5,UNASSIGNED,Unassigned/ocean,NA,Not classified,True,WorldPop Total Population 1km ArcGIS ImageServer,World Bank country income classification mapped to vulnerability weights,Natural Earth country boundaries via datasets/geo-countries,not used for RQ2 exposure rerun
26.25,-66.75,0.0,0.5,UNASSIGNED,Unassigned/ocean,NA,Not classified,True,WorldPop Total Population 1km ArcGIS ImageServer,World Bank country income classification mapped to vulnerability weights,Natural Earth country boundaries via datasets/geo-countries,not used for RQ2 exposure rerun
26.25,81.0,0.0,0.75,IND,India,LMC,Lower middle income,False,WorldPop Total Population 1km ArcGIS ImageServer,World Bank country income classification mapped to vulnerability weights,Natural Earth country boundaries via datasets/geo-countries,not used for RQ2 exposure rerun
26.25,81.75,0.0,0.75,IND,India,LMC,Lower middle income,False,WorldPop Total Population 1km ArcGIS ImageServer,World Bank country income classification mapped to vulnerability weights,Natural Earth country boundaries via datasets/geo-countries,not used for RQ2 exposure rerun
26.25,82.5,0.0,0.75,IND,India,LMC,Lower middle income,False,WorldPop Total Population 1km ArcGIS ImageServer,World Bank country income classification mapped to vulnerability weights,Natural Earth country boundaries via datasets/geo-countries,not used for RQ2 exposure rerun
26.25,83.25,0.0,0.75,IND,India,LMC,Lower middle income,False,WorldPop Total Population 1km ArcGIS ImageServer,World Bank country income classification mapped to vulnerability weights,Natural Earth country boundaries via datasets/geo-countries,not used for RQ2 exposure rerun
26.25,84.0,0.0,0.75,IND,India,LMC,Lower middle income,False,WorldPop Total Population 1km ArcGIS ImageServer,World Bank country income classification mapped to vulnerability weights,Natural Earth country boundaries via datasets/geo-countries,not used for RQ2 exposure rerun
26.25,84.75,0.0,0.75,IND,India,LMC,Lower middle income,False,WorldPop Total Population 1km ArcGIS ImageServer,World Bank country income classification mapped to vulnerability weights,Natural Earth country boundaries via datasets/geo-countries,not used for RQ2 exposure rerun
26.25,85.5,0.0,0.75,IND,India,LMC,Lower middle income,False,WorldPop Total Population 1km ArcGIS ImageServer,World Bank country income classification mapped to vulnerability weights,Natural Earth country boundaries via datasets/geo-countries,not used for RQ2 exposure rerun
26.25,86.25,0.0,0.75,IND,India,LMC,Lower middle income,False,WorldPop Total Population 1km ArcGIS ImageServer,World Bank country income classification mapped to vulnerability weights,Natural Earth country boundaries via datasets/geo-countries,not used for RQ2 exposure rerun
26.25,87.0,0.0,0.75,IND,India,LMC,Lower middle income,False,WorldPop Total Population 1km ArcGIS ImageServer,World Bank country income classification mapped to vulnerability weights,Natural Earth country boundaries via datasets/geo-countries,not used for RQ2 exposure rerun
26.25,87.75,0.0,0.75,IND,India,LMC,Lower middle income,False,WorldPop Total Population 1km ArcGIS ImageServer,World Bank country income classification mapped to vulnerability weights,Natural Earth country boundaries via datasets/geo-countries,not used for RQ2 exposure rerun
26.25,88.5,0.0,0.75,BGD,Bangladesh,LMC,Lower middle income,False,WorldPop Total Population 1km ArcGIS ImageServer,World Bank country income classification mapped to vulnerability weights,Natural Earth country boundaries via datasets/geo-countries,not used for RQ2 exposure rerun
26.25,89.25,0.0,0.75,IND,India,LMC,Lower middle income,False,WorldPop Total Population 1km ArcGIS ImageServer,World Bank country income classification mapped to vulnerability weights,Natural Earth country boundaries via datasets/geo-countries,not used for RQ2 exposure rerun
26.25,90.0,0.0,0.75,IND,India,LMC,Lower middle income,False,WorldPop Total Population 1km ArcGIS ImageServer,World Bank country income classification mapped to vulnerability weights,Natural Earth country boundaries via datasets/geo-countries,not used for RQ2 exposure rerun
26.25,90.75,0.0,0.75,IND,India,LMC,Lower middle income,False,WorldPop Total Population 1km ArcGIS ImageServer,World Bank country income classification mapped to vulnerability weights,Natural Earth country boundaries via datasets/geo-countries,not used for RQ2 exposure rerun
26.25,91.5,0.0,0.75,IND,India,LMC,Lower middle income,False,WorldPop Total Population 1km ArcGIS ImageServer,World Bank country income classification mapped to vulnerability weights,Natural Earth country boundaries via datasets/geo-countries,not used for RQ2 exposure rerun
26.25,92.25,0.0,0.75,IND,India,LMC,Lower middle income,False,WorldPop Total Population 1km ArcGIS ImageServer,World Bank country income classification mapped to vulnerability weights,Natural Earth country boundaries via datasets/geo-countries,not used for RQ2 exposure rerun
26.25,93.0,0.0,0.75,IND,India,LMC,Lower middle income,False,WorldPop Total Population 1km ArcGIS ImageServer,World Bank country income classification mapped to vulnerability weights,Natural Earth country boundaries via datasets/geo-countries,not used for RQ2 exposure rerun
26.25,120.75,3974.9737572669987,0.5,UNASSIGNED,Unassigned/ocean,NA,Not classified,True,WorldPop Total Population 1km ArcGIS ImageServer,World Bank country income classification mapped to vulnerability weights,Natural Earth country boundaries via datasets/geo-countries,not used for RQ2 exposure rerun
26.25,121.5,0.0,0.5,UNASSIGNED,Unassigned/ocean,NA,Not classified,True,WorldPop Total Population 1km ArcGIS ImageServer,World Bank country income classification mapped to vulnerability weights,Natural Earth country boundaries via datasets/geo-countries,not used for RQ2 exposure rerun
26.25,122.25,0.0,0.5,UNASSIGNED,Unassigned/ocean,NA,Not classified,True,WorldPop Total Population 1km ArcGIS ImageServer,World Bank country income classification mapped to vulnerability weights,Natural Earth country boundaries via datasets/geo-countries,not used for RQ2 exposure rerun
26.25,123.0,0.0,0.5,UNASSIGNED,Unassigned/ocean,NA,Not classified,True,WorldPop Total Population 1km ArcGIS ImageServer,World Bank country income classification mapped to vulnerability weights,Natural Earth country boundaries via datasets/geo-countries,not used for RQ2 exposure rerun
26.25,123.75,18.93352174758911,0.25,JPN,Japan,HIC,High income,True,WorldPop Total Population 1km ArcGIS ImageServer,World Bank country income classification mapped to vulnerability weights,Natural Earth country boundaries via datasets/geo-countries,not used for RQ2 exposure rerun
26.25,124.5,3.6289560794830327,0.5,UNASSIGNED,Unassigned/ocean,NA,Not classified,True,WorldPop Total Population 1km ArcGIS ImageServer,World Bank country income classification mapped to vulnerability weights,Natural Earth country boundaries via datasets/geo-countries,not used for RQ2 exposure rerun
26.25,125.25,0.0,0.5,UNASSIGNED,Unassigned/ocean,NA,Not classified,True,WorldPop Total Population 1km ArcGIS ImageServer,World Bank country income classification mapped to vulnerability weights,Natural Earth country boundaries via datasets/geo-countries,not used for RQ2 exposure rerun
26.25,126.0,0.0,0.5,UNASSIGNED,Unassigned/ocean,NA,Not classified,True,WorldPop Total Population 1km ArcGIS ImageServer,World Bank country income classification mapped to vulnerability weights,Natural Earth country boundaries via datasets/geo-countries,not used for RQ2 exposure rerun
26.25,126.75,8178.603803247211,0.25,JPN,Japan,HIC,High income,True,WorldPop Total Population 1km ArcGIS ImageServer,World Bank country income classification mapped to vulnerability weights,Natural Earth country boundaries via datasets/geo-countries,not used for RQ2 exposure rerun
26.25,127.5,1087558.3194696463,0.25,JPN,Japan,HIC,High income,True,WorldPop Total Population 1km ArcGIS ImageServer,World Bank country income classification mapped to vulnerability weights,Natural Earth country boundaries via datasets/geo-countries,not used for RQ2 exposure rerun
26.25,128.25,87491.24841880807,0.25,JPN,Japan,HIC,High income,True,WorldPop Total Population 1km ArcGIS ImageServer,World Bank country income classification mapped to vulnerability weights,Natural Earth country boundaries via datasets/geo-countries,not used for RQ2 exposure rerun
26.25,129.0,11.048872411251068,0.5,UNASSIGNED,Unassigned/ocean,NA,Not classified,True,WorldPop Total Population 1km ArcGIS ImageServer,World Bank country income classification mapped to vulnerability weights,Natural Earth country boundaries via datasets/geo-countries,not used for RQ2 exposure rerun
26.25,129.75,0.0,0.5,UNASSIGNED,Unassigned/ocean,NA,Not classified,True,WorldPop Total Population 1km ArcGIS ImageServer,World Bank country income classification mapped to vulnerability weights,Natural Earth country boundaries via datasets/geo-countries,not used for RQ2 exposure rerun
26.25,130.5,0.0,0.5,UNASSIGNED,Unassigned/ocean,NA,Not classified,True,WorldPop Total Population 1km ArcGIS ImageServer,World Bank country income classification mapped to vulnerability weights,Natural Earth country boundaries via datasets/geo-countries,not used for RQ2 exposure rerun
26.25,131.25,0.0,0.25,JPN,Japan,HIC,High income,False,WorldPop Total Population 1km ArcGIS ImageServer,World Bank country income classification mapped to vulnerability weights,Natural Earth country boundaries via datasets/geo-countries,not used for RQ2 exposure rerun
26.25,132.0,0.0,0.5,UNASSIGNED,Unassigned/ocean,NA,Not classified,False,WorldPop Total Population 1km ArcGIS ImageServer,World Bank country income classification mapped to vulnerability weights,Natural Earth country boundaries via datasets/geo-countries,not used for RQ2 exposure rerun
26.25,132.75,0.0,0.5,UNASSIGNED,Unassigned/ocean,NA,Not classified,False,WorldPop Total Population 1km ArcGIS ImageServer,World Bank country income classification mapped to vulnerability weights,Natural Earth country boundaries via datasets/geo-countries,not used for RQ2 exposure rerun
27.0,-73.5,0.0,0.5,UNASSIGNED,Unassigned/ocean,NA,Not classified,True,WorldPop Total Population 1km ArcGIS ImageServer,World Bank country income classification mapped to vulnerability weights,Natural Earth country boundaries via datasets/geo-countries,not used for RQ2 exposure rerun
27.0,-72.75,0.0,0.5,UNASSIGNED,Unassigned/ocean,NA,Not classified,True,WorldPop Total Population 1km ArcGIS ImageServer,World Bank country income classification mapped to vulnerability weights,Natural Earth country boundaries via datasets/geo-countries,not used for RQ2 exposure rerun
27.0,-72.0,0.0,0.5,UNASSIGNED,Unassigned/ocean,NA,Not classified,True,WorldPop Total Population 1km ArcGIS ImageServer,World Bank country income classification mapped to vulnerability weights,Natural Earth country boundaries via datasets/geo-countries,not used for RQ2 exposure rerun
27.0,-71.25,0.0,0.5,UNASSIGNED,Unassigned/ocean,NA,Not classified,True,WorldPop Total Population 1km ArcGIS ImageServer,World Bank country income classification mapped to vulnerability weights,Natural Earth country boundaries via datasets/geo-countries,not used for RQ2 exposure rerun
27.0,-70.5,0.0,0.5,UNASSIGNED,Unassigned/ocean,NA,Not classified,True,WorldPop Total Population 1km ArcGIS ImageServer,World Bank country income classification mapped to vulnerability weights,Natural Earth country boundaries via datasets/geo-countries,not used for RQ2 exposure rerun
27.0,-69.75,0.0,0.5,UNASSIGNED,Unassigned/ocean,NA,Not classified,True,WorldPop Total Population 1km ArcGIS ImageServer,World Bank country income classification mapped to vulnerability weights,Natural Earth country boundaries via datasets/geo-countries,not used for RQ2 exposure rerun
27.0,-69.0,0.0,0.5,UNASSIGNED,Unassigned/ocean,NA,Not classified,True,WorldPop Total Population 1km ArcGIS ImageServer,World Bank country income classification mapped to vulnerability weights,Natural Earth country boundaries via datasets/geo-countries,not used for RQ2 exposure rerun
27.0,-68.25,0.0,0.5,UNASSIGNED,Unassigned/ocean,NA,Not classified,True,WorldPop Total Population 1km ArcGIS ImageServer,World Bank country income classification mapped to vulnerability weights,Natural Earth country boundaries via datasets/geo-countries,not used for RQ2 exposure rerun
27.0,-67.5,0.0,0.5,UNASSIGNED,Unassigned/ocean,NA,Not classified,True,WorldPop Total Population 1km ArcGIS ImageServer,World Bank country income classification mapped to vulnerability weights,Natural Earth country boundaries via datasets/geo-countries,not used for RQ2 exposure rerun
27.0,83.25,0.0,0.75,IND,India,LMC,Lower middle income,False,WorldPop Total Population 1km ArcGIS ImageServer,World Bank country income classification mapped to vulnerability weights,Natural Earth country boundaries via datasets/geo-countries,not used for RQ2 exposure rerun
27.0,84.0,0.0,0.75,IND,India,LMC,Lower middle income,False,WorldPop Total Population 1km ArcGIS ImageServer,World Bank country income classification mapped to vulnerability weights,Natural Earth country boundaries via datasets/geo-countries,not used for RQ2 exposure rerun
27.0,84.75,0.0,0.75,IND,India,LMC,Lower middle income,False,WorldPop Total Population 1km ArcGIS ImageServer,World Bank country income classification mapped to vulnerability weights,Natural Earth country boundaries via datasets/geo-countries,not used for RQ2 exposure rerun
27.0,122.25,0.0,0.5,UNASSIGNED,Unassigned/ocean,NA,Not classified,True,WorldPop Total Population 1km ArcGIS ImageServer,World Bank country income classification mapped to vulnerability weights,Natural Earth country boundaries via datasets/geo-countries,not used for RQ2 exposure rerun
27.0,123.0,0.0,0.5,UNASSIGNED,Unassigned/ocean,NA,Not classified,True,WorldPop Total Population 1km ArcGIS ImageServer,World Bank country income classification mapped to vulnerability weights,Natural Earth country boundaries via datasets/geo-countries,not used for RQ2 exposure rerun
27.0,123.75,0.0,0.5,UNASSIGNED,Unassigned/ocean,NA,Not classified,True,WorldPop Total Population 1km ArcGIS ImageServer,World Bank country income classification mapped to vulnerability weights,Natural Earth country boundaries via datasets/geo-countries,not used for RQ2 exposure rerun
27.0,124.5,0.0,0.5,UNASSIGNED,Unassigned/ocean,NA,Not classified,True,WorldPop Total Population 1km ArcGIS ImageServer,World Bank country income classification mapped to vulnerability weights,Natural Earth country boundaries via datasets/geo-countries,not used for RQ2 exposure rerun
27.0,125.25,0.0,0.5,UNASSIGNED,Unassigned/ocean,NA,Not classified,True,WorldPop Total Population 1km ArcGIS ImageServer,World Bank country income classification mapped to vulnerability weights,Natural Earth country boundaries via datasets/geo-countries,not used for RQ2 exposure rerun
27.0,126.75,0.0,0.5,UNASSIGNED,Unassigned/ocean,NA,Not classified,True,WorldPop Total Population 1km ArcGIS ImageServer,World Bank country income classification mapped to vulnerability weights,Natural Earth country boundaries via datasets/geo-countries,not used for RQ2 exposure rerun
27.0,127.5,5197.522093385458,0.25,JPN,Japan,HIC,High income,True,WorldPop Total Population 1km ArcGIS ImageServer,World Bank country income classification mapped to vulnerability weights,Natural Earth country boundaries via datasets/geo-countries,not used for RQ2 exposure rerun
27.0,128.25,50541.17498712241,0.25,JPN,Japan,HIC,High income,True,WorldPop Total Population 1km ArcGIS ImageServer,World Bank country income classification mapped to vulnerability weights,Natural Earth country boundaries via datasets/geo-countries,not used for RQ2 exposure rerun
27.0,129.0,332.82945346832275,0.5,UNASSIGNED,Unassigned/ocean,NA,Not classified,True,WorldPop Total Population 1km ArcGIS ImageServer,World Bank country income classification mapped to vulnerability weights,Natural Earth country boundaries via datasets/geo-countries,not used for RQ2 exposure rerun
27.0,129.75,0.0,0.5,UNASSIGNED,Unassigned/ocean,NA,Not classified,True,WorldPop Total Population 1km ArcGIS ImageServer,World Bank country income classification mapped to vulnerability weights,Natural Earth country boundaries via datasets/geo-countries,not used for RQ2 exposure rerun
27.0,130.5,0.0,0.5,UNASSIGNED,Unassigned/ocean,NA,Not classified,True,WorldPop Total Population 1km ArcGIS ImageServer,World Bank country income classification mapped to vulnerability weights,Natural Earth country boundaries via datasets/geo-countries,not used for RQ2 exposure rerun
27.0,131.25,0.0,0.5,UNASSIGNED,Unassigned/ocean,NA,Not classified,True,WorldPop Total Population 1km ArcGIS ImageServer,World Bank country income classification mapped to vulnerability weights,Natural Earth country boundaries via datasets/geo-countries,not used for RQ2 exposure rerun
27.75,-73.5,0.0,0.5,UNASSIGNED,Unassigned/ocean,NA,Not classified,True,WorldPop Total Population 1km ArcGIS ImageServer,World Bank country income classification mapped to vulnerability weights,Natural Earth country boundaries via datasets/geo-countries,not used for RQ2 exposure rerun
27.75,-72.75,0.0,0.5,UNASSIGNED,Unassigned/ocean,NA,Not classified,True,WorldPop Total Population 1km ArcGIS ImageServer,World Bank country income classification mapped to vulnerability weights,Natural Earth country boundaries via datasets/geo-countries,not used for RQ2 exposure rerun
27.75,-72.0,0.0,0.5,UNASSIGNED,Unassigned/ocean,NA,Not classified,True,WorldPop Total Population 1km ArcGIS ImageServer,World Bank country income classification mapped to vulnerability weights,Natural Earth country boundaries via datasets/geo-countries,not used for RQ2 exposure rerun
27.75,-71.25,0.0,0.5,UNASSIGNED,Unassigned/ocean,NA,Not classified,True,WorldPop Total Population 1km ArcGIS ImageServer,World Bank country income classification mapped to vulnerability weights,Natural Earth country boundaries via datasets/geo-countries,not used for RQ2 exposure rerun
27.75,-70.5,0.0,0.5,UNASSIGNED,Unassigned/ocean,NA,Not classified,True,WorldPop Total Population 1km ArcGIS ImageServer,World Bank country income classification mapped to vulnerability weights,Natural Earth country boundaries via datasets/geo-countries,not used for RQ2 exposure rerun
27.75,-69.75,0.0,0.5,UNASSIGNED,Unassigned/ocean,NA,Not classified,True,WorldPop Total Population 1km ArcGIS ImageServer,World Bank country income classification mapped to vulnerability weights,Natural Earth country boundaries via datasets/geo-countries,not used for RQ2 exposure rerun
27.75,-69.0,0.0,0.5,UNASSIGNED,Unassigned/ocean,NA,Not classified,True,WorldPop Total Population 1km ArcGIS ImageServer,World Bank country income classification mapped to vulnerability weights,Natural Earth country boundaries via datasets/geo-countries,not used for RQ2 exposure rerun
27.75,-65.25,0.0,0.5,UNASSIGNED,Unassigned/ocean,NA,Not classified,True,WorldPop Total Population 1km ArcGIS ImageServer,World Bank country income classification mapped to vulnerability weights,Natural Earth country boundaries via datasets/geo-countries,not used for RQ2 exposure rerun
27.75,84.0,0.0,0.75,NPL,Nepal,LMC,Lower middle income,False,WorldPop Total Population 1km ArcGIS ImageServer,World Bank country income classification mapped to vulnerability weights,Natural Earth country boundaries via datasets/geo-countries,not used for RQ2 exposure rerun
27.75,123.75,0.0,0.5,UNASSIGNED,Unassigned/ocean,NA,Not classified,True,WorldPop Total Population 1km ArcGIS ImageServer,World Bank country income classification mapped to vulnerability weights,Natural Earth country boundaries via datasets/geo-countries,not used for RQ2 exposure rerun
27.75,125.25,0.0,0.5,UNASSIGNED,Unassigned/ocean,NA,Not classified,True,WorldPop Total Population 1km ArcGIS ImageServer,World Bank country income classification mapped to vulnerability weights,Natural Earth country boundaries via datasets/geo-countries,not used for RQ2 exposure rerun
27.75,126.75,0.0,0.5,UNASSIGNED,Unassigned/ocean,NA,Not classified,True,WorldPop Total Population 1km ArcGIS ImageServer,World Bank country income classification mapped to vulnerability weights,Natural Earth country boundaries via datasets/geo-countries,not used for RQ2 exposure rerun
27.75,127.5,0.0,0.5,UNASSIGNED,Unassigned/ocean,NA,Not classified,True,WorldPop Total Population 1km ArcGIS ImageServer,World Bank country income classification mapped to vulnerability weights,Natural Earth country boundaries via datasets/geo-countries,not used for RQ2 exposure rerun
27.75,128.25,4660.963300287724,0.25,JPN,Japan,HIC,High income,True,WorldPop Total Population 1km ArcGIS ImageServer,World Bank country income classification mapped to vulnerability weights,Natural Earth country boundaries via datasets/geo-countries,not used for RQ2 exposure rerun
27.75,129.0,34568.71372757107,0.25,JPN,Japan,HIC,High income,True,WorldPop Total Population 1km ArcGIS ImageServer,World Bank country income classification mapped to vulnerability weights,Natural Earth country boundaries via datasets/geo-countries,not used for RQ2 exposure rerun
27.75,129.75,28.98570728302002,0.25,JPN,Japan,HIC,High income,True,WorldPop Total Population 1km ArcGIS ImageServer,World Bank country income classification mapped to vulnerability weights,Natural Earth country boundaries via datasets/geo-countries,not used for RQ2 exposure rerun
27.75,130.5,0.0,0.5,UNASSIGNED,Unassigned/ocean,NA,Not classified,True,WorldPop Total Population 1km ArcGIS ImageServer,World Bank country income classification mapped to vulnerability weights,Natural Earth country boundaries via datasets/geo-countries,not used for RQ2 exposure rerun
27.75,131.25,0.0,0.5,UNASSIGNED,Unassigned/ocean,NA,Not classified,True,WorldPop Total Population 1km ArcGIS ImageServer,World Bank country income classification mapped to vulnerability weights,Natural Earth country boundaries via datasets/geo-countries,not used for RQ2 exposure rerun
27.75,132.0,0.0,0.5,UNASSIGNED,Unassigned/ocean,NA,Not classified,False,WorldPop Total Population 1km ArcGIS ImageServer,World Bank country income classification mapped to vulnerability weights,Natural Earth country boundaries via datasets/geo-countries,not used for RQ2 exposure rerun
27.75,133.5,0.0,0.5,UNASSIGNED,Unassigned/ocean,NA,Not classified,False,WorldPop Total Population 1km ArcGIS ImageServer,World Bank country income classification mapped to vulnerability weights,Natural Earth country boundaries via datasets/geo-countries,not used for RQ2 exposure rerun
27.75,134.25,0.0,0.5,UNASSIGNED,Unassigned/ocean,NA,Not classified,False,WorldPop Total Population 1km ArcGIS ImageServer,World Bank country income classification mapped to vulnerability weights,Natural Earth country boundaries via datasets/geo-countries,not used for RQ2 exposure rerun
28.5,-75.0,0.0,0.5,UNASSIGNED,Unassigned/ocean,NA,Not classified,True,WorldPop Total Population 1km ArcGIS ImageServer,World Bank country income classification mapped to vulnerability weights,Natural Earth country boundaries via datasets/geo-countries,not used for RQ2 exposure rerun
28.5,-72.75,0.0,0.5,UNASSIGNED,Unassigned/ocean,NA,Not classified,True,WorldPop Total Population 1km ArcGIS ImageServer,World Bank country income classification mapped to vulnerability weights,Natural Earth country boundaries via datasets/geo-countries,not used for RQ2 exposure rerun
28.5,-72.0,0.0,0.5,UNASSIGNED,Unassigned/ocean,NA,Not classified,True,WorldPop Total Population 1km ArcGIS ImageServer,World Bank country income classification mapped to vulnerability weights,Natural Earth country boundaries via datasets/geo-countries,not used for RQ2 exposure rerun
28.5,-71.25,0.0,0.5,UNASSIGNED,Unassigned/ocean,NA,Not classified,True,WorldPop Total Population 1km ArcGIS ImageServer,World Bank country income classification mapped to vulnerability weights,Natural Earth country boundaries via datasets/geo-countries,not used for RQ2 exposure rerun
28.5,-70.5,0.0,0.5,UNASSIGNED,Unassigned/ocean,NA,Not classified,True,WorldPop Total Population 1km ArcGIS ImageServer,World Bank country income classification mapped to vulnerability weights,Natural Earth country boundaries via datasets/geo-countries,not used for RQ2 exposure rerun
28.5,-69.75,0.0,0.5,UNASSIGNED,Unassigned/ocean,NA,Not classified,True,WorldPop Total Population 1km ArcGIS ImageServer,World Bank country income classification mapped to vulnerability weights,Natural Earth country boundaries via datasets/geo-countries,not used for RQ2 exposure rerun
28.5,-69.0,0.0,0.5,UNASSIGNED,Unassigned/ocean,NA,Not classified,True,WorldPop Total Population 1km ArcGIS ImageServer,World Bank country income classification mapped to vulnerability weights,Natural Earth country boundaries via datasets/geo-countries,not used for RQ2 exposure rerun
28.5,-68.25,0.0,0.5,UNASSIGNED,Unassigned/ocean,NA,Not classified,True,WorldPop Total Population 1km ArcGIS ImageServer,World Bank country income classification mapped to vulnerability weights,Natural Earth country boundaries via datasets/geo-countries,not used for RQ2 exposure rerun
28.5,-67.5,0.0,0.5,UNASSIGNED,Unassigned/ocean,NA,Not classified,True,WorldPop Total Population 1km ArcGIS ImageServer,World Bank country income classification mapped to vulnerability weights,Natural Earth country boundaries via datasets/geo-countries,not used for RQ2 exposure rerun
28.5,-66.75,0.0,0.5,UNASSIGNED,Unassigned/ocean,NA,Not classified,True,WorldPop Total Population 1km ArcGIS ImageServer,World Bank country income classification mapped to vulnerability weights,Natural Earth country boundaries via datasets/geo-countries,not used for RQ2 exposure rerun
28.5,-66.0,0.0,0.5,UNASSIGNED,Unassigned/ocean,NA,Not classified,True,WorldPop Total Population 1km ArcGIS ImageServer,World Bank country income classification mapped to vulnerability weights,Natural Earth country boundaries via datasets/geo-countries,not used for RQ2 exposure rerun
28.5,123.75,0.0,0.5,UNASSIGNED,Unassigned/ocean,NA,Not classified,True,WorldPop Total Population 1km ArcGIS ImageServer,World Bank country income classification mapped to vulnerability weights,Natural Earth country boundaries via datasets/geo-countries,not used for RQ2 exposure rerun
29.25,-71.25,0.0,0.5,UNASSIGNED,Unassigned/ocean,NA,Not classified,True,WorldPop Total Population 1km ArcGIS ImageServer,World Bank country income classification mapped to vulnerability weights,Natural Earth country boundaries via datasets/geo-countries,not used for RQ2 exposure rerun
29.25,-70.5,0.0,0.5,UNASSIGNED,Unassigned/ocean,NA,Not classified,True,WorldPop Total Population 1km ArcGIS ImageServer,World Bank country income classification mapped to vulnerability weights,Natural Earth country boundaries via datasets/geo-countries,not used for RQ2 exposure rerun
29.25,-69.75,0.0,0.5,UNASSIGNED,Unassigned/ocean,NA,Not classified,True,WorldPop Total Population 1km ArcGIS ImageServer,World Bank country income classification mapped to vulnerability weights,Natural Earth country boundaries via datasets/geo-countries,not used for RQ2 exposure rerun
29.25,-69.0,0.0,0.5,UNASSIGNED,Unassigned/ocean,NA,Not classified,True,WorldPop Total Population 1km ArcGIS ImageServer,World Bank country income classification mapped to vulnerability weights,Natural Earth country boundaries via datasets/geo-countries,not used for RQ2 exposure rerun
29.25,-68.25,0.0,0.5,UNASSIGNED,Unassigned/ocean,NA,Not classified,True,WorldPop Total Population 1km ArcGIS ImageServer,World Bank country income classification mapped to vulnerability weights,Natural Earth country boundaries via datasets/geo-countries,not used for RQ2 exposure rerun
29.25,-67.5,0.0,0.5,UNASSIGNED,Unassigned/ocean,NA,Not classified,True,WorldPop Total Population 1km ArcGIS ImageServer,World Bank country income classification mapped to vulnerability weights,Natural Earth country boundaries via datasets/geo-countries,not used for RQ2 exposure rerun
29.25,-66.75,0.0,0.5,UNASSIGNED,Unassigned/ocean,NA,Not classified,True,WorldPop Total Population 1km ArcGIS ImageServer,World Bank country income classification mapped to vulnerability weights,Natural Earth country boundaries via datasets/geo-countries,not used for RQ2 exposure rerun
29.25,-66.0,0.0,0.5,UNASSIGNED,Unassigned/ocean,NA,Not classified,True,WorldPop Total Population 1km ArcGIS ImageServer,World Bank country income classification mapped to vulnerability weights,Natural Earth country boundaries via datasets/geo-countries,not used for RQ2 exposure rerun
29.25,126.75,0.0,0.5,UNASSIGNED,Unassigned/ocean,NA,Not classified,True,WorldPop Total Population 1km ArcGIS ImageServer,World Bank country income classification mapped to vulnerability weights,Natural Earth country boundaries via datasets/geo-countries,not used for RQ2 exposure rerun
29.25,136.5,0.0,0.5,UNASSIGNED,Unassigned/ocean,NA,Not classified,False,WorldPop Total Population 1km ArcGIS ImageServer,World Bank country income classification mapped to vulnerability weights,Natural Earth country boundaries via datasets/geo-countries,not used for RQ2 exposure rerun
30.0,-70.5,0.0,0.5,UNASSIGNED,Unassigned/ocean,NA,Not classified,True,WorldPop Total Population 1km ArcGIS ImageServer,World Bank country income classification mapped to vulnerability weights,Natural Earth country boundaries via datasets/geo-countries,not used for RQ2 exposure rerun
30.0,-69.75,0.0,0.5,UNASSIGNED,Unassigned/ocean,NA,Not classified,True,WorldPop Total Population 1km ArcGIS ImageServer,World Bank country income classification mapped to vulnerability weights,Natural Earth country boundaries via datasets/geo-countries,not used for RQ2 exposure rerun
30.0,-69.0,0.0,0.5,UNASSIGNED,Unassigned/ocean,NA,Not classified,True,WorldPop Total Population 1km ArcGIS ImageServer,World Bank country income classification mapped to vulnerability weights,Natural Earth country boundaries via datasets/geo-countries,not used for RQ2 exposure rerun
30.0,-68.25,0.0,0.5,UNASSIGNED,Unassigned/ocean,NA,Not classified,True,WorldPop Total Population 1km ArcGIS ImageServer,World Bank country income classification mapped to vulnerability weights,Natural Earth country boundaries via datasets/geo-countries,not used for RQ2 exposure rerun
30.0,-67.5,0.0,0.5,UNASSIGNED,Unassigned/ocean,NA,Not classified,True,WorldPop Total Population 1km ArcGIS ImageServer,World Bank country income classification mapped to vulnerability weights,Natural Earth country boundaries via datasets/geo-countries,not used for RQ2 exposure rerun
30.0,-66.75,0.0,0.5,UNASSIGNED,Unassigned/ocean,NA,Not classified,True,WorldPop Total Population 1km ArcGIS ImageServer,World Bank country income classification mapped to vulnerability weights,Natural Earth country boundaries via datasets/geo-countries,not used for RQ2 exposure rerun
30.0,-66.0,0.0,0.5,UNASSIGNED,Unassigned/ocean,NA,Not classified,True,WorldPop Total Population 1km ArcGIS ImageServer,World Bank country income classification mapped to vulnerability weights,Natural Earth country boundaries via datasets/geo-countries,not used for RQ2 exposure rerun
30.0,-61.5,0.0,0.5,UNASSIGNED,Unassigned/ocean,NA,Not classified,True,WorldPop Total Population 1km ArcGIS ImageServer,World Bank country income classification mapped to vulnerability weights,Natural Earth country boundaries via datasets/geo-countries,not used for RQ2 exposure rerun
30.75,-71.25,0.0,0.5,UNASSIGNED,Unassigned/ocean,NA,Not classified,True,WorldPop Total Population 1km ArcGIS ImageServer,World Bank country income classification mapped to vulnerability weights,Natural Earth country boundaries via datasets/geo-countries,not used for RQ2 exposure rerun
30.75,-70.5,0.0,0.5,UNASSIGNED,Unassigned/ocean,NA,Not classified,True,WorldPop Total Population 1km ArcGIS ImageServer,World Bank country income classification mapped to vulnerability weights,Natural Earth country boundaries via datasets/geo-countries,not used for RQ2 exposure rerun
30.75,-69.75,0.0,0.5,UNASSIGNED,Unassigned/ocean,NA,Not classified,True,WorldPop Total Population 1km ArcGIS ImageServer,World Bank country income classification mapped to vulnerability weights,Natural Earth country boundaries via datasets/geo-countries,not used for RQ2 exposure rerun
30.75,-69.0,0.0,0.5,UNASSIGNED,Unassigned/ocean,NA,Not classified,True,WorldPop Total Population 1km ArcGIS ImageServer,World Bank country income classification mapped to vulnerability weights,Natural Earth country boundaries via datasets/geo-countries,not used for RQ2 exposure rerun
30.75,-68.25,0.0,0.5,UNASSIGNED,Unassigned/ocean,NA,Not classified,True,WorldPop Total Population 1km ArcGIS ImageServer,World Bank country income classification mapped to vulnerability weights,Natural Earth country boundaries via datasets/geo-countries,not used for RQ2 exposure rerun
30.75,-67.5,0.0,0.5,UNASSIGNED,Unassigned/ocean,NA,Not classified,True,WorldPop Total Population 1km ArcGIS ImageServer,World Bank country income classification mapped to vulnerability weights,Natural Earth country boundaries via datasets/geo-countries,not used for RQ2 exposure rerun
30.75,-66.75,0.0,0.5,UNASSIGNED,Unassigned/ocean,NA,Not classified,True,WorldPop Total Population 1km ArcGIS ImageServer,World Bank country income classification mapped to vulnerability weights,Natural Earth country boundaries via datasets/geo-countries,not used for RQ2 exposure rerun
30.75,-66.0,0.0,0.5,UNASSIGNED,Unassigned/ocean,NA,Not classified,True,WorldPop Total Population 1km ArcGIS ImageServer,World Bank country income classification mapped to vulnerability weights,Natural Earth country boundaries via datasets/geo-countries,not used for RQ2 exposure rerun
30.75,-65.25,0.0,0.5,UNASSIGNED,Unassigned/ocean,NA,Not classified,True,WorldPop Total Population 1km ArcGIS ImageServer,World Bank country income classification mapped to vulnerability weights,Natural Earth country boundaries via datasets/geo-countries,not used for RQ2 exposure rerun
30.75,-64.5,0.0,0.5,UNASSIGNED,Unassigned/ocean,NA,Not classified,True,WorldPop Total Population 1km ArcGIS ImageServer,World Bank country income classification mapped to vulnerability weights,Natural Earth country boundaries via datasets/geo-countries,not used for RQ2 exposure rerun
31.5,-69.75,0.0,0.5,UNASSIGNED,Unassigned/ocean,NA,Not classified,True,WorldPop Total Population 1km ArcGIS ImageServer,World Bank country income classification mapped to vulnerability weights,Natural Earth country boundaries via datasets/geo-countries,not used for RQ2 exposure rerun
31.5,-69.0,0.0,0.5,UNASSIGNED,Unassigned/ocean,NA,Not classified,True,WorldPop Total Population 1km ArcGIS ImageServer,World Bank country income classification mapped to vulnerability weights,Natural Earth country boundaries via datasets/geo-countries,not used for RQ2 exposure rerun
31.5,-68.25,0.0,0.5,UNASSIGNED,Unassigned/ocean,NA,Not classified,True,WorldPop Total Population 1km ArcGIS ImageServer,World Bank country income classification mapped to vulnerability weights,Natural Earth country boundaries via datasets/geo-countries,not used for RQ2 exposure rerun
31.5,-67.5,0.0,0.5,UNASSIGNED,Unassigned/ocean,NA,Not classified,True,WorldPop Total Population 1km ArcGIS ImageServer,World Bank country income classification mapped to vulnerability weights,Natural Earth country boundaries via datasets/geo-countries,not used for RQ2 exposure rerun
31.5,-66.75,0.0,0.5,UNASSIGNED,Unassigned/ocean,NA,Not classified,True,WorldPop Total Population 1km ArcGIS ImageServer,World Bank country income classification mapped to vulnerability weights,Natural Earth country boundaries via datasets/geo-countries,not used for RQ2 exposure rerun
31.5,-66.0,0.0,0.5,UNASSIGNED,Unassigned/ocean,NA,Not classified,True,WorldPop Total Population 1km ArcGIS ImageServer,World Bank country income classification mapped to vulnerability weights,Natural Earth country boundaries via datasets/geo-countries,not used for RQ2 exposure rerun
31.5,-65.25,0.0,0.5,UNASSIGNED,Unassigned/ocean,NA,Not classified,True,WorldPop Total Population 1km ArcGIS ImageServer,World Bank country income classification mapped to vulnerability weights,Natural Earth country boundaries via datasets/geo-countries,not used for RQ2 exposure rerun
32.25,-69.0,0.0,0.5,UNASSIGNED,Unassigned/ocean,NA,Not classified,True,WorldPop Total Population 1km ArcGIS ImageServer,World Bank country income classification mapped to vulnerability weights,Natural Earth country boundaries via datasets/geo-countries,not used for RQ2 exposure rerun
32.25,-68.25,0.0,0.5,UNASSIGNED,Unassigned/ocean,NA,Not classified,True,WorldPop Total Population 1km ArcGIS ImageServer,World Bank country income classification mapped to vulnerability weights,Natural Earth country boundaries via datasets/geo-countries,not used for RQ2 exposure rerun
32.25,-67.5,0.0,0.5,UNASSIGNED,Unassigned/ocean,NA,Not classified,True,WorldPop Total Population 1km ArcGIS ImageServer,World Bank country income classification mapped to vulnerability weights,Natural Earth country boundaries via datasets/geo-countries,not used for RQ2 exposure rerun
32.25,-66.75,0.0,0.5,UNASSIGNED,Unassigned/ocean,NA,Not classified,True,WorldPop Total Population 1km ArcGIS ImageServer,World Bank country income classification mapped to vulnerability weights,Natural Earth country boundaries via datasets/geo-countries,not used for RQ2 exposure rerun
32.25,-66.0,0.0,0.5,UNASSIGNED,Unassigned/ocean,NA,Not classified,True,WorldPop Total Population 1km ArcGIS ImageServer,World Bank country income classification mapped to vulnerability weights,Natural Earth country boundaries via datasets/geo-countries,not used for RQ2 exposure rerun
32.25,-65.25,1485.6985602378845,0.25,BMU,Bermuda,HIC,High income,True,WorldPop Total Population 1km ArcGIS ImageServer,World Bank country income classification mapped to vulnerability weights,Natural Earth country boundaries via datasets/geo-countries,not used for RQ2 exposure rerun
32.25,-64.5,60573.30189925439,0.25,BMU,Bermuda,HIC,High income,True,WorldPop Total Population 1km ArcGIS ImageServer,World Bank country income classification mapped to vulnerability weights,Natural Earth country boundaries via datasets/geo-countries,not used for RQ2 exposure rerun
32.25,-63.75,0.0,0.5,UNASSIGNED,Unassigned/ocean,NA,Not classified,True,WorldPop Total Population 1km ArcGIS ImageServer,World Bank country income classification mapped to vulnerability weights,Natural Earth country boundaries via datasets/geo-countries,not used for RQ2 exposure rerun
32.25,-63.0,0.0,0.5,UNASSIGNED,Unassigned/ocean,NA,Not classified,True,WorldPop Total Population 1km ArcGIS ImageServer,World Bank country income classification mapped to vulnerability weights,Natural Earth country boundaries via datasets/geo-countries,not used for RQ2 exposure rerun
33.0,-69.0,0.0,0.5,UNASSIGNED,Unassigned/ocean,NA,Not classified,True,WorldPop Total Population 1km ArcGIS ImageServer,World Bank country income classification mapped to vulnerability weights,Natural Earth country boundaries via datasets/geo-countries,not used for RQ2 exposure rerun
33.0,-68.25,0.0,0.5,UNASSIGNED,Unassigned/ocean,NA,Not classified,True,WorldPop Total Population 1km ArcGIS ImageServer,World Bank country income classification mapped to vulnerability weights,Natural Earth country boundaries via datasets/geo-countries,not used for RQ2 exposure rerun
33.0,-67.5,0.0,0.5,UNASSIGNED,Unassigned/ocean,NA,Not classified,True,WorldPop Total Population 1km ArcGIS ImageServer,World Bank country income classification mapped to vulnerability weights,Natural Earth country boundaries via datasets/geo-countries,not used for RQ2 exposure rerun
33.0,-66.75,0.0,0.5,UNASSIGNED,Unassigned/ocean,NA,Not classified,True,WorldPop Total Population 1km ArcGIS ImageServer,World Bank country income classification mapped to vulnerability weights,Natural Earth country boundaries via datasets/geo-countries,not used for RQ2 exposure rerun
33.0,-66.0,0.0,0.5,UNASSIGNED,Unassigned/ocean,NA,Not classified,True,WorldPop Total Population 1km ArcGIS ImageServer,World Bank country income classification mapped to vulnerability weights,Natural Earth country boundaries via datasets/geo-countries,not used for RQ2 exposure rerun
33.0,-65.25,0.0,0.5,UNASSIGNED,Unassigned/ocean,NA,Not classified,True,WorldPop Total Population 1km ArcGIS ImageServer,World Bank country income classification mapped to vulnerability weights,Natural Earth country boundaries via datasets/geo-countries,not used for RQ2 exposure rerun
33.0,-64.5,0.0,0.5,UNASSIGNED,Unassigned/ocean,NA,Not classified,True,WorldPop Total Population 1km ArcGIS ImageServer,World Bank country income classification mapped to vulnerability weights,Natural Earth country boundaries via datasets/geo-countries,not used for RQ2 exposure rerun
33.0,-62.25,0.0,0.5,UNASSIGNED,Unassigned/ocean,NA,Not classified,True,WorldPop Total Population 1km ArcGIS ImageServer,World Bank country income classification mapped to vulnerability weights,Natural Earth country boundaries via datasets/geo-countries,not used for RQ2 exposure rerun
33.75,-69.0,0.0,0.5,UNASSIGNED,Unassigned/ocean,NA,Not classified,True,WorldPop Total Population 1km ArcGIS ImageServer,World Bank country income classification mapped to vulnerability weights,Natural Earth country boundaries via datasets/geo-countries,not used for RQ2 exposure rerun
33.75,-68.25,0.0,0.5,UNASSIGNED,Unassigned/ocean,NA,Not classified,True,WorldPop Total Population 1km ArcGIS ImageServer,World Bank country income classification mapped to vulnerability weights,Natural Earth country boundaries via datasets/geo-countries,not used for RQ2 exposure rerun
33.75,-67.5,0.0,0.5,UNASSIGNED,Unassigned/ocean,NA,Not classified,True,WorldPop Total Population 1km ArcGIS ImageServer,World Bank country income classification mapped to vulnerability weights,Natural Earth country boundaries via datasets/geo-countries,not used for RQ2 exposure rerun
33.75,-66.75,0.0,0.5,UNASSIGNED,Unassigned/ocean,NA,Not classified,True,WorldPop Total Population 1km ArcGIS ImageServer,World Bank country income classification mapped to vulnerability weights,Natural Earth country boundaries via datasets/geo-countries,not used for RQ2 exposure rerun
33.75,-66.0,0.0,0.5,UNASSIGNED,Unassigned/ocean,NA,Not classified,True,WorldPop Total Population 1km ArcGIS ImageServer,World Bank country income classification mapped to vulnerability weights,Natural Earth country boundaries via datasets/geo-countries,not used for RQ2 exposure rerun
33.75,-65.25,0.0,0.5,UNASSIGNED,Unassigned/ocean,NA,Not classified,True,WorldPop Total Population 1km ArcGIS ImageServer,World Bank country income classification mapped to vulnerability weights,Natural Earth country boundaries via datasets/geo-countries,not used for RQ2 exposure rerun
33.75,-64.5,0.0,0.5,UNASSIGNED,Unassigned/ocean,NA,Not classified,True,WorldPop Total Population 1km ArcGIS ImageServer,World Bank country income classification mapped to vulnerability weights,Natural Earth country boundaries via datasets/geo-countries,not used for RQ2 exposure rerun
33.75,-63.75,0.0,0.5,UNASSIGNED,Unassigned/ocean,NA,Not classified,True,WorldPop Total Population 1km ArcGIS ImageServer,World Bank country income classification mapped to vulnerability weights,Natural Earth country boundaries via datasets/geo-countries,not used for RQ2 exposure rerun
33.75,-63.0,0.0,0.5,UNASSIGNED,Unassigned/ocean,NA,Not classified,True,WorldPop Total Population 1km ArcGIS ImageServer,World Bank country income classification mapped to vulnerability weights,Natural Earth country boundaries via datasets/geo-countries,not used for RQ2 exposure rerun
34.5,-66.75,0.0,0.5,UNASSIGNED,Unassigned/ocean,NA,Not classified,True,WorldPop Total Population 1km ArcGIS ImageServer,World Bank country income classification mapped to vulnerability weights,Natural Earth country boundaries via datasets/geo-countries,not used for RQ2 exposure rerun
34.5,-66.0,0.0,0.5,UNASSIGNED,Unassigned/ocean,NA,Not classified,True,WorldPop Total Population 1km ArcGIS ImageServer,World Bank country income classification mapped to vulnerability weights,Natural Earth country boundaries via datasets/geo-countries,not used for RQ2 exposure rerun
34.5,-65.25,0.0,0.5,UNASSIGNED,Unassigned/ocean,NA,Not classified,True,WorldPop Total Population 1km ArcGIS ImageServer,World Bank country income classification mapped to vulnerability weights,Natural Earth country boundaries via datasets/geo-countries,not used for RQ2 exposure rerun
34.5,-64.5,0.0,0.5,UNASSIGNED,Unassigned/ocean,NA,Not classified,True,WorldPop Total Population 1km ArcGIS ImageServer,World Bank country income classification mapped to vulnerability weights,Natural Earth country boundaries via datasets/geo-countries,not used for RQ2 exposure rerun
34.5,-63.75,0.0,0.5,UNASSIGNED,Unassigned/ocean,NA,Not classified,True,WorldPop Total Population 1km ArcGIS ImageServer,World Bank country income classification mapped to vulnerability weights,Natural Earth country boundaries via datasets/geo-countries,not used for RQ2 exposure rerun
34.5,-63.0,0.0,0.5,UNASSIGNED,Unassigned/ocean,NA,Not classified,True,WorldPop Total Population 1km ArcGIS ImageServer,World Bank country income classification mapped to vulnerability weights,Natural Earth country boundaries via datasets/geo-countries,not used for RQ2 exposure rerun
34.5,-62.25,0.0,0.5,UNASSIGNED,Unassigned/ocean,NA,Not classified,True,WorldPop Total Population 1km ArcGIS ImageServer,World Bank country income classification mapped to vulnerability weights,Natural Earth country boundaries via datasets/geo-countries,not used for RQ2 exposure rerun
34.5,-60.75,0.0,0.5,UNASSIGNED,Unassigned/ocean,NA,Not classified,True,WorldPop Total Population 1km ArcGIS ImageServer,World Bank country income classification mapped to vulnerability weights,Natural Earth country boundaries via datasets/geo-countries,not used for RQ2 exposure rerun
34.5,-59.25,0.0,0.5,UNASSIGNED,Unassigned/ocean,NA,Not classified,True,WorldPop Total Population 1km ArcGIS ImageServer,World Bank country income classification mapped to vulnerability weights,Natural Earth country boundaries via datasets/geo-countries,not used for RQ2 exposure rerun
34.5,-57.75,0.0,0.5,UNASSIGNED,Unassigned/ocean,NA,Not classified,True,WorldPop Total Population 1km ArcGIS ImageServer,World Bank country income classification mapped to vulnerability weights,Natural Earth country boundaries via datasets/geo-countries,not used for RQ2 exposure rerun
35.25,-66.0,0.0,0.5,UNASSIGNED,Unassigned/ocean,NA,Not classified,True,WorldPop Total Population 1km ArcGIS ImageServer,World Bank country income classification mapped to vulnerability weights,Natural Earth country boundaries via datasets/geo-countries,not used for RQ2 exposure rerun
35.25,-65.25,0.0,0.5,UNASSIGNED,Unassigned/ocean,NA,Not classified,True,WorldPop Total Population 1km ArcGIS ImageServer,World Bank country income classification mapped to vulnerability weights,Natural Earth country boundaries via datasets/geo-countries,not used for RQ2 exposure rerun
35.25,-64.5,0.0,0.5,UNASSIGNED,Unassigned/ocean,NA,Not classified,True,WorldPop Total Population 1km ArcGIS ImageServer,World Bank country income classification mapped to vulnerability weights,Natural Earth country boundaries via datasets/geo-countries,not used for RQ2 exposure rerun
35.25,-63.75,0.0,0.5,UNASSIGNED,Unassigned/ocean,NA,Not classified,True,WorldPop Total Population 1km ArcGIS ImageServer,World Bank country income classification mapped to vulnerability weights,Natural Earth country boundaries via datasets/geo-countries,not used for RQ2 exposure rerun
35.25,-63.0,0.0,0.5,UNASSIGNED,Unassigned/ocean,NA,Not classified,True,WorldPop Total Population 1km ArcGIS ImageServer,World Bank country income classification mapped to vulnerability weights,Natural Earth country boundaries via datasets/geo-countries,not used for RQ2 exposure rerun
35.25,-62.25,0.0,0.5,UNASSIGNED,Unassigned/ocean,NA,Not classified,True,WorldPop Total Population 1km ArcGIS ImageServer,World Bank country income classification mapped to vulnerability weights,Natural Earth country boundaries via datasets/geo-countries,not used for RQ2 exposure rerun
35.25,-61.5,0.0,0.5,UNASSIGNED,Unassigned/ocean,NA,Not classified,True,WorldPop Total Population 1km ArcGIS ImageServer,World Bank country income classification mapped to vulnerability weights,Natural Earth country boundaries via datasets/geo-countries,not used for RQ2 exposure rerun
35.25,-60.75,0.0,0.5,UNASSIGNED,Unassigned/ocean,NA,Not classified,True,WorldPop Total Population 1km ArcGIS ImageServer,World Bank country income classification mapped to vulnerability weights,Natural Earth country boundaries via datasets/geo-countries,not used for RQ2 exposure rerun
35.25,-56.25,0.0,0.5,UNASSIGNED,Unassigned/ocean,NA,Not classified,True,WorldPop Total Population 1km ArcGIS ImageServer,World Bank country income classification mapped to vulnerability weights,Natural Earth country boundaries via datasets/geo-countries,not used for RQ2 exposure rerun
36.0,-66.75,0.0,0.5,UNASSIGNED,Unassigned/ocean,NA,Not classified,True,WorldPop Total Population 1km ArcGIS ImageServer,World Bank country income classification mapped to vulnerability weights,Natural Earth country boundaries via datasets/geo-countries,not used for RQ2 exposure rerun
36.0,-65.25,0.0,0.5,UNASSIGNED,Unassigned/ocean,NA,Not classified,True,WorldPop Total Population 1km ArcGIS ImageServer,World Bank country income classification mapped to vulnerability weights,Natural Earth country boundaries via datasets/geo-countries,not used for RQ2 exposure rerun
36.0,-64.5,0.0,0.5,UNASSIGNED,Unassigned/ocean,NA,Not classified,True,WorldPop Total Population 1km ArcGIS ImageServer,World Bank country income classification mapped to vulnerability weights,Natural Earth country boundaries via datasets/geo-countries,not used for RQ2 exposure rerun
36.0,-63.75,0.0,0.5,UNASSIGNED,Unassigned/ocean,NA,Not classified,True,WorldPop Total Population 1km ArcGIS ImageServer,World Bank country income classification mapped to vulnerability weights,Natural Earth country boundaries via datasets/geo-countries,not used for RQ2 exposure rerun
36.0,-63.0,0.0,0.5,UNASSIGNED,Unassigned/ocean,NA,Not classified,True,WorldPop Total Population 1km ArcGIS ImageServer,World Bank country income classification mapped to vulnerability weights,Natural Earth country boundaries via datasets/geo-countries,not used for RQ2 exposure rerun
36.0,-62.25,0.0,0.5,UNASSIGNED,Unassigned/ocean,NA,Not classified,True,WorldPop Total Population 1km ArcGIS ImageServer,World Bank country income classification mapped to vulnerability weights,Natural Earth country boundaries via datasets/geo-countries,not used for RQ2 exposure rerun
36.0,-61.5,0.0,0.5,UNASSIGNED,Unassigned/ocean,NA,Not classified,True,WorldPop Total Population 1km ArcGIS ImageServer,World Bank country income classification mapped to vulnerability weights,Natural Earth country boundaries via datasets/geo-countries,not used for RQ2 exposure rerun
36.0,-60.75,0.0,0.5,UNASSIGNED,Unassigned/ocean,NA,Not classified,True,WorldPop Total Population 1km ArcGIS ImageServer,World Bank country income classification mapped to vulnerability weights,Natural Earth country boundaries via datasets/geo-countries,not used for RQ2 exposure rerun
36.0,-60.0,0.0,0.5,UNASSIGNED,Unassigned/ocean,NA,Not classified,True,WorldPop Total Population 1km ArcGIS ImageServer,World Bank country income classification mapped to vulnerability weights,Natural Earth country boundaries via datasets/geo-countries,not used for RQ2 exposure rerun
36.0,-59.25,0.0,0.5,UNASSIGNED,Unassigned/ocean,NA,Not classified,True,WorldPop Total Population 1km ArcGIS ImageServer,World Bank country income classification mapped to vulnerability weights,Natural Earth country boundaries via datasets/geo-countries,not used for RQ2 exposure rerun
36.75,-66.0,0.0,0.5,UNASSIGNED,Unassigned/ocean,NA,Not classified,True,WorldPop Total Population 1km ArcGIS ImageServer,World Bank country income classification mapped to vulnerability weights,Natural Earth country boundaries via datasets/geo-countries,not used for RQ2 exposure rerun
36.75,-64.5,0.0,0.5,UNASSIGNED,Unassigned/ocean,NA,Not classified,True,WorldPop Total Population 1km ArcGIS ImageServer,World Bank country income classification mapped to vulnerability weights,Natural Earth country boundaries via datasets/geo-countries,not used for RQ2 exposure rerun
36.75,-63.75,0.0,0.5,UNASSIGNED,Unassigned/ocean,NA,Not classified,True,WorldPop Total Population 1km ArcGIS ImageServer,World Bank country income classification mapped to vulnerability weights,Natural Earth country boundaries via datasets/geo-countries,not used for RQ2 exposure rerun
36.75,-63.0,0.0,0.5,UNASSIGNED,Unassigned/ocean,NA,Not classified,True,WorldPop Total Population 1km ArcGIS ImageServer,World Bank country income classification mapped to vulnerability weights,Natural Earth country boundaries via datasets/geo-countries,not used for RQ2 exposure rerun
36.75,-62.25,0.0,0.5,UNASSIGNED,Unassigned/ocean,NA,Not classified,True,WorldPop Total Population 1km ArcGIS ImageServer,World Bank country income classification mapped to vulnerability weights,Natural Earth country boundaries via datasets/geo-countries,not used for RQ2 exposure rerun
36.75,-61.5,0.0,0.5,UNASSIGNED,Unassigned/ocean,NA,Not classified,True,WorldPop Total Population 1km ArcGIS ImageServer,World Bank country income classification mapped to vulnerability weights,Natural Earth country boundaries via datasets/geo-countries,not used for RQ2 exposure rerun
36.75,-60.75,0.0,0.5,UNASSIGNED,Unassigned/ocean,NA,Not classified,True,WorldPop Total Population 1km ArcGIS ImageServer,World Bank country income classification mapped to vulnerability weights,Natural Earth country boundaries via datasets/geo-countries,not used for RQ2 exposure rerun
36.75,-59.25,0.0,0.5,UNASSIGNED,Unassigned/ocean,NA,Not classified,True,WorldPop Total Population 1km ArcGIS ImageServer,World Bank country income classification mapped to vulnerability weights,Natural Earth country boundaries via datasets/geo-countries,not used for RQ2 exposure rerun
36.75,-56.25,0.0,0.5,UNASSIGNED,Unassigned/ocean,NA,Not classified,True,WorldPop Total Population 1km ArcGIS ImageServer,World Bank country income classification mapped to vulnerability weights,Natural Earth country boundaries via datasets/geo-countries,not used for RQ2 exposure rerun
37.5,-66.0,0.0,0.5,UNASSIGNED,Unassigned/ocean,NA,Not classified,True,WorldPop Total Population 1km ArcGIS ImageServer,World Bank country income classification mapped to vulnerability weights,Natural Earth country boundaries via datasets/geo-countries,not used for RQ2 exposure rerun
37.5,-65.25,0.0,0.5,UNASSIGNED,Unassigned/ocean,NA,Not classified,True,WorldPop Total Population 1km ArcGIS ImageServer,World Bank country income classification mapped to vulnerability weights,Natural Earth country boundaries via datasets/geo-countries,not used for RQ2 exposure rerun
37.5,-63.75,0.0,0.5,UNASSIGNED,Unassigned/ocean,NA,Not classified,True,WorldPop Total Population 1km ArcGIS ImageServer,World Bank country income classification mapped to vulnerability weights,Natural Earth country boundaries via datasets/geo-countries,not used for RQ2 exposure rerun
37.5,-63.0,0.0,0.5,UNASSIGNED,Unassigned/ocean,NA,Not classified,True,WorldPop Total Population 1km ArcGIS ImageServer,World Bank country income classification mapped to vulnerability weights,Natural Earth country boundaries via datasets/geo-countries,not used for RQ2 exposure rerun
37.5,-62.25,0.0,0.5,UNASSIGNED,Unassigned/ocean,NA,Not classified,True,WorldPop Total Population 1km ArcGIS ImageServer,World Bank country income classification mapped to vulnerability weights,Natural Earth country boundaries via datasets/geo-countries,not used for RQ2 exposure rerun
37.5,-61.5,0.0,0.5,UNASSIGNED,Unassigned/ocean,NA,Not classified,True,WorldPop Total Population 1km ArcGIS ImageServer,World Bank country income classification mapped to vulnerability weights,Natural Earth country boundaries via datasets/geo-countries,not used for RQ2 exposure rerun
37.5,-60.75,0.0,0.5,UNASSIGNED,Unassigned/ocean,NA,Not classified,True,WorldPop Total Population 1km ArcGIS ImageServer,World Bank country income classification mapped to vulnerability weights,Natural Earth country boundaries via datasets/geo-countries,not used for RQ2 exposure rerun
37.5,-60.0,0.0,0.5,UNASSIGNED,Unassigned/ocean,NA,Not classified,True,WorldPop Total Population 1km ArcGIS ImageServer,World Bank country income classification mapped to vulnerability weights,Natural Earth country boundaries via datasets/geo-countries,not used for RQ2 exposure rerun
37.5,-59.25,0.0,0.5,UNASSIGNED,Unassigned/ocean,NA,Not classified,True,WorldPop Total Population 1km ArcGIS ImageServer,World Bank country income classification mapped to vulnerability weights,Natural Earth country boundaries via datasets/geo-countries,not used for RQ2 exposure rerun
37.5,-57.75,0.0,0.5,UNASSIGNED,Unassigned/ocean,NA,Not classified,True,WorldPop Total Population 1km ArcGIS ImageServer,World Bank country income classification mapped to vulnerability weights,Natural Earth country boundaries via datasets/geo-countries,not used for RQ2 exposure rerun
37.5,-56.25,0.0,0.5,UNASSIGNED,Unassigned/ocean,NA,Not classified,True,WorldPop Total Population 1km ArcGIS ImageServer,World Bank country income classification mapped to vulnerability weights,Natural Earth country boundaries via datasets/geo-countries,not used for RQ2 exposure rerun
37.5,-54.75,0.0,0.5,UNASSIGNED,Unassigned/ocean,NA,Not classified,True,WorldPop Total Population 1km ArcGIS ImageServer,World Bank country income classification mapped to vulnerability weights,Natural Earth country boundaries via datasets/geo-countries,not used for RQ2 exposure rerun
37.5,-53.25,0.0,0.5,UNASSIGNED,Unassigned/ocean,NA,Not classified,True,WorldPop Total Population 1km ArcGIS ImageServer,World Bank country income classification mapped to vulnerability weights,Natural Earth country boundaries via datasets/geo-countries,not used for RQ2 exposure rerun
38.25,-64.5,0.0,0.5,UNASSIGNED,Unassigned/ocean,NA,Not classified,True,WorldPop Total Population 1km ArcGIS ImageServer,World Bank country income classification mapped to vulnerability weights,Natural Earth country boundaries via datasets/geo-countries,not used for RQ2 exposure rerun
38.25,-63.75,0.0,0.5,UNASSIGNED,Unassigned/ocean,NA,Not classified,True,WorldPop Total Population 1km ArcGIS ImageServer,World Bank country income classification mapped to vulnerability weights,Natural Earth country boundaries via datasets/geo-countries,not used for RQ2 exposure rerun
38.25,-63.0,0.0,0.5,UNASSIGNED,Unassigned/ocean,NA,Not classified,True,WorldPop Total Population 1km ArcGIS ImageServer,World Bank country income classification mapped to vulnerability weights,Natural Earth country boundaries via datasets/geo-countries,not used for RQ2 exposure rerun
38.25,-62.25,0.0,0.5,UNASSIGNED,Unassigned/ocean,NA,Not classified,True,WorldPop Total Population 1km ArcGIS ImageServer,World Bank country income classification mapped to vulnerability weights,Natural Earth country boundaries via datasets/geo-countries,not used for RQ2 exposure rerun
38.25,-61.5,0.0,0.5,UNASSIGNED,Unassigned/ocean,NA,Not classified,True,WorldPop Total Population 1km ArcGIS ImageServer,World Bank country income classification mapped to vulnerability weights,Natural Earth country boundaries via datasets/geo-countries,not used for RQ2 exposure rerun
38.25,-60.75,0.0,0.5,UNASSIGNED,Unassigned/ocean,NA,Not classified,True,WorldPop Total Population 1km ArcGIS ImageServer,World Bank country income classification mapped to vulnerability weights,Natural Earth country boundaries via datasets/geo-countries,not used for RQ2 exposure rerun
38.25,-60.0,0.0,0.5,UNASSIGNED,Unassigned/ocean,NA,Not classified,True,WorldPop Total Population 1km ArcGIS ImageServer,World Bank country income classification mapped to vulnerability weights,Natural Earth country boundaries via datasets/geo-countries,not used for RQ2 exposure rerun
38.25,-59.25,0.0,0.5,UNASSIGNED,Unassigned/ocean,NA,Not classified,True,WorldPop Total Population 1km ArcGIS ImageServer,World Bank country income classification mapped to vulnerability weights,Natural Earth country boundaries via datasets/geo-countries,not used for RQ2 exposure rerun
38.25,-58.5,0.0,0.5,UNASSIGNED,Unassigned/ocean,NA,Not classified,True,WorldPop Total Population 1km ArcGIS ImageServer,World Bank country income classification mapped to vulnerability weights,Natural Earth country boundaries via datasets/geo-countries,not used for RQ2 exposure rerun
38.25,-54.75,0.0,0.5,UNASSIGNED,Unassigned/ocean,NA,Not classified,True,WorldPop Total Population 1km ArcGIS ImageServer,World Bank country income classification mapped to vulnerability weights,Natural Earth country boundaries via datasets/geo-countries,not used for RQ2 exposure rerun
38.25,-53.25,0.0,0.5,UNASSIGNED,Unassigned/ocean,NA,Not classified,True,WorldPop Total Population 1km ArcGIS ImageServer,World Bank country income classification mapped to vulnerability weights,Natural Earth country boundaries via datasets/geo-countries,not used for RQ2 exposure rerun
38.25,-48.75,0.0,0.5,UNASSIGNED,Unassigned/ocean,NA,Not classified,True,WorldPop Total Population 1km ArcGIS ImageServer,World Bank country income classification mapped to vulnerability weights,Natural Earth country boundaries via datasets/geo-countries,not used for RQ2 exposure rerun
39.0,-64.5,0.0,0.5,UNASSIGNED,Unassigned/ocean,NA,Not classified,True,WorldPop Total Population 1km ArcGIS ImageServer,World Bank country income classification mapped to vulnerability weights,Natural Earth country boundaries via datasets/geo-countries,not used for RQ2 exposure rerun
39.0,-63.0,0.0,0.5,UNASSIGNED,Unassigned/ocean,NA,Not classified,True,WorldPop Total Population 1km ArcGIS ImageServer,World Bank country income classification mapped to vulnerability weights,Natural Earth country boundaries via datasets/geo-countries,not used for RQ2 exposure rerun
39.0,-61.5,0.0,0.5,UNASSIGNED,Unassigned/ocean,NA,Not classified,True,WorldPop Total Population 1km ArcGIS ImageServer,World Bank country income classification mapped to vulnerability weights,Natural Earth country boundaries via datasets/geo-countries,not used for RQ2 exposure rerun
39.0,-60.75,0.0,0.5,UNASSIGNED,Unassigned/ocean,NA,Not classified,True,WorldPop Total Population 1km ArcGIS ImageServer,World Bank country income classification mapped to vulnerability weights,Natural Earth country boundaries via datasets/geo-countries,not used for RQ2 exposure rerun
39.0,-60.0,0.0,0.5,UNASSIGNED,Unassigned/ocean,NA,Not classified,True,WorldPop Total Population 1km ArcGIS ImageServer,World Bank country income classification mapped to vulnerability weights,Natural Earth country boundaries via datasets/geo-countries,not used for RQ2 exposure rerun
39.0,-59.25,0.0,0.5,UNASSIGNED,Unassigned/ocean,NA,Not classified,True,WorldPop Total Population 1km ArcGIS ImageServer,World Bank country income classification mapped to vulnerability weights,Natural Earth country boundaries via datasets/geo-countries,not used for RQ2 exposure rerun
39.0,-58.5,0.0,0.5,UNASSIGNED,Unassigned/ocean,NA,Not classified,True,WorldPop Total Population 1km ArcGIS ImageServer,World Bank country income classification mapped to vulnerability weights,Natural Earth country boundaries via datasets/geo-countries,not used for RQ2 exposure rerun
39.0,-57.75,0.0,0.5,UNASSIGNED,Unassigned/ocean,NA,Not classified,True,WorldPop Total Population 1km ArcGIS ImageServer,World Bank country income classification mapped to vulnerability weights,Natural Earth country boundaries via datasets/geo-countries,not used for RQ2 exposure rerun
39.0,-56.25,0.0,0.5,UNASSIGNED,Unassigned/ocean,NA,Not classified,True,WorldPop Total Population 1km ArcGIS ImageServer,World Bank country income classification mapped to vulnerability weights,Natural Earth country boundaries via datasets/geo-countries,not used for RQ2 exposure rerun
39.0,-54.75,0.0,0.5,UNASSIGNED,Unassigned/ocean,NA,Not classified,True,WorldPop Total Population 1km ArcGIS ImageServer,World Bank country income classification mapped to vulnerability weights,Natural Earth country boundaries via datasets/geo-countries,not used for RQ2 exposure rerun
39.0,-54.0,0.0,0.5,UNASSIGNED,Unassigned/ocean,NA,Not classified,True,WorldPop Total Population 1km ArcGIS ImageServer,World Bank country income classification mapped to vulnerability weights,Natural Earth country boundaries via datasets/geo-countries,not used for RQ2 exposure rerun
39.0,-53.25,0.0,0.5,UNASSIGNED,Unassigned/ocean,NA,Not classified,True,WorldPop Total Population 1km ArcGIS ImageServer,World Bank country income classification mapped to vulnerability weights,Natural Earth country boundaries via datasets/geo-countries,not used for RQ2 exposure rerun
39.75,-64.5,0.0,0.5,UNASSIGNED,Unassigned/ocean,NA,Not classified,True,WorldPop Total Population 1km ArcGIS ImageServer,World Bank country income classification mapped to vulnerability weights,Natural Earth country boundaries via datasets/geo-countries,not used for RQ2 exposure rerun
39.75,-63.0,0.0,0.5,UNASSIGNED,Unassigned/ocean,NA,Not classified,True,WorldPop Total Population 1km ArcGIS ImageServer,World Bank country income classification mapped to vulnerability weights,Natural Earth country boundaries via datasets/geo-countries,not used for RQ2 exposure rerun
39.75,-62.25,0.0,0.5,UNASSIGNED,Unassigned/ocean,NA,Not classified,True,WorldPop Total Population 1km ArcGIS ImageServer,World Bank country income classification mapped to vulnerability weights,Natural Earth country boundaries via datasets/geo-countries,not used for RQ2 exposure rerun
39.75,-61.5,0.0,0.5,UNASSIGNED,Unassigned/ocean,NA,Not classified,True,WorldPop Total Population 1km ArcGIS ImageServer,World Bank country income classification mapped to vulnerability weights,Natural Earth country boundaries via datasets/geo-countries,not used for RQ2 exposure rerun
39.75,-60.75,0.0,0.5,UNASSIGNED,Unassigned/ocean,NA,Not classified,True,WorldPop Total Population 1km ArcGIS ImageServer,World Bank country income classification mapped to vulnerability weights,Natural Earth country boundaries via datasets/geo-countries,not used for RQ2 exposure rerun
39.75,-60.0,0.0,0.5,UNASSIGNED,Unassigned/ocean,NA,Not classified,True,WorldPop Total Population 1km ArcGIS ImageServer,World Bank country income classification mapped to vulnerability weights,Natural Earth country boundaries via datasets/geo-countries,not used for RQ2 exposure rerun
39.75,-59.25,0.0,0.5,UNASSIGNED,Unassigned/ocean,NA,Not classified,True,WorldPop Total Population 1km ArcGIS ImageServer,World Bank country income classification mapped to vulnerability weights,Natural Earth country boundaries via datasets/geo-countries,not used for RQ2 exposure rerun
39.75,-58.5,0.0,0.5,UNASSIGNED,Unassigned/ocean,NA,Not classified,True,WorldPop Total Population 1km ArcGIS ImageServer,World Bank country income classification mapped to vulnerability weights,Natural Earth country boundaries via datasets/geo-countries,not used for RQ2 exposure rerun
39.75,-57.0,0.0,0.5,UNASSIGNED,Unassigned/ocean,NA,Not classified,True,WorldPop Total Population 1km ArcGIS ImageServer,World Bank country income classification mapped to vulnerability weights,Natural Earth country boundaries via datasets/geo-countries,not used for RQ2 exposure rerun
39.75,-56.25,0.0,0.5,UNASSIGNED,Unassigned/ocean,NA,Not classified,True,WorldPop Total Population 1km ArcGIS ImageServer,World Bank country income classification mapped to vulnerability weights,Natural Earth country boundaries via datasets/geo-countries,not used for RQ2 exposure rerun
39.75,-54.75,0.0,0.5,UNASSIGNED,Unassigned/ocean,NA,Not classified,True,WorldPop Total Population 1km ArcGIS ImageServer,World Bank country income classification mapped to vulnerability weights,Natural Earth country boundaries via datasets/geo-countries,not used for RQ2 exposure rerun
39.75,-53.25,0.0,0.5,UNASSIGNED,Unassigned/ocean,NA,Not classified,True,WorldPop Total Population 1km ArcGIS ImageServer,World Bank country income classification mapped to vulnerability weights,Natural Earth country boundaries via datasets/geo-countries,not used for RQ2 exposure rerun
39.75,-51.75,0.0,0.5,UNASSIGNED,Unassigned/ocean,NA,Not classified,True,WorldPop Total Population 1km ArcGIS ImageServer,World Bank country income classification mapped to vulnerability weights,Natural Earth country boundaries via datasets/geo-countries,not used for RQ2 exposure rerun
39.75,-50.25,0.0,0.5,UNASSIGNED,Unassigned/ocean,NA,Not classified,True,WorldPop Total Population 1km ArcGIS ImageServer,World Bank country income classification mapped to vulnerability weights,Natural Earth country boundaries via datasets/geo-countries,not used for RQ2 exposure rerun
40.5,-60.75,0.0,0.5,UNASSIGNED,Unassigned/ocean,NA,Not classified,True,WorldPop Total Population 1km ArcGIS ImageServer,World Bank country income classification mapped to vulnerability weights,Natural Earth country boundaries via datasets/geo-countries,not used for RQ2 exposure rerun
40.5,-60.0,0.0,0.5,UNASSIGNED,Unassigned/ocean,NA,Not classified,True,WorldPop Total Population 1km ArcGIS ImageServer,World Bank country income classification mapped to vulnerability weights,Natural Earth country boundaries via datasets/geo-countries,not used for RQ2 exposure rerun
40.5,-59.25,0.0,0.5,UNASSIGNED,Unassigned/ocean,NA,Not classified,True,WorldPop Total Population 1km ArcGIS ImageServer,World Bank country income classification mapped to vulnerability weights,Natural Earth country boundaries via datasets/geo-countries,not used for RQ2 exposure rerun
40.5,-58.5,0.0,0.5,UNASSIGNED,Unassigned/ocean,NA,Not classified,True,WorldPop Total Population 1km ArcGIS ImageServer,World Bank country income classification mapped to vulnerability weights,Natural Earth country boundaries via datasets/geo-countries,not used for RQ2 exposure rerun
40.5,-57.75,0.0,0.5,UNASSIGNED,Unassigned/ocean,NA,Not classified,True,WorldPop Total Population 1km ArcGIS ImageServer,World Bank country income classification mapped to vulnerability weights,Natural Earth country boundaries via datasets/geo-countries,not used for RQ2 exposure rerun
40.5,-56.25,0.0,0.5,UNASSIGNED,Unassigned/ocean,NA,Not classified,True,WorldPop Total Population 1km ArcGIS ImageServer,World Bank country income classification mapped to vulnerability weights,Natural Earth country boundaries via datasets/geo-countries,not used for RQ2 exposure rerun
40.5,-55.5,0.0,0.5,UNASSIGNED,Unassigned/ocean,NA,Not classified,True,WorldPop Total Population 1km ArcGIS ImageServer,World Bank country income classification mapped to vulnerability weights,Natural Earth country boundaries via datasets/geo-countries,not used for RQ2 exposure rerun
40.5,-54.75,0.0,0.5,UNASSIGNED,Unassigned/ocean,NA,Not classified,True,WorldPop Total Population 1km ArcGIS ImageServer,World Bank country income classification mapped to vulnerability weights,Natural Earth country boundaries via datasets/geo-countries,not used for RQ2 exposure rerun
40.5,-54.0,0.0,0.5,UNASSIGNED,Unassigned/ocean,NA,Not classified,True,WorldPop Total Population 1km ArcGIS ImageServer,World Bank country income classification mapped to vulnerability weights,Natural Earth country boundaries via datasets/geo-countries,not used for RQ2 exposure rerun
40.5,-51.75,0.0,0.5,UNASSIGNED,Unassigned/ocean,NA,Not classified,True,WorldPop Total Population 1km ArcGIS ImageServer,World Bank country income classification mapped to vulnerability weights,Natural Earth country boundaries via datasets/geo-countries,not used for RQ2 exposure rerun
41.25,-61.5,0.0,0.5,UNASSIGNED,Unassigned/ocean,NA,Not classified,True,WorldPop Total Population 1km ArcGIS ImageServer,World Bank country income classification mapped to vulnerability weights,Natural Earth country boundaries via datasets/geo-countries,not used for RQ2 exposure rerun
41.25,-60.75,0.0,0.5,UNASSIGNED,Unassigned/ocean,NA,Not classified,True,WorldPop Total Population 1km ArcGIS ImageServer,World Bank country income classification mapped to vulnerability weights,Natural Earth country boundaries via datasets/geo-countries,not used for RQ2 exposure rerun
41.25,-60.0,0.0,0.5,UNASSIGNED,Unassigned/ocean,NA,Not classified,True,WorldPop Total Population 1km ArcGIS ImageServer,World Bank country income classification mapped to vulnerability weights,Natural Earth country boundaries via datasets/geo-countries,not used for RQ2 exposure rerun
41.25,-59.25,0.0,0.5,UNASSIGNED,Unassigned/ocean,NA,Not classified,True,WorldPop Total Population 1km ArcGIS ImageServer,World Bank country income classification mapped to vulnerability weights,Natural Earth country boundaries via datasets/geo-countries,not used for RQ2 exposure rerun
41.25,-58.5,0.0,0.5,UNASSIGNED,Unassigned/ocean,NA,Not classified,True,WorldPop Total Population 1km ArcGIS ImageServer,World Bank country income classification mapped to vulnerability weights,Natural Earth country boundaries via datasets/geo-countries,not used for RQ2 exposure rerun
41.25,-57.75,0.0,0.5,UNASSIGNED,Unassigned/ocean,NA,Not classified,True,WorldPop Total Population 1km ArcGIS ImageServer,World Bank country income classification mapped to vulnerability weights,Natural Earth country boundaries via datasets/geo-countries,not used for RQ2 exposure rerun
41.25,-57.0,0.0,0.5,UNASSIGNED,Unassigned/ocean,NA,Not classified,True,WorldPop Total Population 1km ArcGIS ImageServer,World Bank country income classification mapped to vulnerability weights,Natural Earth country boundaries via datasets/geo-countries,not used for RQ2 exposure rerun
41.25,-56.25,0.0,0.5,UNASSIGNED,Unassigned/ocean,NA,Not classified,True,WorldPop Total Population 1km ArcGIS ImageServer,World Bank country income classification mapped to vulnerability weights,Natural Earth country boundaries via datasets/geo-countries,not used for RQ2 exposure rerun
41.25,-55.5,0.0,0.5,UNASSIGNED,Unassigned/ocean,NA,Not classified,True,WorldPop Total Population 1km ArcGIS ImageServer,World Bank country income classification mapped to vulnerability weights,Natural Earth country boundaries via datasets/geo-countries,not used for RQ2 exposure rerun
41.25,-54.75,0.0,0.5,UNASSIGNED,Unassigned/ocean,NA,Not classified,True,WorldPop Total Population 1km ArcGIS ImageServer,World Bank country income classification mapped to vulnerability weights,Natural Earth country boundaries via datasets/geo-countries,not used for RQ2 exposure rerun
41.25,-52.5,0.0,0.5,UNASSIGNED,Unassigned/ocean,NA,Not classified,True,WorldPop Total Population 1km ArcGIS ImageServer,World Bank country income classification mapped to vulnerability weights,Natural Earth country boundaries via datasets/geo-countries,not used for RQ2 exposure rerun
41.25,-51.75,0.0,0.5,UNASSIGNED,Unassigned/ocean,NA,Not classified,True,WorldPop Total Population 1km ArcGIS ImageServer,World Bank country income classification mapped to vulnerability weights,Natural Earth country boundaries via datasets/geo-countries,not used for RQ2 exposure rerun
41.25,-50.25,0.0,0.5,UNASSIGNED,Unassigned/ocean,NA,Not classified,True,WorldPop Total Population 1km ArcGIS ImageServer,World Bank country income classification mapped to vulnerability weights,Natural Earth country boundaries via datasets/geo-countries,not used for RQ2 exposure rerun
42.0,-62.25,0.0,0.5,UNASSIGNED,Unassigned/ocean,NA,Not classified,True,WorldPop Total Population 1km ArcGIS ImageServer,World Bank country income classification mapped to vulnerability weights,Natural Earth country boundaries via datasets/geo-countries,not used for RQ2 exposure rerun
42.0,-61.5,0.0,0.5,UNASSIGNED,Unassigned/ocean,NA,Not classified,True,WorldPop Total Population 1km ArcGIS ImageServer,World Bank country income classification mapped to vulnerability weights,Natural Earth country boundaries via datasets/geo-countries,not used for RQ2 exposure rerun
42.0,-60.75,0.0,0.5,UNASSIGNED,Unassigned/ocean,NA,Not classified,True,WorldPop Total Population 1km ArcGIS ImageServer,World Bank country income classification mapped to vulnerability weights,Natural Earth country boundaries via datasets/geo-countries,not used for RQ2 exposure rerun
42.0,-60.0,0.0,0.5,UNASSIGNED,Unassigned/ocean,NA,Not classified,True,WorldPop Total Population 1km ArcGIS ImageServer,World Bank country income classification mapped to vulnerability weights,Natural Earth country boundaries via datasets/geo-countries,not used for RQ2 exposure rerun
42.0,-59.25,0.0,0.5,UNASSIGNED,Unassigned/ocean,NA,Not classified,True,WorldPop Total Population 1km ArcGIS ImageServer,World Bank country income classification mapped to vulnerability weights,Natural Earth country boundaries via datasets/geo-countries,not used for RQ2 exposure rerun
42.0,-58.5,0.0,0.5,UNASSIGNED,Unassigned/ocean,NA,Not classified,True,WorldPop Total Population 1km ArcGIS ImageServer,World Bank country income classification mapped to vulnerability weights,Natural Earth country boundaries via datasets/geo-countries,not used for RQ2 exposure rerun
42.0,-57.75,0.0,0.5,UNASSIGNED,Unassigned/ocean,NA,Not classified,True,WorldPop Total Population 1km ArcGIS ImageServer,World Bank country income classification mapped to vulnerability weights,Natural Earth country boundaries via datasets/geo-countries,not used for RQ2 exposure rerun
42.0,-57.0,0.0,0.5,UNASSIGNED,Unassigned/ocean,NA,Not classified,True,WorldPop Total Population 1km ArcGIS ImageServer,World Bank country income classification mapped to vulnerability weights,Natural Earth country boundaries via datasets/geo-countries,not used for RQ2 exposure rerun
42.0,-56.25,0.0,0.5,UNASSIGNED,Unassigned/ocean,NA,Not classified,True,WorldPop Total Population 1km ArcGIS ImageServer,World Bank country income classification mapped to vulnerability weights,Natural Earth country boundaries via datasets/geo-countries,not used for RQ2 exposure rerun
42.0,-55.5,0.0,0.5,UNASSIGNED,Unassigned/ocean,NA,Not classified,True,WorldPop Total Population 1km ArcGIS ImageServer,World Bank country income classification mapped to vulnerability weights,Natural Earth country boundaries via datasets/geo-countries,not used for RQ2 exposure rerun
42.0,-54.75,0.0,0.5,UNASSIGNED,Unassigned/ocean,NA,Not classified,True,WorldPop Total Population 1km ArcGIS ImageServer,World Bank country income classification mapped to vulnerability weights,Natural Earth country boundaries via datasets/geo-countries,not used for RQ2 exposure rerun
42.0,-53.25,0.0,0.5,UNASSIGNED,Unassigned/ocean,NA,Not classified,True,WorldPop Total Population 1km ArcGIS ImageServer,World Bank country income classification mapped to vulnerability weights,Natural Earth country boundaries via datasets/geo-countries,not used for RQ2 exposure rerun
42.0,-52.5,0.0,0.5,UNASSIGNED,Unassigned/ocean,NA,Not classified,True,WorldPop Total Population 1km ArcGIS ImageServer,World Bank country income classification mapped to vulnerability weights,Natural Earth country boundaries via datasets/geo-countries,not used for RQ2 exposure rerun
42.0,-51.75,0.0,0.5,UNASSIGNED,Unassigned/ocean,NA,Not classified,True,WorldPop Total Population 1km ArcGIS ImageServer,World Bank country income classification mapped to vulnerability weights,Natural Earth country boundaries via datasets/geo-countries,not used for RQ2 exposure rerun
42.0,-50.25,0.0,0.5,UNASSIGNED,Unassigned/ocean,NA,Not classified,True,WorldPop Total Population 1km ArcGIS ImageServer,World Bank country income classification mapped to vulnerability weights,Natural Earth country boundaries via datasets/geo-countries,not used for RQ2 exposure rerun
42.75,-60.75,0.0,0.5,UNASSIGNED,Unassigned/ocean,NA,Not classified,True,WorldPop Total Population 1km ArcGIS ImageServer,World Bank country income classification mapped to vulnerability weights,Natural Earth country boundaries via datasets/geo-countries,not used for RQ2 exposure rerun
42.75,-58.5,0.0,0.5,UNASSIGNED,Unassigned/ocean,NA,Not classified,True,WorldPop Total Population 1km ArcGIS ImageServer,World Bank country income classification mapped to vulnerability weights,Natural Earth country boundaries via datasets/geo-countries,not used for RQ2 exposure rerun
42.75,-57.75,0.0,0.5,UNASSIGNED,Unassigned/ocean,NA,Not classified,True,WorldPop Total Population 1km ArcGIS ImageServer,World Bank country income classification mapped to vulnerability weights,Natural Earth country boundaries via datasets/geo-countries,not used for RQ2 exposure rerun
42.75,-57.0,0.0,0.5,UNASSIGNED,Unassigned/ocean,NA,Not classified,True,WorldPop Total Population 1km ArcGIS ImageServer,World Bank country income classification mapped to vulnerability weights,Natural Earth country boundaries via datasets/geo-countries,not used for RQ2 exposure rerun
42.75,-56.25,0.0,0.5,UNASSIGNED,Unassigned/ocean,NA,Not classified,True,WorldPop Total Population 1km ArcGIS ImageServer,World Bank country income classification mapped to vulnerability weights,Natural Earth country boundaries via datasets/geo-countries,not used for RQ2 exposure rerun
42.75,-55.5,0.0,0.5,UNASSIGNED,Unassigned/ocean,NA,Not classified,True,WorldPop Total Population 1km ArcGIS ImageServer,World Bank country income classification mapped to vulnerability weights,Natural Earth country boundaries via datasets/geo-countries,not used for RQ2 exposure rerun
42.75,-54.75,0.0,0.5,UNASSIGNED,Unassigned/ocean,NA,Not classified,True,WorldPop Total Population 1km ArcGIS ImageServer,World Bank country income classification mapped to vulnerability weights,Natural Earth country boundaries via datasets/geo-countries,not used for RQ2 exposure rerun
42.75,-53.25,0.0,0.5,UNASSIGNED,Unassigned/ocean,NA,Not classified,True,WorldPop Total Population 1km ArcGIS ImageServer,World Bank country income classification mapped to vulnerability weights,Natural Earth country boundaries via datasets/geo-countries,not used for RQ2 exposure rerun
42.75,-51.75,0.0,0.5,UNASSIGNED,Unassigned/ocean,NA,Not classified,True,WorldPop Total Population 1km ArcGIS ImageServer,World Bank country income classification mapped to vulnerability weights,Natural Earth country boundaries via datasets/geo-countries,not used for RQ2 exposure rerun
42.75,-49.5,0.0,0.5,UNASSIGNED,Unassigned/ocean,NA,Not classified,True,WorldPop Total Population 1km ArcGIS ImageServer,World Bank country income classification mapped to vulnerability weights,Natural Earth country boundaries via datasets/geo-countries,not used for RQ2 exposure rerun
42.75,-48.0,0.0,0.5,UNASSIGNED,Unassigned/ocean,NA,Not classified,True,WorldPop Total Population 1km ArcGIS ImageServer,World Bank country income classification mapped to vulnerability weights,Natural Earth country boundaries via datasets/geo-countries,not used for RQ2 exposure rerun
42.75,-47.25,0.0,0.5,UNASSIGNED,Unassigned/ocean,NA,Not classified,True,WorldPop Total Population 1km ArcGIS ImageServer,World Bank country income classification mapped to vulnerability weights,Natural Earth country boundaries via datasets/geo-countries,not used for RQ2 exposure rerun
43.5,-59.25,0.0,0.5,UNASSIGNED,Unassigned/ocean,NA,Not classified,True,WorldPop Total Population 1km ArcGIS ImageServer,World Bank country income classification mapped to vulnerability weights,Natural Earth country boundaries via datasets/geo-countries,not used for RQ2 exposure rerun
43.5,-57.75,0.0,0.5,UNASSIGNED,Unassigned/ocean,NA,Not classified,True,WorldPop Total Population 1km ArcGIS ImageServer,World Bank country income classification mapped to vulnerability weights,Natural Earth country boundaries via datasets/geo-countries,not used for RQ2 exposure rerun
43.5,-57.0,0.0,0.5,UNASSIGNED,Unassigned/ocean,NA,Not classified,True,WorldPop Total Population 1km ArcGIS ImageServer,World Bank country income classification mapped to vulnerability weights,Natural Earth country boundaries via datasets/geo-countries,not used for RQ2 exposure rerun
43.5,-56.25,0.0,0.5,UNASSIGNED,Unassigned/ocean,NA,Not classified,True,WorldPop Total Population 1km ArcGIS ImageServer,World Bank country income classification mapped to vulnerability weights,Natural Earth country boundaries via datasets/geo-countries,not used for RQ2 exposure rerun
43.5,-55.5,0.0,0.5,UNASSIGNED,Unassigned/ocean,NA,Not classified,True,WorldPop Total Population 1km ArcGIS ImageServer,World Bank country income classification mapped to vulnerability weights,Natural Earth country boundaries via datasets/geo-countries,not used for RQ2 exposure rerun
43.5,-54.75,0.0,0.5,UNASSIGNED,Unassigned/ocean,NA,Not classified,True,WorldPop Total Population 1km ArcGIS ImageServer,World Bank country income classification mapped to vulnerability weights,Natural Earth country boundaries via datasets/geo-countries,not used for RQ2 exposure rerun
43.5,-54.0,0.0,0.5,UNASSIGNED,Unassigned/ocean,NA,Not classified,True,WorldPop Total Population 1km ArcGIS ImageServer,World Bank country income classification mapped to vulnerability weights,Natural Earth country boundaries via datasets/geo-countries,not used for RQ2 exposure rerun
43.5,-53.25,0.0,0.5,UNASSIGNED,Unassigned/ocean,NA,Not classified,True,WorldPop Total Population 1km ArcGIS ImageServer,World Bank country income classification mapped to vulnerability weights,Natural Earth country boundaries via datasets/geo-countries,not used for RQ2 exposure rerun
43.5,-50.25,0.0,0.5,UNASSIGNED,Unassigned/ocean,NA,Not classified,True,WorldPop Total Population 1km ArcGIS ImageServer,World Bank country income classification mapped to vulnerability weights,Natural Earth country boundaries via datasets/geo-countries,not used for RQ2 exposure rerun
43.5,-49.5,0.0,0.5,UNASSIGNED,Unassigned/ocean,NA,Not classified,True,WorldPop Total Population 1km ArcGIS ImageServer,World Bank country income classification mapped to vulnerability weights,Natural Earth country boundaries via datasets/geo-countries,not used for RQ2 exposure rerun
43.5,-48.75,0.0,0.5,UNASSIGNED,Unassigned/ocean,NA,Not classified,True,WorldPop Total Population 1km ArcGIS ImageServer,World Bank country income classification mapped to vulnerability weights,Natural Earth country boundaries via datasets/geo-countries,not used for RQ2 exposure rerun
44.25,-60.75,0.0,0.5,UNASSIGNED,Unassigned/ocean,NA,Not classified,True,WorldPop Total Population 1km ArcGIS ImageServer,World Bank country income classification mapped to vulnerability weights,Natural Earth country boundaries via datasets/geo-countries,not used for RQ2 exposure rerun
44.25,-58.5,0.0,0.5,UNASSIGNED,Unassigned/ocean,NA,Not classified,True,WorldPop Total Population 1km ArcGIS ImageServer,World Bank country income classification mapped to vulnerability weights,Natural Earth country boundaries via datasets/geo-countries,not used for RQ2 exposure rerun
44.25,-57.75,0.0,0.5,UNASSIGNED,Unassigned/ocean,NA,Not classified,True,WorldPop Total Population 1km ArcGIS ImageServer,World Bank country income classification mapped to vulnerability weights,Natural Earth country boundaries via datasets/geo-countries,not used for RQ2 exposure rerun
44.25,-57.0,0.0,0.5,UNASSIGNED,Unassigned/ocean,NA,Not classified,True,WorldPop Total Population 1km ArcGIS ImageServer,World Bank country income classification mapped to vulnerability weights,Natural Earth country boundaries via datasets/geo-countries,not used for RQ2 exposure rerun
44.25,-56.25,0.0,0.5,UNASSIGNED,Unassigned/ocean,NA,Not classified,True,WorldPop Total Population 1km ArcGIS ImageServer,World Bank country income classification mapped to vulnerability weights,Natural Earth country boundaries via datasets/geo-countries,not used for RQ2 exposure rerun
44.25,-55.5,0.0,0.5,UNASSIGNED,Unassigned/ocean,NA,Not classified,True,WorldPop Total Population 1km ArcGIS ImageServer,World Bank country income classification mapped to vulnerability weights,Natural Earth country boundaries via datasets/geo-countries,not used for RQ2 exposure rerun
44.25,-54.75,0.0,0.5,UNASSIGNED,Unassigned/ocean,NA,Not classified,True,WorldPop Total Population 1km ArcGIS ImageServer,World Bank country income classification mapped to vulnerability weights,Natural Earth country boundaries via datasets/geo-countries,not used for RQ2 exposure rerun
44.25,-54.0,0.0,0.5,UNASSIGNED,Unassigned/ocean,NA,Not classified,True,WorldPop Total Population 1km ArcGIS ImageServer,World Bank country income classification mapped to vulnerability weights,Natural Earth country boundaries via datasets/geo-countries,not used for RQ2 exposure rerun
44.25,-53.25,0.0,0.5,UNASSIGNED,Unassigned/ocean,NA,Not classified,True,WorldPop Total Population 1km ArcGIS ImageServer,World Bank country income classification mapped to vulnerability weights,Natural Earth country boundaries via datasets/geo-countries,not used for RQ2 exposure rerun
44.25,-52.5,0.0,0.5,UNASSIGNED,Unassigned/ocean,NA,Not classified,True,WorldPop Total Population 1km ArcGIS ImageServer,World Bank country income classification mapped to vulnerability weights,Natural Earth country boundaries via datasets/geo-countries,not used for RQ2 exposure rerun
44.25,-51.75,0.0,0.5,UNASSIGNED,Unassigned/ocean,NA,Not classified,True,WorldPop Total Population 1km ArcGIS ImageServer,World Bank country income classification mapped to vulnerability weights,Natural Earth country boundaries via datasets/geo-countries,not used for RQ2 exposure rerun
44.25,-50.25,0.0,0.5,UNASSIGNED,Unassigned/ocean,NA,Not classified,True,WorldPop Total Population 1km ArcGIS ImageServer,World Bank country income classification mapped to vulnerability weights,Natural Earth country boundaries via datasets/geo-countries,not used for RQ2 exposure rerun
45.0,-60.75,1809.0425397828212,0.25,CAN,Canada,HIC,High income,True,WorldPop Total Population 1km ArcGIS ImageServer,World Bank country income classification mapped to vulnerability weights,Natural Earth country boundaries via datasets/geo-countries,not used for RQ2 exposure rerun
45.0,-57.75,0.0,0.5,UNASSIGNED,Unassigned/ocean,NA,Not classified,True,WorldPop Total Population 1km ArcGIS ImageServer,World Bank country income classification mapped to vulnerability weights,Natural Earth country boundaries via datasets/geo-countries,not used for RQ2 exposure rerun
45.0,-57.0,0.0,0.5,UNASSIGNED,Unassigned/ocean,NA,Not classified,True,WorldPop Total Population 1km ArcGIS ImageServer,World Bank country income classification mapped to vulnerability weights,Natural Earth country boundaries via datasets/geo-countries,not used for RQ2 exposure rerun
45.0,-56.25,0.0,0.5,UNASSIGNED,Unassigned/ocean,NA,Not classified,True,WorldPop Total Population 1km ArcGIS ImageServer,World Bank country income classification mapped to vulnerability weights,Natural Earth country boundaries via datasets/geo-countries,not used for RQ2 exposure rerun
45.0,-55.5,0.0,0.5,UNASSIGNED,Unassigned/ocean,NA,Not classified,True,WorldPop Total Population 1km ArcGIS ImageServer,World Bank country income classification mapped to vulnerability weights,Natural Earth country boundaries via datasets/geo-countries,not used for RQ2 exposure rerun
45.0,-54.75,0.0,0.5,UNASSIGNED,Unassigned/ocean,NA,Not classified,True,WorldPop Total Population 1km ArcGIS ImageServer,World Bank country income classification mapped to vulnerability weights,Natural Earth country boundaries via datasets/geo-countries,not used for RQ2 exposure rerun
45.0,-53.25,0.0,0.5,UNASSIGNED,Unassigned/ocean,NA,Not classified,True,WorldPop Total Population 1km ArcGIS ImageServer,World Bank country income classification mapped to vulnerability weights,Natural Earth country boundaries via datasets/geo-countries,not used for RQ2 exposure rerun
45.0,-52.5,0.0,0.5,UNASSIGNED,Unassigned/ocean,NA,Not classified,True,WorldPop Total Population 1km ArcGIS ImageServer,World Bank country income classification mapped to vulnerability weights,Natural Earth country boundaries via datasets/geo-countries,not used for RQ2 exposure rerun
45.0,-51.75,0.0,0.5,UNASSIGNED,Unassigned/ocean,NA,Not classified,True,WorldPop Total Population 1km ArcGIS ImageServer,World Bank country income classification mapped to vulnerability weights,Natural Earth country boundaries via datasets/geo-countries,not used for RQ2 exposure rerun
45.0,-51.0,0.0,0.5,UNASSIGNED,Unassigned/ocean,NA,Not classified,True,WorldPop Total Population 1km ArcGIS ImageServer,World Bank country income classification mapped to vulnerability weights,Natural Earth country boundaries via datasets/geo-countries,not used for RQ2 exposure rerun
45.0,-45.75,0.0,0.5,UNASSIGNED,Unassigned/ocean,NA,Not classified,False,WorldPop Total Population 1km ArcGIS ImageServer,World Bank country income classification mapped to vulnerability weights,Natural Earth country boundaries via datasets/geo-countries,not used for RQ2 exposure rerun
45.0,-45.0,0.0,0.5,UNASSIGNED,Unassigned/ocean,NA,Not classified,False,WorldPop Total Population 1km ArcGIS ImageServer,World Bank country income classification mapped to vulnerability weights,Natural Earth country boundaries via datasets/geo-countries,not used for RQ2 exposure rerun
45.0,-44.25,0.0,0.5,UNASSIGNED,Unassigned/ocean,NA,Not classified,False,WorldPop Total Population 1km ArcGIS ImageServer,World Bank country income classification mapped to vulnerability weights,Natural Earth country boundaries via datasets/geo-countries,not used for RQ2 exposure rerun
45.75,-58.5,0.0,0.5,UNASSIGNED,Unassigned/ocean,NA,Not classified,True,WorldPop Total Population 1km ArcGIS ImageServer,World Bank country income classification mapped to vulnerability weights,Natural Earth country boundaries via datasets/geo-countries,not used for RQ2 exposure rerun
45.75,-57.75,0.0,0.5,UNASSIGNED,Unassigned/ocean,NA,Not classified,True,WorldPop Total Population 1km ArcGIS ImageServer,World Bank country income classification mapped to vulnerability weights,Natural Earth country boundaries via datasets/geo-countries,not used for RQ2 exposure rerun
45.75,-57.0,0.0,0.5,UNASSIGNED,Unassigned/ocean,NA,Not classified,True,WorldPop Total Population 1km ArcGIS ImageServer,World Bank country income classification mapped to vulnerability weights,Natural Earth country boundaries via datasets/geo-countries,not used for RQ2 exposure rerun
45.75,-56.25,0.0,0.5,UNASSIGNED,Unassigned/ocean,NA,Not classified,True,WorldPop Total Population 1km ArcGIS ImageServer,World Bank country income classification mapped to vulnerability weights,Natural Earth country boundaries via datasets/geo-countries,not used for RQ2 exposure rerun
45.75,-54.0,0.0,0.5,UNASSIGNED,Unassigned/ocean,NA,Not classified,True,WorldPop Total Population 1km ArcGIS ImageServer,World Bank country income classification mapped to vulnerability weights,Natural Earth country boundaries via datasets/geo-countries,not used for RQ2 exposure rerun
45.75,-53.25,0.0,0.5,UNASSIGNED,Unassigned/ocean,NA,Not classified,True,WorldPop Total Population 1km ArcGIS ImageServer,World Bank country income classification mapped to vulnerability weights,Natural Earth country boundaries via datasets/geo-countries,not used for RQ2 exposure rerun
45.75,-52.5,0.0,0.5,UNASSIGNED,Unassigned/ocean,NA,Not classified,True,WorldPop Total Population 1km ArcGIS ImageServer,World Bank country income classification mapped to vulnerability weights,Natural Earth country boundaries via datasets/geo-countries,not used for RQ2 exposure rerun
45.75,-51.75,0.0,0.5,UNASSIGNED,Unassigned/ocean,NA,Not classified,True,WorldPop Total Population 1km ArcGIS ImageServer,World Bank country income classification mapped to vulnerability weights,Natural Earth country boundaries via datasets/geo-countries,not used for RQ2 exposure rerun
45.75,-51.0,0.0,0.5,UNASSIGNED,Unassigned/ocean,NA,Not classified,True,WorldPop Total Population 1km ArcGIS ImageServer,World Bank country income classification mapped to vulnerability weights,Natural Earth country boundaries via datasets/geo-countries,not used for RQ2 exposure rerun
45.75,-49.5,0.0,0.5,UNASSIGNED,Unassigned/ocean,NA,Not classified,True,WorldPop Total Population 1km ArcGIS ImageServer,World Bank country income classification mapped to vulnerability weights,Natural Earth country boundaries via datasets/geo-countries,not used for RQ2 exposure rerun
45.75,-48.75,0.0,0.5,UNASSIGNED,Unassigned/ocean,NA,Not classified,True,WorldPop Total Population 1km ArcGIS ImageServer,World Bank country income classification mapped to vulnerability weights,Natural Earth country boundaries via datasets/geo-countries,not used for RQ2 exposure rerun
45.75,-48.0,0.0,0.5,UNASSIGNED,Unassigned/ocean,NA,Not classified,True,WorldPop Total Population 1km ArcGIS ImageServer,World Bank country income classification mapped to vulnerability weights,Natural Earth country boundaries via datasets/geo-countries,not used for RQ2 exposure rerun
45.75,-47.25,0.0,0.5,UNASSIGNED,Unassigned/ocean,NA,Not classified,True,WorldPop Total Population 1km ArcGIS ImageServer,World Bank country income classification mapped to vulnerability weights,Natural Earth country boundaries via datasets/geo-countries,not used for RQ2 exposure rerun
45.75,-45.0,0.0,0.5,UNASSIGNED,Unassigned/ocean,NA,Not classified,False,WorldPop Total Population 1km ArcGIS ImageServer,World Bank country income classification mapped to vulnerability weights,Natural Earth country boundaries via datasets/geo-countries,not used for RQ2 exposure rerun
45.75,-42.75,0.0,0.5,UNASSIGNED,Unassigned/ocean,NA,Not classified,False,WorldPop Total Population 1km ArcGIS ImageServer,World Bank country income classification mapped to vulnerability weights,Natural Earth country boundaries via datasets/geo-countries,not used for RQ2 exposure rerun
46.5,-60.0,0.0,0.25,CAN,Canada,HIC,High income,False,WorldPop Total Population 1km ArcGIS ImageServer,World Bank country income classification mapped to vulnerability weights,Natural Earth country boundaries via datasets/geo-countries,not used for RQ2 exposure rerun
46.5,-58.5,0.0,0.5,UNASSIGNED,Unassigned/ocean,NA,Not classified,True,WorldPop Total Population 1km ArcGIS ImageServer,World Bank country income classification mapped to vulnerability weights,Natural Earth country boundaries via datasets/geo-countries,not used for RQ2 exposure rerun
46.5,-57.75,0.0,0.5,UNASSIGNED,Unassigned/ocean,NA,Not classified,True,WorldPop Total Population 1km ArcGIS ImageServer,World Bank country income classification mapped to vulnerability weights,Natural Earth country boundaries via datasets/geo-countries,not used for RQ2 exposure rerun
46.5,-54.75,0.0,0.5,UNASSIGNED,Unassigned/ocean,NA,Not classified,True,WorldPop Total Population 1km ArcGIS ImageServer,World Bank country income classification mapped to vulnerability weights,Natural Earth country boundaries via datasets/geo-countries,not used for RQ2 exposure rerun
46.5,-54.0,274.2053295103832,0.25,CAN,Canada,HIC,High income,True,WorldPop Total Population 1km ArcGIS ImageServer,World Bank country income classification mapped to vulnerability weights,Natural Earth country boundaries via datasets/geo-countries,not used for RQ2 exposure rerun
46.5,-53.25,1016.1689828396104,0.25,CAN,Canada,HIC,High income,True,WorldPop Total Population 1km ArcGIS ImageServer,World Bank country income classification mapped to vulnerability weights,Natural Earth country boundaries via datasets/geo-countries,not used for RQ2 exposure rerun
46.5,-52.5,0.0,0.5,UNASSIGNED,Unassigned/ocean,NA,Not classified,True,WorldPop Total Population 1km ArcGIS ImageServer,World Bank country income classification mapped to vulnerability weights,Natural Earth country boundaries via datasets/geo-countries,not used for RQ2 exposure rerun
46.5,-51.75,0.0,0.5,UNASSIGNED,Unassigned/ocean,NA,Not classified,True,WorldPop Total Population 1km ArcGIS ImageServer,World Bank country income classification mapped to vulnerability weights,Natural Earth country boundaries via datasets/geo-countries,not used for RQ2 exposure rerun
46.5,-51.0,0.0,0.5,UNASSIGNED,Unassigned/ocean,NA,Not classified,True,WorldPop Total Population 1km ArcGIS ImageServer,World Bank country income classification mapped to vulnerability weights,Natural Earth country boundaries via datasets/geo-countries,not used for RQ2 exposure rerun
46.5,-50.25,0.0,0.5,UNASSIGNED,Unassigned/ocean,NA,Not classified,True,WorldPop Total Population 1km ArcGIS ImageServer,World Bank country income classification mapped to vulnerability weights,Natural Earth country boundaries via datasets/geo-countries,not used for RQ2 exposure rerun
46.5,-48.75,0.0,0.5,UNASSIGNED,Unassigned/ocean,NA,Not classified,True,WorldPop Total Population 1km ArcGIS ImageServer,World Bank country income classification mapped to vulnerability weights,Natural Earth country boundaries via datasets/geo-countries,not used for RQ2 exposure rerun
46.5,-48.0,0.0,0.5,UNASSIGNED,Unassigned/ocean,NA,Not classified,True,WorldPop Total Population 1km ArcGIS ImageServer,World Bank country income classification mapped to vulnerability weights,Natural Earth country boundaries via datasets/geo-countries,not used for RQ2 exposure rerun
46.5,-47.25,0.0,0.5,UNASSIGNED,Unassigned/ocean,NA,Not classified,False,WorldPop Total Population 1km ArcGIS ImageServer,World Bank country income classification mapped to vulnerability weights,Natural Earth country boundaries via datasets/geo-countries,not used for RQ2 exposure rerun
46.5,-46.5,0.0,0.5,UNASSIGNED,Unassigned/ocean,NA,Not classified,False,WorldPop Total Population 1km ArcGIS ImageServer,World Bank country income classification mapped to vulnerability weights,Natural Earth country boundaries via datasets/geo-countries,not used for RQ2 exposure rerun
46.5,-45.75,0.0,0.5,UNASSIGNED,Unassigned/ocean,NA,Not classified,False,WorldPop Total Population 1km ArcGIS ImageServer,World Bank country income classification mapped to vulnerability weights,Natural Earth country boundaries via datasets/geo-countries,not used for RQ2 exposure rerun
46.5,-45.0,0.0,0.5,UNASSIGNED,Unassigned/ocean,NA,Not classified,False,WorldPop Total Population 1km ArcGIS ImageServer,World Bank country income classification mapped to vulnerability weights,Natural Earth country boundaries via datasets/geo-countries,not used for RQ2 exposure rerun
46.5,-42.75,0.0,0.5,UNASSIGNED,Unassigned/ocean,NA,Not classified,False,WorldPop Total Population 1km ArcGIS ImageServer,World Bank country income classification mapped to vulnerability weights,Natural Earth country boundaries via datasets/geo-countries,not used for RQ2 exposure rerun
47.25,-57.75,2252.3605974170855,0.25,CAN,Canada,HIC,High income,True,WorldPop Total Population 1km ArcGIS ImageServer,World Bank country income classification mapped to vulnerability weights,Natural Earth country boundaries via datasets/geo-countries,not used for RQ2 exposure rerun
47.25,-54.75,4140.794714029212,0.25,CAN,Canada,HIC,High income,True,WorldPop Total Population 1km ArcGIS ImageServer,World Bank country income classification mapped to vulnerability weights,Natural Earth country boundaries via datasets/geo-countries,not used for RQ2 exposure rerun
47.25,-54.0,6143.562286064051,0.25,CAN,Canada,HIC,High income,True,WorldPop Total Population 1km ArcGIS ImageServer,World Bank country income classification mapped to vulnerability weights,Natural Earth country boundaries via datasets/geo-countries,not used for RQ2 exposure rerun
47.25,-53.25,55384.209885559554,0.25,CAN,Canada,HIC,High income,True,WorldPop Total Population 1km ArcGIS ImageServer,World Bank country income classification mapped to vulnerability weights,Natural Earth country boundaries via datasets/geo-countries,not used for RQ2 exposure rerun
47.25,-52.5,132553.66472670622,0.25,CAN,Canada,HIC,High income,True,WorldPop Total Population 1km ArcGIS ImageServer,World Bank country income classification mapped to vulnerability weights,Natural Earth country boundaries via datasets/geo-countries,not used for RQ2 exposure rerun
47.25,-51.75,0.0,0.5,UNASSIGNED,Unassigned/ocean,NA,Not classified,True,WorldPop Total Population 1km ArcGIS ImageServer,World Bank country income classification mapped to vulnerability weights,Natural Earth country boundaries via datasets/geo-countries,not used for RQ2 exposure rerun
47.25,-50.25,0.0,0.5,UNASSIGNED,Unassigned/ocean,NA,Not classified,True,WorldPop Total Population 1km ArcGIS ImageServer,World Bank country income classification mapped to vulnerability weights,Natural Earth country boundaries via datasets/geo-countries,not used for RQ2 exposure rerun
47.25,-49.5,0.0,0.5,UNASSIGNED,Unassigned/ocean,NA,Not classified,True,WorldPop Total Population 1km ArcGIS ImageServer,World Bank country income classification mapped to vulnerability weights,Natural Earth country boundaries via datasets/geo-countries,not used for RQ2 exposure rerun
47.25,-48.75,0.0,0.5,UNASSIGNED,Unassigned/ocean,NA,Not classified,True,WorldPop Total Population 1km ArcGIS ImageServer,World Bank country income classification mapped to vulnerability weights,Natural Earth country boundaries via datasets/geo-countries,not used for RQ2 exposure rerun
47.25,-47.25,0.0,0.5,UNASSIGNED,Unassigned/ocean,NA,Not classified,False,WorldPop Total Population 1km ArcGIS ImageServer,World Bank country income classification mapped to vulnerability weights,Natural Earth country boundaries via datasets/geo-countries,not used for RQ2 exposure rerun
47.25,-46.5,0.0,0.5,UNASSIGNED,Unassigned/ocean,NA,Not classified,False,WorldPop Total Population 1km ArcGIS ImageServer,World Bank country income classification mapped to vulnerability weights,Natural Earth country boundaries via datasets/geo-countries,not used for RQ2 exposure rerun
47.25,-45.75,0.0,0.5,UNASSIGNED,Unassigned/ocean,NA,Not classified,False,WorldPop Total Population 1km ArcGIS ImageServer,World Bank country income classification mapped to vulnerability weights,Natural Earth country boundaries via datasets/geo-countries,not used for RQ2 exposure rerun
47.25,-41.25,0.0,0.5,UNASSIGNED,Unassigned/ocean,NA,Not classified,False,WorldPop Total Population 1km ArcGIS ImageServer,World Bank country income classification mapped to vulnerability weights,Natural Earth country boundaries via datasets/geo-countries,not used for RQ2 exposure rerun
48.0,-54.0,15767.028748246647,0.25,CAN,Canada,HIC,High income,True,WorldPop Total Population 1km ArcGIS ImageServer,World Bank country income classification mapped to vulnerability weights,Natural Earth country boundaries via datasets/geo-countries,not used for RQ2 exposure rerun
48.0,-53.25,22215.2275738809,0.25,CAN,Canada,HIC,High income,True,WorldPop Total Population 1km ArcGIS ImageServer,World Bank country income classification mapped to vulnerability weights,Natural Earth country boundaries via datasets/geo-countries,not used for RQ2 exposure rerun
48.0,-52.5,12900.951751945537,0.25,CAN,Canada,HIC,High income,True,WorldPop Total Population 1km ArcGIS ImageServer,World Bank country income classification mapped to vulnerability weights,Natural Earth country boundaries via datasets/geo-countries,not used for RQ2 exposure rerun
48.0,-51.75,0.0,0.5,UNASSIGNED,Unassigned/ocean,NA,Not classified,True,WorldPop Total Population 1km ArcGIS ImageServer,World Bank country income classification mapped to vulnerability weights,Natural Earth country boundaries via datasets/geo-countries,not used for RQ2 exposure rerun
48.0,-49.5,0.0,0.5,UNASSIGNED,Unassigned/ocean,NA,Not classified,True,WorldPop Total Population 1km ArcGIS ImageServer,World Bank country income classification mapped to vulnerability weights,Natural Earth country boundaries via datasets/geo-countries,not used for RQ2 exposure rerun
48.0,-48.0,0.0,0.5,UNASSIGNED,Unassigned/ocean,NA,Not classified,False,WorldPop Total Population 1km ArcGIS ImageServer,World Bank country income classification mapped to vulnerability weights,Natural Earth country boundaries via datasets/geo-countries,not used for RQ2 exposure rerun
48.0,-47.25,0.0,0.5,UNASSIGNED,Unassigned/ocean,NA,Not classified,False,WorldPop Total Population 1km ArcGIS ImageServer,World Bank country income classification mapped to vulnerability weights,Natural Earth country boundaries via datasets/geo-countries,not used for RQ2 exposure rerun
48.0,-46.5,0.0,0.5,UNASSIGNED,Unassigned/ocean,NA,Not classified,False,WorldPop Total Population 1km ArcGIS ImageServer,World Bank country income classification mapped to vulnerability weights,Natural Earth country boundaries via datasets/geo-countries,not used for RQ2 exposure rerun
48.0,-45.75,0.0,0.5,UNASSIGNED,Unassigned/ocean,NA,Not classified,False,WorldPop Total Population 1km ArcGIS ImageServer,World Bank country income classification mapped to vulnerability weights,Natural Earth country boundaries via datasets/geo-countries,not used for RQ2 exposure rerun
48.0,-43.5,0.0,0.5,UNASSIGNED,Unassigned/ocean,NA,Not classified,False,WorldPop Total Population 1km ArcGIS ImageServer,World Bank country income classification mapped to vulnerability weights,Natural Earth country boundaries via datasets/geo-countries,not used for RQ2 exposure rerun
48.0,-41.25,0.0,0.5,UNASSIGNED,Unassigned/ocean,NA,Not classified,False,WorldPop Total Population 1km ArcGIS ImageServer,World Bank country income classification mapped to vulnerability weights,Natural Earth country boundaries via datasets/geo-countries,not used for RQ2 exposure rerun
48.0,-40.5,0.0,0.5,UNASSIGNED,Unassigned/ocean,NA,Not classified,False,WorldPop Total Population 1km ArcGIS ImageServer,World Bank country income classification mapped to vulnerability weights,Natural Earth country boundaries via datasets/geo-countries,not used for RQ2 exposure rerun
48.75,-60.0,0.0,0.5,UNASSIGNED,Unassigned/ocean,NA,Not classified,False,WorldPop Total Population 1km ArcGIS ImageServer,World Bank country income classification mapped to vulnerability weights,Natural Earth country boundaries via datasets/geo-countries,not used for RQ2 exposure rerun
48.75,-58.5,16827.14158210471,0.25,CAN,Canada,HIC,High income,True,WorldPop Total Population 1km ArcGIS ImageServer,World Bank country income classification mapped to vulnerability weights,Natural Earth country boundaries via datasets/geo-countries,not used for RQ2 exposure rerun
48.75,-55.5,18054.366435727054,0.25,CAN,Canada,HIC,High income,True,WorldPop Total Population 1km ArcGIS ImageServer,World Bank country income classification mapped to vulnerability weights,Natural Earth country boundaries via datasets/geo-countries,not used for RQ2 exposure rerun
48.75,-54.75,11936.622356896456,0.25,CAN,Canada,HIC,High income,True,WorldPop Total Population 1km ArcGIS ImageServer,World Bank country income classification mapped to vulnerability weights,Natural Earth country boundaries via datasets/geo-countries,not used for RQ2 exposure rerun
48.75,-54.0,12599.508262674839,0.25,CAN,Canada,HIC,High income,True,WorldPop Total Population 1km ArcGIS ImageServer,World Bank country income classification mapped to vulnerability weights,Natural Earth country boundaries via datasets/geo-countries,not used for RQ2 exposure rerun
48.75,-53.25,8867.598660975667,0.25,CAN,Canada,HIC,High income,True,WorldPop Total Population 1km ArcGIS ImageServer,World Bank country income classification mapped to vulnerability weights,Natural Earth country boundaries via datasets/geo-countries,not used for RQ2 exposure rerun
48.75,-52.5,0.0,0.5,UNASSIGNED,Unassigned/ocean,NA,Not classified,True,WorldPop Total Population 1km ArcGIS ImageServer,World Bank country income classification mapped to vulnerability weights,Natural Earth country boundaries via datasets/geo-countries,not used for RQ2 exposure rerun
48.75,-51.75,0.0,0.5,UNASSIGNED,Unassigned/ocean,NA,Not classified,True,WorldPop Total Population 1km ArcGIS ImageServer,World Bank country income classification mapped to vulnerability weights,Natural Earth country boundaries via datasets/geo-countries,not used for RQ2 exposure rerun
48.75,-50.25,0.0,0.5,UNASSIGNED,Unassigned/ocean,NA,Not classified,True,WorldPop Total Population 1km ArcGIS ImageServer,World Bank country income classification mapped to vulnerability weights,Natural Earth country boundaries via datasets/geo-countries,not used for RQ2 exposure rerun
48.75,-49.5,0.0,0.5,UNASSIGNED,Unassigned/ocean,NA,Not classified,False,WorldPop Total Population 1km ArcGIS ImageServer,World Bank country income classification mapped to vulnerability weights,Natural Earth country boundaries via datasets/geo-countries,not used for RQ2 exposure rerun
48.75,-48.75,0.0,0.5,UNASSIGNED,Unassigned/ocean,NA,Not classified,False,WorldPop Total Population 1km ArcGIS ImageServer,World Bank country income classification mapped to vulnerability weights,Natural Earth country boundaries via datasets/geo-countries,not used for RQ2 exposure rerun
48.75,-48.0,0.0,0.5,UNASSIGNED,Unassigned/ocean,NA,Not classified,False,WorldPop Total Population 1km ArcGIS ImageServer,World Bank country income classification mapped to vulnerability weights,Natural Earth country boundaries via datasets/geo-countries,not used for RQ2 exposure rerun
48.75,-47.25,0.0,0.5,UNASSIGNED,Unassigned/ocean,NA,Not classified,False,WorldPop Total Population 1km ArcGIS ImageServer,World Bank country income classification mapped to vulnerability weights,Natural Earth country boundaries via datasets/geo-countries,not used for RQ2 exposure rerun
48.75,-46.5,0.0,0.5,UNASSIGNED,Unassigned/ocean,NA,Not classified,False,WorldPop Total Population 1km ArcGIS ImageServer,World Bank country income classification mapped to vulnerability weights,Natural Earth country boundaries via datasets/geo-countries,not used for RQ2 exposure rerun
48.75,-45.0,0.0,0.5,UNASSIGNED,Unassigned/ocean,NA,Not classified,False,WorldPop Total Population 1km ArcGIS ImageServer,World Bank country income classification mapped to vulnerability weights,Natural Earth country boundaries via datasets/geo-countries,not used for RQ2 exposure rerun
48.75,-43.5,0.0,0.5,UNASSIGNED,Unassigned/ocean,NA,Not classified,False,WorldPop Total Population 1km ArcGIS ImageServer,World Bank country income classification mapped to vulnerability weights,Natural Earth country boundaries via datasets/geo-countries,not used for RQ2 exposure rerun
48.75,-39.75,0.0,0.5,UNASSIGNED,Unassigned/ocean,NA,Not classified,False,WorldPop Total Population 1km ArcGIS ImageServer,World Bank country income classification mapped to vulnerability weights,Natural Earth country boundaries via datasets/geo-countries,not used for RQ2 exposure rerun
48.75,-39.0,0.0,0.5,UNASSIGNED,Unassigned/ocean,NA,Not classified,False,WorldPop Total Population 1km ArcGIS ImageServer,World Bank country income classification mapped to vulnerability weights,Natural Earth country boundaries via datasets/geo-countries,not used for RQ2 exposure rerun
49.5,-59.25,0.0,0.5,UNASSIGNED,Unassigned/ocean,NA,Not classified,False,WorldPop Total Population 1km ArcGIS ImageServer,World Bank country income classification mapped to vulnerability weights,Natural Earth country boundaries via datasets/geo-countries,not used for RQ2 exposure rerun
49.5,-56.25,0.0,0.25,CAN,Canada,HIC,High income,False,WorldPop Total Population 1km ArcGIS ImageServer,World Bank country income classification mapped to vulnerability weights,Natural Earth country boundaries via datasets/geo-countries,not used for RQ2 exposure rerun
49.5,-54.75,17176.354156256664,0.25,CAN,Canada,HIC,High income,True,WorldPop Total Population 1km ArcGIS ImageServer,World Bank country income classification mapped to vulnerability weights,Natural Earth country boundaries via datasets/geo-countries,not used for RQ2 exposure rerun
49.5,-51.0,0.0,0.5,UNASSIGNED,Unassigned/ocean,NA,Not classified,False,WorldPop Total Population 1km ArcGIS ImageServer,World Bank country income classification mapped to vulnerability weights,Natural Earth country boundaries via datasets/geo-countries,not used for RQ2 exposure rerun
49.5,-49.5,0.0,0.5,UNASSIGNED,Unassigned/ocean,NA,Not classified,False,WorldPop Total Population 1km ArcGIS ImageServer,World Bank country income classification mapped to vulnerability weights,Natural Earth country boundaries via datasets/geo-countries,not used for RQ2 exposure rerun
49.5,-48.75,0.0,0.5,UNASSIGNED,Unassigned/ocean,NA,Not classified,False,WorldPop Total Population 1km ArcGIS ImageServer,World Bank country income classification mapped to vulnerability weights,Natural Earth country boundaries via datasets/geo-countries,not used for RQ2 exposure rerun
49.5,-48.0,0.0,0.5,UNASSIGNED,Unassigned/ocean,NA,Not classified,False,WorldPop Total Population 1km ArcGIS ImageServer,World Bank country income classification mapped to vulnerability weights,Natural Earth country boundaries via datasets/geo-countries,not used for RQ2 exposure rerun
49.5,-47.25,0.0,0.5,UNASSIGNED,Unassigned/ocean,NA,Not classified,False,WorldPop Total Population 1km ArcGIS ImageServer,World Bank country income classification mapped to vulnerability weights,Natural Earth country boundaries via datasets/geo-countries,not used for RQ2 exposure rerun
49.5,-46.5,0.0,0.5,UNASSIGNED,Unassigned/ocean,NA,Not classified,False,WorldPop Total Population 1km ArcGIS ImageServer,World Bank country income classification mapped to vulnerability weights,Natural Earth country boundaries via datasets/geo-countries,not used for RQ2 exposure rerun
49.5,-45.75,0.0,0.5,UNASSIGNED,Unassigned/ocean,NA,Not classified,False,WorldPop Total Population 1km ArcGIS ImageServer,World Bank country income classification mapped to vulnerability weights,Natural Earth country boundaries via datasets/geo-countries,not used for RQ2 exposure rerun
49.5,-45.0,0.0,0.5,UNASSIGNED,Unassigned/ocean,NA,Not classified,False,WorldPop Total Population 1km ArcGIS ImageServer,World Bank country income classification mapped to vulnerability weights,Natural Earth country boundaries via datasets/geo-countries,not used for RQ2 exposure rerun
49.5,-43.5,0.0,0.5,UNASSIGNED,Unassigned/ocean,NA,Not classified,False,WorldPop Total Population 1km ArcGIS ImageServer,World Bank country income classification mapped to vulnerability weights,Natural Earth country boundaries via datasets/geo-countries,not used for RQ2 exposure rerun
49.5,-42.0,0.0,0.5,UNASSIGNED,Unassigned/ocean,NA,Not classified,False,WorldPop Total Population 1km ArcGIS ImageServer,World Bank country income classification mapped to vulnerability weights,Natural Earth country boundaries via datasets/geo-countries,not used for RQ2 exposure rerun
49.5,-41.25,0.0,0.5,UNASSIGNED,Unassigned/ocean,NA,Not classified,False,WorldPop Total Population 1km ArcGIS ImageServer,World Bank country income classification mapped to vulnerability weights,Natural Earth country boundaries via datasets/geo-countries,not used for RQ2 exposure rerun
49.5,-40.5,0.0,0.5,UNASSIGNED,Unassigned/ocean,NA,Not classified,False,WorldPop Total Population 1km ArcGIS ImageServer,World Bank country income classification mapped to vulnerability weights,Natural Earth country boundaries via datasets/geo-countries,not used for RQ2 exposure rerun
50.25,-57.75,0.0,0.25,CAN,Canada,HIC,High income,False,WorldPop Total Population 1km ArcGIS ImageServer,World Bank country income classification mapped to vulnerability weights,Natural Earth country boundaries via datasets/geo-countries,not used for RQ2 exposure rerun
50.25,-56.25,0.0,0.25,CAN,Canada,HIC,High income,False,WorldPop Total Population 1km ArcGIS ImageServer,World Bank country income classification mapped to vulnerability weights,Natural Earth country boundaries via datasets/geo-countries,not used for RQ2 exposure rerun
50.25,-54.75,0.0,0.5,UNASSIGNED,Unassigned/ocean,NA,Not classified,False,WorldPop Total Population 1km ArcGIS ImageServer,World Bank country income classification mapped to vulnerability weights,Natural Earth country boundaries via datasets/geo-countries,not used for RQ2 exposure rerun
50.25,-54.0,0.0,0.5,UNASSIGNED,Unassigned/ocean,NA,Not classified,False,WorldPop Total Population 1km ArcGIS ImageServer,World Bank country income classification mapped to vulnerability weights,Natural Earth country boundaries via datasets/geo-countries,not used for RQ2 exposure rerun
50.25,-53.25,0.0,0.5,UNASSIGNED,Unassigned/ocean,NA,Not classified,False,WorldPop Total Population 1km ArcGIS ImageServer,World Bank country income classification mapped to vulnerability weights,Natural Earth country boundaries via datasets/geo-countries,not used for RQ2 exposure rerun
50.25,-52.5,0.0,0.5,UNASSIGNED,Unassigned/ocean,NA,Not classified,False,WorldPop Total Population 1km ArcGIS ImageServer,World Bank country income classification mapped to vulnerability weights,Natural Earth country boundaries via datasets/geo-countries,not used for RQ2 exposure rerun
50.25,-51.75,0.0,0.5,UNASSIGNED,Unassigned/ocean,NA,Not classified,False,WorldPop Total Population 1km ArcGIS ImageServer,World Bank country income classification mapped to vulnerability weights,Natural Earth country boundaries via datasets/geo-countries,not used for RQ2 exposure rerun
50.25,-50.25,0.0,0.5,UNASSIGNED,Unassigned/ocean,NA,Not classified,False,WorldPop Total Population 1km ArcGIS ImageServer,World Bank country income classification mapped to vulnerability weights,Natural Earth country boundaries via datasets/geo-countries,not used for RQ2 exposure rerun
50.25,-49.5,0.0,0.5,UNASSIGNED,Unassigned/ocean,NA,Not classified,False,WorldPop Total Population 1km ArcGIS ImageServer,World Bank country income classification mapped to vulnerability weights,Natural Earth country boundaries via datasets/geo-countries,not used for RQ2 exposure rerun
50.25,-48.75,0.0,0.5,UNASSIGNED,Unassigned/ocean,NA,Not classified,False,WorldPop Total Population 1km ArcGIS ImageServer,World Bank country income classification mapped to vulnerability weights,Natural Earth country boundaries via datasets/geo-countries,not used for RQ2 exposure rerun
50.25,-48.0,0.0,0.5,UNASSIGNED,Unassigned/ocean,NA,Not classified,False,WorldPop Total Population 1km ArcGIS ImageServer,World Bank country income classification mapped to vulnerability weights,Natural Earth country boundaries via datasets/geo-countries,not used for RQ2 exposure rerun
50.25,-47.25,0.0,0.5,UNASSIGNED,Unassigned/ocean,NA,Not classified,False,WorldPop Total Population 1km ArcGIS ImageServer,World Bank country income classification mapped to vulnerability weights,Natural Earth country boundaries via datasets/geo-countries,not used for RQ2 exposure rerun
50.25,-46.5,0.0,0.5,UNASSIGNED,Unassigned/ocean,NA,Not classified,False,WorldPop Total Population 1km ArcGIS ImageServer,World Bank country income classification mapped to vulnerability weights,Natural Earth country boundaries via datasets/geo-countries,not used for RQ2 exposure rerun
50.25,-44.25,0.0,0.5,UNASSIGNED,Unassigned/ocean,NA,Not classified,False,WorldPop Total Population 1km ArcGIS ImageServer,World Bank country income classification mapped to vulnerability weights,Natural Earth country boundaries via datasets/geo-countries,not used for RQ2 exposure rerun
50.25,-43.5,0.0,0.5,UNASSIGNED,Unassigned/ocean,NA,Not classified,False,WorldPop Total Population 1km ArcGIS ImageServer,World Bank country income classification mapped to vulnerability weights,Natural Earth country boundaries via datasets/geo-countries,not used for RQ2 exposure rerun
50.25,-42.75,0.0,0.5,UNASSIGNED,Unassigned/ocean,NA,Not classified,False,WorldPop Total Population 1km ArcGIS ImageServer,World Bank country income classification mapped to vulnerability weights,Natural Earth country boundaries via datasets/geo-countries,not used for RQ2 exposure rerun
50.25,-42.0,0.0,0.5,UNASSIGNED,Unassigned/ocean,NA,Not classified,False,WorldPop Total Population 1km ArcGIS ImageServer,World Bank country income classification mapped to vulnerability weights,Natural Earth country boundaries via datasets/geo-countries,not used for RQ2 exposure rerun
50.25,-41.25,0.0,0.5,UNASSIGNED,Unassigned/ocean,NA,Not classified,False,WorldPop Total Population 1km ArcGIS ImageServer,World Bank country income classification mapped to vulnerability weights,Natural Earth country boundaries via datasets/geo-countries,not used for RQ2 exposure rerun
50.25,-40.5,0.0,0.5,UNASSIGNED,Unassigned/ocean,NA,Not classified,False,WorldPop Total Population 1km ArcGIS ImageServer,World Bank country income classification mapped to vulnerability weights,Natural Earth country boundaries via datasets/geo-countries,not used for RQ2 exposure rerun
50.25,-39.75,0.0,0.5,UNASSIGNED,Unassigned/ocean,NA,Not classified,False,WorldPop Total Population 1km ArcGIS ImageServer,World Bank country income classification mapped to vulnerability weights,Natural Earth country boundaries via datasets/geo-countries,not used for RQ2 exposure rerun
51.0,-57.0,0.0,0.25,CAN,Canada,HIC,High income,False,WorldPop Total Population 1km ArcGIS ImageServer,World Bank country income classification mapped to vulnerability weights,Natural Earth country boundaries via datasets/geo-countries,not used for RQ2 exposure rerun
51.0,-56.25,0.0,0.25,CAN,Canada,HIC,High income,False,WorldPop Total Population 1km ArcGIS ImageServer,World Bank country income classification mapped to vulnerability weights,Natural Earth country boundaries via datasets/geo-countries,not used for RQ2 exposure rerun
51.0,-55.5,0.0,0.25,CAN,Canada,HIC,High income,False,WorldPop Total Population 1km ArcGIS ImageServer,World Bank country income classification mapped to vulnerability weights,Natural Earth country boundaries via datasets/geo-countries,not used for RQ2 exposure rerun
51.0,-54.75,0.0,0.5,UNASSIGNED,Unassigned/ocean,NA,Not classified,False,WorldPop Total Population 1km ArcGIS ImageServer,World Bank country income classification mapped to vulnerability weights,Natural Earth country boundaries via datasets/geo-countries,not used for RQ2 exposure rerun
51.0,-54.0,0.0,0.5,UNASSIGNED,Unassigned/ocean,NA,Not classified,False,WorldPop Total Population 1km ArcGIS ImageServer,World Bank country income classification mapped to vulnerability weights,Natural Earth country boundaries via datasets/geo-countries,not used for RQ2 exposure rerun
51.0,-53.25,0.0,0.5,UNASSIGNED,Unassigned/ocean,NA,Not classified,False,WorldPop Total Population 1km ArcGIS ImageServer,World Bank country income classification mapped to vulnerability weights,Natural Earth country boundaries via datasets/geo-countries,not used for RQ2 exposure rerun
51.0,-51.75,0.0,0.5,UNASSIGNED,Unassigned/ocean,NA,Not classified,False,WorldPop Total Population 1km ArcGIS ImageServer,World Bank country income classification mapped to vulnerability weights,Natural Earth country boundaries via datasets/geo-countries,not used for RQ2 exposure rerun
51.0,-51.0,0.0,0.5,UNASSIGNED,Unassigned/ocean,NA,Not classified,False,WorldPop Total Population 1km ArcGIS ImageServer,World Bank country income classification mapped to vulnerability weights,Natural Earth country boundaries via datasets/geo-countries,not used for RQ2 exposure rerun
51.0,-50.25,0.0,0.5,UNASSIGNED,Unassigned/ocean,NA,Not classified,False,WorldPop Total Population 1km ArcGIS ImageServer,World Bank country income classification mapped to vulnerability weights,Natural Earth country boundaries via datasets/geo-countries,not used for RQ2 exposure rerun
51.0,-49.5,0.0,0.5,UNASSIGNED,Unassigned/ocean,NA,Not classified,False,WorldPop Total Population 1km ArcGIS ImageServer,World Bank country income classification mapped to vulnerability weights,Natural Earth country boundaries via datasets/geo-countries,not used for RQ2 exposure rerun
51.0,-48.75,0.0,0.5,UNASSIGNED,Unassigned/ocean,NA,Not classified,False,WorldPop Total Population 1km ArcGIS ImageServer,World Bank country income classification mapped to vulnerability weights,Natural Earth country boundaries via datasets/geo-countries,not used for RQ2 exposure rerun
51.0,-46.5,0.0,0.5,UNASSIGNED,Unassigned/ocean,NA,Not classified,False,WorldPop Total Population 1km ArcGIS ImageServer,World Bank country income classification mapped to vulnerability weights,Natural Earth country boundaries via datasets/geo-countries,not used for RQ2 exposure rerun
51.0,-45.0,0.0,0.5,UNASSIGNED,Unassigned/ocean,NA,Not classified,False,WorldPop Total Population 1km ArcGIS ImageServer,World Bank country income classification mapped to vulnerability weights,Natural Earth country boundaries via datasets/geo-countries,not used for RQ2 exposure rerun
51.0,-44.25,0.0,0.5,UNASSIGNED,Unassigned/ocean,NA,Not classified,False,WorldPop Total Population 1km ArcGIS ImageServer,World Bank country income classification mapped to vulnerability weights,Natural Earth country boundaries via datasets/geo-countries,not used for RQ2 exposure rerun
51.0,-43.5,0.0,0.5,UNASSIGNED,Unassigned/ocean,NA,Not classified,False,WorldPop Total Population 1km ArcGIS ImageServer,World Bank country income classification mapped to vulnerability weights,Natural Earth country boundaries via datasets/geo-countries,not used for RQ2 exposure rerun
51.0,-42.75,0.0,0.5,UNASSIGNED,Unassigned/ocean,NA,Not classified,False,WorldPop Total Population 1km ArcGIS ImageServer,World Bank country income classification mapped to vulnerability weights,Natural Earth country boundaries via datasets/geo-countries,not used for RQ2 exposure rerun
51.0,-42.0,0.0,0.5,UNASSIGNED,Unassigned/ocean,NA,Not classified,False,WorldPop Total Population 1km ArcGIS ImageServer,World Bank country income classification mapped to vulnerability weights,Natural Earth country boundaries via datasets/geo-countries,not used for RQ2 exposure rerun
51.0,-41.25,0.0,0.5,UNASSIGNED,Unassigned/ocean,NA,Not classified,False,WorldPop Total Population 1km ArcGIS ImageServer,World Bank country income classification mapped to vulnerability weights,Natural Earth country boundaries via datasets/geo-countries,not used for RQ2 exposure rerun
51.0,-39.75,0.0,0.5,UNASSIGNED,Unassigned/ocean,NA,Not classified,False,WorldPop Total Population 1km ArcGIS ImageServer,World Bank country income classification mapped to vulnerability weights,Natural Earth country boundaries via datasets/geo-countries,not used for RQ2 exposure rerun
51.75,-55.5,0.0,0.25,CAN,Canada,HIC,High income,False,WorldPop Total Population 1km ArcGIS ImageServer,World Bank country income classification mapped to vulnerability weights,Natural Earth country boundaries via datasets/geo-countries,not used for RQ2 exposure rerun
51.75,-54.75,0.0,0.5,UNASSIGNED,Unassigned/ocean,NA,Not classified,False,WorldPop Total Population 1km ArcGIS ImageServer,World Bank country income classification mapped to vulnerability weights,Natural Earth country boundaries via datasets/geo-countries,not used for RQ2 exposure rerun
51.75,-53.25,0.0,0.5,UNASSIGNED,Unassigned/ocean,NA,Not classified,False,WorldPop Total Population 1km ArcGIS ImageServer,World Bank country income classification mapped to vulnerability weights,Natural Earth country boundaries via datasets/geo-countries,not used for RQ2 exposure rerun
51.75,-52.5,0.0,0.5,UNASSIGNED,Unassigned/ocean,NA,Not classified,False,WorldPop Total Population 1km ArcGIS ImageServer,World Bank country income classification mapped to vulnerability weights,Natural Earth country boundaries via datasets/geo-countries,not used for RQ2 exposure rerun
51.75,-51.75,0.0,0.5,UNASSIGNED,Unassigned/ocean,NA,Not classified,False,WorldPop Total Population 1km ArcGIS ImageServer,World Bank country income classification mapped to vulnerability weights,Natural Earth country boundaries via datasets/geo-countries,not used for RQ2 exposure rerun
51.75,-50.25,0.0,0.5,UNASSIGNED,Unassigned/ocean,NA,Not classified,False,WorldPop Total Population 1km ArcGIS ImageServer,World Bank country income classification mapped to vulnerability weights,Natural Earth country boundaries via datasets/geo-countries,not used for RQ2 exposure rerun
51.75,-49.5,0.0,0.5,UNASSIGNED,Unassigned/ocean,NA,Not classified,False,WorldPop Total Population 1km ArcGIS ImageServer,World Bank country income classification mapped to vulnerability weights,Natural Earth country boundaries via datasets/geo-countries,not used for RQ2 exposure rerun
51.75,-48.75,0.0,0.5,UNASSIGNED,Unassigned/ocean,NA,Not classified,False,WorldPop Total Population 1km ArcGIS ImageServer,World Bank country income classification mapped to vulnerability weights,Natural Earth country boundaries via datasets/geo-countries,not used for RQ2 exposure rerun
51.75,-48.0,0.0,0.5,UNASSIGNED,Unassigned/ocean,NA,Not classified,False,WorldPop Total Population 1km ArcGIS ImageServer,World Bank country income classification mapped to vulnerability weights,Natural Earth country boundaries via datasets/geo-countries,not used for RQ2 exposure rerun
51.75,-47.25,0.0,0.5,UNASSIGNED,Unassigned/ocean,NA,Not classified,False,WorldPop Total Population 1km ArcGIS ImageServer,World Bank country income classification mapped to vulnerability weights,Natural Earth country boundaries via datasets/geo-countries,not used for RQ2 exposure rerun
51.75,-46.5,0.0,0.5,UNASSIGNED,Unassigned/ocean,NA,Not classified,False,WorldPop Total Population 1km ArcGIS ImageServer,World Bank country income classification mapped to vulnerability weights,Natural Earth country boundaries via datasets/geo-countries,not used for RQ2 exposure rerun
51.75,-45.75,0.0,0.5,UNASSIGNED,Unassigned/ocean,NA,Not classified,False,WorldPop Total Population 1km ArcGIS ImageServer,World Bank country income classification mapped to vulnerability weights,Natural Earth country boundaries via datasets/geo-countries,not used for RQ2 exposure rerun
51.75,-45.0,0.0,0.5,UNASSIGNED,Unassigned/ocean,NA,Not classified,False,WorldPop Total Population 1km ArcGIS ImageServer,World Bank country income classification mapped to vulnerability weights,Natural Earth country boundaries via datasets/geo-countries,not used for RQ2 exposure rerun
51.75,-44.25,0.0,0.5,UNASSIGNED,Unassigned/ocean,NA,Not classified,False,WorldPop Total Population 1km ArcGIS ImageServer,World Bank country income classification mapped to vulnerability weights,Natural Earth country boundaries via datasets/geo-countries,not used for RQ2 exposure rerun
51.75,-43.5,0.0,0.5,UNASSIGNED,Unassigned/ocean,NA,Not classified,False,WorldPop Total Population 1km ArcGIS ImageServer,World Bank country income classification mapped to vulnerability weights,Natural Earth country boundaries via datasets/geo-countries,not used for RQ2 exposure rerun
51.75,-42.75,0.0,0.5,UNASSIGNED,Unassigned/ocean,NA,Not classified,False,WorldPop Total Population 1km ArcGIS ImageServer,World Bank country income classification mapped to vulnerability weights,Natural Earth country boundaries via datasets/geo-countries,not used for RQ2 exposure rerun
51.75,-42.0,0.0,0.5,UNASSIGNED,Unassigned/ocean,NA,Not classified,False,WorldPop Total Population 1km ArcGIS ImageServer,World Bank country income classification mapped to vulnerability weights,Natural Earth country boundaries via datasets/geo-countries,not used for RQ2 exposure rerun
51.75,-41.25,0.0,0.5,UNASSIGNED,Unassigned/ocean,NA,Not classified,False,WorldPop Total Population 1km ArcGIS ImageServer,World Bank country income classification mapped to vulnerability weights,Natural Earth country boundaries via datasets/geo-countries,not used for RQ2 exposure rerun
51.75,-40.5,0.0,0.5,UNASSIGNED,Unassigned/ocean,NA,Not classified,False,WorldPop Total Population 1km ArcGIS ImageServer,World Bank country income classification mapped to vulnerability weights,Natural Earth country boundaries via datasets/geo-countries,not used for RQ2 exposure rerun
51.75,-39.75,0.0,0.5,UNASSIGNED,Unassigned/ocean,NA,Not classified,False,WorldPop Total Population 1km ArcGIS ImageServer,World Bank country income classification mapped to vulnerability weights,Natural Earth country boundaries via datasets/geo-countries,not used for RQ2 exposure rerun
51.75,-39.0,0.0,0.5,UNASSIGNED,Unassigned/ocean,NA,Not classified,False,WorldPop Total Population 1km ArcGIS ImageServer,World Bank country income classification mapped to vulnerability weights,Natural Earth country boundaries via datasets/geo-countries,not used for RQ2 exposure rerun
51.75,-30.0,0.0,0.5,UNASSIGNED,Unassigned/ocean,NA,Not classified,False,WorldPop Total Population 1km ArcGIS ImageServer,World Bank country income classification mapped to vulnerability weights,Natural Earth country boundaries via datasets/geo-countries,not used for RQ2 exposure rerun
52.5,-54.0,0.0,0.5,UNASSIGNED,Unassigned/ocean,NA,Not classified,False,WorldPop Total Population 1km ArcGIS ImageServer,World Bank country income classification mapped to vulnerability weights,Natural Earth country boundaries via datasets/geo-countries,not used for RQ2 exposure rerun
52.5,-50.25,0.0,0.5,UNASSIGNED,Unassigned/ocean,NA,Not classified,False,WorldPop Total Population 1km ArcGIS ImageServer,World Bank country income classification mapped to vulnerability weights,Natural Earth country boundaries via datasets/geo-countries,not used for RQ2 exposure rerun
52.5,-49.5,0.0,0.5,UNASSIGNED,Unassigned/ocean,NA,Not classified,False,WorldPop Total Population 1km ArcGIS ImageServer,World Bank country income classification mapped to vulnerability weights,Natural Earth country boundaries via datasets/geo-countries,not used for RQ2 exposure rerun
52.5,-48.75,0.0,0.5,UNASSIGNED,Unassigned/ocean,NA,Not classified,False,WorldPop Total Population 1km ArcGIS ImageServer,World Bank country income classification mapped to vulnerability weights,Natural Earth country boundaries via datasets/geo-countries,not used for RQ2 exposure rerun
52.5,-48.0,0.0,0.5,UNASSIGNED,Unassigned/ocean,NA,Not classified,False,WorldPop Total Population 1km ArcGIS ImageServer,World Bank country income classification mapped to vulnerability weights,Natural Earth country boundaries via datasets/geo-countries,not used for RQ2 exposure rerun
52.5,-47.25,0.0,0.5,UNASSIGNED,Unassigned/ocean,NA,Not classified,False,WorldPop Total Population 1km ArcGIS ImageServer,World Bank country income classification mapped to vulnerability weights,Natural Earth country boundaries via datasets/geo-countries,not used for RQ2 exposure rerun
52.5,-46.5,0.0,0.5,UNASSIGNED,Unassigned/ocean,NA,Not classified,False,WorldPop Total Population 1km ArcGIS ImageServer,World Bank country income classification mapped to vulnerability weights,Natural Earth country boundaries via datasets/geo-countries,not used for RQ2 exposure rerun
52.5,-45.75,0.0,0.5,UNASSIGNED,Unassigned/ocean,NA,Not classified,False,WorldPop Total Population 1km ArcGIS ImageServer,World Bank country income classification mapped to vulnerability weights,Natural Earth country boundaries via datasets/geo-countries,not used for RQ2 exposure rerun
52.5,-45.0,0.0,0.5,UNASSIGNED,Unassigned/ocean,NA,Not classified,False,WorldPop Total Population 1km ArcGIS ImageServer,World Bank country income classification mapped to vulnerability weights,Natural Earth country boundaries via datasets/geo-countries,not used for RQ2 exposure rerun
52.5,-44.25,0.0,0.5,UNASSIGNED,Unassigned/ocean,NA,Not classified,False,WorldPop Total Population 1km ArcGIS ImageServer,World Bank country income classification mapped to vulnerability weights,Natural Earth country boundaries via datasets/geo-countries,not used for RQ2 exposure rerun
52.5,-43.5,0.0,0.5,UNASSIGNED,Unassigned/ocean,NA,Not classified,False,WorldPop Total Population 1km ArcGIS ImageServer,World Bank country income classification mapped to vulnerability weights,Natural Earth country boundaries via datasets/geo-countries,not used for RQ2 exposure rerun
52.5,-42.75,0.0,0.5,UNASSIGNED,Unassigned/ocean,NA,Not classified,False,WorldPop Total Population 1km ArcGIS ImageServer,World Bank country income classification mapped to vulnerability weights,Natural Earth country boundaries via datasets/geo-countries,not used for RQ2 exposure rerun
52.5,-42.0,0.0,0.5,UNASSIGNED,Unassigned/ocean,NA,Not classified,False,WorldPop Total Population 1km ArcGIS ImageServer,World Bank country income classification mapped to vulnerability weights,Natural Earth country boundaries via datasets/geo-countries,not used for RQ2 exposure rerun
52.5,-41.25,0.0,0.5,UNASSIGNED,Unassigned/ocean,NA,Not classified,False,WorldPop Total Population 1km ArcGIS ImageServer,World Bank country income classification mapped to vulnerability weights,Natural Earth country boundaries via datasets/geo-countries,not used for RQ2 exposure rerun
52.5,-40.5,0.0,0.5,UNASSIGNED,Unassigned/ocean,NA,Not classified,False,WorldPop Total Population 1km ArcGIS ImageServer,World Bank country income classification mapped to vulnerability weights,Natural Earth country boundaries via datasets/geo-countries,not used for RQ2 exposure rerun
52.5,-39.75,0.0,0.5,UNASSIGNED,Unassigned/ocean,NA,Not classified,False,WorldPop Total Population 1km ArcGIS ImageServer,World Bank country income classification mapped to vulnerability weights,Natural Earth country boundaries via datasets/geo-countries,not used for RQ2 exposure rerun
52.5,-39.0,0.0,0.5,UNASSIGNED,Unassigned/ocean,NA,Not classified,False,WorldPop Total Population 1km ArcGIS ImageServer,World Bank country income classification mapped to vulnerability weights,Natural Earth country boundaries via datasets/geo-countries,not used for RQ2 exposure rerun
52.5,-38.25,0.0,0.5,UNASSIGNED,Unassigned/ocean,NA,Not classified,False,WorldPop Total Population 1km ArcGIS ImageServer,World Bank country income classification mapped to vulnerability weights,Natural Earth country boundaries via datasets/geo-countries,not used for RQ2 exposure rerun
52.5,-37.5,0.0,0.5,UNASSIGNED,Unassigned/ocean,NA,Not classified,False,WorldPop Total Population 1km ArcGIS ImageServer,World Bank country income classification mapped to vulnerability weights,Natural Earth country boundaries via datasets/geo-countries,not used for RQ2 exposure rerun
52.5,-36.75,0.0,0.5,UNASSIGNED,Unassigned/ocean,NA,Not classified,False,WorldPop Total Population 1km ArcGIS ImageServer,World Bank country income classification mapped to vulnerability weights,Natural Earth country boundaries via datasets/geo-countries,not used for RQ2 exposure rerun
52.5,-34.5,0.0,0.5,UNASSIGNED,Unassigned/ocean,NA,Not classified,False,WorldPop Total Population 1km ArcGIS ImageServer,World Bank country income classification mapped to vulnerability weights,Natural Earth country boundaries via datasets/geo-countries,not used for RQ2 exposure rerun
52.5,-30.75,0.0,0.5,UNASSIGNED,Unassigned/ocean,NA,Not classified,False,WorldPop Total Population 1km ArcGIS ImageServer,World Bank country income classification mapped to vulnerability weights,Natural Earth country boundaries via datasets/geo-countries,not used for RQ2 exposure rerun
53.25,-53.25,0.0,0.5,UNASSIGNED,Unassigned/ocean,NA,Not classified,False,WorldPop Total Population 1km ArcGIS ImageServer,World Bank country income classification mapped to vulnerability weights,Natural Earth country boundaries via datasets/geo-countries,not used for RQ2 exposure rerun
53.25,-49.5,0.0,0.5,UNASSIGNED,Unassigned/ocean,NA,Not classified,False,WorldPop Total Population 1km ArcGIS ImageServer,World Bank country income classification mapped to vulnerability weights,Natural Earth country boundaries via datasets/geo-countries,not used for RQ2 exposure rerun
53.25,-48.75,0.0,0.5,UNASSIGNED,Unassigned/ocean,NA,Not classified,False,WorldPop Total Population 1km ArcGIS ImageServer,World Bank country income classification mapped to vulnerability weights,Natural Earth country boundaries via datasets/geo-countries,not used for RQ2 exposure rerun
53.25,-48.0,0.0,0.5,UNASSIGNED,Unassigned/ocean,NA,Not classified,False,WorldPop Total Population 1km ArcGIS ImageServer,World Bank country income classification mapped to vulnerability weights,Natural Earth country boundaries via datasets/geo-countries,not used for RQ2 exposure rerun
53.25,-47.25,0.0,0.5,UNASSIGNED,Unassigned/ocean,NA,Not classified,False,WorldPop Total Population 1km ArcGIS ImageServer,World Bank country income classification mapped to vulnerability weights,Natural Earth country boundaries via datasets/geo-countries,not used for RQ2 exposure rerun
53.25,-46.5,0.0,0.5,UNASSIGNED,Unassigned/ocean,NA,Not classified,False,WorldPop Total Population 1km ArcGIS ImageServer,World Bank country income classification mapped to vulnerability weights,Natural Earth country boundaries via datasets/geo-countries,not used for RQ2 exposure rerun
53.25,-45.75,0.0,0.5,UNASSIGNED,Unassigned/ocean,NA,Not classified,False,WorldPop Total Population 1km ArcGIS ImageServer,World Bank country income classification mapped to vulnerability weights,Natural Earth country boundaries via datasets/geo-countries,not used for RQ2 exposure rerun
53.25,-45.0,0.0,0.5,UNASSIGNED,Unassigned/ocean,NA,Not classified,False,WorldPop Total Population 1km ArcGIS ImageServer,World Bank country income classification mapped to vulnerability weights,Natural Earth country boundaries via datasets/geo-countries,not used for RQ2 exposure rerun
53.25,-44.25,0.0,0.5,UNASSIGNED,Unassigned/ocean,NA,Not classified,False,WorldPop Total Population 1km ArcGIS ImageServer,World Bank country income classification mapped to vulnerability weights,Natural Earth country boundaries via datasets/geo-countries,not used for RQ2 exposure rerun
53.25,-43.5,0.0,0.5,UNASSIGNED,Unassigned/ocean,NA,Not classified,False,WorldPop Total Population 1km ArcGIS ImageServer,World Bank country income classification mapped to vulnerability weights,Natural Earth country boundaries via datasets/geo-countries,not used for RQ2 exposure rerun
53.25,-42.75,0.0,0.5,UNASSIGNED,Unassigned/ocean,NA,Not classified,False,WorldPop Total Population 1km ArcGIS ImageServer,World Bank country income classification mapped to vulnerability weights,Natural Earth country boundaries via datasets/geo-countries,not used for RQ2 exposure rerun
53.25,-42.0,0.0,0.5,UNASSIGNED,Unassigned/ocean,NA,Not classified,False,WorldPop Total Population 1km ArcGIS ImageServer,World Bank country income classification mapped to vulnerability weights,Natural Earth country boundaries via datasets/geo-countries,not used for RQ2 exposure rerun
53.25,-41.25,0.0,0.5,UNASSIGNED,Unassigned/ocean,NA,Not classified,False,WorldPop Total Population 1km ArcGIS ImageServer,World Bank country income classification mapped to vulnerability weights,Natural Earth country boundaries via datasets/geo-countries,not used for RQ2 exposure rerun
53.25,-40.5,0.0,0.5,UNASSIGNED,Unassigned/ocean,NA,Not classified,False,WorldPop Total Population 1km ArcGIS ImageServer,World Bank country income classification mapped to vulnerability weights,Natural Earth country boundaries via datasets/geo-countries,not used for RQ2 exposure rerun
53.25,-39.75,0.0,0.5,UNASSIGNED,Unassigned/ocean,NA,Not classified,False,WorldPop Total Population 1km ArcGIS ImageServer,World Bank country income classification mapped to vulnerability weights,Natural Earth country boundaries via datasets/geo-countries,not used for RQ2 exposure rerun
53.25,-39.0,0.0,0.5,UNASSIGNED,Unassigned/ocean,NA,Not classified,False,WorldPop Total Population 1km ArcGIS ImageServer,World Bank country income classification mapped to vulnerability weights,Natural Earth country boundaries via datasets/geo-countries,not used for RQ2 exposure rerun
53.25,-37.5,0.0,0.5,UNASSIGNED,Unassigned/ocean,NA,Not classified,False,WorldPop Total Population 1km ArcGIS ImageServer,World Bank country income classification mapped to vulnerability weights,Natural Earth country boundaries via datasets/geo-countries,not used for RQ2 exposure rerun
53.25,-36.75,0.0,0.5,UNASSIGNED,Unassigned/ocean,NA,Not classified,False,WorldPop Total Population 1km ArcGIS ImageServer,World Bank country income classification mapped to vulnerability weights,Natural Earth country boundaries via datasets/geo-countries,not used for RQ2 exposure rerun
53.25,-36.0,0.0,0.5,UNASSIGNED,Unassigned/ocean,NA,Not classified,False,WorldPop Total Population 1km ArcGIS ImageServer,World Bank country income classification mapped to vulnerability weights,Natural Earth country boundaries via datasets/geo-countries,not used for RQ2 exposure rerun
53.25,-35.25,0.0,0.5,UNASSIGNED,Unassigned/ocean,NA,Not classified,False,WorldPop Total Population 1km ArcGIS ImageServer,World Bank country income classification mapped to vulnerability weights,Natural Earth country boundaries via datasets/geo-countries,not used for RQ2 exposure rerun
53.25,-33.75,0.0,0.5,UNASSIGNED,Unassigned/ocean,NA,Not classified,False,WorldPop Total Population 1km ArcGIS ImageServer,World Bank country income classification mapped to vulnerability weights,Natural Earth country boundaries via datasets/geo-countries,not used for RQ2 exposure rerun
53.25,-33.0,0.0,0.5,UNASSIGNED,Unassigned/ocean,NA,Not classified,False,WorldPop Total Population 1km ArcGIS ImageServer,World Bank country income classification mapped to vulnerability weights,Natural Earth country boundaries via datasets/geo-countries,not used for RQ2 exposure rerun
53.25,-30.75,0.0,0.5,UNASSIGNED,Unassigned/ocean,NA,Not classified,False,WorldPop Total Population 1km ArcGIS ImageServer,World Bank country income classification mapped to vulnerability weights,Natural Earth country boundaries via datasets/geo-countries,not used for RQ2 exposure rerun
54.0,-52.5,0.0,0.5,UNASSIGNED,Unassigned/ocean,NA,Not classified,False,WorldPop Total Population 1km ArcGIS ImageServer,World Bank country income classification mapped to vulnerability weights,Natural Earth country boundaries via datasets/geo-countries,not used for RQ2 exposure rerun
54.0,-50.25,0.0,0.5,UNASSIGNED,Unassigned/ocean,NA,Not classified,False,WorldPop Total Population 1km ArcGIS ImageServer,World Bank country income classification mapped to vulnerability weights,Natural Earth country boundaries via datasets/geo-countries,not used for RQ2 exposure rerun
54.0,-49.5,0.0,0.5,UNASSIGNED,Unassigned/ocean,NA,Not classified,False,WorldPop Total Population 1km ArcGIS ImageServer,World Bank country income classification mapped to vulnerability weights,Natural Earth country boundaries via datasets/geo-countries,not used for RQ2 exposure rerun
54.0,-48.75,0.0,0.5,UNASSIGNED,Unassigned/ocean,NA,Not classified,False,WorldPop Total Population 1km ArcGIS ImageServer,World Bank country income classification mapped to vulnerability weights,Natural Earth country boundaries via datasets/geo-countries,not used for RQ2 exposure rerun
54.0,-47.25,0.0,0.5,UNASSIGNED,Unassigned/ocean,NA,Not classified,False,WorldPop Total Population 1km ArcGIS ImageServer,World Bank country income classification mapped to vulnerability weights,Natural Earth country boundaries via datasets/geo-countries,not used for RQ2 exposure rerun
54.0,-46.5,0.0,0.5,UNASSIGNED,Unassigned/ocean,NA,Not classified,False,WorldPop Total Population 1km ArcGIS ImageServer,World Bank country income classification mapped to vulnerability weights,Natural Earth country boundaries via datasets/geo-countries,not used for RQ2 exposure rerun
54.0,-45.75,0.0,0.5,UNASSIGNED,Unassigned/ocean,NA,Not classified,False,WorldPop Total Population 1km ArcGIS ImageServer,World Bank country income classification mapped to vulnerability weights,Natural Earth country boundaries via datasets/geo-countries,not used for RQ2 exposure rerun
54.0,-45.0,0.0,0.5,UNASSIGNED,Unassigned/ocean,NA,Not classified,False,WorldPop Total Population 1km ArcGIS ImageServer,World Bank country income classification mapped to vulnerability weights,Natural Earth country boundaries via datasets/geo-countries,not used for RQ2 exposure rerun
54.0,-44.25,0.0,0.5,UNASSIGNED,Unassigned/ocean,NA,Not classified,False,WorldPop Total Population 1km ArcGIS ImageServer,World Bank country income classification mapped to vulnerability weights,Natural Earth country boundaries via datasets/geo-countries,not used for RQ2 exposure rerun
54.0,-43.5,0.0,0.5,UNASSIGNED,Unassigned/ocean,NA,Not classified,False,WorldPop Total Population 1km ArcGIS ImageServer,World Bank country income classification mapped to vulnerability weights,Natural Earth country boundaries via datasets/geo-countries,not used for RQ2 exposure rerun
54.0,-42.75,0.0,0.5,UNASSIGNED,Unassigned/ocean,NA,Not classified,False,WorldPop Total Population 1km ArcGIS ImageServer,World Bank country income classification mapped to vulnerability weights,Natural Earth country boundaries via datasets/geo-countries,not used for RQ2 exposure rerun
54.0,-42.0,0.0,0.5,UNASSIGNED,Unassigned/ocean,NA,Not classified,False,WorldPop Total Population 1km ArcGIS ImageServer,World Bank country income classification mapped to vulnerability weights,Natural Earth country boundaries via datasets/geo-countries,not used for RQ2 exposure rerun
54.0,-41.25,0.0,0.5,UNASSIGNED,Unassigned/ocean,NA,Not classified,False,WorldPop Total Population 1km ArcGIS ImageServer,World Bank country income classification mapped to vulnerability weights,Natural Earth country boundaries via datasets/geo-countries,not used for RQ2 exposure rerun
54.0,-40.5,0.0,0.5,UNASSIGNED,Unassigned/ocean,NA,Not classified,False,WorldPop Total Population 1km ArcGIS ImageServer,World Bank country income classification mapped to vulnerability weights,Natural Earth country boundaries via datasets/geo-countries,not used for RQ2 exposure rerun
54.0,-39.75,0.0,0.5,UNASSIGNED,Unassigned/ocean,NA,Not classified,False,WorldPop Total Population 1km ArcGIS ImageServer,World Bank country income classification mapped to vulnerability weights,Natural Earth country boundaries via datasets/geo-countries,not used for RQ2 exposure rerun
54.0,-39.0,0.0,0.5,UNASSIGNED,Unassigned/ocean,NA,Not classified,False,WorldPop Total Population 1km ArcGIS ImageServer,World Bank country income classification mapped to vulnerability weights,Natural Earth country boundaries via datasets/geo-countries,not used for RQ2 exposure rerun
54.0,-38.25,0.0,0.5,UNASSIGNED,Unassigned/ocean,NA,Not classified,False,WorldPop Total Population 1km ArcGIS ImageServer,World Bank country income classification mapped to vulnerability weights,Natural Earth country boundaries via datasets/geo-countries,not used for RQ2 exposure rerun
54.0,-37.5,0.0,0.5,UNASSIGNED,Unassigned/ocean,NA,Not classified,False,WorldPop Total Population 1km ArcGIS ImageServer,World Bank country income classification mapped to vulnerability weights,Natural Earth country boundaries via datasets/geo-countries,not used for RQ2 exposure rerun
54.0,-36.75,0.0,0.5,UNASSIGNED,Unassigned/ocean,NA,Not classified,False,WorldPop Total Population 1km ArcGIS ImageServer,World Bank country income classification mapped to vulnerability weights,Natural Earth country boundaries via datasets/geo-countries,not used for RQ2 exposure rerun
54.0,-36.0,0.0,0.5,UNASSIGNED,Unassigned/ocean,NA,Not classified,False,WorldPop Total Population 1km ArcGIS ImageServer,World Bank country income classification mapped to vulnerability weights,Natural Earth country boundaries via datasets/geo-countries,not used for RQ2 exposure rerun
54.0,-33.75,0.0,0.5,UNASSIGNED,Unassigned/ocean,NA,Not classified,False,WorldPop Total Population 1km ArcGIS ImageServer,World Bank country income classification mapped to vulnerability weights,Natural Earth country boundaries via datasets/geo-countries,not used for RQ2 exposure rerun
54.0,-33.0,0.0,0.5,UNASSIGNED,Unassigned/ocean,NA,Not classified,False,WorldPop Total Population 1km ArcGIS ImageServer,World Bank country income classification mapped to vulnerability weights,Natural Earth country boundaries via datasets/geo-countries,not used for RQ2 exposure rerun
54.0,-32.25,0.0,0.5,UNASSIGNED,Unassigned/ocean,NA,Not classified,False,WorldPop Total Population 1km ArcGIS ImageServer,World Bank country income classification mapped to vulnerability weights,Natural Earth country boundaries via datasets/geo-countries,not used for RQ2 exposure rerun
54.0,-31.5,0.0,0.5,UNASSIGNED,Unassigned/ocean,NA,Not classified,False,WorldPop Total Population 1km ArcGIS ImageServer,World Bank country income classification mapped to vulnerability weights,Natural Earth country boundaries via datasets/geo-countries,not used for RQ2 exposure rerun
54.0,-30.0,0.0,0.5,UNASSIGNED,Unassigned/ocean,NA,Not classified,False,WorldPop Total Population 1km ArcGIS ImageServer,World Bank country income classification mapped to vulnerability weights,Natural Earth country boundaries via datasets/geo-countries,not used for RQ2 exposure rerun
54.0,-28.5,0.0,0.5,UNASSIGNED,Unassigned/ocean,NA,Not classified,False,WorldPop Total Population 1km ArcGIS ImageServer,World Bank country income classification mapped to vulnerability weights,Natural Earth country boundaries via datasets/geo-countries,not used for RQ2 exposure rerun
54.0,-27.75,0.0,0.5,UNASSIGNED,Unassigned/ocean,NA,Not classified,False,WorldPop Total Population 1km ArcGIS ImageServer,World Bank country income classification mapped to vulnerability weights,Natural Earth country boundaries via datasets/geo-countries,not used for RQ2 exposure rerun
54.75,-51.75,0.0,0.5,UNASSIGNED,Unassigned/ocean,NA,Not classified,False,WorldPop Total Population 1km ArcGIS ImageServer,World Bank country income classification mapped to vulnerability weights,Natural Earth country boundaries via datasets/geo-countries,not used for RQ2 exposure rerun
54.75,-48.0,0.0,0.5,UNASSIGNED,Unassigned/ocean,NA,Not classified,False,WorldPop Total Population 1km ArcGIS ImageServer,World Bank country income classification mapped to vulnerability weights,Natural Earth country boundaries via datasets/geo-countries,not used for RQ2 exposure rerun
54.75,-47.25,0.0,0.5,UNASSIGNED,Unassigned/ocean,NA,Not classified,False,WorldPop Total Population 1km ArcGIS ImageServer,World Bank country income classification mapped to vulnerability weights,Natural Earth country boundaries via datasets/geo-countries,not used for RQ2 exposure rerun
54.75,-46.5,0.0,0.5,UNASSIGNED,Unassigned/ocean,NA,Not classified,False,WorldPop Total Population 1km ArcGIS ImageServer,World Bank country income classification mapped to vulnerability weights,Natural Earth country boundaries via datasets/geo-countries,not used for RQ2 exposure rerun
54.75,-45.75,0.0,0.5,UNASSIGNED,Unassigned/ocean,NA,Not classified,False,WorldPop Total Population 1km ArcGIS ImageServer,World Bank country income classification mapped to vulnerability weights,Natural Earth country boundaries via datasets/geo-countries,not used for RQ2 exposure rerun
54.75,-44.25,0.0,0.5,UNASSIGNED,Unassigned/ocean,NA,Not classified,False,WorldPop Total Population 1km ArcGIS ImageServer,World Bank country income classification mapped to vulnerability weights,Natural Earth country boundaries via datasets/geo-countries,not used for RQ2 exposure rerun
54.75,-43.5,0.0,0.5,UNASSIGNED,Unassigned/ocean,NA,Not classified,False,WorldPop Total Population 1km ArcGIS ImageServer,World Bank country income classification mapped to vulnerability weights,Natural Earth country boundaries via datasets/geo-countries,not used for RQ2 exposure rerun
54.75,-42.75,0.0,0.5,UNASSIGNED,Unassigned/ocean,NA,Not classified,False,WorldPop Total Population 1km ArcGIS ImageServer,World Bank country income classification mapped to vulnerability weights,Natural Earth country boundaries via datasets/geo-countries,not used for RQ2 exposure rerun
54.75,-42.0,0.0,0.5,UNASSIGNED,Unassigned/ocean,NA,Not classified,False,WorldPop Total Population 1km ArcGIS ImageServer,World Bank country income classification mapped to vulnerability weights,Natural Earth country boundaries via datasets/geo-countries,not used for RQ2 exposure rerun
54.75,-41.25,0.0,0.5,UNASSIGNED,Unassigned/ocean,NA,Not classified,False,WorldPop Total Population 1km ArcGIS ImageServer,World Bank country income classification mapped to vulnerability weights,Natural Earth country boundaries via datasets/geo-countries,not used for RQ2 exposure rerun
54.75,-40.5,0.0,0.5,UNASSIGNED,Unassigned/ocean,NA,Not classified,False,WorldPop Total Population 1km ArcGIS ImageServer,World Bank country income classification mapped to vulnerability weights,Natural Earth country boundaries via datasets/geo-countries,not used for RQ2 exposure rerun
54.75,-39.75,0.0,0.5,UNASSIGNED,Unassigned/ocean,NA,Not classified,False,WorldPop Total Population 1km ArcGIS ImageServer,World Bank country income classification mapped to vulnerability weights,Natural Earth country boundaries via datasets/geo-countries,not used for RQ2 exposure rerun
54.75,-39.0,0.0,0.5,UNASSIGNED,Unassigned/ocean,NA,Not classified,False,WorldPop Total Population 1km ArcGIS ImageServer,World Bank country income classification mapped to vulnerability weights,Natural Earth country boundaries via datasets/geo-countries,not used for RQ2 exposure rerun
54.75,-38.25,0.0,0.5,UNASSIGNED,Unassigned/ocean,NA,Not classified,False,WorldPop Total Population 1km ArcGIS ImageServer,World Bank country income classification mapped to vulnerability weights,Natural Earth country boundaries via datasets/geo-countries,not used for RQ2 exposure rerun
54.75,-37.5,0.0,0.5,UNASSIGNED,Unassigned/ocean,NA,Not classified,False,WorldPop Total Population 1km ArcGIS ImageServer,World Bank country income classification mapped to vulnerability weights,Natural Earth country boundaries via datasets/geo-countries,not used for RQ2 exposure rerun
54.75,-36.75,0.0,0.5,UNASSIGNED,Unassigned/ocean,NA,Not classified,False,WorldPop Total Population 1km ArcGIS ImageServer,World Bank country income classification mapped to vulnerability weights,Natural Earth country boundaries via datasets/geo-countries,not used for RQ2 exposure rerun
54.75,-36.0,0.0,0.5,UNASSIGNED,Unassigned/ocean,NA,Not classified,False,WorldPop Total Population 1km ArcGIS ImageServer,World Bank country income classification mapped to vulnerability weights,Natural Earth country boundaries via datasets/geo-countries,not used for RQ2 exposure rerun
54.75,-35.25,0.0,0.5,UNASSIGNED,Unassigned/ocean,NA,Not classified,False,WorldPop Total Population 1km ArcGIS ImageServer,World Bank country income classification mapped to vulnerability weights,Natural Earth country boundaries via datasets/geo-countries,not used for RQ2 exposure rerun
54.75,-34.5,0.0,0.5,UNASSIGNED,Unassigned/ocean,NA,Not classified,False,WorldPop Total Population 1km ArcGIS ImageServer,World Bank country income classification mapped to vulnerability weights,Natural Earth country boundaries via datasets/geo-countries,not used for RQ2 exposure rerun
54.75,-33.75,0.0,0.5,UNASSIGNED,Unassigned/ocean,NA,Not classified,False,WorldPop Total Population 1km ArcGIS ImageServer,World Bank country income classification mapped to vulnerability weights,Natural Earth country boundaries via datasets/geo-countries,not used for RQ2 exposure rerun
54.75,-33.0,0.0,0.5,UNASSIGNED,Unassigned/ocean,NA,Not classified,False,WorldPop Total Population 1km ArcGIS ImageServer,World Bank country income classification mapped to vulnerability weights,Natural Earth country boundaries via datasets/geo-countries,not used for RQ2 exposure rerun
54.75,-32.25,0.0,0.5,UNASSIGNED,Unassigned/ocean,NA,Not classified,False,WorldPop Total Population 1km ArcGIS ImageServer,World Bank country income classification mapped to vulnerability weights,Natural Earth country boundaries via datasets/geo-countries,not used for RQ2 exposure rerun
54.75,-31.5,0.0,0.5,UNASSIGNED,Unassigned/ocean,NA,Not classified,False,WorldPop Total Population 1km ArcGIS ImageServer,World Bank country income classification mapped to vulnerability weights,Natural Earth country boundaries via datasets/geo-countries,not used for RQ2 exposure rerun
54.75,-30.75,0.0,0.5,UNASSIGNED,Unassigned/ocean,NA,Not classified,False,WorldPop Total Population 1km ArcGIS ImageServer,World Bank country income classification mapped to vulnerability weights,Natural Earth country boundaries via datasets/geo-countries,not used for RQ2 exposure rerun
54.75,-30.0,0.0,0.5,UNASSIGNED,Unassigned/ocean,NA,Not classified,False,WorldPop Total Population 1km ArcGIS ImageServer,World Bank country income classification mapped to vulnerability weights,Natural Earth country boundaries via datasets/geo-countries,not used for RQ2 exposure rerun
54.75,-29.25,0.0,0.5,UNASSIGNED,Unassigned/ocean,NA,Not classified,False,WorldPop Total Population 1km ArcGIS ImageServer,World Bank country income classification mapped to vulnerability weights,Natural Earth country boundaries via datasets/geo-countries,not used for RQ2 exposure rerun
54.75,-28.5,0.0,0.5,UNASSIGNED,Unassigned/ocean,NA,Not classified,False,WorldPop Total Population 1km ArcGIS ImageServer,World Bank country income classification mapped to vulnerability weights,Natural Earth country boundaries via datasets/geo-countries,not used for RQ2 exposure rerun
54.75,-27.75,0.0,0.5,UNASSIGNED,Unassigned/ocean,NA,Not classified,False,WorldPop Total Population 1km ArcGIS ImageServer,World Bank country income classification mapped to vulnerability weights,Natural Earth country boundaries via datasets/geo-countries,not used for RQ2 exposure rerun
54.75,-27.0,0.0,0.5,UNASSIGNED,Unassigned/ocean,NA,Not classified,False,WorldPop Total Population 1km ArcGIS ImageServer,World Bank country income classification mapped to vulnerability weights,Natural Earth country boundaries via datasets/geo-countries,not used for RQ2 exposure rerun
54.75,-26.25,0.0,0.5,UNASSIGNED,Unassigned/ocean,NA,Not classified,False,WorldPop Total Population 1km ArcGIS ImageServer,World Bank country income classification mapped to vulnerability weights,Natural Earth country boundaries via datasets/geo-countries,not used for RQ2 exposure rerun
54.75,-25.5,0.0,0.5,UNASSIGNED,Unassigned/ocean,NA,Not classified,False,WorldPop Total Population 1km ArcGIS ImageServer,World Bank country income classification mapped to vulnerability weights,Natural Earth country boundaries via datasets/geo-countries,not used for RQ2 exposure rerun
54.75,-24.75,0.0,0.5,UNASSIGNED,Unassigned/ocean,NA,Not classified,False,WorldPop Total Population 1km ArcGIS ImageServer,World Bank country income classification mapped to vulnerability weights,Natural Earth country boundaries via datasets/geo-countries,not used for RQ2 exposure rerun
55.5,-48.75,0.0,0.5,UNASSIGNED,Unassigned/ocean,NA,Not classified,False,WorldPop Total Population 1km ArcGIS ImageServer,World Bank country income classification mapped to vulnerability weights,Natural Earth country boundaries via datasets/geo-countries,not used for RQ2 exposure rerun
55.5,-48.0,0.0,0.5,UNASSIGNED,Unassigned/ocean,NA,Not classified,False,WorldPop Total Population 1km ArcGIS ImageServer,World Bank country income classification mapped to vulnerability weights,Natural Earth country boundaries via datasets/geo-countries,not used for RQ2 exposure rerun
55.5,-44.25,0.0,0.5,UNASSIGNED,Unassigned/ocean,NA,Not classified,False,WorldPop Total Population 1km ArcGIS ImageServer,World Bank country income classification mapped to vulnerability weights,Natural Earth country boundaries via datasets/geo-countries,not used for RQ2 exposure rerun
55.5,-43.5,0.0,0.5,UNASSIGNED,Unassigned/ocean,NA,Not classified,False,WorldPop Total Population 1km ArcGIS ImageServer,World Bank country income classification mapped to vulnerability weights,Natural Earth country boundaries via datasets/geo-countries,not used for RQ2 exposure rerun
55.5,-42.75,0.0,0.5,UNASSIGNED,Unassigned/ocean,NA,Not classified,False,WorldPop Total Population 1km ArcGIS ImageServer,World Bank country income classification mapped to vulnerability weights,Natural Earth country boundaries via datasets/geo-countries,not used for RQ2 exposure rerun
55.5,-42.0,0.0,0.5,UNASSIGNED,Unassigned/ocean,NA,Not classified,False,WorldPop Total Population 1km ArcGIS ImageServer,World Bank country income classification mapped to vulnerability weights,Natural Earth country boundaries via datasets/geo-countries,not used for RQ2 exposure rerun
55.5,-41.25,0.0,0.5,UNASSIGNED,Unassigned/ocean,NA,Not classified,False,WorldPop Total Population 1km ArcGIS ImageServer,World Bank country income classification mapped to vulnerability weights,Natural Earth country boundaries via datasets/geo-countries,not used for RQ2 exposure rerun
55.5,-40.5,0.0,0.5,UNASSIGNED,Unassigned/ocean,NA,Not classified,False,WorldPop Total Population 1km ArcGIS ImageServer,World Bank country income classification mapped to vulnerability weights,Natural Earth country boundaries via datasets/geo-countries,not used for RQ2 exposure rerun
55.5,-39.75,0.0,0.5,UNASSIGNED,Unassigned/ocean,NA,Not classified,False,WorldPop Total Population 1km ArcGIS ImageServer,World Bank country income classification mapped to vulnerability weights,Natural Earth country boundaries via datasets/geo-countries,not used for RQ2 exposure rerun
55.5,-39.0,0.0,0.5,UNASSIGNED,Unassigned/ocean,NA,Not classified,False,WorldPop Total Population 1km ArcGIS ImageServer,World Bank country income classification mapped to vulnerability weights,Natural Earth country boundaries via datasets/geo-countries,not used for RQ2 exposure rerun
55.5,-38.25,0.0,0.5,UNASSIGNED,Unassigned/ocean,NA,Not classified,False,WorldPop Total Population 1km ArcGIS ImageServer,World Bank country income classification mapped to vulnerability weights,Natural Earth country boundaries via datasets/geo-countries,not used for RQ2 exposure rerun
55.5,-37.5,0.0,0.5,UNASSIGNED,Unassigned/ocean,NA,Not classified,False,WorldPop Total Population 1km ArcGIS ImageServer,World Bank country income classification mapped to vulnerability weights,Natural Earth country boundaries via datasets/geo-countries,not used for RQ2 exposure rerun
55.5,-36.75,0.0,0.5,UNASSIGNED,Unassigned/ocean,NA,Not classified,False,WorldPop Total Population 1km ArcGIS ImageServer,World Bank country income classification mapped to vulnerability weights,Natural Earth country boundaries via datasets/geo-countries,not used for RQ2 exposure rerun
55.5,-36.0,0.0,0.5,UNASSIGNED,Unassigned/ocean,NA,Not classified,False,WorldPop Total Population 1km ArcGIS ImageServer,World Bank country income classification mapped to vulnerability weights,Natural Earth country boundaries via datasets/geo-countries,not used for RQ2 exposure rerun
55.5,-35.25,0.0,0.5,UNASSIGNED,Unassigned/ocean,NA,Not classified,False,WorldPop Total Population 1km ArcGIS ImageServer,World Bank country income classification mapped to vulnerability weights,Natural Earth country boundaries via datasets/geo-countries,not used for RQ2 exposure rerun
55.5,-34.5,0.0,0.5,UNASSIGNED,Unassigned/ocean,NA,Not classified,False,WorldPop Total Population 1km ArcGIS ImageServer,World Bank country income classification mapped to vulnerability weights,Natural Earth country boundaries via datasets/geo-countries,not used for RQ2 exposure rerun
55.5,-33.75,0.0,0.5,UNASSIGNED,Unassigned/ocean,NA,Not classified,False,WorldPop Total Population 1km ArcGIS ImageServer,World Bank country income classification mapped to vulnerability weights,Natural Earth country boundaries via datasets/geo-countries,not used for RQ2 exposure rerun
55.5,-33.0,0.0,0.5,UNASSIGNED,Unassigned/ocean,NA,Not classified,False,WorldPop Total Population 1km ArcGIS ImageServer,World Bank country income classification mapped to vulnerability weights,Natural Earth country boundaries via datasets/geo-countries,not used for RQ2 exposure rerun
55.5,-32.25,0.0,0.5,UNASSIGNED,Unassigned/ocean,NA,Not classified,False,WorldPop Total Population 1km ArcGIS ImageServer,World Bank country income classification mapped to vulnerability weights,Natural Earth country boundaries via datasets/geo-countries,not used for RQ2 exposure rerun
55.5,-31.5,0.0,0.5,UNASSIGNED,Unassigned/ocean,NA,Not classified,False,WorldPop Total Population 1km ArcGIS ImageServer,World Bank country income classification mapped to vulnerability weights,Natural Earth country boundaries via datasets/geo-countries,not used for RQ2 exposure rerun
55.5,-30.75,0.0,0.5,UNASSIGNED,Unassigned/ocean,NA,Not classified,False,WorldPop Total Population 1km ArcGIS ImageServer,World Bank country income classification mapped to vulnerability weights,Natural Earth country boundaries via datasets/geo-countries,not used for RQ2 exposure rerun
55.5,-30.0,0.0,0.5,UNASSIGNED,Unassigned/ocean,NA,Not classified,False,WorldPop Total Population 1km ArcGIS ImageServer,World Bank country income classification mapped to vulnerability weights,Natural Earth country boundaries via datasets/geo-countries,not used for RQ2 exposure rerun
55.5,-29.25,0.0,0.5,UNASSIGNED,Unassigned/ocean,NA,Not classified,False,WorldPop Total Population 1km ArcGIS ImageServer,World Bank country income classification mapped to vulnerability weights,Natural Earth country boundaries via datasets/geo-countries,not used for RQ2 exposure rerun
55.5,-27.75,0.0,0.5,UNASSIGNED,Unassigned/ocean,NA,Not classified,False,WorldPop Total Population 1km ArcGIS ImageServer,World Bank country income classification mapped to vulnerability weights,Natural Earth country boundaries via datasets/geo-countries,not used for RQ2 exposure rerun
55.5,-27.0,0.0,0.5,UNASSIGNED,Unassigned/ocean,NA,Not classified,False,WorldPop Total Population 1km ArcGIS ImageServer,World Bank country income classification mapped to vulnerability weights,Natural Earth country boundaries via datasets/geo-countries,not used for RQ2 exposure rerun
55.5,-26.25,0.0,0.5,UNASSIGNED,Unassigned/ocean,NA,Not classified,False,WorldPop Total Population 1km ArcGIS ImageServer,World Bank country income classification mapped to vulnerability weights,Natural Earth country boundaries via datasets/geo-countries,not used for RQ2 exposure rerun
55.5,-25.5,0.0,0.5,UNASSIGNED,Unassigned/ocean,NA,Not classified,False,WorldPop Total Population 1km ArcGIS ImageServer,World Bank country income classification mapped to vulnerability weights,Natural Earth country boundaries via datasets/geo-countries,not used for RQ2 exposure rerun
55.5,-24.75,0.0,0.5,UNASSIGNED,Unassigned/ocean,NA,Not classified,False,WorldPop Total Population 1km ArcGIS ImageServer,World Bank country income classification mapped to vulnerability weights,Natural Earth country boundaries via datasets/geo-countries,not used for RQ2 exposure rerun
55.5,-23.25,0.0,0.5,UNASSIGNED,Unassigned/ocean,NA,Not classified,False,WorldPop Total Population 1km ArcGIS ImageServer,World Bank country income classification mapped to vulnerability weights,Natural Earth country boundaries via datasets/geo-countries,not used for RQ2 exposure rerun
55.5,-22.5,0.0,0.5,UNASSIGNED,Unassigned/ocean,NA,Not classified,False,WorldPop Total Population 1km ArcGIS ImageServer,World Bank country income classification mapped to vulnerability weights,Natural Earth country boundaries via datasets/geo-countries,not used for RQ2 exposure rerun
55.5,-21.75,0.0,0.5,UNASSIGNED,Unassigned/ocean,NA,Not classified,False,WorldPop Total Population 1km ArcGIS ImageServer,World Bank country income classification mapped to vulnerability weights,Natural Earth country boundaries via datasets/geo-countries,not used for RQ2 exposure rerun
56.25,-46.5,0.0,0.5,UNASSIGNED,Unassigned/ocean,NA,Not classified,False,WorldPop Total Population 1km ArcGIS ImageServer,World Bank country income classification mapped to vulnerability weights,Natural Earth country boundaries via datasets/geo-countries,not used for RQ2 exposure rerun
56.25,-38.25,0.0,0.5,UNASSIGNED,Unassigned/ocean,NA,Not classified,False,WorldPop Total Population 1km ArcGIS ImageServer,World Bank country income classification mapped to vulnerability weights,Natural Earth country boundaries via datasets/geo-countries,not used for RQ2 exposure rerun
56.25,-36.0,0.0,0.5,UNASSIGNED,Unassigned/ocean,NA,Not classified,False,WorldPop Total Population 1km ArcGIS ImageServer,World Bank country income classification mapped to vulnerability weights,Natural Earth country boundaries via datasets/geo-countries,not used for RQ2 exposure rerun
56.25,-35.25,0.0,0.5,UNASSIGNED,Unassigned/ocean,NA,Not classified,False,WorldPop Total Population 1km ArcGIS ImageServer,World Bank country income classification mapped to vulnerability weights,Natural Earth country boundaries via datasets/geo-countries,not used for RQ2 exposure rerun
56.25,-34.5,0.0,0.5,UNASSIGNED,Unassigned/ocean,NA,Not classified,False,WorldPop Total Population 1km ArcGIS ImageServer,World Bank country income classification mapped to vulnerability weights,Natural Earth country boundaries via datasets/geo-countries,not used for RQ2 exposure rerun
56.25,-33.0,0.0,0.5,UNASSIGNED,Unassigned/ocean,NA,Not classified,False,WorldPop Total Population 1km ArcGIS ImageServer,World Bank country income classification mapped to vulnerability weights,Natural Earth country boundaries via datasets/geo-countries,not used for RQ2 exposure rerun
56.25,-32.25,0.0,0.5,UNASSIGNED,Unassigned/ocean,NA,Not classified,False,WorldPop Total Population 1km ArcGIS ImageServer,World Bank country income classification mapped to vulnerability weights,Natural Earth country boundaries via datasets/geo-countries,not used for RQ2 exposure rerun
56.25,-31.5,0.0,0.5,UNASSIGNED,Unassigned/ocean,NA,Not classified,False,WorldPop Total Population 1km ArcGIS ImageServer,World Bank country income classification mapped to vulnerability weights,Natural Earth country boundaries via datasets/geo-countries,not used for RQ2 exposure rerun
56.25,-30.75,0.0,0.5,UNASSIGNED,Unassigned/ocean,NA,Not classified,False,WorldPop Total Population 1km ArcGIS ImageServer,World Bank country income classification mapped to vulnerability weights,Natural Earth country boundaries via datasets/geo-countries,not used for RQ2 exposure rerun
56.25,-30.0,0.0,0.5,UNASSIGNED,Unassigned/ocean,NA,Not classified,False,WorldPop Total Population 1km ArcGIS ImageServer,World Bank country income classification mapped to vulnerability weights,Natural Earth country boundaries via datasets/geo-countries,not used for RQ2 exposure rerun
56.25,-29.25,0.0,0.5,UNASSIGNED,Unassigned/ocean,NA,Not classified,False,WorldPop Total Population 1km ArcGIS ImageServer,World Bank country income classification mapped to vulnerability weights,Natural Earth country boundaries via datasets/geo-countries,not used for RQ2 exposure rerun
56.25,-28.5,0.0,0.5,UNASSIGNED,Unassigned/ocean,NA,Not classified,False,WorldPop Total Population 1km ArcGIS ImageServer,World Bank country income classification mapped to vulnerability weights,Natural Earth country boundaries via datasets/geo-countries,not used for RQ2 exposure rerun
56.25,-27.75,0.0,0.5,UNASSIGNED,Unassigned/ocean,NA,Not classified,False,WorldPop Total Population 1km ArcGIS ImageServer,World Bank country income classification mapped to vulnerability weights,Natural Earth country boundaries via datasets/geo-countries,not used for RQ2 exposure rerun
56.25,-27.0,0.0,0.5,UNASSIGNED,Unassigned/ocean,NA,Not classified,False,WorldPop Total Population 1km ArcGIS ImageServer,World Bank country income classification mapped to vulnerability weights,Natural Earth country boundaries via datasets/geo-countries,not used for RQ2 exposure rerun
56.25,-26.25,0.0,0.5,UNASSIGNED,Unassigned/ocean,NA,Not classified,False,WorldPop Total Population 1km ArcGIS ImageServer,World Bank country income classification mapped to vulnerability weights,Natural Earth country boundaries via datasets/geo-countries,not used for RQ2 exposure rerun
56.25,-25.5,0.0,0.5,UNASSIGNED,Unassigned/ocean,NA,Not classified,False,WorldPop Total Population 1km ArcGIS ImageServer,World Bank country income classification mapped to vulnerability weights,Natural Earth country boundaries via datasets/geo-countries,not used for RQ2 exposure rerun
56.25,-24.75,0.0,0.5,UNASSIGNED,Unassigned/ocean,NA,Not classified,False,WorldPop Total Population 1km ArcGIS ImageServer,World Bank country income classification mapped to vulnerability weights,Natural Earth country boundaries via datasets/geo-countries,not used for RQ2 exposure rerun
56.25,-24.0,0.0,0.5,UNASSIGNED,Unassigned/ocean,NA,Not classified,False,WorldPop Total Population 1km ArcGIS ImageServer,World Bank country income classification mapped to vulnerability weights,Natural Earth country boundaries via datasets/geo-countries,not used for RQ2 exposure rerun
56.25,-23.25,0.0,0.5,UNASSIGNED,Unassigned/ocean,NA,Not classified,False,WorldPop Total Population 1km ArcGIS ImageServer,World Bank country income classification mapped to vulnerability weights,Natural Earth country boundaries via datasets/geo-countries,not used for RQ2 exposure rerun
56.25,-22.5,0.0,0.5,UNASSIGNED,Unassigned/ocean,NA,Not classified,False,WorldPop Total Population 1km ArcGIS ImageServer,World Bank country income classification mapped to vulnerability weights,Natural Earth country boundaries via datasets/geo-countries,not used for RQ2 exposure rerun
56.25,-17.25,0.0,0.5,UNASSIGNED,Unassigned/ocean,NA,Not classified,False,WorldPop Total Population 1km ArcGIS ImageServer,World Bank country income classification mapped to vulnerability weights,Natural Earth country boundaries via datasets/geo-countries,not used for RQ2 exposure rerun
57.0,-33.75,0.0,0.5,UNASSIGNED,Unassigned/ocean,NA,Not classified,False,WorldPop Total Population 1km ArcGIS ImageServer,World Bank country income classification mapped to vulnerability weights,Natural Earth country boundaries via datasets/geo-countries,not used for RQ2 exposure rerun
57.0,-32.25,0.0,0.5,UNASSIGNED,Unassigned/ocean,NA,Not classified,False,WorldPop Total Population 1km ArcGIS ImageServer,World Bank country income classification mapped to vulnerability weights,Natural Earth country boundaries via datasets/geo-countries,not used for RQ2 exposure rerun
57.0,-31.5,0.0,0.5,UNASSIGNED,Unassigned/ocean,NA,Not classified,False,WorldPop Total Population 1km ArcGIS ImageServer,World Bank country income classification mapped to vulnerability weights,Natural Earth country boundaries via datasets/geo-countries,not used for RQ2 exposure rerun
57.0,-30.75,0.0,0.5,UNASSIGNED,Unassigned/ocean,NA,Not classified,False,WorldPop Total Population 1km ArcGIS ImageServer,World Bank country income classification mapped to vulnerability weights,Natural Earth country boundaries via datasets/geo-countries,not used for RQ2 exposure rerun
57.0,-30.0,0.0,0.5,UNASSIGNED,Unassigned/ocean,NA,Not classified,False,WorldPop Total Population 1km ArcGIS ImageServer,World Bank country income classification mapped to vulnerability weights,Natural Earth country boundaries via datasets/geo-countries,not used for RQ2 exposure rerun
57.0,-29.25,0.0,0.5,UNASSIGNED,Unassigned/ocean,NA,Not classified,False,WorldPop Total Population 1km ArcGIS ImageServer,World Bank country income classification mapped to vulnerability weights,Natural Earth country boundaries via datasets/geo-countries,not used for RQ2 exposure rerun
57.0,-28.5,0.0,0.5,UNASSIGNED,Unassigned/ocean,NA,Not classified,False,WorldPop Total Population 1km ArcGIS ImageServer,World Bank country income classification mapped to vulnerability weights,Natural Earth country boundaries via datasets/geo-countries,not used for RQ2 exposure rerun
57.0,-27.75,0.0,0.5,UNASSIGNED,Unassigned/ocean,NA,Not classified,False,WorldPop Total Population 1km ArcGIS ImageServer,World Bank country income classification mapped to vulnerability weights,Natural Earth country boundaries via datasets/geo-countries,not used for RQ2 exposure rerun
57.0,-27.0,0.0,0.5,UNASSIGNED,Unassigned/ocean,NA,Not classified,False,WorldPop Total Population 1km ArcGIS ImageServer,World Bank country income classification mapped to vulnerability weights,Natural Earth country boundaries via datasets/geo-countries,not used for RQ2 exposure rerun
57.0,-26.25,0.0,0.5,UNASSIGNED,Unassigned/ocean,NA,Not classified,False,WorldPop Total Population 1km ArcGIS ImageServer,World Bank country income classification mapped to vulnerability weights,Natural Earth country boundaries via datasets/geo-countries,not used for RQ2 exposure rerun
57.0,-25.5,0.0,0.5,UNASSIGNED,Unassigned/ocean,NA,Not classified,False,WorldPop Total Population 1km ArcGIS ImageServer,World Bank country income classification mapped to vulnerability weights,Natural Earth country boundaries via datasets/geo-countries,not used for RQ2 exposure rerun
57.0,-24.75,0.0,0.5,UNASSIGNED,Unassigned/ocean,NA,Not classified,False,WorldPop Total Population 1km ArcGIS ImageServer,World Bank country income classification mapped to vulnerability weights,Natural Earth country boundaries via datasets/geo-countries,not used for RQ2 exposure rerun
57.0,-24.0,0.0,0.5,UNASSIGNED,Unassigned/ocean,NA,Not classified,False,WorldPop Total Population 1km ArcGIS ImageServer,World Bank country income classification mapped to vulnerability weights,Natural Earth country boundaries via datasets/geo-countries,not used for RQ2 exposure rerun
57.0,-23.25,0.0,0.5,UNASSIGNED,Unassigned/ocean,NA,Not classified,False,WorldPop Total Population 1km ArcGIS ImageServer,World Bank country income classification mapped to vulnerability weights,Natural Earth country boundaries via datasets/geo-countries,not used for RQ2 exposure rerun
57.0,-22.5,0.0,0.5,UNASSIGNED,Unassigned/ocean,NA,Not classified,False,WorldPop Total Population 1km ArcGIS ImageServer,World Bank country income classification mapped to vulnerability weights,Natural Earth country boundaries via datasets/geo-countries,not used for RQ2 exposure rerun
57.0,-21.75,0.0,0.5,UNASSIGNED,Unassigned/ocean,NA,Not classified,False,WorldPop Total Population 1km ArcGIS ImageServer,World Bank country income classification mapped to vulnerability weights,Natural Earth country boundaries via datasets/geo-countries,not used for RQ2 exposure rerun
57.0,-21.0,0.0,0.5,UNASSIGNED,Unassigned/ocean,NA,Not classified,False,WorldPop Total Population 1km ArcGIS ImageServer,World Bank country income classification mapped to vulnerability weights,Natural Earth country boundaries via datasets/geo-countries,not used for RQ2 exposure rerun
57.0,-20.25,0.0,0.5,UNASSIGNED,Unassigned/ocean,NA,Not classified,False,WorldPop Total Population 1km ArcGIS ImageServer,World Bank country income classification mapped to vulnerability weights,Natural Earth country boundaries via datasets/geo-countries,not used for RQ2 exposure rerun
57.0,-18.75,0.0,0.5,UNASSIGNED,Unassigned/ocean,NA,Not classified,False,WorldPop Total Population 1km ArcGIS ImageServer,World Bank country income classification mapped to vulnerability weights,Natural Earth country boundaries via datasets/geo-countries,not used for RQ2 exposure rerun
57.75,-34.5,0.0,0.5,UNASSIGNED,Unassigned/ocean,NA,Not classified,False,WorldPop Total Population 1km ArcGIS ImageServer,World Bank country income classification mapped to vulnerability weights,Natural Earth country boundaries via datasets/geo-countries,not used for RQ2 exposure rerun
57.75,-33.0,0.0,0.5,UNASSIGNED,Unassigned/ocean,NA,Not classified,False,WorldPop Total Population 1km ArcGIS ImageServer,World Bank country income classification mapped to vulnerability weights,Natural Earth country boundaries via datasets/geo-countries,not used for RQ2 exposure rerun
57.75,-32.25,0.0,0.5,UNASSIGNED,Unassigned/ocean,NA,Not classified,False,WorldPop Total Population 1km ArcGIS ImageServer,World Bank country income classification mapped to vulnerability weights,Natural Earth country boundaries via datasets/geo-countries,not used for RQ2 exposure rerun
57.75,-31.5,0.0,0.5,UNASSIGNED,Unassigned/ocean,NA,Not classified,False,WorldPop Total Population 1km ArcGIS ImageServer,World Bank country income classification mapped to vulnerability weights,Natural Earth country boundaries via datasets/geo-countries,not used for RQ2 exposure rerun
57.75,-30.75,0.0,0.5,UNASSIGNED,Unassigned/ocean,NA,Not classified,False,WorldPop Total Population 1km ArcGIS ImageServer,World Bank country income classification mapped to vulnerability weights,Natural Earth country boundaries via datasets/geo-countries,not used for RQ2 exposure rerun
57.75,-30.0,0.0,0.5,UNASSIGNED,Unassigned/ocean,NA,Not classified,False,WorldPop Total Population 1km ArcGIS ImageServer,World Bank country income classification mapped to vulnerability weights,Natural Earth country boundaries via datasets/geo-countries,not used for RQ2 exposure rerun
57.75,-29.25,0.0,0.5,UNASSIGNED,Unassigned/ocean,NA,Not classified,False,WorldPop Total Population 1km ArcGIS ImageServer,World Bank country income classification mapped to vulnerability weights,Natural Earth country boundaries via datasets/geo-countries,not used for RQ2 exposure rerun
57.75,-28.5,0.0,0.5,UNASSIGNED,Unassigned/ocean,NA,Not classified,False,WorldPop Total Population 1km ArcGIS ImageServer,World Bank country income classification mapped to vulnerability weights,Natural Earth country boundaries via datasets/geo-countries,not used for RQ2 exposure rerun
57.75,-27.75,0.0,0.5,UNASSIGNED,Unassigned/ocean,NA,Not classified,False,WorldPop Total Population 1km ArcGIS ImageServer,World Bank country income classification mapped to vulnerability weights,Natural Earth country boundaries via datasets/geo-countries,not used for RQ2 exposure rerun
57.75,-27.0,0.0,0.5,UNASSIGNED,Unassigned/ocean,NA,Not classified,False,WorldPop Total Population 1km ArcGIS ImageServer,World Bank country income classification mapped to vulnerability weights,Natural Earth country boundaries via datasets/geo-countries,not used for RQ2 exposure rerun
57.75,-26.25,0.0,0.5,UNASSIGNED,Unassigned/ocean,NA,Not classified,False,WorldPop Total Population 1km ArcGIS ImageServer,World Bank country income classification mapped to vulnerability weights,Natural Earth country boundaries via datasets/geo-countries,not used for RQ2 exposure rerun
57.75,-25.5,0.0,0.5,UNASSIGNED,Unassigned/ocean,NA,Not classified,False,WorldPop Total Population 1km ArcGIS ImageServer,World Bank country income classification mapped to vulnerability weights,Natural Earth country boundaries via datasets/geo-countries,not used for RQ2 exposure rerun
57.75,-24.75,0.0,0.5,UNASSIGNED,Unassigned/ocean,NA,Not classified,False,WorldPop Total Population 1km ArcGIS ImageServer,World Bank country income classification mapped to vulnerability weights,Natural Earth country boundaries via datasets/geo-countries,not used for RQ2 exposure rerun
57.75,-24.0,0.0,0.5,UNASSIGNED,Unassigned/ocean,NA,Not classified,False,WorldPop Total Population 1km ArcGIS ImageServer,World Bank country income classification mapped to vulnerability weights,Natural Earth country boundaries via datasets/geo-countries,not used for RQ2 exposure rerun
57.75,-23.25,0.0,0.5,UNASSIGNED,Unassigned/ocean,NA,Not classified,False,WorldPop Total Population 1km ArcGIS ImageServer,World Bank country income classification mapped to vulnerability weights,Natural Earth country boundaries via datasets/geo-countries,not used for RQ2 exposure rerun
57.75,-22.5,0.0,0.5,UNASSIGNED,Unassigned/ocean,NA,Not classified,False,WorldPop Total Population 1km ArcGIS ImageServer,World Bank country income classification mapped to vulnerability weights,Natural Earth country boundaries via datasets/geo-countries,not used for RQ2 exposure rerun
57.75,-21.75,0.0,0.5,UNASSIGNED,Unassigned/ocean,NA,Not classified,False,WorldPop Total Population 1km ArcGIS ImageServer,World Bank country income classification mapped to vulnerability weights,Natural Earth country boundaries via datasets/geo-countries,not used for RQ2 exposure rerun
57.75,-21.0,0.0,0.5,UNASSIGNED,Unassigned/ocean,NA,Not classified,False,WorldPop Total Population 1km ArcGIS ImageServer,World Bank country income classification mapped to vulnerability weights,Natural Earth country boundaries via datasets/geo-countries,not used for RQ2 exposure rerun
57.75,-20.25,0.0,0.5,UNASSIGNED,Unassigned/ocean,NA,Not classified,False,WorldPop Total Population 1km ArcGIS ImageServer,World Bank country income classification mapped to vulnerability weights,Natural Earth country boundaries via datasets/geo-countries,not used for RQ2 exposure rerun
57.75,-19.5,0.0,0.5,UNASSIGNED,Unassigned/ocean,NA,Not classified,False,WorldPop Total Population 1km ArcGIS ImageServer,World Bank country income classification mapped to vulnerability weights,Natural Earth country boundaries via datasets/geo-countries,not used for RQ2 exposure rerun
57.75,-18.0,0.0,0.5,UNASSIGNED,Unassigned/ocean,NA,Not classified,False,WorldPop Total Population 1km ArcGIS ImageServer,World Bank country income classification mapped to vulnerability weights,Natural Earth country boundaries via datasets/geo-countries,not used for RQ2 exposure rerun
57.75,-17.25,0.0,0.5,UNASSIGNED,Unassigned/ocean,NA,Not classified,False,WorldPop Total Population 1km ArcGIS ImageServer,World Bank country income classification mapped to vulnerability weights,Natural Earth country boundaries via datasets/geo-countries,not used for RQ2 exposure rerun
57.75,-15.0,0.0,0.5,UNASSIGNED,Unassigned/ocean,NA,Not classified,False,WorldPop Total Population 1km ArcGIS ImageServer,World Bank country income classification mapped to vulnerability weights,Natural Earth country boundaries via datasets/geo-countries,not used for RQ2 exposure rerun
58.5,-35.25,0.0,0.5,UNASSIGNED,Unassigned/ocean,NA,Not classified,False,WorldPop Total Population 1km ArcGIS ImageServer,World Bank country income classification mapped to vulnerability weights,Natural Earth country boundaries via datasets/geo-countries,not used for RQ2 exposure rerun
58.5,-30.75,0.0,0.5,UNASSIGNED,Unassigned/ocean,NA,Not classified,False,WorldPop Total Population 1km ArcGIS ImageServer,World Bank country income classification mapped to vulnerability weights,Natural Earth country boundaries via datasets/geo-countries,not used for RQ2 exposure rerun
58.5,-30.0,0.0,0.5,UNASSIGNED,Unassigned/ocean,NA,Not classified,False,WorldPop Total Population 1km ArcGIS ImageServer,World Bank country income classification mapped to vulnerability weights,Natural Earth country boundaries via datasets/geo-countries,not used for RQ2 exposure rerun
58.5,-29.25,0.0,0.5,UNASSIGNED,Unassigned/ocean,NA,Not classified,False,WorldPop Total Population 1km ArcGIS ImageServer,World Bank country income classification mapped to vulnerability weights,Natural Earth country boundaries via datasets/geo-countries,not used for RQ2 exposure rerun
58.5,-28.5,0.0,0.5,UNASSIGNED,Unassigned/ocean,NA,Not classified,False,WorldPop Total Population 1km ArcGIS ImageServer,World Bank country income classification mapped to vulnerability weights,Natural Earth country boundaries via datasets/geo-countries,not used for RQ2 exposure rerun
58.5,-27.75,0.0,0.5,UNASSIGNED,Unassigned/ocean,NA,Not classified,False,WorldPop Total Population 1km ArcGIS ImageServer,World Bank country income classification mapped to vulnerability weights,Natural Earth country boundaries via datasets/geo-countries,not used for RQ2 exposure rerun
58.5,-27.0,0.0,0.5,UNASSIGNED,Unassigned/ocean,NA,Not classified,False,WorldPop Total Population 1km ArcGIS ImageServer,World Bank country income classification mapped to vulnerability weights,Natural Earth country boundaries via datasets/geo-countries,not used for RQ2 exposure rerun
58.5,-26.25,0.0,0.5,UNASSIGNED,Unassigned/ocean,NA,Not classified,False,WorldPop Total Population 1km ArcGIS ImageServer,World Bank country income classification mapped to vulnerability weights,Natural Earth country boundaries via datasets/geo-countries,not used for RQ2 exposure rerun
58.5,-25.5,0.0,0.5,UNASSIGNED,Unassigned/ocean,NA,Not classified,False,WorldPop Total Population 1km ArcGIS ImageServer,World Bank country income classification mapped to vulnerability weights,Natural Earth country boundaries via datasets/geo-countries,not used for RQ2 exposure rerun
58.5,-24.75,0.0,0.5,UNASSIGNED,Unassigned/ocean,NA,Not classified,False,WorldPop Total Population 1km ArcGIS ImageServer,World Bank country income classification mapped to vulnerability weights,Natural Earth country boundaries via datasets/geo-countries,not used for RQ2 exposure rerun
58.5,-24.0,0.0,0.5,UNASSIGNED,Unassigned/ocean,NA,Not classified,False,WorldPop Total Population 1km ArcGIS ImageServer,World Bank country income classification mapped to vulnerability weights,Natural Earth country boundaries via datasets/geo-countries,not used for RQ2 exposure rerun
58.5,-23.25,0.0,0.5,UNASSIGNED,Unassigned/ocean,NA,Not classified,False,WorldPop Total Population 1km ArcGIS ImageServer,World Bank country income classification mapped to vulnerability weights,Natural Earth country boundaries via datasets/geo-countries,not used for RQ2 exposure rerun
58.5,-22.5,0.0,0.5,UNASSIGNED,Unassigned/ocean,NA,Not classified,False,WorldPop Total Population 1km ArcGIS ImageServer,World Bank country income classification mapped to vulnerability weights,Natural Earth country boundaries via datasets/geo-countries,not used for RQ2 exposure rerun
58.5,-21.75,0.0,0.5,UNASSIGNED,Unassigned/ocean,NA,Not classified,False,WorldPop Total Population 1km ArcGIS ImageServer,World Bank country income classification mapped to vulnerability weights,Natural Earth country boundaries via datasets/geo-countries,not used for RQ2 exposure rerun
58.5,-21.0,0.0,0.5,UNASSIGNED,Unassigned/ocean,NA,Not classified,False,WorldPop Total Population 1km ArcGIS ImageServer,World Bank country income classification mapped to vulnerability weights,Natural Earth country boundaries via datasets/geo-countries,not used for RQ2 exposure rerun
58.5,-20.25,0.0,0.5,UNASSIGNED,Unassigned/ocean,NA,Not classified,False,WorldPop Total Population 1km ArcGIS ImageServer,World Bank country income classification mapped to vulnerability weights,Natural Earth country boundaries via datasets/geo-countries,not used for RQ2 exposure rerun
58.5,-19.5,0.0,0.5,UNASSIGNED,Unassigned/ocean,NA,Not classified,False,WorldPop Total Population 1km ArcGIS ImageServer,World Bank country income classification mapped to vulnerability weights,Natural Earth country boundaries via datasets/geo-countries,not used for RQ2 exposure rerun
58.5,-18.75,0.0,0.5,UNASSIGNED,Unassigned/ocean,NA,Not classified,False,WorldPop Total Population 1km ArcGIS ImageServer,World Bank country income classification mapped to vulnerability weights,Natural Earth country boundaries via datasets/geo-countries,not used for RQ2 exposure rerun
58.5,-18.0,0.0,0.5,UNASSIGNED,Unassigned/ocean,NA,Not classified,False,WorldPop Total Population 1km ArcGIS ImageServer,World Bank country income classification mapped to vulnerability weights,Natural Earth country boundaries via datasets/geo-countries,not used for RQ2 exposure rerun
58.5,-17.25,0.0,0.5,UNASSIGNED,Unassigned/ocean,NA,Not classified,False,WorldPop Total Population 1km ArcGIS ImageServer,World Bank country income classification mapped to vulnerability weights,Natural Earth country boundaries via datasets/geo-countries,not used for RQ2 exposure rerun
58.5,-16.5,0.0,0.5,UNASSIGNED,Unassigned/ocean,NA,Not classified,False,WorldPop Total Population 1km ArcGIS ImageServer,World Bank country income classification mapped to vulnerability weights,Natural Earth country boundaries via datasets/geo-countries,not used for RQ2 exposure rerun
58.5,-15.75,0.0,0.5,UNASSIGNED,Unassigned/ocean,NA,Not classified,False,WorldPop Total Population 1km ArcGIS ImageServer,World Bank country income classification mapped to vulnerability weights,Natural Earth country boundaries via datasets/geo-countries,not used for RQ2 exposure rerun
58.5,-12.75,0.0,0.5,UNASSIGNED,Unassigned/ocean,NA,Not classified,False,WorldPop Total Population 1km ArcGIS ImageServer,World Bank country income classification mapped to vulnerability weights,Natural Earth country boundaries via datasets/geo-countries,not used for RQ2 exposure rerun
59.25,-30.0,0.0,0.5,UNASSIGNED,Unassigned/ocean,NA,Not classified,False,WorldPop Total Population 1km ArcGIS ImageServer,World Bank country income classification mapped to vulnerability weights,Natural Earth country boundaries via datasets/geo-countries,not used for RQ2 exposure rerun
59.25,-28.5,0.0,0.5,UNASSIGNED,Unassigned/ocean,NA,Not classified,False,WorldPop Total Population 1km ArcGIS ImageServer,World Bank country income classification mapped to vulnerability weights,Natural Earth country boundaries via datasets/geo-countries,not used for RQ2 exposure rerun
59.25,-27.0,0.0,0.5,UNASSIGNED,Unassigned/ocean,NA,Not classified,False,WorldPop Total Population 1km ArcGIS ImageServer,World Bank country income classification mapped to vulnerability weights,Natural Earth country boundaries via datasets/geo-countries,not used for RQ2 exposure rerun
59.25,-26.25,0.0,0.5,UNASSIGNED,Unassigned/ocean,NA,Not classified,False,WorldPop Total Population 1km ArcGIS ImageServer,World Bank country income classification mapped to vulnerability weights,Natural Earth country boundaries via datasets/geo-countries,not used for RQ2 exposure rerun
59.25,-25.5,0.0,0.5,UNASSIGNED,Unassigned/ocean,NA,Not classified,False,WorldPop Total Population 1km ArcGIS ImageServer,World Bank country income classification mapped to vulnerability weights,Natural Earth country boundaries via datasets/geo-countries,not used for RQ2 exposure rerun
59.25,-24.75,0.0,0.5,UNASSIGNED,Unassigned/ocean,NA,Not classified,False,WorldPop Total Population 1km ArcGIS ImageServer,World Bank country income classification mapped to vulnerability weights,Natural Earth country boundaries via datasets/geo-countries,not used for RQ2 exposure rerun
59.25,-24.0,0.0,0.5,UNASSIGNED,Unassigned/ocean,NA,Not classified,False,WorldPop Total Population 1km ArcGIS ImageServer,World Bank country income classification mapped to vulnerability weights,Natural Earth country boundaries via datasets/geo-countries,not used for RQ2 exposure rerun
59.25,-23.25,0.0,0.5,UNASSIGNED,Unassigned/ocean,NA,Not classified,False,WorldPop Total Population 1km ArcGIS ImageServer,World Bank country income classification mapped to vulnerability weights,Natural Earth country boundaries via datasets/geo-countries,not used for RQ2 exposure rerun
59.25,-22.5,0.0,0.5,UNASSIGNED,Unassigned/ocean,NA,Not classified,False,WorldPop Total Population 1km ArcGIS ImageServer,World Bank country income classification mapped to vulnerability weights,Natural Earth country boundaries via datasets/geo-countries,not used for RQ2 exposure rerun
59.25,-21.75,0.0,0.5,UNASSIGNED,Unassigned/ocean,NA,Not classified,False,WorldPop Total Population 1km ArcGIS ImageServer,World Bank country income classification mapped to vulnerability weights,Natural Earth country boundaries via datasets/geo-countries,not used for RQ2 exposure rerun
59.25,-21.0,0.0,0.5,UNASSIGNED,Unassigned/ocean,NA,Not classified,False,WorldPop Total Population 1km ArcGIS ImageServer,World Bank country income classification mapped to vulnerability weights,Natural Earth country boundaries via datasets/geo-countries,not used for RQ2 exposure rerun
59.25,-20.25,0.0,0.5,UNASSIGNED,Unassigned/ocean,NA,Not classified,False,WorldPop Total Population 1km ArcGIS ImageServer,World Bank country income classification mapped to vulnerability weights,Natural Earth country boundaries via datasets/geo-countries,not used for RQ2 exposure rerun
59.25,-19.5,0.0,0.5,UNASSIGNED,Unassigned/ocean,NA,Not classified,False,WorldPop Total Population 1km ArcGIS ImageServer,World Bank country income classification mapped to vulnerability weights,Natural Earth country boundaries via datasets/geo-countries,not used for RQ2 exposure rerun
59.25,-18.75,0.0,0.5,UNASSIGNED,Unassigned/ocean,NA,Not classified,False,WorldPop Total Population 1km ArcGIS ImageServer,World Bank country income classification mapped to vulnerability weights,Natural Earth country boundaries via datasets/geo-countries,not used for RQ2 exposure rerun
59.25,-16.5,0.0,0.5,UNASSIGNED,Unassigned/ocean,NA,Not classified,False,WorldPop Total Population 1km ArcGIS ImageServer,World Bank country income classification mapped to vulnerability weights,Natural Earth country boundaries via datasets/geo-countries,not used for RQ2 exposure rerun
59.25,-15.75,0.0,0.5,UNASSIGNED,Unassigned/ocean,NA,Not classified,False,WorldPop Total Population 1km ArcGIS ImageServer,World Bank country income classification mapped to vulnerability weights,Natural Earth country boundaries via datasets/geo-countries,not used for RQ2 exposure rerun
59.25,-15.0,0.0,0.5,UNASSIGNED,Unassigned/ocean,NA,Not classified,False,WorldPop Total Population 1km ArcGIS ImageServer,World Bank country income classification mapped to vulnerability weights,Natural Earth country boundaries via datasets/geo-countries,not used for RQ2 exposure rerun
60.0,-30.75,0.0,0.5,UNASSIGNED,Unassigned/ocean,NA,Not classified,False,WorldPop Total Population 1km ArcGIS ImageServer,World Bank country income classification mapped to vulnerability weights,Natural Earth country boundaries via datasets/geo-countries,not used for RQ2 exposure rerun
60.0,-30.0,0.0,0.5,UNASSIGNED,Unassigned/ocean,NA,Not classified,False,WorldPop Total Population 1km ArcGIS ImageServer,World Bank country income classification mapped to vulnerability weights,Natural Earth country boundaries via datasets/geo-countries,not used for RQ2 exposure rerun
60.0,-29.25,0.0,0.5,UNASSIGNED,Unassigned/ocean,NA,Not classified,False,WorldPop Total Population 1km ArcGIS ImageServer,World Bank country income classification mapped to vulnerability weights,Natural Earth country boundaries via datasets/geo-countries,not used for RQ2 exposure rerun
60.0,-27.0,0.0,0.5,UNASSIGNED,Unassigned/ocean,NA,Not classified,False,WorldPop Total Population 1km ArcGIS ImageServer,World Bank country income classification mapped to vulnerability weights,Natural Earth country boundaries via datasets/geo-countries,not used for RQ2 exposure rerun
60.0,-26.25,0.0,0.5,UNASSIGNED,Unassigned/ocean,NA,Not classified,False,WorldPop Total Population 1km ArcGIS ImageServer,World Bank country income classification mapped to vulnerability weights,Natural Earth country boundaries via datasets/geo-countries,not used for RQ2 exposure rerun
60.0,-24.75,0.0,0.5,UNASSIGNED,Unassigned/ocean,NA,Not classified,False,WorldPop Total Population 1km ArcGIS ImageServer,World Bank country income classification mapped to vulnerability weights,Natural Earth country boundaries via datasets/geo-countries,not used for RQ2 exposure rerun
60.0,-24.0,0.0,0.5,UNASSIGNED,Unassigned/ocean,NA,Not classified,False,WorldPop Total Population 1km ArcGIS ImageServer,World Bank country income classification mapped to vulnerability weights,Natural Earth country boundaries via datasets/geo-countries,not used for RQ2 exposure rerun
60.0,-23.25,0.0,0.5,UNASSIGNED,Unassigned/ocean,NA,Not classified,False,WorldPop Total Population 1km ArcGIS ImageServer,World Bank country income classification mapped to vulnerability weights,Natural Earth country boundaries via datasets/geo-countries,not used for RQ2 exposure rerun
60.0,-22.5,0.0,0.5,UNASSIGNED,Unassigned/ocean,NA,Not classified,False,WorldPop Total Population 1km ArcGIS ImageServer,World Bank country income classification mapped to vulnerability weights,Natural Earth country boundaries via datasets/geo-countries,not used for RQ2 exposure rerun
60.0,-21.75,0.0,0.5,UNASSIGNED,Unassigned/ocean,NA,Not classified,False,WorldPop Total Population 1km ArcGIS ImageServer,World Bank country income classification mapped to vulnerability weights,Natural Earth country boundaries via datasets/geo-countries,not used for RQ2 exposure rerun
60.0,-21.0,0.0,0.5,UNASSIGNED,Unassigned/ocean,NA,Not classified,False,WorldPop Total Population 1km ArcGIS ImageServer,World Bank country income classification mapped to vulnerability weights,Natural Earth country boundaries via datasets/geo-countries,not used for RQ2 exposure rerun
60.0,-20.25,0.0,0.5,UNASSIGNED,Unassigned/ocean,NA,Not classified,False,WorldPop Total Population 1km ArcGIS ImageServer,World Bank country income classification mapped to vulnerability weights,Natural Earth country boundaries via datasets/geo-countries,not used for RQ2 exposure rerun
60.0,-18.75,0.0,0.5,UNASSIGNED,Unassigned/ocean,NA,Not classified,False,WorldPop Total Population 1km ArcGIS ImageServer,World Bank country income classification mapped to vulnerability weights,Natural Earth country boundaries via datasets/geo-countries,not used for RQ2 exposure rerun
60.0,-17.25,0.0,0.5,UNASSIGNED,Unassigned/ocean,NA,Not classified,False,WorldPop Total Population 1km ArcGIS ImageServer,World Bank country income classification mapped to vulnerability weights,Natural Earth country boundaries via datasets/geo-countries,not used for RQ2 exposure rerun
60.0,-16.5,0.0,0.5,UNASSIGNED,Unassigned/ocean,NA,Not classified,False,WorldPop Total Population 1km ArcGIS ImageServer,World Bank country income classification mapped to vulnerability weights,Natural Earth country boundaries via datasets/geo-countries,not used for RQ2 exposure rerun
60.0,-15.75,0.0,0.5,UNASSIGNED,Unassigned/ocean,NA,Not classified,False,WorldPop Total Population 1km ArcGIS ImageServer,World Bank country income classification mapped to vulnerability weights,Natural Earth country boundaries via datasets/geo-countries,not used for RQ2 exposure rerun
60.0,-14.25,0.0,0.5,UNASSIGNED,Unassigned/ocean,NA,Not classified,False,WorldPop Total Population 1km ArcGIS ImageServer,World Bank country income classification mapped to vulnerability weights,Natural Earth country boundaries via datasets/geo-countries,not used for RQ2 exposure rerun
60.0,-12.75,0.0,0.5,UNASSIGNED,Unassigned/ocean,NA,Not classified,False,WorldPop Total Population 1km ArcGIS ImageServer,World Bank country income classification mapped to vulnerability weights,Natural Earth country boundaries via datasets/geo-countries,not used for RQ2 exposure rerun
60.75,-28.5,0.0,0.5,UNASSIGNED,Unassigned/ocean,NA,Not classified,False,WorldPop Total Population 1km ArcGIS ImageServer,World Bank country income classification mapped to vulnerability weights,Natural Earth country boundaries via datasets/geo-countries,not used for RQ2 exposure rerun
60.75,-25.5,0.0,0.5,UNASSIGNED,Unassigned/ocean,NA,Not classified,False,WorldPop Total Population 1km ArcGIS ImageServer,World Bank country income classification mapped to vulnerability weights,Natural Earth country boundaries via datasets/geo-countries,not used for RQ2 exposure rerun
60.75,-24.75,0.0,0.5,UNASSIGNED,Unassigned/ocean,NA,Not classified,False,WorldPop Total Population 1km ArcGIS ImageServer,World Bank country income classification mapped to vulnerability weights,Natural Earth country boundaries via datasets/geo-countries,not used for RQ2 exposure rerun
60.75,-24.0,0.0,0.5,UNASSIGNED,Unassigned/ocean,NA,Not classified,False,WorldPop Total Population 1km ArcGIS ImageServer,World Bank country income classification mapped to vulnerability weights,Natural Earth country boundaries via datasets/geo-countries,not used for RQ2 exposure rerun
60.75,-23.25,0.0,0.5,UNASSIGNED,Unassigned/ocean,NA,Not classified,False,WorldPop Total Population 1km ArcGIS ImageServer,World Bank country income classification mapped to vulnerability weights,Natural Earth country boundaries via datasets/geo-countries,not used for RQ2 exposure rerun
60.75,-21.75,0.0,0.5,UNASSIGNED,Unassigned/ocean,NA,Not classified,False,WorldPop Total Population 1km ArcGIS ImageServer,World Bank country income classification mapped to vulnerability weights,Natural Earth country boundaries via datasets/geo-countries,not used for RQ2 exposure rerun
60.75,-20.25,0.0,0.5,UNASSIGNED,Unassigned/ocean,NA,Not classified,False,WorldPop Total Population 1km ArcGIS ImageServer,World Bank country income classification mapped to vulnerability weights,Natural Earth country boundaries via datasets/geo-countries,not used for RQ2 exposure rerun
60.75,-19.5,0.0,0.5,UNASSIGNED,Unassigned/ocean,NA,Not classified,False,WorldPop Total Population 1km ArcGIS ImageServer,World Bank country income classification mapped to vulnerability weights,Natural Earth country boundaries via datasets/geo-countries,not used for RQ2 exposure rerun
60.75,-18.0,0.0,0.5,UNASSIGNED,Unassigned/ocean,NA,Not classified,False,WorldPop Total Population 1km ArcGIS ImageServer,World Bank country income classification mapped to vulnerability weights,Natural Earth country boundaries via datasets/geo-countries,not used for RQ2 exposure rerun
60.75,-17.25,0.0,0.5,UNASSIGNED,Unassigned/ocean,NA,Not classified,False,WorldPop Total Population 1km ArcGIS ImageServer,World Bank country income classification mapped to vulnerability weights,Natural Earth country boundaries via datasets/geo-countries,not used for RQ2 exposure rerun
60.75,-16.5,0.0,0.5,UNASSIGNED,Unassigned/ocean,NA,Not classified,False,WorldPop Total Population 1km ArcGIS ImageServer,World Bank country income classification mapped to vulnerability weights,Natural Earth country boundaries via datasets/geo-countries,not used for RQ2 exposure rerun
60.75,-14.25,0.0,0.5,UNASSIGNED,Unassigned/ocean,NA,Not classified,False,WorldPop Total Population 1km ArcGIS ImageServer,World Bank country income classification mapped to vulnerability weights,Natural Earth country boundaries via datasets/geo-countries,not used for RQ2 exposure rerun
60.75,-10.5,0.0,0.5,UNASSIGNED,Unassigned/ocean,NA,Not classified,False,WorldPop Total Population 1km ArcGIS ImageServer,World Bank country income classification mapped to vulnerability weights,Natural Earth country boundaries via datasets/geo-countries,not used for RQ2 exposure rerun
61.5,-29.25,0.0,0.5,UNASSIGNED,Unassigned/ocean,NA,Not classified,False,WorldPop Total Population 1km ArcGIS ImageServer,World Bank country income classification mapped to vulnerability weights,Natural Earth country boundaries via datasets/geo-countries,not used for RQ2 exposure rerun
61.5,-24.75,0.0,0.5,UNASSIGNED,Unassigned/ocean,NA,Not classified,False,WorldPop Total Population 1km ArcGIS ImageServer,World Bank country income classification mapped to vulnerability weights,Natural Earth country boundaries via datasets/geo-countries,not used for RQ2 exposure rerun
61.5,-24.0,0.0,0.5,UNASSIGNED,Unassigned/ocean,NA,Not classified,False,WorldPop Total Population 1km ArcGIS ImageServer,World Bank country income classification mapped to vulnerability weights,Natural Earth country boundaries via datasets/geo-countries,not used for RQ2 exposure rerun
61.5,-23.25,0.0,0.5,UNASSIGNED,Unassigned/ocean,NA,Not classified,False,WorldPop Total Population 1km ArcGIS ImageServer,World Bank country income classification mapped to vulnerability weights,Natural Earth country boundaries via datasets/geo-countries,not used for RQ2 exposure rerun
61.5,-22.5,0.0,0.5,UNASSIGNED,Unassigned/ocean,NA,Not classified,False,WorldPop Total Population 1km ArcGIS ImageServer,World Bank country income classification mapped to vulnerability weights,Natural Earth country boundaries via datasets/geo-countries,not used for RQ2 exposure rerun
61.5,-20.25,0.0,0.5,UNASSIGNED,Unassigned/ocean,NA,Not classified,False,WorldPop Total Population 1km ArcGIS ImageServer,World Bank country income classification mapped to vulnerability weights,Natural Earth country boundaries via datasets/geo-countries,not used for RQ2 exposure rerun
61.5,-16.5,0.0,0.5,UNASSIGNED,Unassigned/ocean,NA,Not classified,False,WorldPop Total Population 1km ArcGIS ImageServer,World Bank country income classification mapped to vulnerability weights,Natural Earth country boundaries via datasets/geo-countries,not used for RQ2 exposure rerun
61.5,-14.25,0.0,0.5,UNASSIGNED,Unassigned/ocean,NA,Not classified,False,WorldPop Total Population 1km ArcGIS ImageServer,World Bank country income classification mapped to vulnerability weights,Natural Earth country boundaries via datasets/geo-countries,not used for RQ2 exposure rerun
