cyclone_id,forecast_time,horizon_h,member_count,mean_track_error_km,representation,nominal_level,covered,area_km2
DITWAH,2025-11-27 12:00:00,6,51,65.25589217664943,Fixed-radius region,,0,1963.4928890086885
DITWAH,2025-11-27 12:00:00,6,51,65.25589217664943,P50 percentile cone,0.5,1,37552.78985391424
DITWAH,2025-11-27 12:00:00,6,51,65.25589217664943,P50 covariance ellipse,0.5,0,13509.770555368184
DITWAH,2025-11-27 12:00:00,6,51,65.25589217664943,P90 percentile cone,0.9,1,72144.94871967546
DITWAH,2025-11-27 12:00:00,6,51,65.25589217664943,P90 covariance ellipse,0.9,1,44878.48636335961
DITWAH,2025-11-27 18:00:00,6,51,72.29492762009264,Fixed-radius region,,0,1963.4928890086885
DITWAH,2025-11-27 18:00:00,6,51,72.29492762009264,P50 percentile cone,0.5,1,20856.671024264306
DITWAH,2025-11-27 18:00:00,6,51,72.29492762009264,P50 covariance ellipse,0.5,0,18846.290594757353
DITWAH,2025-11-27 18:00:00,6,51,72.29492762009264,P90 percentile cone,0.9,1,114203.76075656177
DITWAH,2025-11-27 18:00:00,6,51,72.29492762009264,P90 covariance ellipse,0.9,1,62606.022211135896
DITWAH,2025-11-28 00:00:00,6,51,53.1186463013349,Fixed-radius region,,0,1963.4928890086885
DITWAH,2025-11-28 00:00:00,6,51,53.1186463013349,P50 percentile cone,0.5,1,16587.890550986038
DITWAH,2025-11-28 00:00:00,6,51,53.1186463013349,P50 covariance ellipse,0.5,1,10942.420252872245
DITWAH,2025-11-28 00:00:00,6,51,53.1186463013349,P90 percentile cone,0.9,1,69153.93631255625
DITWAH,2025-11-28 00:00:00,6,51,53.1186463013349,P90 covariance ellipse,0.9,1,36349.933264080784
DITWAH,2025-11-28 06:00:00,6,51,9.401144952882213,Fixed-radius region,,1,1963.4928890086885
DITWAH,2025-11-28 06:00:00,6,51,9.401144952882213,P50 percentile cone,0.5,1,24723.723750554167
DITWAH,2025-11-28 06:00:00,6,51,9.401144952882213,P50 covariance ellipse,0.5,1,16639.839575911767
DITWAH,2025-11-28 06:00:00,6,51,9.401144952882213,P90 percentile cone,0.9,1,97312.09914063607
DITWAH,2025-11-28 06:00:00,6,51,9.401144952882213,P90 covariance ellipse,0.9,1,55276.3505816399
DITWAH,2025-11-28 12:00:00,6,51,22.1798104373686,Fixed-radius region,,1,1963.4928890086885
DITWAH,2025-11-28 12:00:00,6,51,22.1798104373686,P50 percentile cone,0.5,1,26147.776829917093
DITWAH,2025-11-28 12:00:00,6,51,22.1798104373686,P50 covariance ellipse,0.5,1,14170.136680677375
DITWAH,2025-11-28 12:00:00,6,51,22.1798104373686,P90 percentile cone,0.9,1,71190.03897661046
DITWAH,2025-11-28 12:00:00,6,51,22.1798104373686,P90 covariance ellipse,0.9,1,47072.17514793612
DITWAH,2025-11-28 18:00:00,6,51,32.995982145175184,Fixed-radius region,,0,1963.4928890086885
DITWAH,2025-11-28 18:00:00,6,51,32.995982145175184,P50 percentile cone,0.5,1,30283.91685109817
DITWAH,2025-11-28 18:00:00,6,51,32.995982145175184,P50 covariance ellipse,0.5,1,16837.456040508718
DITWAH,2025-11-28 18:00:00,6,51,32.995982145175184,P90 percentile cone,0.9,1,83947.52415820152
DITWAH,2025-11-28 18:00:00,6,51,32.995982145175184,P90 covariance ellipse,0.9,1,55932.818267396826
DITWAH,2025-11-29 00:00:00,6,51,58.30303658595426,Fixed-radius region,,0,1963.4928890086885
DITWAH,2025-11-29 00:00:00,6,51,58.30303658595426,P50 percentile cone,0.5,1,22653.656480432925
DITWAH,2025-11-29 00:00:00,6,51,58.30303658595426,P50 covariance ellipse,0.5,0,9337.00243150289
DITWAH,2025-11-29 00:00:00,6,51,58.30303658595426,P90 percentile cone,0.9,1,39760.90964399659
DITWAH,2025-11-29 00:00:00,6,51,58.30303658595426,P90 covariance ellipse,0.9,1,31016.850699241055
DITWAH,2025-11-29 06:00:00,6,51,40.95259661122615,Fixed-radius region,,0,1963.4928890086885
DITWAH,2025-11-29 06:00:00,6,51,40.95259661122615,P50 percentile cone,0.5,1,13656.493886222388
DITWAH,2025-11-29 06:00:00,6,51,40.95259661122615,P50 covariance ellipse,0.5,0,7148.602909581702
DITWAH,2025-11-29 06:00:00,6,51,40.95259661122615,P90 percentile cone,0.9,1,51416.26818005841
DITWAH,2025-11-29 06:00:00,6,51,40.95259661122615,P90 covariance ellipse,0.9,1,23747.144844532995
DITWAH,2025-11-29 12:00:00,6,51,36.34413049471824,Fixed-radius region,,0,1963.4928890086885
DITWAH,2025-11-29 12:00:00,6,51,36.34413049471824,P50 percentile cone,0.5,1,13165.43134469345
DITWAH,2025-11-29 12:00:00,6,51,36.34413049471824,P50 covariance ellipse,0.5,1,5300.103202250955
DITWAH,2025-11-29 12:00:00,6,51,36.34413049471824,P90 percentile cone,0.9,1,27101.712040993076
DITWAH,2025-11-29 12:00:00,6,51,36.34413049471824,P90 covariance ellipse,0.9,1,17606.561733359922
DITWAH,2025-11-29 18:00:00,6,51,23.399097651594552,Fixed-radius region,,1,1963.4928890086885
DITWAH,2025-11-29 18:00:00,6,51,23.399097651594552,P50 percentile cone,0.5,1,13950.502501027564
DITWAH,2025-11-29 18:00:00,6,51,23.399097651594552,P50 covariance ellipse,0.5,1,5040.768018932839
DITWAH,2025-11-29 18:00:00,6,51,23.399097651594552,P90 percentile cone,0.9,1,33089.71828807395
DITWAH,2025-11-29 18:00:00,6,51,23.399097651594552,P90 covariance ellipse,0.9,1,16745.06890190271
DITWAH,2025-11-30 00:00:00,6,51,35.64891107882229,Fixed-radius region,,0,1963.4928890086885
DITWAH,2025-11-30 00:00:00,6,51,35.64891107882229,P50 percentile cone,0.5,1,10451.90813171741
DITWAH,2025-11-30 00:00:00,6,51,35.64891107882229,P50 covariance ellipse,0.5,1,3995.294186278054
DITWAH,2025-11-30 00:00:00,6,51,35.64891107882229,P90 percentile cone,0.9,1,27065.81859596979
DITWAH,2025-11-30 00:00:00,6,51,35.64891107882229,P90 covariance ellipse,0.9,1,13272.080004737209
DITWAH,2025-11-30 06:00:00,6,51,30.54327517608389,Fixed-radius region,,0,1963.4928890086885
DITWAH,2025-11-30 06:00:00,6,51,30.54327517608389,P50 percentile cone,0.5,1,10805.069818679589
DITWAH,2025-11-30 06:00:00,6,51,30.54327517608389,P50 covariance ellipse,0.5,1,4737.291833318211
DITWAH,2025-11-30 06:00:00,6,51,30.54327517608389,P90 percentile cone,0.9,1,31360.872680914705
DITWAH,2025-11-30 06:00:00,6,51,30.54327517608389,P90 covariance ellipse,0.9,1,15736.94283478022
DITWAH,2025-11-30 12:00:00,6,49,3.8756783944235194,Fixed-radius region,,1,1963.4928890086885
DITWAH,2025-11-30 12:00:00,6,49,3.8756783944235194,P50 percentile cone,0.5,1,8015.823932728356
DITWAH,2025-11-30 12:00:00,6,49,3.8756783944235194,P50 covariance ellipse,0.5,1,3205.483702602022
DITWAH,2025-11-30 12:00:00,6,49,3.8756783944235194,P90 percentile cone,0.9,1,25134.932179759227
DITWAH,2025-11-30 12:00:00,6,49,3.8756783944235194,P90 covariance ellipse,0.9,1,10648.386369377222
DITWAH,2025-11-30 18:00:00,6,46,23.234234585202213,Fixed-radius region,,1,1963.4928890086885
DITWAH,2025-11-30 18:00:00,6,46,23.234234585202213,P50 percentile cone,0.5,1,8752.84554102019
DITWAH,2025-11-30 18:00:00,6,46,23.234234585202213,P50 covariance ellipse,0.5,1,3855.3146491339166
DITWAH,2025-11-30 18:00:00,6,46,23.234234585202213,P90 percentile cone,0.9,1,25721.788792456555
DITWAH,2025-11-30 18:00:00,6,46,23.234234585202213,P90 covariance ellipse,0.9,1,12807.07804758877
DITWAH,2025-12-01 00:00:00,6,31,29.074577160210506,Fixed-radius region,,0,1963.4928890086885
DITWAH,2025-12-01 00:00:00,6,31,29.074577160210506,P50 percentile cone,0.5,1,6573.2421438284855
DITWAH,2025-12-01 00:00:00,6,31,29.074577160210506,P50 covariance ellipse,0.5,0,3673.144669443426
DITWAH,2025-12-01 00:00:00,6,31,29.074577160210506,P90 percentile cone,0.9,1,32124.870905166783
DITWAH,2025-12-01 00:00:00,6,31,29.074577160210506,P90 covariance ellipse,0.9,1,12201.922474009869
DITWAH,2025-12-01 06:00:00,6,24,44.75997419042526,Fixed-radius region,,0,1963.4928890086885
DITWAH,2025-12-01 06:00:00,6,24,44.75997419042526,P50 percentile cone,0.5,1,9544.870161809566
DITWAH,2025-12-01 06:00:00,6,24,44.75997419042526,P50 covariance ellipse,0.5,0,2603.5987261678406
DITWAH,2025-12-01 06:00:00,6,24,44.75997419042526,P90 percentile cone,0.9,1,18705.307336494803
DITWAH,2025-12-01 06:00:00,6,24,44.75997419042526,P90 covariance ellipse,0.9,1,8648.967756269898
DITWAH,2025-12-01 12:00:00,6,9,60.44728094551612,Fixed-radius region,,0,1963.4928890086885
DITWAH,2025-12-01 12:00:00,6,9,60.44728094551612,P50 percentile cone,0.5,0,10211.286594267252
DITWAH,2025-12-01 12:00:00,6,9,60.44728094551612,P50 covariance ellipse,0.5,0,2815.224365649227
DITWAH,2025-12-01 12:00:00,6,9,60.44728094551612,P90 percentile cone,0.9,1,15717.157824029935
DITWAH,2025-12-01 12:00:00,6,9,60.44728094551612,P90 covariance ellipse,0.9,0,9351.972913661617
DITWAH,2025-12-01 18:00:00,6,8,33.00236286724208,Fixed-radius region,,0,1963.4928890086885
DITWAH,2025-12-01 18:00:00,6,8,33.00236286724208,P50 percentile cone,0.5,1,16825.059583706698
DITWAH,2025-12-01 18:00:00,6,8,33.00236286724208,P50 covariance ellipse,0.5,1,5123.915211513337
DITWAH,2025-12-01 18:00:00,6,8,33.00236286724208,P90 percentile cone,0.9,1,32579.4992382648
DITWAH,2025-12-01 18:00:00,6,8,33.00236286724208,P90 covariance ellipse,0.9,1,17021.277896946875
DITWAH,2025-12-02 00:00:00,6,1,21.72019996054758,Fixed-radius region,,1,1963.4928890086885
DITWAH,2025-12-02 00:00:00,6,1,21.72019996054758,P50 percentile cone,0.5,1,1963.4928890086885
DITWAH,2025-12-02 00:00:00,6,1,21.72019996054758,P90 percentile cone,0.9,1,1963.4928890086885
DITWAH,2025-12-02 06:00:00,6,2,24.752651821213313,Fixed-radius region,,1,1963.4928890086885
DITWAH,2025-12-02 06:00:00,6,2,24.752651821213313,P50 percentile cone,0.5,1,13199.66398583456
DITWAH,2025-12-02 06:00:00,6,2,24.752651821213313,P90 percentile cone,0.9,1,13201.835485129322
DITWAH,2025-12-02 12:00:00,6,11,9.568936342313364,Fixed-radius region,,1,1963.4928890086885
DITWAH,2025-12-02 12:00:00,6,11,9.568936342313364,P50 percentile cone,0.5,1,6610.040596293109
DITWAH,2025-12-02 12:00:00,6,11,9.568936342313364,P50 covariance ellipse,0.5,1,1696.5002121634805
DITWAH,2025-12-02 12:00:00,6,11,9.568936342313364,P90 percentile cone,0.9,1,12466.698822084158
DITWAH,2025-12-02 12:00:00,6,11,9.568936342313364,P90 covariance ellipse,0.9,1,5635.651717768235
DUDZAI,2026-01-15 06:00:00,6,51,33.150318033131725,Fixed-radius region,,0,1963.4928890086885
DUDZAI,2026-01-15 06:00:00,6,51,33.150318033131725,P50 percentile cone,0.5,1,10074.883822826518
DUDZAI,2026-01-15 06:00:00,6,51,33.150318033131725,P50 covariance ellipse,0.5,1,4074.7935793946626
DUDZAI,2026-01-15 06:00:00,6,51,33.150318033131725,P90 percentile cone,0.9,1,30606.425454980585
DUDZAI,2026-01-15 06:00:00,6,51,33.150318033131725,P90 covariance ellipse,0.9,1,13536.171272257765
FINA,2025-11-18 18:00:00,6,51,58.21749205603768,Fixed-radius region,,0,1963.4928890086885
FINA,2025-11-18 18:00:00,6,51,58.21749205603768,P50 percentile cone,0.5,1,18181.973651588025
FINA,2025-11-18 18:00:00,6,51,58.21749205603768,P50 covariance ellipse,0.5,0,6043.2823419325005
FINA,2025-11-18 18:00:00,6,51,58.21749205603768,P90 percentile cone,0.9,1,32260.023489014537
FINA,2025-11-18 18:00:00,6,51,58.21749205603768,P90 covariance ellipse,0.9,1,20075.349397002265
FINA,2025-11-19 00:00:00,6,51,44.44024738402551,Fixed-radius region,,0,1963.4928890086885
FINA,2025-11-19 00:00:00,6,51,44.44024738402551,P50 percentile cone,0.5,1,13048.410948935081
FINA,2025-11-19 00:00:00,6,51,44.44024738402551,P50 covariance ellipse,0.5,0,3397.6774216430904
FINA,2025-11-19 00:00:00,6,51,44.44024738402551,P90 percentile cone,0.9,1,24940.622433418972
FINA,2025-11-19 00:00:00,6,51,44.44024738402551,P90 covariance ellipse,0.9,1,11286.840084320635
FINA,2025-11-19 06:00:00,6,51,9.522474455578125,Fixed-radius region,,1,1963.4928890086885
FINA,2025-11-19 06:00:00,6,51,9.522474455578125,P50 percentile cone,0.5,1,14768.51232250098
FINA,2025-11-19 06:00:00,6,51,9.522474455578125,P50 covariance ellipse,0.5,1,4864.600160516147
FINA,2025-11-19 06:00:00,6,51,9.522474455578125,P90 percentile cone,0.9,1,30665.7806487239
FINA,2025-11-19 06:00:00,6,51,9.522474455578125,P90 covariance ellipse,0.9,1,16159.851943612159
FINA,2025-11-19 12:00:00,6,51,34.4042295417896,Fixed-radius region,,0,1963.4928890086885
FINA,2025-11-19 12:00:00,6,51,34.4042295417896,P50 percentile cone,0.5,1,11599.982566183293
FINA,2025-11-19 12:00:00,6,51,34.4042295417896,P50 covariance ellipse,0.5,0,2633.9758158662953
FINA,2025-11-19 12:00:00,6,51,34.4042295417896,P90 percentile cone,0.9,1,17863.40781851015
FINA,2025-11-19 12:00:00,6,51,34.4042295417896,P90 covariance ellipse,0.9,1,8749.878263980108
FINA,2025-11-19 18:00:00,6,51,8.08319780745814,Fixed-radius region,,1,1963.4928890086885
FINA,2025-11-19 18:00:00,6,51,8.08319780745814,P50 percentile cone,0.5,1,13900.942042590686
FINA,2025-11-19 18:00:00,6,51,8.08319780745814,P50 covariance ellipse,0.5,1,4018.1140087174663
FINA,2025-11-19 18:00:00,6,51,8.08319780745814,P90 percentile cone,0.9,1,30604.06853039928
FINA,2025-11-19 18:00:00,6,51,8.08319780745814,P90 covariance ellipse,0.9,1,13347.885814019033
FINA,2025-11-20 00:00:00,6,51,29.31741918305577,Fixed-radius region,,0,1963.4928890086885
FINA,2025-11-20 00:00:00,6,51,29.31741918305577,P50 percentile cone,0.5,1,9795.519133974194
FINA,2025-11-20 00:00:00,6,51,29.31741918305577,P50 covariance ellipse,0.5,1,2851.0598428249777
FINA,2025-11-20 00:00:00,6,51,29.31741918305577,P90 percentile cone,0.9,1,18305.66159649509
FINA,2025-11-20 00:00:00,6,51,29.31741918305577,P90 covariance ellipse,0.9,1,9471.01579208544
FINA,2025-11-20 06:00:00,6,51,13.874709514047211,Fixed-radius region,,1,1963.4928890086885
FINA,2025-11-20 06:00:00,6,51,13.874709514047211,P50 percentile cone,0.5,1,13705.836827842024
FINA,2025-11-20 06:00:00,6,51,13.874709514047211,P50 covariance ellipse,0.5,1,4560.863955100922
FINA,2025-11-20 06:00:00,6,51,13.874709514047211,P90 percentile cone,0.9,1,42241.20405832478
FINA,2025-11-20 06:00:00,6,51,13.874709514047211,P90 covariance ellipse,0.9,1,15150.862109408845
FINA,2025-11-20 12:00:00,6,51,43.01613471533965,Fixed-radius region,,0,1963.4928890086885
FINA,2025-11-20 12:00:00,6,51,43.01613471533965,P50 percentile cone,0.5,1,11886.41450492755
FINA,2025-11-20 12:00:00,6,51,43.01613471533965,P50 covariance ellipse,0.5,0,4040.8285494067636
FINA,2025-11-20 12:00:00,6,51,43.01613471533965,P90 percentile cone,0.9,1,23257.70374327854
FINA,2025-11-20 12:00:00,6,51,43.01613471533965,P90 covariance ellipse,0.9,1,13423.341884897272
FINA,2025-11-20 18:00:00,6,51,1.35896271577559,Fixed-radius region,,1,1963.4928890086885
FINA,2025-11-20 18:00:00,6,51,1.35896271577559,P50 percentile cone,0.5,1,13380.899444170123
FINA,2025-11-20 18:00:00,6,51,1.35896271577559,P50 covariance ellipse,0.5,1,4836.6414294247215
FINA,2025-11-20 18:00:00,6,51,1.35896271577559,P90 percentile cone,0.9,1,24633.693223106693
FINA,2025-11-20 18:00:00,6,51,1.35896271577559,P90 covariance ellipse,0.9,1,16066.975049302151
FINA,2025-11-21 00:00:00,6,51,20.5645905383102,Fixed-radius region,,1,1963.4928890086885
FINA,2025-11-21 00:00:00,6,51,20.5645905383102,P50 percentile cone,0.5,1,12217.842496321768
FINA,2025-11-21 00:00:00,6,51,20.5645905383102,P50 covariance ellipse,0.5,1,3682.3047918229195
FINA,2025-11-21 00:00:00,6,51,20.5645905383102,P90 percentile cone,0.9,1,20149.12898875683
FINA,2025-11-21 00:00:00,6,51,20.5645905383102,P90 covariance ellipse,0.9,1,12232.351741894914
FINA,2025-11-21 06:00:00,6,51,11.771732423206116,Fixed-radius region,,1,1963.4928890086885
FINA,2025-11-21 06:00:00,6,51,11.771732423206116,P50 percentile cone,0.5,1,13149.76762985165
FINA,2025-11-21 06:00:00,6,51,11.771732423206116,P50 covariance ellipse,0.5,1,5185.095713258591
FINA,2025-11-21 06:00:00,6,51,11.771732423206116,P90 percentile cone,0.9,1,32442.692484539093
FINA,2025-11-21 06:00:00,6,51,11.771732423206116,P90 covariance ellipse,0.9,1,17224.515124553734
FINA,2025-11-21 12:00:00,6,51,33.456821548372034,Fixed-radius region,,0,1963.4928890086885
FINA,2025-11-21 12:00:00,6,51,33.456821548372034,P50 percentile cone,0.5,1,8171.248541673831
FINA,2025-11-21 12:00:00,6,51,33.456821548372034,P50 covariance ellipse,0.5,0,2192.264505097401
FINA,2025-11-21 12:00:00,6,51,33.456821548372034,P90 percentile cone,0.9,1,19064.56842488576
FINA,2025-11-21 12:00:00,6,51,33.456821548372034,P90 covariance ellipse,0.9,1,7282.545050907395
FINA,2025-11-21 18:00:00,6,51,22.197361375712813,Fixed-radius region,,1,1963.4928890086885
FINA,2025-11-21 18:00:00,6,51,22.197361375712813,P50 percentile cone,0.5,1,10735.375053413229
FINA,2025-11-21 18:00:00,6,51,22.197361375712813,P50 covariance ellipse,0.5,1,4025.1666427358487
FINA,2025-11-21 18:00:00,6,51,22.197361375712813,P90 percentile cone,0.9,1,25920.874709527714
FINA,2025-11-21 18:00:00,6,51,22.197361375712813,P90 covariance ellipse,0.9,1,13371.314157107656
FINA,2025-11-22 00:00:00,6,51,17.883561207922693,Fixed-radius region,,1,1963.4928890086885
FINA,2025-11-22 00:00:00,6,51,17.883561207922693,P50 percentile cone,0.5,1,8265.64970614365
FINA,2025-11-22 00:00:00,6,51,17.883561207922693,P50 covariance ellipse,0.5,1,2676.6807639080125
FINA,2025-11-22 00:00:00,6,51,17.883561207922693,P90 percentile cone,0.9,1,24413.93364177161
FINA,2025-11-22 00:00:00,6,51,17.883561207922693,P90 covariance ellipse,0.9,1,8891.741030670591
FINA,2025-11-22 06:00:00,6,51,5.36956282635511,Fixed-radius region,,1,1963.4928890086885
FINA,2025-11-22 06:00:00,6,51,5.36956282635511,P50 percentile cone,0.5,1,9408.019213733398
FINA,2025-11-22 06:00:00,6,51,5.36956282635511,P50 covariance ellipse,0.5,1,2912.70429337053
FINA,2025-11-22 06:00:00,6,51,5.36956282635511,P90 percentile cone,0.9,1,24968.452120188882
FINA,2025-11-22 06:00:00,6,51,5.36956282635511,P90 covariance ellipse,0.9,1,9675.794224246605
FINA,2025-11-22 12:00:00,6,51,48.7913939376426,Fixed-radius region,,0,1963.4928890086885
FINA,2025-11-22 12:00:00,6,51,48.7913939376426,P50 percentile cone,0.5,1,9206.863643470959
FINA,2025-11-22 12:00:00,6,51,48.7913939376426,P50 covariance ellipse,0.5,0,3201.007473916466
FINA,2025-11-22 12:00:00,6,51,48.7913939376426,P90 percentile cone,0.9,1,25591.98433000532
FINA,2025-11-22 12:00:00,6,51,48.7913939376426,P90 covariance ellipse,0.9,0,10633.516659547533
FINA,2025-11-22 18:00:00,6,51,31.510272512275353,Fixed-radius region,,0,1963.4928890086885
FINA,2025-11-22 18:00:00,6,51,31.510272512275353,P50 percentile cone,0.5,1,9546.4570365202
FINA,2025-11-22 18:00:00,6,51,31.510272512275353,P50 covariance ellipse,0.5,1,3199.8538152200917
FINA,2025-11-22 18:00:00,6,51,31.510272512275353,P90 percentile cone,0.9,1,20648.30739069602
FINA,2025-11-22 18:00:00,6,51,31.510272512275353,P90 covariance ellipse,0.9,1,10629.684288312137
FINA,2025-11-23 00:00:00,6,51,34.49610262309221,Fixed-radius region,,0,1963.4928890086885
FINA,2025-11-23 00:00:00,6,51,34.49610262309221,P50 percentile cone,0.5,1,10095.54001169533
FINA,2025-11-23 00:00:00,6,51,34.49610262309221,P50 covariance ellipse,0.5,1,3107.674029293337
FINA,2025-11-23 00:00:00,6,51,34.49610262309221,P90 percentile cone,0.9,1,20006.072743245677
FINA,2025-11-23 00:00:00,6,51,34.49610262309221,P90 covariance ellipse,0.9,1,10323.469667661346
FINA,2025-11-23 06:00:00,6,51,22.95708417229986,Fixed-radius region,,1,1963.4928890086885
FINA,2025-11-23 06:00:00,6,51,22.95708417229986,P50 percentile cone,0.5,1,13289.186444668849
FINA,2025-11-23 06:00:00,6,51,22.95708417229986,P50 covariance ellipse,0.5,1,3772.6910334167437
FINA,2025-11-23 06:00:00,6,51,22.95708417229986,P90 percentile cone,0.9,1,26109.21657100543
FINA,2025-11-23 06:00:00,6,51,22.95708417229986,P90 covariance ellipse,0.9,1,12532.608337236716
FINA,2025-11-23 12:00:00,6,51,58.51063449432747,Fixed-radius region,,0,1963.4928890086885
FINA,2025-11-23 12:00:00,6,51,58.51063449432747,P50 percentile cone,0.5,0,8092.352059987299
FINA,2025-11-23 12:00:00,6,51,58.51063449432747,P50 covariance ellipse,0.5,0,2048.0153424051728
FINA,2025-11-23 12:00:00,6,51,58.51063449432747,P90 percentile cone,0.9,1,23277.0040214917
FINA,2025-11-23 12:00:00,6,51,58.51063449432747,P90 covariance ellipse,0.9,1,6803.359704696104
FINA,2025-11-23 18:00:00,6,51,74.40281661874884,Fixed-radius region,,0,1963.4928890086885
FINA,2025-11-23 18:00:00,6,51,74.40281661874884,P50 percentile cone,0.5,0,7144.569711128714
FINA,2025-11-23 18:00:00,6,51,74.40281661874884,P50 covariance ellipse,0.5,0,2823.0236424859777
FINA,2025-11-23 18:00:00,6,51,74.40281661874884,P90 percentile cone,0.9,1,33004.08292658063
FINA,2025-11-23 18:00:00,6,51,74.40281661874884,P90 covariance ellipse,0.9,0,9377.881550505424
FINA,2025-11-24 00:00:00,6,51,25.635674983719888,Fixed-radius region,,0,1963.4928890086885
FINA,2025-11-24 00:00:00,6,51,25.635674983719888,P50 percentile cone,0.5,1,9974.589420064254
FINA,2025-11-24 00:00:00,6,51,25.635674983719888,P50 covariance ellipse,0.5,1,2966.1063157552676
FINA,2025-11-24 00:00:00,6,51,25.635674983719888,P90 percentile cone,0.9,1,25393.56164451804
FINA,2025-11-24 00:00:00,6,51,25.635674983719888,P90 covariance ellipse,0.9,1,9853.191902730267
FINA,2025-11-24 06:00:00,6,51,29.760949998011082,Fixed-radius region,,0,1963.4928890086885
FINA,2025-11-24 06:00:00,6,51,29.760949998011082,P50 percentile cone,0.5,1,8451.110339394814
FINA,2025-11-24 06:00:00,6,51,29.760949998011082,P50 covariance ellipse,0.5,0,3072.7624182783725
FINA,2025-11-24 06:00:00,6,51,29.760949998011082,P90 percentile cone,0.9,1,23037.780625594874
FINA,2025-11-24 06:00:00,6,51,29.760949998011082,P90 covariance ellipse,0.9,1,10207.495806192956
FINA,2025-11-24 12:00:00,6,51,28.680806822450606,Fixed-radius region,,0,1963.4928890086885
FINA,2025-11-24 12:00:00,6,51,28.680806822450606,P50 percentile cone,0.5,1,8654.947133638307
FINA,2025-11-24 12:00:00,6,51,28.680806822450606,P50 covariance ellipse,0.5,1,2855.0007058651777
FINA,2025-11-24 12:00:00,6,51,28.680806822450606,P90 percentile cone,0.9,1,20974.639079677974
FINA,2025-11-24 12:00:00,6,51,28.680806822450606,P90 covariance ellipse,0.9,1,9484.107055736784
FINA,2025-11-24 18:00:00,6,51,72.47462792153696,Fixed-radius region,,0,1963.4928890086885
FINA,2025-11-24 18:00:00,6,51,72.47462792153696,P50 percentile cone,0.5,0,10638.913403175302
FINA,2025-11-24 18:00:00,6,51,72.47462792153696,P50 covariance ellipse,0.5,0,3285.444364097496
FINA,2025-11-24 18:00:00,6,51,72.47462792153696,P90 percentile cone,0.9,1,23318.23451482497
FINA,2025-11-24 18:00:00,6,51,72.47462792153696,P90 covariance ellipse,0.9,0,10914.009937284814
FINA,2025-11-25 00:00:00,6,51,22.896961966405957,Fixed-radius region,,1,1963.4928890086885
FINA,2025-11-25 00:00:00,6,51,22.896961966405957,P50 percentile cone,0.5,1,11048.463975815086
FINA,2025-11-25 00:00:00,6,51,22.896961966405957,P50 covariance ellipse,0.5,1,6116.517058690056
FINA,2025-11-25 00:00:00,6,51,22.896961966405957,P90 percentile cone,0.9,1,40556.73379057573
FINA,2025-11-25 00:00:00,6,51,22.896961966405957,P90 covariance ellipse,0.9,1,20318.62986012031
FUNG-WONG,2025-11-05 18:00:00,6,50,21.127437368615972,Fixed-radius region,,1,1963.4928890086885
FUNG-WONG,2025-11-05 18:00:00,6,50,21.127437368615972,P50 percentile cone,0.5,1,36064.956439644644
FUNG-WONG,2025-11-05 18:00:00,6,50,21.127437368615972,P50 covariance ellipse,0.5,1,25962.172523147456
FUNG-WONG,2025-11-05 18:00:00,6,50,21.127437368615972,P90 percentile cone,0.9,1,131585.20999753624
FUNG-WONG,2025-11-05 18:00:00,6,50,21.127437368615972,P90 covariance ellipse,0.9,1,86244.47030895624
FUNG-WONG,2025-11-06 00:00:00,6,50,36.68776707066545,Fixed-radius region,,0,1963.4928890086885
FUNG-WONG,2025-11-06 00:00:00,6,50,36.68776707066545,P50 percentile cone,0.5,1,47170.032745517856
FUNG-WONG,2025-11-06 00:00:00,6,50,36.68776707066545,P50 covariance ellipse,0.5,1,28358.699986481333
FUNG-WONG,2025-11-06 00:00:00,6,50,36.68776707066545,P90 percentile cone,0.9,1,141251.73115616245
FUNG-WONG,2025-11-06 00:00:00,6,50,36.68776707066545,P90 covariance ellipse,0.9,1,94205.56221957419
FUNG-WONG,2025-11-06 06:00:00,6,51,48.98477723209295,Fixed-radius region,,0,1963.4928890086885
FUNG-WONG,2025-11-06 06:00:00,6,51,48.98477723209295,P50 percentile cone,0.5,1,52541.30544776541
FUNG-WONG,2025-11-06 06:00:00,6,51,48.98477723209295,P50 covariance ellipse,0.5,1,26636.022289891083
FUNG-WONG,2025-11-06 06:00:00,6,51,48.98477723209295,P90 percentile cone,0.9,1,119071.0601148851
FUNG-WONG,2025-11-06 06:00:00,6,51,48.98477723209295,P90 covariance ellipse,0.9,1,88482.95078083519
FUNG-WONG,2025-11-06 12:00:00,6,51,42.46127803815843,Fixed-radius region,,0,1963.4928890086885
FUNG-WONG,2025-11-06 12:00:00,6,51,42.46127803815843,P50 percentile cone,0.5,1,31018.773383837717
FUNG-WONG,2025-11-06 12:00:00,6,51,42.46127803815843,P50 covariance ellipse,0.5,1,19565.288022001376
FUNG-WONG,2025-11-06 12:00:00,6,51,42.46127803815843,P90 percentile cone,0.9,1,89486.96423049996
FUNG-WONG,2025-11-06 12:00:00,6,51,42.46127803815843,P90 covariance ellipse,0.9,1,64994.47996484955
FUNG-WONG,2025-11-06 18:00:00,6,51,17.79917390510548,Fixed-radius region,,1,1963.4928890086885
FUNG-WONG,2025-11-06 18:00:00,6,51,17.79917390510548,P50 percentile cone,0.5,1,28367.14368175687
FUNG-WONG,2025-11-06 18:00:00,6,51,17.79917390510548,P50 covariance ellipse,0.5,1,16590.63486565132
FUNG-WONG,2025-11-06 18:00:00,6,51,17.79917390510548,P90 percentile cone,0.9,1,75506.9310447943
FUNG-WONG,2025-11-06 18:00:00,6,51,17.79917390510548,P90 covariance ellipse,0.9,1,55112.89607222492
FUNG-WONG,2025-11-07 00:00:00,6,51,44.052863064413316,Fixed-radius region,,0,1963.4928890086885
FUNG-WONG,2025-11-07 00:00:00,6,51,44.052863064413316,P50 percentile cone,0.5,1,27464.031063802042
FUNG-WONG,2025-11-07 00:00:00,6,51,44.052863064413316,P50 covariance ellipse,0.5,1,16443.69309167079
FUNG-WONG,2025-11-07 00:00:00,6,51,44.052863064413316,P90 percentile cone,0.9,1,76766.46079688928
FUNG-WONG,2025-11-07 00:00:00,6,51,44.052863064413316,P90 covariance ellipse,0.9,1,54624.76606492642
FUNG-WONG,2025-11-07 06:00:00,6,51,44.732269358823245,Fixed-radius region,,0,1963.4928890086885
FUNG-WONG,2025-11-07 06:00:00,6,51,44.732269358823245,P50 percentile cone,0.5,1,29588.031490009842
FUNG-WONG,2025-11-07 06:00:00,6,51,44.732269358823245,P50 covariance ellipse,0.5,1,19041.68011848458
FUNG-WONG,2025-11-07 06:00:00,6,51,44.732269358823245,P90 percentile cone,0.9,1,69120.69166666779
FUNG-WONG,2025-11-07 06:00:00,6,51,44.732269358823245,P90 covariance ellipse,0.9,1,63255.09215945203
FUNG-WONG,2025-11-07 12:00:00,6,51,26.30907047344952,Fixed-radius region,,0,1963.4928890086885
FUNG-WONG,2025-11-07 12:00:00,6,51,26.30907047344952,P50 percentile cone,0.5,1,20197.449791120293
FUNG-WONG,2025-11-07 12:00:00,6,51,26.30907047344952,P50 covariance ellipse,0.5,1,10815.853725432635
FUNG-WONG,2025-11-07 12:00:00,6,51,26.30907047344952,P90 percentile cone,0.9,1,47739.00894496812
FUNG-WONG,2025-11-07 12:00:00,6,51,26.30907047344952,P90 covariance ellipse,0.9,1,35929.48836070681
FUNG-WONG,2025-11-07 18:00:00,6,51,27.07712331841675,Fixed-radius region,,0,1963.4928890086885
FUNG-WONG,2025-11-07 18:00:00,6,51,27.07712331841675,P50 percentile cone,0.5,1,22901.67219445551
FUNG-WONG,2025-11-07 18:00:00,6,51,27.07712331841675,P50 covariance ellipse,0.5,1,13000.358067752837
FUNG-WONG,2025-11-07 18:00:00,6,51,27.07712331841675,P90 percentile cone,0.9,1,53195.46594486785
FUNG-WONG,2025-11-07 18:00:00,6,51,27.07712331841675,P90 covariance ellipse,0.9,1,43186.25470886373
FUNG-WONG,2025-11-08 00:00:00,6,51,11.607864567510893,Fixed-radius region,,1,1963.4928890086885
FUNG-WONG,2025-11-08 00:00:00,6,51,11.607864567510893,P50 percentile cone,0.5,1,19640.99861822148
FUNG-WONG,2025-11-08 00:00:00,6,51,11.607864567510893,P50 covariance ellipse,0.5,1,9871.834613819112
FUNG-WONG,2025-11-08 00:00:00,6,51,11.607864567510893,P90 percentile cone,0.9,1,44295.058520649174
FUNG-WONG,2025-11-08 00:00:00,6,51,11.607864567510893,P90 covariance ellipse,0.9,1,32793.52475172724
FUNG-WONG,2025-11-08 06:00:00,6,51,45.46181970967395,Fixed-radius region,,0,1963.4928890086885
FUNG-WONG,2025-11-08 06:00:00,6,51,45.46181970967395,P50 percentile cone,0.5,1,22329.891189389447
FUNG-WONG,2025-11-08 06:00:00,6,51,45.46181970967395,P50 covariance ellipse,0.5,1,13545.085075610354
FUNG-WONG,2025-11-08 06:00:00,6,51,45.46181970967395,P90 percentile cone,0.9,1,70241.47370499835
FUNG-WONG,2025-11-08 06:00:00,6,51,45.46181970967395,P90 covariance ellipse,0.9,1,44995.79866030954
FUNG-WONG,2025-11-08 12:00:00,6,51,38.40183038193709,Fixed-radius region,,0,1963.4928890086885
FUNG-WONG,2025-11-08 12:00:00,6,51,38.40183038193709,P50 percentile cone,0.5,1,15409.484776854715
FUNG-WONG,2025-11-08 12:00:00,6,51,38.40183038193709,P50 covariance ellipse,0.5,0,6970.367844038965
FUNG-WONG,2025-11-08 12:00:00,6,51,38.40183038193709,P90 percentile cone,0.9,1,43088.16045801492
FUNG-WONG,2025-11-08 12:00:00,6,51,38.40183038193709,P90 covariance ellipse,0.9,1,23155.060772812485
FUNG-WONG,2025-11-08 18:00:00,6,51,21.52707569201162,Fixed-radius region,,1,1963.4928890086885
FUNG-WONG,2025-11-08 18:00:00,6,51,21.52707569201162,P50 percentile cone,0.5,1,13686.685362077764
FUNG-WONG,2025-11-08 18:00:00,6,51,21.52707569201162,P50 covariance ellipse,0.5,1,7156.654112858155
FUNG-WONG,2025-11-08 18:00:00,6,51,21.52707569201162,P90 percentile cone,0.9,1,38560.086360139074
FUNG-WONG,2025-11-08 18:00:00,6,51,21.52707569201162,P90 covariance ellipse,0.9,1,23773.890362894694
FUNG-WONG,2025-11-09 00:00:00,6,51,9.885223738952146,Fixed-radius region,,1,1963.4928890086885
FUNG-WONG,2025-11-09 00:00:00,6,51,9.885223738952146,P50 percentile cone,0.5,1,9785.056773927306
FUNG-WONG,2025-11-09 00:00:00,6,51,9.885223738952146,P50 covariance ellipse,0.5,1,3852.6146432436917
FUNG-WONG,2025-11-09 00:00:00,6,51,9.885223738952146,P90 percentile cone,0.9,1,21786.727737008012
FUNG-WONG,2025-11-09 00:00:00,6,51,9.885223738952146,P90 covariance ellipse,0.9,1,12798.10882216567
FUNG-WONG,2025-11-09 06:00:00,6,51,38.05269687249311,Fixed-radius region,,0,1963.4928890086885
FUNG-WONG,2025-11-09 06:00:00,6,51,38.05269687249311,P50 percentile cone,0.5,1,11527.596942553831
FUNG-WONG,2025-11-09 06:00:00,6,51,38.05269687249311,P50 covariance ellipse,0.5,0,3712.5496969193255
FUNG-WONG,2025-11-09 06:00:00,6,51,38.05269687249311,P90 percentile cone,0.9,1,26091.423541019696
FUNG-WONG,2025-11-09 06:00:00,6,51,38.05269687249311,P90 covariance ellipse,0.9,1,12332.823141861867
FUNG-WONG,2025-11-09 12:00:00,6,51,18.54065844090544,Fixed-radius region,,1,1963.4928890086885
FUNG-WONG,2025-11-09 12:00:00,6,51,18.54065844090544,P50 percentile cone,0.5,1,9419.101301542016
FUNG-WONG,2025-11-09 12:00:00,6,51,18.54065844090544,P50 covariance ellipse,0.5,1,2908.5422828148176
FUNG-WONG,2025-11-09 12:00:00,6,51,18.54065844090544,P90 percentile cone,0.9,1,19470.492955423986
FUNG-WONG,2025-11-09 12:00:00,6,51,18.54065844090544,P90 covariance ellipse,0.9,1,9661.968324450365
FUNG-WONG,2025-11-09 18:00:00,6,51,26.418534753985025,Fixed-radius region,,0,1963.4928890086885
FUNG-WONG,2025-11-09 18:00:00,6,51,26.418534753985025,P50 percentile cone,0.5,1,11022.989264529035
FUNG-WONG,2025-11-09 18:00:00,6,51,26.418534753985025,P50 covariance ellipse,0.5,1,3966.6419192745334
FUNG-WONG,2025-11-09 18:00:00,6,51,26.418534753985025,P90 percentile cone,0.9,1,23788.124540789704
FUNG-WONG,2025-11-09 18:00:00,6,51,26.418534753985025,P90 covariance ellipse,0.9,1,13176.899233996
FUNG-WONG,2025-11-10 00:00:00,6,51,27.47306775507832,Fixed-radius region,,0,1963.4928890086885
FUNG-WONG,2025-11-10 00:00:00,6,51,27.47306775507832,P50 percentile cone,0.5,1,9274.366684222554
FUNG-WONG,2025-11-10 00:00:00,6,51,27.47306775507832,P50 covariance ellipse,0.5,1,3179.9976020220797
FUNG-WONG,2025-11-10 00:00:00,6,51,27.47306775507832,P90 percentile cone,0.9,1,22102.875786254877
FUNG-WONG,2025-11-10 00:00:00,6,51,27.47306775507832,P90 covariance ellipse,0.9,1,10563.723375831587
FUNG-WONG,2025-11-10 06:00:00,6,51,31.736904989974942,Fixed-radius region,,0,1963.4928890086885
FUNG-WONG,2025-11-10 06:00:00,6,51,31.736904989974942,P50 percentile cone,0.5,1,11256.356241183854
FUNG-WONG,2025-11-10 06:00:00,6,51,31.736904989974942,P50 covariance ellipse,0.5,1,4996.302973135519
FUNG-WONG,2025-11-10 06:00:00,6,51,31.736904989974942,P90 percentile cone,0.9,1,32754.708820468433
FUNG-WONG,2025-11-10 06:00:00,6,51,31.736904989974942,P90 covariance ellipse,0.9,1,16597.359217028137
FUNG-WONG,2025-11-10 12:00:00,6,51,60.38825827978675,Fixed-radius region,,0,1963.4928890086885
FUNG-WONG,2025-11-10 12:00:00,6,51,60.38825827978675,P50 percentile cone,0.5,0,7874.840528623153
FUNG-WONG,2025-11-10 12:00:00,6,51,60.38825827978675,P50 covariance ellipse,0.5,0,2552.984730662132
FUNG-WONG,2025-11-10 12:00:00,6,51,60.38825827978675,P90 percentile cone,0.9,1,20465.375546732954
FUNG-WONG,2025-11-10 12:00:00,6,51,60.38825827978675,P90 covariance ellipse,0.9,0,8480.831702604979
FUNG-WONG,2025-11-10 18:00:00,6,51,16.174668676280007,Fixed-radius region,,1,1963.4928890086885
FUNG-WONG,2025-11-10 18:00:00,6,51,16.174668676280007,P50 percentile cone,0.5,1,10758.494929002953
FUNG-WONG,2025-11-10 18:00:00,6,51,16.174668676280007,P50 covariance ellipse,0.5,1,4281.001797601011
FUNG-WONG,2025-11-10 18:00:00,6,51,16.174668676280007,P90 percentile cone,0.9,1,27269.48380400561
FUNG-WONG,2025-11-10 18:00:00,6,51,16.174668676280007,P90 covariance ellipse,0.9,1,14221.1801457141
FUNG-WONG,2025-11-11 00:00:00,6,51,18.509759160891857,Fixed-radius region,,1,1963.4928890086885
FUNG-WONG,2025-11-11 00:00:00,6,51,18.509759160891857,P50 percentile cone,0.5,1,8745.455465854138
FUNG-WONG,2025-11-11 00:00:00,6,51,18.509759160891857,P50 covariance ellipse,0.5,1,2048.4795276286236
FUNG-WONG,2025-11-11 00:00:00,6,51,18.509759160891857,P90 percentile cone,0.9,1,14442.323809984953
FUNG-WONG,2025-11-11 00:00:00,6,51,18.509759160891857,P90 covariance ellipse,0.9,1,6804.901694631117
FUNG-WONG,2025-11-11 06:00:00,6,51,16.534154438175037,Fixed-radius region,,1,1963.4928890086885
FUNG-WONG,2025-11-11 06:00:00,6,51,16.534154438175037,P50 percentile cone,0.5,1,11889.783560747925
FUNG-WONG,2025-11-11 06:00:00,6,51,16.534154438175037,P50 covariance ellipse,0.5,1,3747.9878995360295
FUNG-WONG,2025-11-11 06:00:00,6,51,16.534154438175037,P90 percentile cone,0.9,1,24424.670870767197
FUNG-WONG,2025-11-11 06:00:00,6,51,16.534154438175037,P90 covariance ellipse,0.9,1,12450.546302766608
FUNG-WONG,2025-11-11 12:00:00,6,51,21.813824637772584,Fixed-radius region,,1,1963.4928890086885
FUNG-WONG,2025-11-11 12:00:00,6,51,21.813824637772584,P50 percentile cone,0.5,1,9121.159566764938
FUNG-WONG,2025-11-11 12:00:00,6,51,21.813824637772584,P50 covariance ellipse,0.5,1,2054.239573102107
FUNG-WONG,2025-11-11 12:00:00,6,51,21.813824637772584,P90 percentile cone,0.9,1,16134.714678180548
FUNG-WONG,2025-11-11 12:00:00,6,51,21.813824637772584,P90 covariance ellipse,0.9,1,6824.03615151731
FUNG-WONG,2025-11-11 18:00:00,6,51,16.9368890296006,Fixed-radius region,,1,1963.4928890086885
FUNG-WONG,2025-11-11 18:00:00,6,51,16.9368890296006,P50 percentile cone,0.5,1,10859.468265195206
FUNG-WONG,2025-11-11 18:00:00,6,51,16.9368890296006,P50 covariance ellipse,0.5,1,3466.654395939219
FUNG-WONG,2025-11-11 18:00:00,6,51,16.9368890296006,P90 percentile cone,0.9,1,24064.23364460189
FUNG-WONG,2025-11-11 18:00:00,6,51,16.9368890296006,P90 covariance ellipse,0.9,1,11515.976633135268
FUNG-WONG,2025-11-12 00:00:00,6,51,16.983408256030128,Fixed-radius region,,1,1963.4928890086885
FUNG-WONG,2025-11-12 00:00:00,6,51,16.983408256030128,P50 percentile cone,0.5,1,7238.357528909679
FUNG-WONG,2025-11-12 00:00:00,6,51,16.983408256030128,P50 covariance ellipse,0.5,1,1703.3254452339966
FUNG-WONG,2025-11-12 00:00:00,6,51,16.983408256030128,P90 percentile cone,0.9,1,13446.889316577663
FUNG-WONG,2025-11-12 00:00:00,6,51,16.983408256030128,P90 covariance ellipse,0.9,1,5658.324651259338
FUNG-WONG,2025-11-12 06:00:00,6,51,23.65178601760891,Fixed-radius region,,1,1963.4928890086885
FUNG-WONG,2025-11-12 06:00:00,6,51,23.65178601760891,P50 percentile cone,0.5,1,10494.107730384105
FUNG-WONG,2025-11-12 06:00:00,6,51,23.65178601760891,P50 covariance ellipse,0.5,1,4040.932815027965
FUNG-WONG,2025-11-12 06:00:00,6,51,23.65178601760891,P90 percentile cone,0.9,1,23179.86021129991
FUNG-WONG,2025-11-12 06:00:00,6,51,23.65178601760891,P90 covariance ellipse,0.9,1,13423.688247793672
FUNG-WONG,2025-11-12 12:00:00,6,20,68.81179969051311,Fixed-radius region,,0,1963.4928890086885
FUNG-WONG,2025-11-12 12:00:00,6,20,68.81179969051311,P50 percentile cone,0.5,1,19309.2380453065
FUNG-WONG,2025-11-12 12:00:00,6,20,68.81179969051311,P50 covariance ellipse,0.5,1,10033.105246593675
FUNG-WONG,2025-11-12 12:00:00,6,20,68.81179969051311,P90 percentile cone,0.9,1,59687.46569059042
FUNG-WONG,2025-11-12 12:00:00,6,20,68.81179969051311,P90 covariance ellipse,0.9,1,33329.254197621325
FUNG-WONG,2025-11-12 18:00:00,6,8,25.303528397568517,Fixed-radius region,,0,1963.4928890086885
FUNG-WONG,2025-11-12 18:00:00,6,8,25.303528397568517,P50 percentile cone,0.5,1,19517.081547761358
FUNG-WONG,2025-11-12 18:00:00,6,8,25.303528397568517,P50 covariance ellipse,0.5,1,3853.5099167036515
FUNG-WONG,2025-11-12 18:00:00,6,8,25.303528397568517,P90 percentile cone,0.9,1,37236.26782267803
FUNG-WONG,2025-11-12 18:00:00,6,8,25.303528397568517,P90 covariance ellipse,0.9,1,12801.082856224919
FUNG-WONG,2025-11-13 00:00:00,6,6,75.60831108285055,Fixed-radius region,,0,1963.4928890086885
FUNG-WONG,2025-11-13 00:00:00,6,6,75.60831108285055,P50 percentile cone,0.5,0,17786.60835513011
FUNG-WONG,2025-11-13 00:00:00,6,6,75.60831108285055,P50 covariance ellipse,0.5,1,3973.4539132901855
FUNG-WONG,2025-11-13 00:00:00,6,6,75.60831108285055,P90 percentile cone,0.9,1,43753.21513827241
FUNG-WONG,2025-11-13 00:00:00,6,6,75.60831108285055,P90 covariance ellipse,0.9,1,13199.528188298798
FUNG-WONG,2025-11-13 06:00:00,6,1,186.8448137612226,Fixed-radius region,,0,1963.4928890086885
FUNG-WONG,2025-11-13 06:00:00,6,1,186.8448137612226,P50 percentile cone,0.5,0,1963.4928890086885
FUNG-WONG,2025-11-13 06:00:00,6,1,186.8448137612226,P90 percentile cone,0.9,0,1963.4928890086885
GEZANI,2026-02-10 00:00:00,6,51,20.57902562645539,Fixed-radius region,,1,1963.4928890086885
GEZANI,2026-02-10 00:00:00,6,51,20.57902562645539,P50 percentile cone,0.5,1,9732.226460258405
GEZANI,2026-02-10 00:00:00,6,51,20.57902562645539,P50 covariance ellipse,0.5,1,3341.2081154752395
GEZANI,2026-02-10 00:00:00,6,51,20.57902562645539,P90 percentile cone,0.9,1,20220.618689435636
GEZANI,2026-02-10 00:00:00,6,51,20.57902562645539,P90 covariance ellipse,0.9,1,11099.253109662855
GEZANI,2026-02-10 06:00:00,6,51,0.21802926793070407,Fixed-radius region,,1,1963.4928890086885
GEZANI,2026-02-10 06:00:00,6,51,0.21802926793070407,P50 percentile cone,0.5,1,10812.11311422111
GEZANI,2026-02-10 06:00:00,6,51,0.21802926793070407,P50 covariance ellipse,0.5,1,3444.798334990101
GEZANI,2026-02-10 06:00:00,6,51,0.21802926793070407,P90 percentile cone,0.9,1,20806.47914447202
GEZANI,2026-02-10 06:00:00,6,51,0.21802926793070407,P90 covariance ellipse,0.9,1,11443.372370224823
GEZANI,2026-02-10 12:00:00,6,51,6.6750256392270995,Fixed-radius region,,1,1963.4928890086885
GEZANI,2026-02-10 12:00:00,6,51,6.6750256392270995,P50 percentile cone,0.5,1,8752.526186933517
GEZANI,2026-02-10 12:00:00,6,51,6.6750256392270995,P50 covariance ellipse,0.5,1,2356.466483596764
GEZANI,2026-02-10 12:00:00,6,51,6.6750256392270995,P90 percentile cone,0.9,1,18410.546220859476
GEZANI,2026-02-10 12:00:00,6,51,6.6750256392270995,P90 covariance ellipse,0.9,1,7828.012216520519
GEZANI,2026-02-10 18:00:00,6,51,53.9741086503828,Fixed-radius region,,0,1963.4928890086885
GEZANI,2026-02-10 18:00:00,6,51,53.9741086503828,P50 percentile cone,0.5,1,10382.132460276274
GEZANI,2026-02-10 18:00:00,6,51,53.9741086503828,P50 covariance ellipse,0.5,1,4836.0562439870855
GEZANI,2026-02-10 18:00:00,6,51,53.9741086503828,P90 percentile cone,0.9,1,39324.91627473044
GEZANI,2026-02-10 18:00:00,6,51,53.9741086503828,P90 covariance ellipse,0.9,1,16065.031105356149
GEZANI,2026-02-11 00:00:00,6,46,106.94387542429607,Fixed-radius region,,0,1963.4928890086885
GEZANI,2026-02-11 00:00:00,6,46,106.94387542429607,P50 percentile cone,0.5,1,38561.76202462221
GEZANI,2026-02-11 00:00:00,6,46,106.94387542429607,P50 covariance ellipse,0.5,0,11737.014538646512
GEZANI,2026-02-11 00:00:00,6,46,106.94387542429607,P90 percentile cone,0.9,1,99157.95595260136
GEZANI,2026-02-11 00:00:00,6,46,106.94387542429607,P90 covariance ellipse,0.9,1,38989.51834603128
GEZANI,2026-02-11 06:00:00,6,51,41.32123507151278,Fixed-radius region,,0,1963.4928890086885
GEZANI,2026-02-11 06:00:00,6,51,41.32123507151278,P50 percentile cone,0.5,1,13185.71677526537
GEZANI,2026-02-11 06:00:00,6,51,41.32123507151278,P50 covariance ellipse,0.5,1,8119.9979157369435
GEZANI,2026-02-11 06:00:00,6,51,41.32123507151278,P90 percentile cone,0.9,1,45156.37370976948
GEZANI,2026-02-11 06:00:00,6,51,41.32123507151278,P90 covariance ellipse,0.9,1,26974.049206713375
GEZANI,2026-02-11 12:00:00,6,51,18.7886469668933,Fixed-radius region,,1,1963.4928890086885
GEZANI,2026-02-11 12:00:00,6,51,18.7886469668933,P50 percentile cone,0.5,1,10047.224463553586
GEZANI,2026-02-11 12:00:00,6,51,18.7886469668933,P50 covariance ellipse,0.5,1,3612.55959975734
GEZANI,2026-02-11 12:00:00,6,51,18.7886469668933,P90 percentile cone,0.9,1,26193.253821752976
GEZANI,2026-02-11 12:00:00,6,51,18.7886469668933,P90 covariance ellipse,0.9,1,12000.66322888895
GEZANI,2026-02-11 18:00:00,6,51,41.72339393961078,Fixed-radius region,,0,1963.4928890086885
GEZANI,2026-02-11 18:00:00,6,51,41.72339393961078,P50 percentile cone,0.5,1,8282.903729310498
GEZANI,2026-02-11 18:00:00,6,51,41.72339393961078,P50 covariance ellipse,0.5,0,2413.3450450235414
GEZANI,2026-02-11 18:00:00,6,51,41.72339393961078,P90 percentile cone,0.9,1,16082.778773441867
GEZANI,2026-02-11 18:00:00,6,51,41.72339393961078,P90 covariance ellipse,0.9,1,8016.958707720907
GEZANI,2026-02-12 00:00:00,6,51,7.884923159083317,Fixed-radius region,,1,1963.4928890086885
GEZANI,2026-02-12 00:00:00,6,51,7.884923159083317,P50 percentile cone,0.5,1,9152.653211864656
GEZANI,2026-02-12 00:00:00,6,51,7.884923159083317,P50 covariance ellipse,0.5,1,2706.7531914268766
GEZANI,2026-02-12 00:00:00,6,51,7.884923159083317,P90 percentile cone,0.9,1,16634.62646714977
GEZANI,2026-02-12 00:00:00,6,51,7.884923159083317,P90 covariance ellipse,0.9,1,8991.639472526971
GEZANI,2026-02-12 06:00:00,6,51,19.005005284651496,Fixed-radius region,,1,1963.4928890086885
GEZANI,2026-02-12 06:00:00,6,51,19.005005284651496,P50 percentile cone,0.5,1,9306.313240018046
GEZANI,2026-02-12 06:00:00,6,51,19.005005284651496,P50 covariance ellipse,0.5,1,4285.255100955169
GEZANI,2026-02-12 06:00:00,6,51,19.005005284651496,P90 percentile cone,0.9,1,25092.466210953928
GEZANI,2026-02-12 06:00:00,6,51,19.005005284651496,P90 covariance ellipse,0.9,1,14235.309313622352
GEZANI,2026-02-12 12:00:00,6,51,30.240448918923565,Fixed-radius region,,0,1963.4928890086885
GEZANI,2026-02-12 12:00:00,6,51,30.240448918923565,P50 percentile cone,0.5,1,9370.381962264908
GEZANI,2026-02-12 12:00:00,6,51,30.240448918923565,P50 covariance ellipse,0.5,1,2327.7445383918102
GEZANI,2026-02-12 12:00:00,6,51,30.240448918923565,P90 percentile cone,0.9,1,19430.966781375562
GEZANI,2026-02-12 12:00:00,6,51,30.240448918923565,P90 covariance ellipse,0.9,1,7732.599979804368
GEZANI,2026-02-12 18:00:00,6,51,59.40461425260722,Fixed-radius region,,0,1963.4928890086885
GEZANI,2026-02-12 18:00:00,6,51,59.40461425260722,P50 percentile cone,0.5,0,8329.320635009492
GEZANI,2026-02-12 18:00:00,6,51,59.40461425260722,P50 covariance ellipse,0.5,0,1961.2104565361394
GEZANI,2026-02-12 18:00:00,6,51,59.40461425260722,P90 percentile cone,0.9,1,15648.453817828355
GEZANI,2026-02-12 18:00:00,6,51,59.40461425260722,P90 covariance ellipse,0.9,0,6515.00011555427
GEZANI,2026-02-13 00:00:00,6,51,57.28176099873311,Fixed-radius region,,0,1963.4928890086885
GEZANI,2026-02-13 00:00:00,6,51,57.28176099873311,P50 percentile cone,0.5,0,7853.7438237984115
GEZANI,2026-02-13 00:00:00,6,51,57.28176099873311,P50 covariance ellipse,0.5,0,2058.3934801937708
GEZANI,2026-02-13 00:00:00,6,51,57.28176099873311,P90 percentile cone,0.9,1,17254.688349623757
GEZANI,2026-02-13 00:00:00,6,51,57.28176099873311,P90 covariance ellipse,0.9,0,6837.835132188659
GEZANI,2026-02-13 06:00:00,6,51,38.80212964275426,Fixed-radius region,,0,1963.4928890086885
GEZANI,2026-02-13 06:00:00,6,51,38.80212964275426,P50 percentile cone,0.5,1,8509.166719559027
GEZANI,2026-02-13 06:00:00,6,51,38.80212964275426,P50 covariance ellipse,0.5,0,2688.0422779678006
GEZANI,2026-02-13 06:00:00,6,51,38.80212964275426,P90 percentile cone,0.9,1,19885.44255800097
GEZANI,2026-02-13 06:00:00,6,51,38.80212964275426,P90 covariance ellipse,0.9,1,8929.48316342626
GEZANI,2026-02-13 12:00:00,6,51,47.25338190789946,Fixed-radius region,,0,1963.4928890086885
GEZANI,2026-02-13 12:00:00,6,51,47.25338190789946,P50 percentile cone,0.5,1,7428.931459588379
GEZANI,2026-02-13 12:00:00,6,51,47.25338190789946,P50 covariance ellipse,0.5,0,2725.650926699482
GEZANI,2026-02-13 12:00:00,6,51,47.25338190789946,P90 percentile cone,0.9,1,23348.6989964654
GEZANI,2026-02-13 12:00:00,6,51,47.25338190789946,P90 covariance ellipse,0.9,1,9054.416390258782
GEZANI,2026-02-13 18:00:00,6,51,13.185340862285585,Fixed-radius region,,1,1963.4928890086885
GEZANI,2026-02-13 18:00:00,6,51,13.185340862285585,P50 percentile cone,0.5,1,11236.575113031338
GEZANI,2026-02-13 18:00:00,6,51,13.185340862285585,P50 covariance ellipse,0.5,1,3621.429104473523
GEZANI,2026-02-13 18:00:00,6,51,13.185340862285585,P90 percentile cone,0.9,1,25910.18234944166
GEZANI,2026-02-13 18:00:00,6,51,13.185340862285585,P90 covariance ellipse,0.9,1,12030.127085793374
KALMAEGI,2025-11-01 12:00:00,6,49,31.72631108787233,Fixed-radius region,,0,1963.4928890086885
KALMAEGI,2025-11-01 12:00:00,6,49,31.72631108787233,P50 percentile cone,0.5,1,24192.583587633908
KALMAEGI,2025-11-01 12:00:00,6,49,31.72631108787233,P50 covariance ellipse,0.5,1,15204.07053834452
KALMAEGI,2025-11-01 12:00:00,6,49,31.72631108787233,P90 percentile cone,0.9,1,70111.04222312571
KALMAEGI,2025-11-01 12:00:00,6,49,31.72631108787233,P90 covariance ellipse,0.9,1,50506.829077975875
KALMAEGI,2025-11-01 18:00:00,6,51,67.38757517436085,Fixed-radius region,,0,1963.4928890086885
KALMAEGI,2025-11-01 18:00:00,6,51,67.38757517436085,P50 percentile cone,0.5,1,20287.43533215403
KALMAEGI,2025-11-01 18:00:00,6,51,67.38757517436085,P50 covariance ellipse,0.5,0,14582.426330072996
KALMAEGI,2025-11-01 18:00:00,6,51,67.38757517436085,P90 percentile cone,0.9,1,68173.49772611364
KALMAEGI,2025-11-01 18:00:00,6,51,67.38757517436085,P90 covariance ellipse,0.9,1,48441.77171749469
KALMAEGI,2025-11-02 00:00:00,6,51,18.173339389920148,Fixed-radius region,,1,1963.4928890086885
KALMAEGI,2025-11-02 00:00:00,6,51,18.173339389920148,P50 percentile cone,0.5,1,23841.266056216857
KALMAEGI,2025-11-02 00:00:00,6,51,18.173339389920148,P50 covariance ellipse,0.5,1,13823.785003985136
KALMAEGI,2025-11-02 00:00:00,6,51,18.173339389920148,P90 percentile cone,0.9,1,57128.30885389125
KALMAEGI,2025-11-02 00:00:00,6,51,18.173339389920148,P90 covariance ellipse,0.9,1,45921.61978242083
KALMAEGI,2025-11-02 12:00:00,6,51,40.27710157501843,Fixed-radius region,,0,1963.4928890086885
KALMAEGI,2025-11-02 12:00:00,6,51,40.27710157501843,P50 percentile cone,0.5,1,17279.504486796188
KALMAEGI,2025-11-02 12:00:00,6,51,40.27710157501843,P50 covariance ellipse,0.5,1,11568.786824597706
KALMAEGI,2025-11-02 12:00:00,6,51,40.27710157501843,P90 percentile cone,0.9,1,56028.59760951923
KALMAEGI,2025-11-02 12:00:00,6,51,40.27710157501843,P90 covariance ellipse,0.9,1,38430.67797639387
KALMAEGI,2025-11-02 18:00:00,6,51,45.39876240122878,Fixed-radius region,,0,1963.4928890086885
KALMAEGI,2025-11-02 18:00:00,6,51,45.39876240122878,P50 percentile cone,0.5,1,21077.732362899475
KALMAEGI,2025-11-02 18:00:00,6,51,45.39876240122878,P50 covariance ellipse,0.5,1,13517.331412891475
KALMAEGI,2025-11-02 18:00:00,6,51,45.39876240122878,P90 percentile cone,0.9,1,76497.36279708194
KALMAEGI,2025-11-02 18:00:00,6,51,45.39876240122878,P90 covariance ellipse,0.9,1,44903.60298838767
KALMAEGI,2025-11-03 00:00:00,6,51,52.07247673918926,Fixed-radius region,,0,1963.4928890086885
KALMAEGI,2025-11-03 00:00:00,6,51,52.07247673918926,P50 percentile cone,0.5,1,17048.772143450682
KALMAEGI,2025-11-03 00:00:00,6,51,52.07247673918926,P50 covariance ellipse,0.5,1,10469.458090547365
KALMAEGI,2025-11-03 00:00:00,6,51,52.07247673918926,P90 percentile cone,0.9,1,67366.50930764333
KALMAEGI,2025-11-03 00:00:00,6,51,52.07247673918926,P90 covariance ellipse,0.9,1,34778.78696923509
KALMAEGI,2025-11-03 06:00:00,6,51,22.458036475244487,Fixed-radius region,,1,1963.4928890086885
KALMAEGI,2025-11-03 06:00:00,6,51,22.458036475244487,P50 percentile cone,0.5,1,20297.309189100313
KALMAEGI,2025-11-03 06:00:00,6,51,22.458036475244487,P50 covariance ellipse,0.5,1,11468.23930581896
KALMAEGI,2025-11-03 06:00:00,6,51,22.458036475244487,P90 percentile cone,0.9,1,95741.05718579677
KALMAEGI,2025-11-03 06:00:00,6,51,22.458036475244487,P90 covariance ellipse,0.9,1,38096.66634889154
KALMAEGI,2025-11-03 12:00:00,6,51,46.967255548338116,Fixed-radius region,,0,1963.4928890086885
KALMAEGI,2025-11-03 12:00:00,6,51,46.967255548338116,P50 percentile cone,0.5,1,15070.612265641714
KALMAEGI,2025-11-03 12:00:00,6,51,46.967255548338116,P50 covariance ellipse,0.5,1,7912.656072588548
KALMAEGI,2025-11-03 12:00:00,6,51,46.967255548338116,P90 percentile cone,0.9,1,42696.47822125696
KALMAEGI,2025-11-03 12:00:00,6,51,46.967255548338116,P90 covariance ellipse,0.9,1,26285.274512712993
KALMAEGI,2025-11-03 18:00:00,6,51,18.037945173974105,Fixed-radius region,,1,1963.4928890086885
KALMAEGI,2025-11-03 18:00:00,6,51,18.037945173974105,P50 percentile cone,0.5,1,17579.263809672684
KALMAEGI,2025-11-03 18:00:00,6,51,18.037945173974105,P50 covariance ellipse,0.5,1,11210.707784263823
KALMAEGI,2025-11-03 18:00:00,6,51,18.037945173974105,P90 percentile cone,0.9,1,44772.08275753651
KALMAEGI,2025-11-03 18:00:00,6,51,18.037945173974105,P90 covariance ellipse,0.9,1,37241.16515211844
KALMAEGI,2025-11-04 00:00:00,6,51,55.78812143790458,Fixed-radius region,,0,1963.4928890086885
KALMAEGI,2025-11-04 00:00:00,6,51,55.78812143790458,P50 percentile cone,0.5,1,19545.597727643773
KALMAEGI,2025-11-04 00:00:00,6,51,55.78812143790458,P50 covariance ellipse,0.5,0,10003.655876372111
KALMAEGI,2025-11-04 00:00:00,6,51,55.78812143790458,P90 percentile cone,0.9,1,43135.81436965697
KALMAEGI,2025-11-04 00:00:00,6,51,55.78812143790458,P90 covariance ellipse,0.9,1,33231.42550730557
KALMAEGI,2025-11-04 06:00:00,6,51,48.60254071077718,Fixed-radius region,,0,1963.4928890086885
KALMAEGI,2025-11-04 06:00:00,6,51,48.60254071077718,P50 percentile cone,0.5,1,16631.64177395158
KALMAEGI,2025-11-04 06:00:00,6,51,48.60254071077718,P50 covariance ellipse,0.5,1,9047.62028448852
KALMAEGI,2025-11-04 06:00:00,6,51,48.60254071077718,P90 percentile cone,0.9,1,38928.468187338534
KALMAEGI,2025-11-04 06:00:00,6,51,48.60254071077718,P90 covariance ellipse,0.9,1,30055.5440149152
KALMAEGI,2025-11-04 12:00:00,6,51,31.880099313792524,Fixed-radius region,,0,1963.4928890086885
KALMAEGI,2025-11-04 12:00:00,6,51,31.880099313792524,P50 percentile cone,0.5,1,14272.009168845312
KALMAEGI,2025-11-04 12:00:00,6,51,31.880099313792524,P50 covariance ellipse,0.5,1,5683.351646403935
KALMAEGI,2025-11-04 12:00:00,6,51,31.880099313792524,P90 percentile cone,0.9,1,21838.466878210515
KALMAEGI,2025-11-04 12:00:00,6,51,31.880099313792524,P90 covariance ellipse,0.9,1,18879.685507313574
KALMAEGI,2025-11-04 18:00:00,6,51,11.919189879730377,Fixed-radius region,,1,1963.4928890086885
KALMAEGI,2025-11-04 18:00:00,6,51,11.919189879730377,P50 percentile cone,0.5,1,17530.80645723097
KALMAEGI,2025-11-04 18:00:00,6,51,11.919189879730377,P50 covariance ellipse,0.5,1,6736.035180779705
KALMAEGI,2025-11-04 18:00:00,6,51,11.919189879730377,P90 percentile cone,0.9,1,31402.6506087232
KALMAEGI,2025-11-04 18:00:00,6,51,11.919189879730377,P90 covariance ellipse,0.9,1,22376.62451518177
KALMAEGI,2025-11-05 00:00:00,6,51,32.2313282199961,Fixed-radius region,,0,1963.4928890086885
KALMAEGI,2025-11-05 00:00:00,6,51,32.2313282199961,P50 percentile cone,0.5,1,9696.445985334187
KALMAEGI,2025-11-05 00:00:00,6,51,32.2313282199961,P50 covariance ellipse,0.5,0,5294.026647305928
KALMAEGI,2025-11-05 00:00:00,6,51,32.2313282199961,P90 percentile cone,0.9,1,22236.726499375596
KALMAEGI,2025-11-05 00:00:00,6,51,32.2313282199961,P90 covariance ellipse,0.9,1,17586.37585476791
KALMAEGI,2025-11-05 06:00:00,6,51,28.3791217290121,Fixed-radius region,,0,1963.4928890086885
KALMAEGI,2025-11-05 06:00:00,6,51,28.3791217290121,P50 percentile cone,0.5,1,13356.080833916441
KALMAEGI,2025-11-05 06:00:00,6,51,28.3791217290121,P50 covariance ellipse,0.5,1,7305.7611464302445
KALMAEGI,2025-11-05 06:00:00,6,51,28.3791217290121,P90 percentile cone,0.9,1,39150.40952608539
KALMAEGI,2025-11-05 06:00:00,6,51,28.3791217290121,P90 covariance ellipse,0.9,1,24269.21320686313
KALMAEGI,2025-11-05 12:00:00,6,51,24.491055618043386,Fixed-radius region,,1,1963.4928890086885
KALMAEGI,2025-11-05 12:00:00,6,51,24.491055618043386,P50 percentile cone,0.5,1,10439.811702231598
KALMAEGI,2025-11-05 12:00:00,6,51,24.491055618043386,P50 covariance ellipse,0.5,1,3396.9967923056015
KALMAEGI,2025-11-05 12:00:00,6,51,24.491055618043386,P90 percentile cone,0.9,1,24400.925327479126
KALMAEGI,2025-11-05 12:00:00,6,51,24.491055618043386,P90 covariance ellipse,0.9,1,11284.579082602226
KALMAEGI,2025-11-05 18:00:00,6,51,33.12176042876337,Fixed-radius region,,0,1963.4928890086885
KALMAEGI,2025-11-05 18:00:00,6,51,33.12176042876337,P50 percentile cone,0.5,1,9998.353437844631
KALMAEGI,2025-11-05 18:00:00,6,51,33.12176042876337,P50 covariance ellipse,0.5,1,2921.638598253646
KALMAEGI,2025-11-05 18:00:00,6,51,33.12176042876337,P90 percentile cone,0.9,1,19699.470598551998
KALMAEGI,2025-11-05 18:00:00,6,51,33.12176042876337,P90 covariance ellipse,0.9,1,9705.473342646115
KALMAEGI,2025-11-06 00:00:00,6,51,30.452994498443402,Fixed-radius region,,0,1963.4928890086885
KALMAEGI,2025-11-06 00:00:00,6,51,30.452994498443402,P50 percentile cone,0.5,1,7945.522376601674
KALMAEGI,2025-11-06 00:00:00,6,51,30.452994498443402,P50 covariance ellipse,0.5,0,1973.8025845743414
KALMAEGI,2025-11-06 00:00:00,6,51,30.452994498443402,P90 percentile cone,0.9,1,17112.5714901978
KALMAEGI,2025-11-06 00:00:00,6,51,30.452994498443402,P90 covariance ellipse,0.9,1,6556.830259458793
KALMAEGI,2025-11-06 06:00:00,6,51,45.735142084975585,Fixed-radius region,,0,1963.4928890086885
KALMAEGI,2025-11-06 06:00:00,6,51,45.735142084975585,P50 percentile cone,0.5,1,8753.461517764586
KALMAEGI,2025-11-06 06:00:00,6,51,45.735142084975585,P50 covariance ellipse,0.5,0,2338.572971430679
KALMAEGI,2025-11-06 06:00:00,6,51,45.735142084975585,P90 percentile cone,0.9,1,17204.719795178822
KALMAEGI,2025-11-06 06:00:00,6,51,45.735142084975585,P90 covariance ellipse,0.9,1,7768.571255739792
KALMAEGI,2025-11-06 12:00:00,6,51,37.899915947682246,Fixed-radius region,,0,1963.4928890086885
KALMAEGI,2025-11-06 12:00:00,6,51,37.899915947682246,P50 percentile cone,0.5,1,15080.642175900779
KALMAEGI,2025-11-06 12:00:00,6,51,37.899915947682246,P50 covariance ellipse,0.5,1,6982.309292670814
KALMAEGI,2025-11-06 12:00:00,6,51,37.899915947682246,P90 percentile cone,0.9,1,28815.14471163225
KALMAEGI,2025-11-06 12:00:00,6,51,37.899915947682246,P90 covariance ellipse,0.9,1,23194.72940651628
KALMAEGI,2025-11-06 18:00:00,6,51,78.27717051923611,Fixed-radius region,,0,1963.4928890086885
KALMAEGI,2025-11-06 18:00:00,6,51,78.27717051923611,P50 percentile cone,0.5,0,14985.245411872516
KALMAEGI,2025-11-06 18:00:00,6,51,78.27717051923611,P50 covariance ellipse,0.5,0,9291.524209473273
KALMAEGI,2025-11-06 18:00:00,6,51,78.27717051923611,P90 percentile cone,0.9,1,39480.420305333726
KALMAEGI,2025-11-06 18:00:00,6,51,78.27717051923611,P90 covariance ellipse,0.9,1,30865.77531577535
KALMAEGI,2025-11-07 00:00:00,6,51,60.92117172583311,Fixed-radius region,,0,1963.4928890086885
KALMAEGI,2025-11-07 00:00:00,6,51,60.92117172583311,P50 percentile cone,0.5,1,22909.32977765389
KALMAEGI,2025-11-07 00:00:00,6,51,60.92117172583311,P50 covariance ellipse,0.5,0,7510.411360747596
KALMAEGI,2025-11-07 00:00:00,6,51,60.92117172583311,P90 percentile cone,0.9,1,37870.06892985401
KALMAEGI,2025-11-07 00:00:00,6,51,60.92117172583311,P90 covariance ellipse,0.9,1,24949.04650342866
KALMAEGI,2025-11-07 06:00:00,6,51,52.640489871503505,Fixed-radius region,,0,1963.4928890086885
KALMAEGI,2025-11-07 06:00:00,6,51,52.640489871503505,P50 percentile cone,0.5,1,13079.660757634934
KALMAEGI,2025-11-07 06:00:00,6,51,52.640489871503505,P50 covariance ellipse,0.5,1,6143.793190805347
KALMAEGI,2025-11-07 06:00:00,6,51,52.640489871503505,P90 percentile cone,0.9,1,41809.63119305307
KALMAEGI,2025-11-07 06:00:00,6,51,52.640489871503505,P90 covariance ellipse,0.9,1,20409.239209713953
KOTO,2025-11-25 12:00:00,6,51,26.673254707485857,Fixed-radius region,,0,1963.4928890086885
KOTO,2025-11-25 12:00:00,6,51,26.673254707485857,P50 percentile cone,0.5,1,14167.712286720573
KOTO,2025-11-25 12:00:00,6,51,26.673254707485857,P50 covariance ellipse,0.5,1,10217.593158373238
KOTO,2025-11-25 12:00:00,6,51,26.673254707485857,P90 percentile cone,0.9,1,38886.48590012571
KOTO,2025-11-25 12:00:00,6,51,26.673254707485857,P90 covariance ellipse,0.9,1,33942.109774928955
KOTO,2025-11-25 18:00:00,6,50,42.33030955254473,Fixed-radius region,,0,1963.4928890086885
KOTO,2025-11-25 18:00:00,6,50,42.33030955254473,P50 percentile cone,0.5,1,23241.67255473628
KOTO,2025-11-25 18:00:00,6,50,42.33030955254473,P50 covariance ellipse,0.5,1,11556.060387153979
KOTO,2025-11-25 18:00:00,6,50,42.33030955254473,P90 percentile cone,0.9,1,61212.71074072512
KOTO,2025-11-25 18:00:00,6,50,42.33030955254473,P90 covariance ellipse,0.9,1,38388.401666301725
KOTO,2025-11-26 00:00:00,6,51,8.494980872488954,Fixed-radius region,,1,1963.4928890086885
KOTO,2025-11-26 00:00:00,6,51,8.494980872488954,P50 percentile cone,0.5,1,11391.895126558098
KOTO,2025-11-26 00:00:00,6,51,8.494980872488954,P50 covariance ellipse,0.5,1,4001.1915795927694
KOTO,2025-11-26 00:00:00,6,51,8.494980872488954,P90 percentile cone,0.9,1,25054.72906046909
KOTO,2025-11-26 00:00:00,6,51,8.494980872488954,P90 covariance ellipse,0.9,1,13291.670721275963
KOTO,2025-11-26 06:00:00,6,51,23.614725985136392,Fixed-radius region,,1,1963.4928890086885
KOTO,2025-11-26 06:00:00,6,51,23.614725985136392,P50 percentile cone,0.5,1,11198.333758802313
KOTO,2025-11-26 06:00:00,6,51,23.614725985136392,P50 covariance ellipse,0.5,1,7246.058012726669
KOTO,2025-11-26 06:00:00,6,51,23.614725985136392,P90 percentile cone,0.9,1,39898.229133092806
KOTO,2025-11-26 06:00:00,6,51,23.614725985136392,P90 covariance ellipse,0.9,1,24070.883689660408
KOTO,2025-11-26 12:00:00,6,51,18.420207626357954,Fixed-radius region,,1,1963.4928890086885
KOTO,2025-11-26 12:00:00,6,51,18.420207626357954,P50 percentile cone,0.5,1,9840.067394354879
KOTO,2025-11-26 12:00:00,6,51,18.420207626357954,P50 covariance ellipse,0.5,1,4009.057245676957
KOTO,2025-11-26 12:00:00,6,51,18.420207626357954,P90 percentile cone,0.9,1,30705.845419062665
KOTO,2025-11-26 12:00:00,6,51,18.420207626357954,P90 covariance ellipse,0.9,1,13317.799898426028
KOTO,2025-11-26 18:00:00,6,51,23.807166008827892,Fixed-radius region,,1,1963.4928890086885
KOTO,2025-11-26 18:00:00,6,51,23.807166008827892,P50 percentile cone,0.5,1,11533.189602997043
KOTO,2025-11-26 18:00:00,6,51,23.807166008827892,P50 covariance ellipse,0.5,1,4851.299953595832
KOTO,2025-11-26 18:00:00,6,51,23.807166008827892,P90 percentile cone,0.9,1,32036.55833459871
KOTO,2025-11-26 18:00:00,6,51,23.807166008827892,P90 covariance ellipse,0.9,1,16115.669612575752
KOTO,2025-11-27 00:00:00,6,51,16.789598523452035,Fixed-radius region,,1,1963.4928890086885
KOTO,2025-11-27 00:00:00,6,51,16.789598523452035,P50 percentile cone,0.5,1,11326.424456386178
KOTO,2025-11-27 00:00:00,6,51,16.789598523452035,P50 covariance ellipse,0.5,1,4805.371235649832
KOTO,2025-11-27 00:00:00,6,51,16.789598523452035,P90 percentile cone,0.9,1,31435.84838569564
KOTO,2025-11-27 00:00:00,6,51,16.789598523452035,P90 covariance ellipse,0.9,1,15963.097714068774
KOTO,2025-11-27 06:00:00,6,51,46.931593583237536,Fixed-radius region,,0,1963.4928890086885
KOTO,2025-11-27 06:00:00,6,51,46.931593583237536,P50 percentile cone,0.5,1,12641.264941752781
KOTO,2025-11-27 06:00:00,6,51,46.931593583237536,P50 covariance ellipse,0.5,0,4943.49383837342
KOTO,2025-11-27 06:00:00,6,51,46.931593583237536,P90 percentile cone,0.9,1,30498.076979737387
KOTO,2025-11-27 06:00:00,6,51,46.931593583237536,P90 covariance ellipse,0.9,1,16421.931068595226
KOTO,2025-11-27 12:00:00,6,51,24.449336851068715,Fixed-radius region,,1,1963.4928890086885
KOTO,2025-11-27 12:00:00,6,51,24.449336851068715,P50 percentile cone,0.5,1,7681.89976339835
KOTO,2025-11-27 12:00:00,6,51,24.449336851068715,P50 covariance ellipse,0.5,1,3176.4158393141715
KOTO,2025-11-27 12:00:00,6,51,24.449336851068715,P90 percentile cone,0.9,1,33075.07889127109
KOTO,2025-11-27 12:00:00,6,51,24.449336851068715,P90 covariance ellipse,0.9,1,10551.825017662966
KOTO,2025-11-27 18:00:00,6,51,21.474600658111687,Fixed-radius region,,1,1963.4928890086885
KOTO,2025-11-27 18:00:00,6,51,21.474600658111687,P50 percentile cone,0.5,1,13237.331567799658
KOTO,2025-11-27 18:00:00,6,51,21.474600658111687,P50 covariance ellipse,0.5,1,4842.207728373338
KOTO,2025-11-27 18:00:00,6,51,21.474600658111687,P90 percentile cone,0.9,1,27428.262215281742
KOTO,2025-11-27 18:00:00,6,51,21.474600658111687,P90 covariance ellipse,0.9,1,16085.465894164103
KOTO,2025-11-28 00:00:00,6,51,23.159123743053314,Fixed-radius region,,1,1963.4928890086885
KOTO,2025-11-28 00:00:00,6,51,23.159123743053314,P50 percentile cone,0.5,1,10688.17418897003
KOTO,2025-11-28 00:00:00,6,51,23.159123743053314,P50 covariance ellipse,0.5,1,3896.9868320348705
KOTO,2025-11-28 00:00:00,6,51,23.159123743053314,P90 percentile cone,0.9,1,25699.690271987718
KOTO,2025-11-28 00:00:00,6,51,23.159123743053314,P90 covariance ellipse,0.9,1,12945.510042742733
KOTO,2025-11-28 06:00:00,6,51,35.871463660885425,Fixed-radius region,,0,1963.4928890086885
KOTO,2025-11-28 06:00:00,6,51,35.871463660885425,P50 percentile cone,0.5,1,14357.623356307571
KOTO,2025-11-28 06:00:00,6,51,35.871463660885425,P50 covariance ellipse,0.5,0,4792.986719576109
KOTO,2025-11-28 06:00:00,6,51,35.871463660885425,P90 percentile cone,0.9,1,28346.731485554355
KOTO,2025-11-28 06:00:00,6,51,35.871463660885425,P90 covariance ellipse,0.9,1,15921.957242181888
KOTO,2025-11-28 12:00:00,6,51,52.38280040221361,Fixed-radius region,,0,1963.4928890086885
KOTO,2025-11-28 12:00:00,6,51,52.38280040221361,P50 percentile cone,0.5,1,9854.412447770112
KOTO,2025-11-28 12:00:00,6,51,52.38280040221361,P50 covariance ellipse,0.5,0,3088.760103365923
KOTO,2025-11-28 12:00:00,6,51,52.38280040221361,P90 percentile cone,0.9,1,21040.999887035116
KOTO,2025-11-28 12:00:00,6,51,52.38280040221361,P90 covariance ellipse,0.9,1,10260.638965738452
KOTO,2025-11-28 18:00:00,6,51,28.326423319199233,Fixed-radius region,,0,1963.4928890086885
KOTO,2025-11-28 18:00:00,6,51,28.326423319199233,P50 percentile cone,0.5,1,9724.28844993596
KOTO,2025-11-28 18:00:00,6,51,28.326423319199233,P50 covariance ellipse,0.5,1,3720.8048374951095
KOTO,2025-11-28 18:00:00,6,51,28.326423319199233,P90 percentile cone,0.9,1,18589.19748152153
KOTO,2025-11-28 18:00:00,6,51,28.326423319199233,P90 covariance ellipse,0.9,1,12360.24612526781
KOTO,2025-11-29 00:00:00,6,51,20.0458688579339,Fixed-radius region,,1,1963.4928890086885
KOTO,2025-11-29 00:00:00,6,51,20.0458688579339,P50 percentile cone,0.5,1,13283.991193948352
KOTO,2025-11-29 00:00:00,6,51,20.0458688579339,P50 covariance ellipse,0.5,1,3800.655291746103
KOTO,2025-11-29 00:00:00,6,51,20.0458688579339,P90 percentile cone,0.9,1,25455.524003448158
KOTO,2025-11-29 00:00:00,6,51,20.0458688579339,P90 covariance ellipse,0.9,1,12625.503592633702
KOTO,2025-11-29 06:00:00,6,51,7.813501385814194,Fixed-radius region,,1,1963.4928890086885
KOTO,2025-11-29 06:00:00,6,51,7.813501385814194,P50 percentile cone,0.5,1,10539.013698676694
KOTO,2025-11-29 06:00:00,6,51,7.813501385814194,P50 covariance ellipse,0.5,1,3809.075761755651
KOTO,2025-11-29 06:00:00,6,51,7.813501385814194,P90 percentile cone,0.9,1,24005.967314155005
KOTO,2025-11-29 06:00:00,6,51,7.813501385814194,P90 covariance ellipse,0.9,1,12653.475788530577
KOTO,2025-11-29 12:00:00,6,51,26.749480314863398,Fixed-radius region,,0,1963.4928890086885
KOTO,2025-11-29 12:00:00,6,51,26.749480314863398,P50 percentile cone,0.5,1,11583.133125337346
KOTO,2025-11-29 12:00:00,6,51,26.749480314863398,P50 covariance ellipse,0.5,1,2947.6610205329457
KOTO,2025-11-29 12:00:00,6,51,26.749480314863398,P90 percentile cone,0.9,1,17898.644056715715
KOTO,2025-11-29 12:00:00,6,51,26.749480314863398,P90 covariance ellipse,0.9,1,9791.917958312744
KOTO,2025-11-29 18:00:00,6,51,23.163086494702142,Fixed-radius region,,1,1963.4928890086885
KOTO,2025-11-29 18:00:00,6,51,23.163086494702142,P50 percentile cone,0.5,1,7572.740670085447
KOTO,2025-11-29 18:00:00,6,51,23.163086494702142,P50 covariance ellipse,0.5,1,2109.9322968028646
KOTO,2025-11-29 18:00:00,6,51,23.163086494702142,P90 percentile cone,0.9,1,17233.118475500723
KOTO,2025-11-29 18:00:00,6,51,23.163086494702142,P90 covariance ellipse,0.9,1,7009.043375059657
KOTO,2025-11-30 00:00:00,6,51,32.69550546645689,Fixed-radius region,,0,1963.4928890086885
KOTO,2025-11-30 00:00:00,6,51,32.69550546645689,P50 percentile cone,0.5,1,8080.737130111681
KOTO,2025-11-30 00:00:00,6,51,32.69550546645689,P50 covariance ellipse,0.5,0,2208.6939226000377
KOTO,2025-11-30 00:00:00,6,51,32.69550546645689,P90 percentile cone,0.9,1,16263.55286188322
KOTO,2025-11-30 00:00:00,6,51,32.69550546645689,P90 covariance ellipse,0.9,1,7337.1223944920375
KOTO,2025-11-30 06:00:00,6,51,20.117140221722035,Fixed-radius region,,1,1963.4928890086885
KOTO,2025-11-30 06:00:00,6,51,20.117140221722035,P50 percentile cone,0.5,1,8198.36041094726
KOTO,2025-11-30 06:00:00,6,51,20.117140221722035,P50 covariance ellipse,0.5,1,2733.6695497700402
KOTO,2025-11-30 06:00:00,6,51,20.117140221722035,P90 percentile cone,0.9,1,22096.411968075372
KOTO,2025-11-30 06:00:00,6,51,20.117140221722035,P90 covariance ellipse,0.9,1,9081.053679519182
KOTO,2025-11-30 12:00:00,6,51,11.931351948755577,Fixed-radius region,,1,1963.4928890086885
KOTO,2025-11-30 12:00:00,6,51,11.931351948755577,P50 percentile cone,0.5,1,6581.469257304081
KOTO,2025-11-30 12:00:00,6,51,11.931351948755577,P50 covariance ellipse,0.5,1,1610.8251573254613
KOTO,2025-11-30 12:00:00,6,51,11.931351948755577,P90 percentile cone,0.9,1,13732.144697193973
KOTO,2025-11-30 12:00:00,6,51,11.931351948755577,P90 covariance ellipse,0.9,1,5351.045346070804
KOTO,2025-11-30 18:00:00,6,51,20.237587353374828,Fixed-radius region,,1,1963.4928890086885
KOTO,2025-11-30 18:00:00,6,51,20.237587353374828,P50 percentile cone,0.5,1,8689.743409177016
KOTO,2025-11-30 18:00:00,6,51,20.237587353374828,P50 covariance ellipse,0.5,1,2512.790605543211
KOTO,2025-11-30 18:00:00,6,51,20.237587353374828,P90 percentile cone,0.9,1,19737.764463682644
KOTO,2025-11-30 18:00:00,6,51,20.237587353374828,P90 covariance ellipse,0.9,1,8347.309709123017
KOTO,2025-12-01 00:00:00,6,51,8.049126359636679,Fixed-radius region,,1,1963.4928890086885
KOTO,2025-12-01 00:00:00,6,51,8.049126359636679,P50 percentile cone,0.5,1,6069.606916948988
KOTO,2025-12-01 00:00:00,6,51,8.049126359636679,P50 covariance ellipse,0.5,1,1547.1845279920508
KOTO,2025-12-01 00:00:00,6,51,8.049126359636679,P90 percentile cone,0.9,1,14622.930246740727
KOTO,2025-12-01 00:00:00,6,51,8.049126359636679,P90 covariance ellipse,0.9,1,5139.635751511835
KOTO,2025-12-01 06:00:00,6,39,52.065743325527855,Fixed-radius region,,0,1963.4928890086885
KOTO,2025-12-01 06:00:00,6,39,52.065743325527855,P50 percentile cone,0.5,1,9280.719317913867
KOTO,2025-12-01 06:00:00,6,39,52.065743325527855,P50 covariance ellipse,0.5,0,2209.0583850170706
KOTO,2025-12-01 06:00:00,6,39,52.065743325527855,P90 percentile cone,0.9,1,18802.379220494546
KOTO,2025-12-01 06:00:00,6,39,52.065743325527855,P90 covariance ellipse,0.9,1,7338.33311243471
KOTO,2025-12-01 12:00:00,6,30,31.87587897144041,Fixed-radius region,,0,1963.4928890086885
KOTO,2025-12-01 12:00:00,6,30,31.87587897144041,P50 percentile cone,0.5,1,8191.035557353257
KOTO,2025-12-01 12:00:00,6,30,31.87587897144041,P50 covariance ellipse,0.5,1,2012.2031285260518
KOTO,2025-12-01 12:00:00,6,30,31.87587897144041,P90 percentile cone,0.9,1,16568.58921163913
KOTO,2025-12-01 12:00:00,6,30,31.87587897144041,P90 covariance ellipse,0.9,1,6684.394105270937
KOTO,2025-12-01 18:00:00,6,8,26.546206015166845,Fixed-radius region,,0,1963.4928890086885
KOTO,2025-12-01 18:00:00,6,8,26.546206015166845,P50 percentile cone,0.5,1,6003.859166370933
KOTO,2025-12-01 18:00:00,6,8,26.546206015166845,P50 covariance ellipse,0.5,0,951.3322856635722
KOTO,2025-12-01 18:00:00,6,8,26.546206015166845,P90 percentile cone,0.9,1,8465.92557319779
KOTO,2025-12-01 18:00:00,6,8,26.546206015166845,P90 covariance ellipse,0.9,1,3160.25744731923
KOTO,2025-12-02 00:00:00,6,9,19.356650359854452,Fixed-radius region,,1,1963.4928890086885
KOTO,2025-12-02 00:00:00,6,9,19.356650359854452,P50 percentile cone,0.5,1,8683.546297368028
KOTO,2025-12-02 00:00:00,6,9,19.356650359854452,P50 covariance ellipse,0.5,1,2546.0497727157626
KOTO,2025-12-02 00:00:00,6,9,19.356650359854452,P90 percentile cone,0.9,1,16330.021074028862
KOTO,2025-12-02 00:00:00,6,9,19.356650359854452,P90 covariance ellipse,0.9,1,8457.794270966073
KOTO,2025-12-02 06:00:00,6,7,54.14618183561944,Fixed-radius region,,0,1963.4928890086885
KOTO,2025-12-02 06:00:00,6,7,54.14618183561944,P50 percentile cone,0.5,1,9494.306643090087
KOTO,2025-12-02 06:00:00,6,7,54.14618183561944,P50 covariance ellipse,0.5,0,2093.4892716274376
KOTO,2025-12-02 06:00:00,6,7,54.14618183561944,P90 percentile cone,0.9,1,13591.959623220044
KOTO,2025-12-02 06:00:00,6,7,54.14618183561944,P90 covariance ellipse,0.9,0,6954.420827764465
KOTO,2025-12-02 12:00:00,6,7,46.60151735359669,Fixed-radius region,,0,1963.4928890086885
KOTO,2025-12-02 12:00:00,6,7,46.60151735359669,P50 percentile cone,0.5,1,8538.22010765321
KOTO,2025-12-02 12:00:00,6,7,46.60151735359669,P50 covariance ellipse,0.5,0,1692.040728359556
KOTO,2025-12-02 12:00:00,6,7,46.60151735359669,P90 percentile cone,0.9,1,12322.041835290349
KOTO,2025-12-02 12:00:00,6,7,46.60151735359669,P90 covariance ellipse,0.9,0,5620.837633231284
KOTO,2025-12-02 18:00:00,6,1,44.47797065782353,Fixed-radius region,,0,1963.4928890086885
KOTO,2025-12-02 18:00:00,6,1,44.47797065782353,P50 percentile cone,0.5,0,1963.4928890086885
KOTO,2025-12-02 18:00:00,6,1,44.47797065782353,P90 percentile cone,0.9,0,1963.4928890086885
KOTO,2025-12-03 00:00:00,6,2,54.72399220500097,Fixed-radius region,,0,1963.4928890086885
KOTO,2025-12-03 00:00:00,6,2,54.72399220500097,P50 percentile cone,0.5,0,5162.432390988584
KOTO,2025-12-03 00:00:00,6,2,54.72399220500097,P90 percentile cone,0.9,0,5162.733641245009
KOTO,2025-12-03 06:00:00,6,1,159.31409356482828,Fixed-radius region,,0,1963.4928890086885
KOTO,2025-12-03 06:00:00,6,1,159.31409356482828,P50 percentile cone,0.5,0,1963.4928890086885
KOTO,2025-12-03 06:00:00,6,1,159.31409356482828,P90 percentile cone,0.9,0,1963.4928890086885
MELISSA,2025-10-23 00:00:00,6,50,32.6398349206544,Fixed-radius region,,0,1963.4928890086885
MELISSA,2025-10-23 00:00:00,6,50,32.6398349206544,P50 percentile cone,0.5,1,26519.967684239637
MELISSA,2025-10-23 00:00:00,6,50,32.6398349206544,P50 covariance ellipse,0.5,1,18080.094055259004
MELISSA,2025-10-23 00:00:00,6,50,32.6398349206544,P90 percentile cone,0.9,1,78374.3191439706
MELISSA,2025-10-23 00:00:00,6,50,32.6398349206544,P90 covariance ellipse,0.9,1,60060.77240037086
MELISSA,2025-10-23 06:00:00,6,50,12.507582618933805,Fixed-radius region,,1,1963.4928890086885
MELISSA,2025-10-23 06:00:00,6,50,12.507582618933805,P50 percentile cone,0.5,1,53096.27485088752
MELISSA,2025-10-23 06:00:00,6,50,12.507582618933805,P50 covariance ellipse,0.5,1,20575.992289047634
MELISSA,2025-10-23 06:00:00,6,50,12.507582618933805,P90 percentile cone,0.9,1,130813.02637623604
MELISSA,2025-10-23 06:00:00,6,50,12.507582618933805,P90 covariance ellipse,0.9,1,68351.96686517305
MELISSA,2025-10-23 12:00:00,6,50,22.99813686064109,Fixed-radius region,,1,1963.4928890086885
MELISSA,2025-10-23 12:00:00,6,50,22.99813686064109,P50 percentile cone,0.5,1,29037.544355508846
MELISSA,2025-10-23 12:00:00,6,50,22.99813686064109,P50 covariance ellipse,0.5,1,20222.999814384893
MELISSA,2025-10-23 12:00:00,6,50,22.99813686064109,P90 percentile cone,0.9,1,104473.54007126462
MELISSA,2025-10-23 12:00:00,6,50,22.99813686064109,P90 covariance ellipse,0.9,1,67179.35124630708
MELISSA,2025-10-23 18:00:00,6,51,10.145773689835531,Fixed-radius region,,1,1963.4928890086885
MELISSA,2025-10-23 18:00:00,6,51,10.145773689835531,P50 percentile cone,0.5,1,46681.232830172325
MELISSA,2025-10-23 18:00:00,6,51,10.145773689835531,P50 covariance ellipse,0.5,1,24523.951398342644
MELISSA,2025-10-23 18:00:00,6,51,10.145773689835531,P90 percentile cone,0.9,1,103139.25123729625
MELISSA,2025-10-23 18:00:00,6,51,10.145773689835531,P90 covariance ellipse,0.9,1,81466.80314780664
MELISSA,2025-10-24 00:00:00,6,51,39.83317823414878,Fixed-radius region,,0,1963.4928890086885
MELISSA,2025-10-24 00:00:00,6,51,39.83317823414878,P50 percentile cone,0.5,1,15864.991651624894
MELISSA,2025-10-24 00:00:00,6,51,39.83317823414878,P50 covariance ellipse,0.5,1,12484.166064344781
MELISSA,2025-10-24 00:00:00,6,51,39.83317823414878,P90 percentile cone,0.9,1,81650.34543168623
MELISSA,2025-10-24 00:00:00,6,51,39.83317823414878,P90 covariance ellipse,0.9,1,41471.501990386314
MELISSA,2025-10-24 12:00:00,6,51,26.92074381892061,Fixed-radius region,,0,1963.4928890086885
MELISSA,2025-10-24 12:00:00,6,51,26.92074381892061,P50 percentile cone,0.5,1,23749.463896196088
MELISSA,2025-10-24 12:00:00,6,51,26.92074381892061,P50 covariance ellipse,0.5,1,9747.487672927187
MELISSA,2025-10-24 12:00:00,6,51,26.92074381892061,P90 percentile cone,0.9,1,54992.30487000955
MELISSA,2025-10-24 12:00:00,6,51,26.92074381892061,P90 covariance ellipse,0.9,1,32380.45315526506
MELISSA,2025-10-24 18:00:00,6,51,36.89777090849382,Fixed-radius region,,0,1963.4928890086885
MELISSA,2025-10-24 18:00:00,6,51,36.89777090849382,P50 percentile cone,0.5,1,32130.385682153003
MELISSA,2025-10-24 18:00:00,6,51,36.89777090849382,P50 covariance ellipse,0.5,1,15078.149562255252
MELISSA,2025-10-24 18:00:00,6,51,36.89777090849382,P90 percentile cone,0.9,1,83160.17589197424
MELISSA,2025-10-24 18:00:00,6,51,36.89777090849382,P90 covariance ellipse,0.9,1,50088.5286497693
MELISSA,2025-10-25 00:00:00,6,51,40.67247382724812,Fixed-radius region,,0,1963.4928890086885
MELISSA,2025-10-25 00:00:00,6,51,40.67247382724812,P50 percentile cone,0.5,1,23476.722214074725
MELISSA,2025-10-25 00:00:00,6,51,40.67247382724812,P50 covariance ellipse,0.5,1,9529.660622852427
MELISSA,2025-10-25 00:00:00,6,51,40.67247382724812,P90 percentile cone,0.9,1,51776.00944776533
MELISSA,2025-10-25 00:00:00,6,51,40.67247382724812,P90 covariance ellipse,0.9,1,31656.84735779527
MELISSA,2025-10-25 12:00:00,6,51,16.55083444301586,Fixed-radius region,,1,1963.4928890086885
MELISSA,2025-10-25 12:00:00,6,51,16.55083444301586,P50 percentile cone,0.5,1,24270.291065770114
MELISSA,2025-10-25 12:00:00,6,51,16.55083444301586,P50 covariance ellipse,0.5,1,9201.41330634398
MELISSA,2025-10-25 12:00:00,6,51,16.55083444301586,P90 percentile cone,0.9,1,57741.5455487862
MELISSA,2025-10-25 12:00:00,6,51,16.55083444301586,P90 covariance ellipse,0.9,1,30566.43337501448
MELISSA,2025-10-25 18:00:00,6,51,23.097863780960395,Fixed-radius region,,1,1963.4928890086885
MELISSA,2025-10-25 18:00:00,6,51,23.097863780960395,P50 percentile cone,0.5,1,28621.90399900366
MELISSA,2025-10-25 18:00:00,6,51,23.097863780960395,P50 covariance ellipse,0.5,1,16320.040051894519
MELISSA,2025-10-25 18:00:00,6,51,23.097863780960395,P90 percentile cone,0.9,1,69142.19196641003
MELISSA,2025-10-25 18:00:00,6,51,23.097863780960395,P90 covariance ellipse,0.9,1,54213.9995580754
MELISSA,2025-10-26 00:00:00,6,51,15.905603507739357,Fixed-radius region,,1,1963.4928890086885
MELISSA,2025-10-26 00:00:00,6,51,15.905603507739357,P50 percentile cone,0.5,1,17265.506444389663
MELISSA,2025-10-26 00:00:00,6,51,15.905603507739357,P50 covariance ellipse,0.5,1,6642.949577455571
MELISSA,2025-10-26 00:00:00,6,51,15.905603507739357,P90 percentile cone,0.9,1,34441.637156453646
MELISSA,2025-10-26 00:00:00,6,51,15.905603507739357,P90 covariance ellipse,0.9,1,22067.40083426979
MELISSA,2025-10-26 06:00:00,6,51,15.6247572051765,Fixed-radius region,,1,1963.4928890086885
MELISSA,2025-10-26 06:00:00,6,51,15.6247572051765,P50 percentile cone,0.5,1,24075.5402258629
MELISSA,2025-10-26 06:00:00,6,51,15.6247572051765,P50 covariance ellipse,0.5,1,10068.099561697629
MELISSA,2025-10-26 06:00:00,6,51,15.6247572051765,P90 percentile cone,0.9,1,62480.49891459718
MELISSA,2025-10-26 06:00:00,6,51,15.6247572051765,P90 covariance ellipse,0.9,1,33445.502796126486
MELISSA,2025-10-26 12:00:00,6,51,30.277345334312766,Fixed-radius region,,0,1963.4928890086885
MELISSA,2025-10-26 12:00:00,6,51,30.277345334312766,P50 percentile cone,0.5,1,16361.607691512772
MELISSA,2025-10-26 12:00:00,6,51,30.277345334312766,P50 covariance ellipse,0.5,1,8583.644861456312
MELISSA,2025-10-26 12:00:00,6,51,30.277345334312766,P90 percentile cone,0.9,1,70369.61087390932
MELISSA,2025-10-26 12:00:00,6,51,30.277345334312766,P90 covariance ellipse,0.9,1,28514.25102180726
MELISSA,2025-10-26 18:00:00,6,51,27.31769217766055,Fixed-radius region,,0,1963.4928890086885
MELISSA,2025-10-26 18:00:00,6,51,27.31769217766055,P50 percentile cone,0.5,1,18633.46603608408
MELISSA,2025-10-26 18:00:00,6,51,27.31769217766055,P50 covariance ellipse,0.5,1,10412.257947623562
MELISSA,2025-10-26 18:00:00,6,51,27.31769217766055,P90 percentile cone,0.9,1,73909.3336227662
MELISSA,2025-10-26 18:00:00,6,51,27.31769217766055,P90 covariance ellipse,0.9,1,34588.77220742493
MELISSA,2025-10-27 00:00:00,6,51,15.644524242235384,Fixed-radius region,,1,1963.4928890086885
MELISSA,2025-10-27 00:00:00,6,51,15.644524242235384,P50 percentile cone,0.5,1,14848.554972500464
MELISSA,2025-10-27 00:00:00,6,51,15.644524242235384,P50 covariance ellipse,0.5,1,6938.5219319388825
MELISSA,2025-10-27 00:00:00,6,51,15.644524242235384,P90 percentile cone,0.9,1,44013.86654099306
MELISSA,2025-10-27 00:00:00,6,51,15.644524242235384,P90 covariance ellipse,0.9,1,23049.27094269991
MELISSA,2025-10-27 06:00:00,6,51,0.6044162417699278,Fixed-radius region,,1,1963.4928890086885
MELISSA,2025-10-27 06:00:00,6,51,0.6044162417699278,P50 percentile cone,0.5,1,14574.200702577424
MELISSA,2025-10-27 06:00:00,6,51,0.6044162417699278,P50 covariance ellipse,0.5,1,7508.696966533329
MELISSA,2025-10-27 06:00:00,6,51,0.6044162417699278,P90 percentile cone,0.9,1,43750.37537484444
MELISSA,2025-10-27 06:00:00,6,51,0.6044162417699278,P90 covariance ellipse,0.9,1,24943.351409122573
MELISSA,2025-10-27 12:00:00,6,51,4.066746813022586,Fixed-radius region,,1,1963.4928890086885
MELISSA,2025-10-27 12:00:00,6,51,4.066746813022586,P50 percentile cone,0.5,1,10891.645157346717
MELISSA,2025-10-27 12:00:00,6,51,4.066746813022586,P50 covariance ellipse,0.5,1,6878.968182785321
MELISSA,2025-10-27 12:00:00,6,51,4.066746813022586,P90 percentile cone,0.9,1,43855.184557630775
MELISSA,2025-10-27 12:00:00,6,51,4.066746813022586,P90 covariance ellipse,0.9,1,22851.437670230822
MELISSA,2025-10-27 18:00:00,6,51,12.638506454916072,Fixed-radius region,,1,1963.4928890086885
MELISSA,2025-10-27 18:00:00,6,51,12.638506454916072,P50 percentile cone,0.5,1,12176.88108503919
MELISSA,2025-10-27 18:00:00,6,51,12.638506454916072,P50 covariance ellipse,0.5,1,7044.7874272436575
MELISSA,2025-10-27 18:00:00,6,51,12.638506454916072,P90 percentile cone,0.9,1,51694.15177403288
MELISSA,2025-10-27 18:00:00,6,51,12.638506454916072,P90 covariance ellipse,0.9,1,23402.277277069963
MELISSA,2025-10-28 00:00:00,6,51,6.096269849124992,Fixed-radius region,,1,1963.4928890086885
MELISSA,2025-10-28 00:00:00,6,51,6.096269849124992,P50 percentile cone,0.5,1,10260.835948641788
MELISSA,2025-10-28 00:00:00,6,51,6.096269849124992,P50 covariance ellipse,0.5,1,5188.929600690692
MELISSA,2025-10-28 00:00:00,6,51,6.096269849124992,P90 percentile cone,0.9,1,39627.534479280366
MELISSA,2025-10-28 00:00:00,6,51,6.096269849124992,P90 covariance ellipse,0.9,1,17237.25102292707
MELISSA,2025-10-28 06:00:00,6,51,22.853623281930414,Fixed-radius region,,1,1963.4928890086885
MELISSA,2025-10-28 06:00:00,6,51,22.853623281930414,P50 percentile cone,0.5,1,11960.757785320207
MELISSA,2025-10-28 06:00:00,6,51,22.853623281930414,P50 covariance ellipse,0.5,1,5617.263707231776
MELISSA,2025-10-28 06:00:00,6,51,22.853623281930414,P90 percentile cone,0.9,1,35893.258817202506
MELISSA,2025-10-28 06:00:00,6,51,22.853623281930414,P90 covariance ellipse,0.9,1,18660.146125444375
MELISSA,2025-10-28 12:00:00,6,51,18.78567839511228,Fixed-radius region,,1,1963.4928890086885
MELISSA,2025-10-28 12:00:00,6,51,18.78567839511228,P50 percentile cone,0.5,1,11574.934644096997
MELISSA,2025-10-28 12:00:00,6,51,18.78567839511228,P50 covariance ellipse,0.5,1,3995.9275936750705
MELISSA,2025-10-28 12:00:00,6,51,18.78567839511228,P90 percentile cone,0.9,1,46356.92264583068
MELISSA,2025-10-28 12:00:00,6,51,18.78567839511228,P90 covariance ellipse,0.9,1,13274.184138564866
MELISSA,2025-10-28 18:00:00,6,51,9.187615015441008,Fixed-radius region,,1,1963.4928890086885
MELISSA,2025-10-28 18:00:00,6,51,9.187615015441008,P50 percentile cone,0.5,1,18944.576037992087
MELISSA,2025-10-28 18:00:00,6,51,9.187615015441008,P50 covariance ellipse,0.5,1,7477.723152556761
MELISSA,2025-10-28 18:00:00,6,51,9.187615015441008,P90 percentile cone,0.9,1,65122.218774621375
MELISSA,2025-10-28 18:00:00,6,51,9.187615015441008,P90 covariance ellipse,0.9,1,24840.458626268
MELISSA,2025-10-29 00:00:00,6,51,20.350156622536772,Fixed-radius region,,1,1963.4928890086885
MELISSA,2025-10-29 00:00:00,6,51,20.350156622536772,P50 percentile cone,0.5,1,11739.415946311969
MELISSA,2025-10-29 00:00:00,6,51,20.350156622536772,P50 covariance ellipse,0.5,1,4563.331973486553
MELISSA,2025-10-29 00:00:00,6,51,20.350156622536772,P90 percentile cone,0.9,1,40952.8846380306
MELISSA,2025-10-29 00:00:00,6,51,20.350156622536772,P90 covariance ellipse,0.9,1,15159.06068902277
MELISSA,2025-10-29 06:00:00,6,51,26.306404881695915,Fixed-radius region,,0,1963.4928890086885
MELISSA,2025-10-29 06:00:00,6,51,26.306404881695915,P50 percentile cone,0.5,1,13707.623186438574
MELISSA,2025-10-29 06:00:00,6,51,26.306404881695915,P50 covariance ellipse,0.5,1,5847.049799036797
MELISSA,2025-10-29 06:00:00,6,51,26.306404881695915,P90 percentile cone,0.9,1,43351.74632371795
MELISSA,2025-10-29 06:00:00,6,51,26.306404881695915,P90 covariance ellipse,0.9,1,19423.478999625837
MELISSA,2025-10-29 12:00:00,6,51,17.684888316484425,Fixed-radius region,,1,1963.4928890086885
MELISSA,2025-10-29 12:00:00,6,51,17.684888316484425,P50 percentile cone,0.5,1,12636.908891305928
MELISSA,2025-10-29 12:00:00,6,51,17.684888316484425,P50 covariance ellipse,0.5,1,6037.944553504554
MELISSA,2025-10-29 12:00:00,6,51,17.684888316484425,P90 percentile cone,0.9,1,31222.9183859456
MELISSA,2025-10-29 12:00:00,6,51,17.684888316484425,P90 covariance ellipse,0.9,1,20057.617647658906
MELISSA,2025-10-29 18:00:00,6,51,37.069841163716184,Fixed-radius region,,0,1963.4928890086885
MELISSA,2025-10-29 18:00:00,6,51,37.069841163716184,P50 percentile cone,0.5,1,14058.051287026403
MELISSA,2025-10-29 18:00:00,6,51,37.069841163716184,P50 covariance ellipse,0.5,1,6098.542712546405
MELISSA,2025-10-29 18:00:00,6,51,37.069841163716184,P90 percentile cone,0.9,1,53467.50365859485
MELISSA,2025-10-29 18:00:00,6,51,37.069841163716184,P90 covariance ellipse,0.9,1,20258.92037467848
MELISSA,2025-10-30 00:00:00,6,51,18.165064739964244,Fixed-radius region,,1,1963.4928890086885
MELISSA,2025-10-30 00:00:00,6,51,18.165064739964244,P50 percentile cone,0.5,1,9204.569853813551
MELISSA,2025-10-30 00:00:00,6,51,18.165064739964244,P50 covariance ellipse,0.5,1,3425.9827952418727
MELISSA,2025-10-30 00:00:00,6,51,18.165064739964244,P90 percentile cone,0.9,1,20401.517383100767
MELISSA,2025-10-30 00:00:00,6,51,18.165064739964244,P90 covariance ellipse,0.9,1,11380.868500114713
MELISSA,2025-10-30 06:00:00,6,51,4.183699888874729,Fixed-radius region,,1,1963.4928890086885
MELISSA,2025-10-30 06:00:00,6,51,4.183699888874729,P50 percentile cone,0.5,1,9105.394537363374
MELISSA,2025-10-30 06:00:00,6,51,4.183699888874729,P50 covariance ellipse,0.5,1,3310.29980806756
MELISSA,2025-10-30 06:00:00,6,51,4.183699888874729,P90 percentile cone,0.9,1,29753.948570431337
MELISSA,2025-10-30 06:00:00,6,51,4.183699888874729,P90 covariance ellipse,0.9,1,10996.577934919871
MELISSA,2025-10-30 12:00:00,6,51,19.413066357961387,Fixed-radius region,,1,1963.4928890086885
MELISSA,2025-10-30 12:00:00,6,51,19.413066357961387,P50 percentile cone,0.5,1,6440.314991128557
MELISSA,2025-10-30 12:00:00,6,51,19.413066357961387,P50 covariance ellipse,0.5,1,2576.50062250994
MELISSA,2025-10-30 12:00:00,6,51,19.413066357961387,P90 percentile cone,0.9,1,23006.6195335884
MELISSA,2025-10-30 12:00:00,6,51,19.413066357961387,P90 covariance ellipse,0.9,1,8558.949804410548
MELISSA,2025-10-30 18:00:00,6,51,31.015813696345223,Fixed-radius region,,0,1963.4928890086885
MELISSA,2025-10-30 18:00:00,6,51,31.015813696345223,P50 percentile cone,0.5,1,10024.344098934876
MELISSA,2025-10-30 18:00:00,6,51,31.015813696345223,P50 covariance ellipse,0.5,1,4330.438055508904
MELISSA,2025-10-30 18:00:00,6,51,31.015813696345223,P90 percentile cone,0.9,1,35386.848654785535
MELISSA,2025-10-30 18:00:00,6,51,31.015813696345223,P90 covariance ellipse,0.9,1,14385.403839764424
MELISSA,2025-10-31 00:00:00,6,51,27.03962288606959,Fixed-radius region,,0,1963.4928890086885
MELISSA,2025-10-31 00:00:00,6,51,27.03962288606959,P50 percentile cone,0.5,1,7450.057513254124
MELISSA,2025-10-31 00:00:00,6,51,27.03962288606959,P50 covariance ellipse,0.5,1,2970.158611280939
MELISSA,2025-10-31 00:00:00,6,51,27.03962288606959,P90 percentile cone,0.9,1,25110.231739604515
MELISSA,2025-10-31 00:00:00,6,51,27.03962288606959,P90 covariance ellipse,0.9,1,9866.653337085781
MELISSA,2025-10-31 12:00:00,6,51,21.26724165029656,Fixed-radius region,,1,1963.4928890086885
MELISSA,2025-10-31 12:00:00,6,51,21.26724165029656,P50 percentile cone,0.5,1,17251.180938577418
MELISSA,2025-10-31 12:00:00,6,51,21.26724165029656,P50 covariance ellipse,0.5,1,5811.982157489666
MELISSA,2025-10-31 12:00:00,6,51,21.26724165029656,P90 percentile cone,0.9,1,35948.00212844884
MELISSA,2025-10-31 12:00:00,6,51,21.26724165029656,P90 covariance ellipse,0.9,1,19306.986815948985
MONTHA,2025-10-27 00:00:00,6,51,18.097678339838346,Fixed-radius region,,1,1963.4928890086885
MONTHA,2025-10-27 00:00:00,6,51,18.097678339838346,P50 percentile cone,0.5,1,14771.98499398152
MONTHA,2025-10-27 00:00:00,6,51,18.097678339838346,P50 covariance ellipse,0.5,1,5525.384928015291
MONTHA,2025-10-27 00:00:00,6,51,18.097678339838346,P90 percentile cone,0.9,1,32527.489003679402
MONTHA,2025-10-27 00:00:00,6,51,18.097678339838346,P90 covariance ellipse,0.9,1,18354.931427441177
MONTHA,2025-10-27 06:00:00,6,51,22.857265476978128,Fixed-radius region,,1,1963.4928890086885
MONTHA,2025-10-27 06:00:00,6,51,22.857265476978128,P50 percentile cone,0.5,1,19220.257884626324
MONTHA,2025-10-27 06:00:00,6,51,22.857265476978128,P50 covariance ellipse,0.5,1,9024.35516189474
MONTHA,2025-10-27 06:00:00,6,51,22.857265476978128,P90 percentile cone,0.9,1,61281.98310340771
MONTHA,2025-10-27 06:00:00,6,51,22.857265476978128,P90 covariance ellipse,0.9,1,29978.258950539923
MONTHA,2025-10-27 12:00:00,6,50,30.00844355461717,Fixed-radius region,,0,1963.4928890086885
MONTHA,2025-10-27 12:00:00,6,50,30.00844355461717,P50 percentile cone,0.5,1,13929.598674540357
MONTHA,2025-10-27 12:00:00,6,50,30.00844355461717,P50 covariance ellipse,0.5,1,6567.2103734494285
MONTHA,2025-10-27 12:00:00,6,50,30.00844355461717,P90 percentile cone,0.9,1,43774.488231914
MONTHA,2025-10-27 12:00:00,6,50,30.00844355461717,P90 covariance ellipse,0.9,1,21815.80064459738
MONTHA,2025-10-27 18:00:00,6,51,44.4428797838942,Fixed-radius region,,0,1963.4928890086885
MONTHA,2025-10-27 18:00:00,6,51,44.4428797838942,P50 percentile cone,0.5,1,15481.358171712509
MONTHA,2025-10-27 18:00:00,6,51,44.4428797838942,P50 covariance ellipse,0.5,1,7703.108068034645
MONTHA,2025-10-27 18:00:00,6,51,44.4428797838942,P90 percentile cone,0.9,1,38760.39560447473
MONTHA,2025-10-27 18:00:00,6,51,44.4428797838942,P90 covariance ellipse,0.9,1,25589.171109157796
MONTHA,2025-10-28 00:00:00,6,51,13.224794090644039,Fixed-radius region,,1,1963.4928890086885
MONTHA,2025-10-28 00:00:00,6,51,13.224794090644039,P50 percentile cone,0.5,1,10466.305694335408
MONTHA,2025-10-28 00:00:00,6,51,13.224794090644039,P50 covariance ellipse,0.5,1,3106.6580447103292
MONTHA,2025-10-28 00:00:00,6,51,13.224794090644039,P90 percentile cone,0.9,1,19066.401486844825
MONTHA,2025-10-28 00:00:00,6,51,13.224794090644039,P90 covariance ellipse,0.9,1,10320.09463993108
MONTHA,2025-10-28 06:00:00,6,51,43.25261821083986,Fixed-radius region,,0,1963.4928890086885
MONTHA,2025-10-28 06:00:00,6,51,43.25261821083986,P50 percentile cone,0.5,1,14634.717743941652
MONTHA,2025-10-28 06:00:00,6,51,43.25261821083986,P50 covariance ellipse,0.5,1,6006.80335056974
MONTHA,2025-10-28 06:00:00,6,51,43.25261821083986,P90 percentile cone,0.9,1,35038.57670789644
MONTHA,2025-10-28 06:00:00,6,51,43.25261821083986,P90 covariance ellipse,0.9,1,19954.16881072116
MONTHA,2025-10-28 12:00:00,6,51,11.037052806769356,Fixed-radius region,,1,1963.4928890086885
MONTHA,2025-10-28 12:00:00,6,51,11.037052806769356,P50 percentile cone,0.5,1,6237.7600315880245
MONTHA,2025-10-28 12:00:00,6,51,11.037052806769356,P50 covariance ellipse,0.5,1,2154.7236859246696
MONTHA,2025-10-28 12:00:00,6,51,11.037052806769356,P90 percentile cone,0.9,1,17131.20465601715
MONTHA,2025-10-28 12:00:00,6,51,11.037052806769356,P90 covariance ellipse,0.9,1,7157.837148992411
MONTHA,2025-10-28 18:00:00,6,51,20.836628964885993,Fixed-radius region,,1,1963.4928890086885
MONTHA,2025-10-28 18:00:00,6,51,20.836628964885993,P50 percentile cone,0.5,1,10121.374682160578
MONTHA,2025-10-28 18:00:00,6,51,20.836628964885993,P50 covariance ellipse,0.5,1,4004.7531740535437
MONTHA,2025-10-28 18:00:00,6,51,20.836628964885993,P90 percentile cone,0.9,1,26231.801478777626
MONTHA,2025-10-28 18:00:00,6,51,20.836628964885993,P90 covariance ellipse,0.9,1,13303.502081977804
MONTHA,2025-10-29 00:00:00,6,51,61.29702974810937,Fixed-radius region,,0,1963.4928890086885
MONTHA,2025-10-29 00:00:00,6,51,61.29702974810937,P50 percentile cone,0.5,1,14866.39962474458
MONTHA,2025-10-29 00:00:00,6,51,61.29702974810937,P50 covariance ellipse,0.5,0,5498.921377903627
MONTHA,2025-10-29 00:00:00,6,51,61.29702974810937,P90 percentile cone,0.9,1,23953.22516615555
MONTHA,2025-10-29 00:00:00,6,51,61.29702974810937,P90 covariance ellipse,0.9,1,18267.021416834785
MONTHA,2025-10-29 06:00:00,6,51,103.61215273568621,Fixed-radius region,,0,1963.4928890086885
MONTHA,2025-10-29 06:00:00,6,51,103.61215273568621,P50 percentile cone,0.5,0,11377.636342520973
MONTHA,2025-10-29 06:00:00,6,51,103.61215273568621,P50 covariance ellipse,0.5,0,4576.944427330916
MONTHA,2025-10-29 06:00:00,6,51,103.61215273568621,P90 percentile cone,0.9,0,27255.654041238457
MONTHA,2025-10-29 06:00:00,6,51,103.61215273568621,P90 covariance ellipse,0.9,0,15204.28028188872
MONTHA,2025-10-29 12:00:00,6,51,102.45037091157391,Fixed-radius region,,0,1963.4928890086885
MONTHA,2025-10-29 12:00:00,6,51,102.45037091157391,P50 percentile cone,0.5,0,6264.864117836004
MONTHA,2025-10-29 12:00:00,6,51,102.45037091157391,P50 covariance ellipse,0.5,0,1480.1771622005851
MONTHA,2025-10-29 12:00:00,6,51,102.45037091157391,P90 percentile cone,0.9,0,13129.947823052642
MONTHA,2025-10-29 12:00:00,6,51,102.45037091157391,P90 covariance ellipse,0.9,0,4917.042100524771
NOKAEN,2026-01-15 06:00:00,6,50,34.79266778495639,Fixed-radius region,,0,1963.4928890086885
NOKAEN,2026-01-15 06:00:00,6,50,34.79266778495639,P50 percentile cone,0.5,1,40580.25227125985
NOKAEN,2026-01-15 06:00:00,6,50,34.79266778495639,P50 covariance ellipse,0.5,1,27076.95029928704
NOKAEN,2026-01-15 06:00:00,6,50,34.79266778495639,P90 percentile cone,0.9,1,111219.03296929384
NOKAEN,2026-01-15 06:00:00,6,50,34.79266778495639,P90 covariance ellipse,0.9,1,89947.68192307038
PENHA,2026-02-05 00:00:00,6,51,38.30177279148558,Fixed-radius region,,0,1963.4928890086885
PENHA,2026-02-05 00:00:00,6,51,38.30177279148558,P50 percentile cone,0.5,1,17768.735221962186
PENHA,2026-02-05 00:00:00,6,51,38.30177279148558,P50 covariance ellipse,0.5,1,8210.046538773458
PENHA,2026-02-05 00:00:00,6,51,38.30177279148558,P90 percentile cone,0.9,1,43665.00476060095
PENHA,2026-02-05 00:00:00,6,51,38.30177279148558,P90 covariance ellipse,0.9,1,27273.184257484292
PENHA,2026-02-05 06:00:00,6,49,55.937537671917404,Fixed-radius region,,0,1963.4928890086885
PENHA,2026-02-05 06:00:00,6,49,55.937537671917404,P50 percentile cone,0.5,1,23398.012924994593
PENHA,2026-02-05 06:00:00,6,49,55.937537671917404,P50 covariance ellipse,0.5,1,13337.768518944922
PENHA,2026-02-05 06:00:00,6,49,55.937537671917404,P90 percentile cone,0.9,1,87135.13953585419
PENHA,2026-02-05 06:00:00,6,49,55.937537671917404,P90 covariance ellipse,0.9,1,44307.10796618733
PENHA,2026-02-05 12:00:00,6,47,75.9910933520557,Fixed-radius region,,0,1963.4928890086885
PENHA,2026-02-05 12:00:00,6,47,75.9910933520557,P50 percentile cone,0.5,1,25018.477238467793
PENHA,2026-02-05 12:00:00,6,47,75.9910933520557,P50 covariance ellipse,0.5,0,13849.85873171331
PENHA,2026-02-05 12:00:00,6,47,75.9910933520557,P90 percentile cone,0.9,1,87097.26269792886
PENHA,2026-02-05 12:00:00,6,47,75.9910933520557,P90 covariance ellipse,0.9,1,46008.23483109949
SENYAR,2025-11-26 06:00:00,6,34,129.5720886327189,Fixed-radius region,,0,1963.4928890086885
SENYAR,2025-11-26 06:00:00,6,34,129.5720886327189,P50 percentile cone,0.5,1,98701.28610420854
SENYAR,2025-11-26 06:00:00,6,34,129.5720886327189,P50 covariance ellipse,0.5,0,48621.955016661304
SENYAR,2025-11-26 06:00:00,6,34,129.5720886327189,P90 percentile cone,0.9,1,198256.1439909389
SENYAR,2025-11-26 06:00:00,6,34,129.5720886327189,P90 covariance ellipse,0.9,1,161518.6383981967
SENYAR,2025-11-26 12:00:00,6,21,110.67047792030853,Fixed-radius region,,0,1963.4928890086885
SENYAR,2025-11-26 12:00:00,6,21,110.67047792030853,P50 percentile cone,0.5,1,69449.00840156696
SENYAR,2025-11-26 12:00:00,6,21,110.67047792030853,P50 covariance ellipse,0.5,0,30823.761258569724
SENYAR,2025-11-26 12:00:00,6,21,110.67047792030853,P90 percentile cone,0.9,1,249230.31077829693
SENYAR,2025-11-26 12:00:00,6,21,110.67047792030853,P90 covariance ellipse,0.9,0,102394.3185149434
SENYAR,2025-11-26 18:00:00,6,34,96.28067145163132,Fixed-radius region,,0,1963.4928890086885
SENYAR,2025-11-26 18:00:00,6,34,96.28067145163132,P50 percentile cone,0.5,0,17662.20249071026
SENYAR,2025-11-26 18:00:00,6,34,96.28067145163132,P50 covariance ellipse,0.5,0,36126.840925924225
SENYAR,2025-11-26 18:00:00,6,34,96.28067145163132,P90 percentile cone,0.9,1,386377.2604953084
SENYAR,2025-11-26 18:00:00,6,34,96.28067145163132,P90 covariance ellipse,0.9,1,120010.76785135423
SENYAR,2025-11-27 00:00:00,6,33,143.33558522967203,Fixed-radius region,,0,1963.4928890086885
SENYAR,2025-11-27 00:00:00,6,33,143.33558522967203,P50 percentile cone,0.5,0,15960.191634363933
SENYAR,2025-11-27 00:00:00,6,33,143.33558522967203,P50 covariance ellipse,0.5,0,29518.460951040877
SENYAR,2025-11-27 00:00:00,6,33,143.33558522967203,P90 percentile cone,0.9,1,72247.90011540969
SENYAR,2025-11-27 00:00:00,6,33,143.33558522967203,P90 covariance ellipse,0.9,0,98058.2047510982
SENYAR,2025-11-27 06:00:00,6,22,139.05114438878874,Fixed-radius region,,0,1963.4928890086885
SENYAR,2025-11-27 06:00:00,6,22,139.05114438878874,P50 percentile cone,0.5,0,14241.484664075451
SENYAR,2025-11-27 06:00:00,6,22,139.05114438878874,P50 covariance ellipse,0.5,0,19981.111649026167
SENYAR,2025-11-27 06:00:00,6,22,139.05114438878874,P90 percentile cone,0.9,1,110193.21755290133
SENYAR,2025-11-27 06:00:00,6,22,139.05114438878874,P90 covariance ellipse,0.9,0,66375.81615398117
SENYAR,2025-11-27 12:00:00,6,40,129.10042533937428,Fixed-radius region,,0,1963.4928890086885
SENYAR,2025-11-27 12:00:00,6,40,129.10042533937428,P50 percentile cone,0.5,0,10666.84249561379
SENYAR,2025-11-27 12:00:00,6,40,129.10042533937428,P50 covariance ellipse,0.5,0,9660.903678032602
SENYAR,2025-11-27 12:00:00,6,40,129.10042533937428,P90 percentile cone,0.9,0,50923.96991355213
SENYAR,2025-11-27 12:00:00,6,40,129.10042533937428,P90 covariance ellipse,0.9,0,32092.82735005715
SENYAR,2025-11-27 18:00:00,6,23,168.9690193638377,Fixed-radius region,,0,1963.4928890086885
SENYAR,2025-11-27 18:00:00,6,23,168.9690193638377,P50 percentile cone,0.5,0,21919.404191968613
SENYAR,2025-11-27 18:00:00,6,23,168.9690193638377,P50 covariance ellipse,0.5,0,10493.746606998893
SENYAR,2025-11-27 18:00:00,6,23,168.9690193638377,P90 percentile cone,0.9,0,70013.98008322579
SENYAR,2025-11-27 18:00:00,6,23,168.9690193638377,P90 covariance ellipse,0.9,0,34859.47167441855
SONIA,2025-10-25 12:00:00,6,50,28.77438482539645,Fixed-radius region,,0,1963.4928890086885
SONIA,2025-10-25 12:00:00,6,50,28.77438482539645,P50 percentile cone,0.5,1,17130.660745167388
SONIA,2025-10-25 12:00:00,6,50,28.77438482539645,P50 covariance ellipse,0.5,1,5761.844346269344
SONIA,2025-10-25 12:00:00,6,50,28.77438482539645,P90 percentile cone,0.9,1,37638.07843179072
SONIA,2025-10-25 12:00:00,6,50,28.77438482539645,P90 covariance ellipse,0.9,1,19140.432612240038
SONIA,2025-10-25 18:00:00,6,49,24.02268440039077,Fixed-radius region,,1,1963.4928890086885
SONIA,2025-10-25 18:00:00,6,49,24.02268440039077,P50 percentile cone,0.5,1,17757.21353693894
SONIA,2025-10-25 18:00:00,6,49,24.02268440039077,P50 covariance ellipse,0.5,1,8157.460497034143
SONIA,2025-10-25 18:00:00,6,49,24.02268440039077,P90 percentile cone,0.9,1,50434.44244626546
SONIA,2025-10-25 18:00:00,6,49,24.02268440039077,P90 covariance ellipse,0.9,1,27098.497208031546
SONIA,2025-10-26 00:00:00,6,51,65.6208146020352,Fixed-radius region,,0,1963.4928890086885
SONIA,2025-10-26 00:00:00,6,51,65.6208146020352,P50 percentile cone,0.5,1,17695.99100786515
SONIA,2025-10-26 00:00:00,6,51,65.6208146020352,P50 covariance ellipse,0.5,0,7496.64206170678
SONIA,2025-10-26 00:00:00,6,51,65.6208146020352,P90 percentile cone,0.9,1,46923.24077537588
SONIA,2025-10-26 00:00:00,6,51,65.6208146020352,P90 covariance ellipse,0.9,1,24903.305882098066
SONIA,2025-10-26 06:00:00,6,49,26.909404438729958,Fixed-radius region,,0,1963.4928890086885
SONIA,2025-10-26 06:00:00,6,49,26.909404438729958,P50 percentile cone,0.5,1,15114.756154161436
SONIA,2025-10-26 06:00:00,6,49,26.909404438729958,P50 covariance ellipse,0.5,1,6498.968123043481
SONIA,2025-10-26 06:00:00,6,49,26.909404438729958,P90 percentile cone,0.9,1,35295.438613825296
SONIA,2025-10-26 06:00:00,6,49,26.909404438729958,P90 covariance ellipse,0.9,1,21589.104795715524
SONIA,2025-10-26 12:00:00,6,51,35.363880500496485,Fixed-radius region,,0,1963.4928890086885
SONIA,2025-10-26 12:00:00,6,51,35.363880500496485,P50 percentile cone,0.5,1,12166.660364403324
SONIA,2025-10-26 12:00:00,6,51,35.363880500496485,P50 covariance ellipse,0.5,1,5194.636819477069
SONIA,2025-10-26 12:00:00,6,51,35.363880500496485,P90 percentile cone,0.9,1,32321.3289460999
SONIA,2025-10-26 12:00:00,6,51,35.363880500496485,P90 covariance ellipse,0.9,1,17256.209993357206
SONIA,2025-10-26 18:00:00,6,51,10.84901299228916,Fixed-radius region,,1,1963.4928890086885
SONIA,2025-10-26 18:00:00,6,51,10.84901299228916,P50 percentile cone,0.5,1,17867.445067168403
SONIA,2025-10-26 18:00:00,6,51,10.84901299228916,P50 covariance ellipse,0.5,1,6118.833476353272
SONIA,2025-10-26 18:00:00,6,51,10.84901299228916,P90 percentile cone,0.9,1,36105.37492193126
SONIA,2025-10-26 18:00:00,6,51,10.84901299228916,P90 covariance ellipse,0.9,1,20326.32483303524
SONIA,2025-10-27 00:00:00,6,51,14.391755257108867,Fixed-radius region,,1,1963.4928890086885
SONIA,2025-10-27 00:00:00,6,51,14.391755257108867,P50 percentile cone,0.5,1,13243.234761869386
SONIA,2025-10-27 00:00:00,6,51,14.391755257108867,P50 covariance ellipse,0.5,1,3991.470698868499
SONIA,2025-10-27 00:00:00,6,51,14.391755257108867,P90 percentile cone,0.9,1,29233.914164517137
SONIA,2025-10-27 00:00:00,6,51,14.391755257108867,P90 covariance ellipse,0.9,1,13259.378654490958
SONIA,2025-10-27 06:00:00,6,51,37.400799079466296,Fixed-radius region,,0,1963.4928890086885
SONIA,2025-10-27 06:00:00,6,51,37.400799079466296,P50 percentile cone,0.5,1,13955.890214092398
SONIA,2025-10-27 06:00:00,6,51,37.400799079466296,P50 covariance ellipse,0.5,0,4602.836891245757
SONIA,2025-10-27 06:00:00,6,51,37.400799079466296,P90 percentile cone,0.9,1,33558.59501421323
SONIA,2025-10-27 06:00:00,6,51,37.400799079466296,P90 covariance ellipse,0.9,1,15290.293185213284
SONIA,2025-10-27 12:00:00,6,51,27.10361739312331,Fixed-radius region,,0,1963.4928890086885
SONIA,2025-10-27 12:00:00,6,51,27.10361739312331,P50 percentile cone,0.5,1,9947.67395609491
SONIA,2025-10-27 12:00:00,6,51,27.10361739312331,P50 covariance ellipse,0.5,1,3409.536788366202
SONIA,2025-10-27 12:00:00,6,51,27.10361739312331,P90 percentile cone,0.9,1,27804.044579768553
SONIA,2025-10-27 12:00:00,6,51,27.10361739312331,P90 covariance ellipse,0.9,1,11326.23604782571
SONIA,2025-10-27 18:00:00,6,51,12.887815351950044,Fixed-radius region,,1,1963.4928890086885
SONIA,2025-10-27 18:00:00,6,51,12.887815351950044,P50 percentile cone,0.5,1,15105.010638279822
SONIA,2025-10-27 18:00:00,6,51,12.887815351950044,P50 covariance ellipse,0.5,1,5976.262138385915
SONIA,2025-10-27 18:00:00,6,51,12.887815351950044,P90 percentile cone,0.9,1,36171.45721337729
SONIA,2025-10-27 18:00:00,6,51,12.887815351950044,P90 covariance ellipse,0.9,1,19852.713099915796
SONIA,2025-10-28 00:00:00,6,46,9.753620498464318,Fixed-radius region,,1,1963.4928890086885
SONIA,2025-10-28 00:00:00,6,46,9.753620498464318,P50 percentile cone,0.5,1,9660.069898474907
SONIA,2025-10-28 00:00:00,6,46,9.753620498464318,P50 covariance ellipse,0.5,1,3378.1332483597985
SONIA,2025-10-28 00:00:00,6,46,9.753620498464318,P90 percentile cone,0.9,1,22580.04722482083
SONIA,2025-10-28 00:00:00,6,46,9.753620498464318,P90 covariance ellipse,0.9,1,11221.91574599952
SONIA,2025-10-28 06:00:00,6,46,18.939459103814333,Fixed-radius region,,1,1963.4928890086885
SONIA,2025-10-28 06:00:00,6,46,18.939459103814333,P50 percentile cone,0.5,1,9963.20775633502
SONIA,2025-10-28 06:00:00,6,46,18.939459103814333,P50 covariance ellipse,0.5,1,3784.2579099268237
SONIA,2025-10-28 06:00:00,6,46,18.939459103814333,P90 percentile cone,0.9,1,27438.847598690994
SONIA,2025-10-28 06:00:00,6,46,18.939459103814333,P90 covariance ellipse,0.9,1,12571.032669285643
SONIA,2025-10-28 12:00:00,6,40,22.11613402546953,Fixed-radius region,,1,1963.4928890086885
SONIA,2025-10-28 12:00:00,6,40,22.11613402546953,P50 percentile cone,0.5,1,10251.283073059674
SONIA,2025-10-28 12:00:00,6,40,22.11613402546953,P50 covariance ellipse,0.5,1,3858.34688253434
SONIA,2025-10-28 12:00:00,6,40,22.11613402546953,P90 percentile cone,0.9,1,27134.57190390577
SONIA,2025-10-28 12:00:00,6,40,22.11613402546953,P90 covariance ellipse,0.9,1,12817.150908911892
SONIA,2025-10-28 18:00:00,6,11,53.659451404129996,Fixed-radius region,,0,1963.4928890086885
SONIA,2025-10-28 18:00:00,6,11,53.659451404129996,P50 percentile cone,0.5,1,27178.13608651072
SONIA,2025-10-28 18:00:00,6,11,53.659451404129996,P50 covariance ellipse,0.5,0,21713.856171927502
SONIA,2025-10-28 18:00:00,6,11,53.659451404129996,P90 percentile cone,0.9,1,69358.34367487975
SONIA,2025-10-28 18:00:00,6,11,53.659451404129996,P90 covariance ellipse,0.9,1,72131.86886586931
SONIA,2025-10-29 06:00:00,6,1,75.87888897855457,Fixed-radius region,,0,1963.4928890086885
SONIA,2025-10-29 06:00:00,6,1,75.87888897855457,P50 percentile cone,0.5,0,1963.4928890086885
SONIA,2025-10-29 06:00:00,6,1,75.87888897855457,P90 percentile cone,0.9,0,1963.4928890086885
DITWAH,2025-11-27 12:00:00,12,50,70.1024190630843,Fixed-radius region,,0,1963.4928890086885
DITWAH,2025-11-27 12:00:00,12,50,70.1024190630843,P50 percentile cone,0.5,1,53587.68820116104
DITWAH,2025-11-27 12:00:00,12,50,70.1024190630843,P50 covariance ellipse,0.5,0,21388.806838276487
DITWAH,2025-11-27 12:00:00,12,50,70.1024190630843,P90 percentile cone,0.9,1,87054.24801824121
DITWAH,2025-11-27 12:00:00,12,50,70.1024190630843,P90 covariance ellipse,0.9,1,71052.0783521896
DITWAH,2025-11-27 18:00:00,12,51,48.93485180791268,Fixed-radius region,,0,1963.4928890086885
DITWAH,2025-11-27 18:00:00,12,51,48.93485180791268,P50 percentile cone,0.5,1,28140.093142401944
DITWAH,2025-11-27 18:00:00,12,51,48.93485180791268,P50 covariance ellipse,0.5,1,17631.272004106326
DITWAH,2025-11-27 18:00:00,12,51,48.93485180791268,P90 percentile cone,0.9,1,111267.37903092729
DITWAH,2025-11-27 18:00:00,12,51,48.93485180791268,P90 covariance ellipse,0.9,1,58569.817819041804
DITWAH,2025-11-28 00:00:00,12,51,35.12901891918903,Fixed-radius region,,0,1963.4928890086885
DITWAH,2025-11-28 00:00:00,12,51,35.12901891918903,P50 percentile cone,0.5,1,30012.649953709024
DITWAH,2025-11-28 00:00:00,12,51,35.12901891918903,P50 covariance ellipse,0.5,1,16016.822908789985
DITWAH,2025-11-28 00:00:00,12,51,35.12901891918903,P90 percentile cone,0.9,1,87776.93468136742
DITWAH,2025-11-28 00:00:00,12,51,35.12901891918903,P90 covariance ellipse,0.9,1,53206.73401154497
DITWAH,2025-11-28 06:00:00,12,51,31.998635394421857,Fixed-radius region,,0,1963.4928890086885
DITWAH,2025-11-28 06:00:00,12,51,31.998635394421857,P50 percentile cone,0.5,1,46666.31373491304
DITWAH,2025-11-28 06:00:00,12,51,31.998635394421857,P50 covariance ellipse,0.5,1,20231.791201075775
DITWAH,2025-11-28 06:00:00,12,51,31.998635394421857,P90 percentile cone,0.9,1,103194.68622636529
DITWAH,2025-11-28 06:00:00,12,51,31.998635394421857,P90 covariance ellipse,0.9,1,67208.55560074854
DITWAH,2025-11-28 12:00:00,12,51,13.428508532450714,Fixed-radius region,,1,1963.4928890086885
DITWAH,2025-11-28 12:00:00,12,51,13.428508532450714,P50 percentile cone,0.5,1,22381.482737751747
DITWAH,2025-11-28 12:00:00,12,51,13.428508532450714,P50 covariance ellipse,0.5,1,10504.27468666947
DITWAH,2025-11-28 12:00:00,12,51,13.428508532450714,P90 percentile cone,0.9,1,57939.002384033025
DITWAH,2025-11-28 12:00:00,12,51,13.428508532450714,P90 covariance ellipse,0.9,1,34894.445198061454
DITWAH,2025-11-28 18:00:00,12,50,44.17042508640246,Fixed-radius region,,0,1963.4928890086885
DITWAH,2025-11-28 18:00:00,12,50,44.17042508640246,P50 percentile cone,0.5,1,25666.582522744116
DITWAH,2025-11-28 18:00:00,12,50,44.17042508640246,P50 covariance ellipse,0.5,1,15107.179043218319
DITWAH,2025-11-28 18:00:00,12,50,44.17042508640246,P90 percentile cone,0.9,1,80282.22158545187
DITWAH,2025-11-28 18:00:00,12,50,44.17042508640246,P90 covariance ellipse,0.9,1,50184.96249816051
DITWAH,2025-11-29 00:00:00,12,51,43.61626491729919,Fixed-radius region,,0,1963.4928890086885
DITWAH,2025-11-29 00:00:00,12,51,43.61626491729919,P50 percentile cone,0.5,1,21250.711250333225
DITWAH,2025-11-29 00:00:00,12,51,43.61626491729919,P50 covariance ellipse,0.5,1,9889.159452509193
DITWAH,2025-11-29 00:00:00,12,51,43.61626491729919,P90 percentile cone,0.9,1,53298.96337623929
DITWAH,2025-11-29 00:00:00,12,51,43.61626491729919,P90 covariance ellipse,0.9,1,32851.076620111206
DITWAH,2025-11-29 06:00:00,12,51,29.2000913085653,Fixed-radius region,,0,1963.4928890086885
DITWAH,2025-11-29 06:00:00,12,51,29.2000913085653,P50 percentile cone,0.5,1,18728.227554122503
DITWAH,2025-11-29 06:00:00,12,51,29.2000913085653,P50 covariance ellipse,0.5,1,9735.717884945629
DITWAH,2025-11-29 06:00:00,12,51,29.2000913085653,P90 percentile cone,0.9,1,57925.03983480481
DITWAH,2025-11-29 06:00:00,12,51,29.2000913085653,P90 covariance ellipse,0.9,1,32341.35476589825
DITWAH,2025-11-29 12:00:00,12,51,2.5465253064331965,Fixed-radius region,,1,1963.4928890086885
DITWAH,2025-11-29 12:00:00,12,51,2.5465253064331965,P50 percentile cone,0.5,1,12290.44964354857
DITWAH,2025-11-29 12:00:00,12,51,2.5465253064331965,P50 covariance ellipse,0.5,1,5412.392487228088
DITWAH,2025-11-29 12:00:00,12,51,2.5465253064331965,P90 percentile cone,0.9,1,33617.78649396426
DITWAH,2025-11-29 12:00:00,12,51,2.5465253064331965,P90 covariance ellipse,0.9,1,17979.57866388027
DITWAH,2025-11-29 18:00:00,12,51,26.489033038528195,Fixed-radius region,,0,1963.4928890086885
DITWAH,2025-11-29 18:00:00,12,51,26.489033038528195,P50 percentile cone,0.5,1,16888.91189033475
DITWAH,2025-11-29 18:00:00,12,51,26.489033038528195,P50 covariance ellipse,0.5,1,6682.150175665216
DITWAH,2025-11-29 18:00:00,12,51,26.489033038528195,P90 percentile cone,0.9,1,35262.90733791334
DITWAH,2025-11-29 18:00:00,12,51,26.489033038528195,P90 covariance ellipse,0.9,1,22197.6224027988
DITWAH,2025-11-30 00:00:00,12,50,22.307225125643427,Fixed-radius region,,1,1963.4928890086885
DITWAH,2025-11-30 00:00:00,12,50,22.307225125643427,P50 percentile cone,0.5,1,10563.755990770953
DITWAH,2025-11-30 00:00:00,12,50,22.307225125643427,P50 covariance ellipse,0.5,1,4394.788290513905
DITWAH,2025-11-30 00:00:00,12,50,22.307225125643427,P90 percentile cone,0.9,1,27640.35784797504
DITWAH,2025-11-30 00:00:00,12,50,22.307225125643427,P90 covariance ellipse,0.9,1,14599.170693340142
DITWAH,2025-11-30 06:00:00,12,51,47.193851178593285,Fixed-radius region,,0,1963.4928890086885
DITWAH,2025-11-30 06:00:00,12,51,47.193851178593285,P50 percentile cone,0.5,1,14206.608353195532
DITWAH,2025-11-30 06:00:00,12,51,47.193851178593285,P50 covariance ellipse,0.5,1,6673.98783628581
DITWAH,2025-11-30 06:00:00,12,51,47.193851178593285,P90 percentile cone,0.9,1,36094.93585274659
DITWAH,2025-11-30 06:00:00,12,51,47.193851178593285,P90 covariance ellipse,0.9,1,22170.507698294346
DITWAH,2025-11-30 12:00:00,12,49,11.245002837133642,Fixed-radius region,,1,1963.4928890086885
DITWAH,2025-11-30 12:00:00,12,49,11.245002837133642,P50 percentile cone,0.5,1,12400.875866606993
DITWAH,2025-11-30 12:00:00,12,49,11.245002837133642,P50 covariance ellipse,0.5,1,6052.105701580344
DITWAH,2025-11-30 12:00:00,12,49,11.245002837133642,P90 percentile cone,0.9,1,39210.52327699542
DITWAH,2025-11-30 12:00:00,12,49,11.245002837133642,P90 covariance ellipse,0.9,1,20104.65996330773
DITWAH,2025-11-30 18:00:00,12,45,22.705218769209644,Fixed-radius region,,1,1963.4928890086885
DITWAH,2025-11-30 18:00:00,12,45,22.705218769209644,P50 percentile cone,0.5,1,15602.555593580684
DITWAH,2025-11-30 18:00:00,12,45,22.705218769209644,P50 covariance ellipse,0.5,1,7184.898904301897
DITWAH,2025-11-30 18:00:00,12,45,22.705218769209644,P90 percentile cone,0.9,1,43297.78237581044
DITWAH,2025-11-30 18:00:00,12,45,22.705218769209644,P90 covariance ellipse,0.9,1,23867.717529125894
DITWAH,2025-12-01 00:00:00,12,29,49.42956720072282,Fixed-radius region,,0,1963.4928890086885
DITWAH,2025-12-01 00:00:00,12,29,49.42956720072282,P50 percentile cone,0.5,1,13562.063949531592
DITWAH,2025-12-01 00:00:00,12,29,49.42956720072282,P50 covariance ellipse,0.5,0,5557.475508927827
DITWAH,2025-12-01 00:00:00,12,29,49.42956720072282,P90 percentile cone,0.9,1,25526.996657324897
DITWAH,2025-12-01 00:00:00,12,29,49.42956720072282,P90 covariance ellipse,0.9,1,18461.534029755785
DITWAH,2025-12-01 06:00:00,12,22,47.213442906574535,Fixed-radius region,,0,1963.4928890086885
DITWAH,2025-12-01 06:00:00,12,22,47.213442906574535,P50 percentile cone,0.5,1,9060.804490817183
DITWAH,2025-12-01 06:00:00,12,22,47.213442906574535,P50 covariance ellipse,0.5,0,3415.9711089908756
DITWAH,2025-12-01 06:00:00,12,22,47.213442906574535,P90 percentile cone,0.9,1,30803.201616687573
DITWAH,2025-12-01 06:00:00,12,22,47.213442906574535,P90 covariance ellipse,0.9,1,11347.610398280329
DITWAH,2025-12-01 12:00:00,12,10,66.26106570880168,Fixed-radius region,,0,1963.4928890086885
DITWAH,2025-12-01 12:00:00,12,10,66.26106570880168,P50 percentile cone,0.5,1,15188.483431392486
DITWAH,2025-12-01 12:00:00,12,10,66.26106570880168,P50 covariance ellipse,0.5,0,4594.088458918392
DITWAH,2025-12-01 12:00:00,12,10,66.26106570880168,P90 percentile cone,0.9,1,20591.552069432204
DITWAH,2025-12-01 12:00:00,12,10,66.26106570880168,P90 covariance ellipse,0.9,1,15261.231522078788
DITWAH,2025-12-01 18:00:00,12,2,44.47797065782353,Fixed-radius region,,0,1963.4928890086885
DITWAH,2025-12-01 18:00:00,12,2,44.47797065782353,P50 percentile cone,0.5,1,17428.525488500116
DITWAH,2025-12-01 18:00:00,12,2,44.47797065782353,P90 percentile cone,0.9,1,17431.347481724828
DITWAH,2025-12-02 00:00:00,12,4,6.187824983705635,Fixed-radius region,,1,1963.4928890086885
DITWAH,2025-12-02 00:00:00,12,4,6.187824983705635,P50 percentile cone,0.5,1,7886.703966724218
DITWAH,2025-12-02 00:00:00,12,4,6.187824983705635,P50 covariance ellipse,0.5,1,794.1969834994308
DITWAH,2025-12-02 00:00:00,12,4,6.187824983705635,P90 percentile cone,0.9,1,10988.658534361031
DITWAH,2025-12-02 00:00:00,12,4,6.187824983705635,P90 covariance ellipse,0.9,1,2638.265272361554
DITWAH,2025-12-02 06:00:00,12,3,19.900341826538725,Fixed-radius region,,1,1963.4928890086885
DITWAH,2025-12-02 06:00:00,12,3,19.900341826538725,P50 percentile cone,0.5,1,6573.876610864547
DITWAH,2025-12-02 06:00:00,12,3,19.900341826538725,P50 covariance ellipse,0.5,0,608.3536805525408
DITWAH,2025-12-02 06:00:00,12,3,19.900341826538725,P90 percentile cone,0.9,1,10093.770673511952
DITWAH,2025-12-02 06:00:00,12,3,19.900341826538725,P90 covariance ellipse,0.9,0,2020.9071830556165
DUDZAI,2026-01-15 06:00:00,12,51,19.19678919565008,Fixed-radius region,,1,1963.4928890086885
DUDZAI,2026-01-15 06:00:00,12,51,19.19678919565008,P50 percentile cone,0.5,1,14769.53809345817
DUDZAI,2026-01-15 06:00:00,12,51,19.19678919565008,P50 covariance ellipse,0.5,1,5272.456919272793
DUDZAI,2026-01-15 06:00:00,12,51,19.19678919565008,P90 percentile cone,0.9,1,29249.323405176063
DUDZAI,2026-01-15 06:00:00,12,51,19.19678919565008,P90 covariance ellipse,0.9,1,17514.722769215557
FINA,2025-11-18 18:00:00,12,51,46.1356593576746,Fixed-radius region,,0,1963.4928890086885
FINA,2025-11-18 18:00:00,12,51,46.1356593576746,P50 percentile cone,0.5,1,18262.792221826643
FINA,2025-11-18 18:00:00,12,51,46.1356593576746,P50 covariance ellipse,0.5,1,7448.08330809438
FINA,2025-11-18 18:00:00,12,51,46.1356593576746,P90 percentile cone,0.9,1,47439.04120780125
FINA,2025-11-18 18:00:00,12,51,46.1356593576746,P90 covariance ellipse,0.9,1,24741.997194220323
FINA,2025-11-19 00:00:00,12,51,9.146352350507183,Fixed-radius region,,1,1963.4928890086885
FINA,2025-11-19 00:00:00,12,51,9.146352350507183,P50 percentile cone,0.5,1,14246.775944469644
FINA,2025-11-19 00:00:00,12,51,9.146352350507183,P50 covariance ellipse,0.5,1,5271.1644094562125
FINA,2025-11-19 00:00:00,12,51,9.146352350507183,P90 percentile cone,0.9,1,35324.466577690575
FINA,2025-11-19 00:00:00,12,51,9.146352350507183,P90 covariance ellipse,0.9,1,17510.429144542944
FINA,2025-11-19 06:00:00,12,51,27.716308118729817,Fixed-radius region,,0,1963.4928890086885
FINA,2025-11-19 06:00:00,12,51,27.716308118729817,P50 percentile cone,0.5,1,21127.886286908477
FINA,2025-11-19 06:00:00,12,51,27.716308118729817,P50 covariance ellipse,0.5,1,7349.240125003726
FINA,2025-11-19 06:00:00,12,51,27.716308118729817,P90 percentile cone,0.9,1,51897.358183364675
FINA,2025-11-19 06:00:00,12,51,27.716308118729817,P90 covariance ellipse,0.9,1,24413.64724732338
FINA,2025-11-19 12:00:00,12,51,17.486054729238603,Fixed-radius region,,1,1963.4928890086885
FINA,2025-11-19 12:00:00,12,51,17.486054729238603,P50 percentile cone,0.5,1,14181.974846946418
FINA,2025-11-19 12:00:00,12,51,17.486054729238603,P50 covariance ellipse,0.5,1,3762.332355463427
FINA,2025-11-19 12:00:00,12,51,17.486054729238603,P90 percentile cone,0.9,1,30302.64457277704
FINA,2025-11-19 12:00:00,12,51,17.486054729238603,P90 covariance ellipse,0.9,1,12498.197553917704
FINA,2025-11-19 18:00:00,12,51,30.008172462513937,Fixed-radius region,,0,1963.4928890086885
FINA,2025-11-19 18:00:00,12,51,30.008172462513937,P50 percentile cone,0.5,1,18009.44517764504
FINA,2025-11-19 18:00:00,12,51,30.008172462513937,P50 covariance ellipse,0.5,1,5967.984775078074
FINA,2025-11-19 18:00:00,12,51,30.008172462513937,P90 percentile cone,0.9,1,37745.363600562094
FINA,2025-11-19 18:00:00,12,51,30.008172462513937,P90 covariance ellipse,0.9,1,19825.216294191887
FINA,2025-11-20 00:00:00,12,51,60.47784175634989,Fixed-radius region,,0,1963.4928890086885
FINA,2025-11-20 00:00:00,12,51,60.47784175634989,P50 percentile cone,0.5,0,11333.99024139298
FINA,2025-11-20 00:00:00,12,51,60.47784175634989,P50 covariance ellipse,0.5,0,3976.335270499745
FINA,2025-11-20 00:00:00,12,51,60.47784175634989,P90 percentile cone,0.9,1,28203.617433892487
FINA,2025-11-20 00:00:00,12,51,60.47784175634989,P90 covariance ellipse,0.9,1,13209.09984976464
FINA,2025-11-20 06:00:00,12,51,26.70179735097294,Fixed-radius region,,0,1963.4928890086885
FINA,2025-11-20 06:00:00,12,51,26.70179735097294,P50 percentile cone,0.5,1,16761.417857212164
FINA,2025-11-20 06:00:00,12,51,26.70179735097294,P50 covariance ellipse,0.5,1,6574.46450419261
FINA,2025-11-20 06:00:00,12,51,26.70179735097294,P90 percentile cone,0.9,1,40875.29308127435
FINA,2025-11-20 06:00:00,12,51,26.70179735097294,P90 covariance ellipse,0.9,1,21839.89834531714
FINA,2025-11-20 12:00:00,12,51,19.8460539456092,Fixed-radius region,,1,1963.4928890086885
FINA,2025-11-20 12:00:00,12,51,19.8460539456092,P50 percentile cone,0.5,1,15679.123354951027
FINA,2025-11-20 12:00:00,12,51,19.8460539456092,P50 covariance ellipse,0.5,1,5610.363696771288
FINA,2025-11-20 12:00:00,12,51,19.8460539456092,P90 percentile cone,0.9,1,33174.0011522247
FINA,2025-11-20 12:00:00,12,51,19.8460539456092,P90 covariance ellipse,0.9,1,18637.22478684066
FINA,2025-11-20 18:00:00,12,51,11.610196814597284,Fixed-radius region,,1,1963.4928890086885
FINA,2025-11-20 18:00:00,12,51,11.610196814597284,P50 percentile cone,0.5,1,15869.482335019358
FINA,2025-11-20 18:00:00,12,51,11.610196814597284,P50 covariance ellipse,0.5,1,6062.471001319206
FINA,2025-11-20 18:00:00,12,51,11.610196814597284,P90 percentile cone,0.9,1,33765.999347565164
FINA,2025-11-20 18:00:00,12,51,11.610196814597284,P90 covariance ellipse,0.9,1,20139.092743722187
FINA,2025-11-21 00:00:00,12,51,39.142150132642776,Fixed-radius region,,0,1963.4928890086885
FINA,2025-11-21 00:00:00,12,51,39.142150132642776,P50 percentile cone,0.5,1,13114.769751783755
FINA,2025-11-21 00:00:00,12,51,39.142150132642776,P50 covariance ellipse,0.5,1,5539.343557445247
FINA,2025-11-21 00:00:00,12,51,39.142150132642776,P90 percentile cone,0.9,1,38695.73233088858
FINA,2025-11-21 00:00:00,12,51,39.142150132642776,P90 covariance ellipse,0.9,1,18401.30099071067
FINA,2025-11-21 06:00:00,12,51,42.145221698315474,Fixed-radius region,,0,1963.4928890086885
FINA,2025-11-21 06:00:00,12,51,42.145221698315474,P50 percentile cone,0.5,1,16177.943234999791
FINA,2025-11-21 06:00:00,12,51,42.145221698315474,P50 covariance ellipse,0.5,1,6355.904942445097
FINA,2025-11-21 06:00:00,12,51,42.145221698315474,P90 percentile cone,0.9,1,33996.2641985944
FINA,2025-11-21 06:00:00,12,51,42.145221698315474,P90 covariance ellipse,0.9,1,21113.859196741807
FINA,2025-11-21 12:00:00,12,51,15.275479571177147,Fixed-radius region,,1,1963.4928890086885
FINA,2025-11-21 12:00:00,12,51,15.275479571177147,P50 percentile cone,0.5,1,8533.238166872934
FINA,2025-11-21 12:00:00,12,51,15.275479571177147,P50 covariance ellipse,0.5,1,2689.7351400410334
FINA,2025-11-21 12:00:00,12,51,15.275479571177147,P90 percentile cone,0.9,1,22123.713901191662
FINA,2025-11-21 12:00:00,12,51,15.275479571177147,P90 covariance ellipse,0.9,1,8935.106729508101
FINA,2025-11-21 18:00:00,12,51,17.03373589034814,Fixed-radius region,,1,1963.4928890086885
FINA,2025-11-21 18:00:00,12,51,17.03373589034814,P50 percentile cone,0.5,1,13313.69673462219
FINA,2025-11-21 18:00:00,12,51,17.03373589034814,P50 covariance ellipse,0.5,1,4649.604405843409
FINA,2025-11-21 18:00:00,12,51,17.03373589034814,P90 percentile cone,0.9,1,31291.014215530045
FINA,2025-11-21 18:00:00,12,51,17.03373589034814,P90 covariance ellipse,0.9,1,15445.65150588328
FINA,2025-11-22 00:00:00,12,51,13.571731788036555,Fixed-radius region,,1,1963.4928890086885
FINA,2025-11-22 00:00:00,12,51,13.571731788036555,P50 percentile cone,0.5,1,11721.264654502344
FINA,2025-11-22 00:00:00,12,51,13.571731788036555,P50 covariance ellipse,0.5,1,4157.083254574021
FINA,2025-11-22 00:00:00,12,51,13.571731788036555,P90 percentile cone,0.9,1,29932.87317616829
FINA,2025-11-22 00:00:00,12,51,13.571731788036555,P90 covariance ellipse,0.9,1,13809.531656155232
FINA,2025-11-22 06:00:00,12,51,44.59587289139236,Fixed-radius region,,0,1963.4928890086885
FINA,2025-11-22 06:00:00,12,51,44.59587289139236,P50 percentile cone,0.5,1,13862.611391990318
FINA,2025-11-22 06:00:00,12,51,44.59587289139236,P50 covariance ellipse,0.5,0,4220.48788295959
FINA,2025-11-22 06:00:00,12,51,44.59587289139236,P90 percentile cone,0.9,1,28215.62598475888
FINA,2025-11-22 06:00:00,12,51,44.59587289139236,P90 covariance ellipse,0.9,1,14020.157272535145
FINA,2025-11-22 12:00:00,12,51,19.19359680442021,Fixed-radius region,,1,1963.4928890086885
FINA,2025-11-22 12:00:00,12,51,19.19359680442021,P50 percentile cone,0.5,1,12439.83855017923
FINA,2025-11-22 12:00:00,12,51,19.19359680442021,P50 covariance ellipse,0.5,1,4042.6958396200134
FINA,2025-11-22 12:00:00,12,51,19.19359680442021,P90 percentile cone,0.9,1,33867.796506071834
FINA,2025-11-22 12:00:00,12,51,19.19359680442021,P90 covariance ellipse,0.9,1,13429.544888717974
FINA,2025-11-22 18:00:00,12,51,34.38062934436453,Fixed-radius region,,0,1963.4928890086885
FINA,2025-11-22 18:00:00,12,51,34.38062934436453,P50 percentile cone,0.5,1,9359.264607310768
FINA,2025-11-22 18:00:00,12,51,34.38062934436453,P50 covariance ellipse,0.5,1,4274.320653416342
FINA,2025-11-22 18:00:00,12,51,34.38062934436453,P90 percentile cone,0.9,1,26946.728847632705
FINA,2025-11-22 18:00:00,12,51,34.38062934436453,P90 covariance ellipse,0.9,1,14198.985865141052
FINA,2025-11-23 00:00:00,12,51,49.5149762523221,Fixed-radius region,,0,1963.4928890086885
FINA,2025-11-23 00:00:00,12,51,49.5149762523221,P50 percentile cone,0.5,1,14796.842003136744
FINA,2025-11-23 00:00:00,12,51,49.5149762523221,P50 covariance ellipse,0.5,1,5348.270951693983
FINA,2025-11-23 00:00:00,12,51,49.5149762523221,P90 percentile cone,0.9,1,33612.63383565799
FINA,2025-11-23 00:00:00,12,51,49.5149762523221,P90 covariance ellipse,0.9,1,17766.57153350221
FINA,2025-11-23 06:00:00,12,51,31.369669514146747,Fixed-radius region,,0,1963.4928890086885
FINA,2025-11-23 06:00:00,12,51,31.369669514146747,P50 percentile cone,0.5,1,12400.171922619527
FINA,2025-11-23 06:00:00,12,51,31.369669514146747,P50 covariance ellipse,0.5,1,4214.3381257141855
FINA,2025-11-23 06:00:00,12,51,31.369669514146747,P90 percentile cone,0.9,1,30946.240209612937
FINA,2025-11-23 06:00:00,12,51,31.369669514146747,P90 covariance ellipse,0.9,1,13999.7282211649
FINA,2025-11-23 12:00:00,12,51,75.82595928365825,Fixed-radius region,,0,1963.4928890086885
FINA,2025-11-23 12:00:00,12,51,75.82595928365825,P50 percentile cone,0.5,0,11550.500977672436
FINA,2025-11-23 12:00:00,12,51,75.82595928365825,P50 covariance ellipse,0.5,0,3846.9558420119924
FINA,2025-11-23 12:00:00,12,51,75.82595928365825,P90 percentile cone,0.9,1,31808.412388010813
FINA,2025-11-23 12:00:00,12,51,75.82595928365825,P90 covariance ellipse,0.9,0,12779.310691370705
FINA,2025-11-23 18:00:00,12,51,59.6110841485781,Fixed-radius region,,0,1963.4928890086885
FINA,2025-11-23 18:00:00,12,51,59.6110841485781,P50 percentile cone,0.5,1,13730.04350757318
FINA,2025-11-23 18:00:00,12,51,59.6110841485781,P50 covariance ellipse,0.5,0,5062.446401957094
FINA,2025-11-23 18:00:00,12,51,59.6110841485781,P90 percentile cone,0.9,1,31393.121312808817
FINA,2025-11-23 18:00:00,12,51,59.6110841485781,P90 covariance ellipse,0.9,1,16817.08293152271
FINA,2025-11-24 00:00:00,12,51,30.450339596551572,Fixed-radius region,,0,1963.4928890086885
FINA,2025-11-24 00:00:00,12,51,30.450339596551572,P50 percentile cone,0.5,1,12223.739896131778
FINA,2025-11-24 00:00:00,12,51,30.450339596551572,P50 covariance ellipse,0.5,1,4593.424514733435
FINA,2025-11-24 00:00:00,12,51,30.450339596551572,P90 percentile cone,0.9,1,25536.73551465382
FINA,2025-11-24 00:00:00,12,51,30.450339596551572,P90 covariance ellipse,0.9,1,15259.025947237344
FINA,2025-11-24 06:00:00,12,51,31.677032571049317,Fixed-radius region,,0,1963.4928890086885
FINA,2025-11-24 06:00:00,12,51,31.677032571049317,P50 percentile cone,0.5,1,10660.897284305833
FINA,2025-11-24 06:00:00,12,51,31.677032571049317,P50 covariance ellipse,0.5,1,4603.754002918572
FINA,2025-11-24 06:00:00,12,51,31.677032571049317,P90 percentile cone,0.9,1,30671.45196393302
FINA,2025-11-24 06:00:00,12,51,31.677032571049317,P90 covariance ellipse,0.9,1,15293.33976424536
FINA,2025-11-24 12:00:00,12,51,65.45780551966482,Fixed-radius region,,0,1963.4928890086885
FINA,2025-11-24 12:00:00,12,51,65.45780551966482,P50 percentile cone,0.5,0,11271.699990209265
FINA,2025-11-24 12:00:00,12,51,65.45780551966482,P50 covariance ellipse,0.5,0,5139.195310986227
FINA,2025-11-24 12:00:00,12,51,65.45780551966482,P90 percentile cone,0.9,1,32342.254440560537
FINA,2025-11-24 12:00:00,12,51,65.45780551966482,P90 covariance ellipse,0.9,1,17072.03728867854
FINA,2025-11-24 18:00:00,12,51,37.13674256831359,Fixed-radius region,,0,1963.4928890086885
FINA,2025-11-24 18:00:00,12,51,37.13674256831359,P50 percentile cone,0.5,1,16916.70586372631
FINA,2025-11-24 18:00:00,12,51,37.13674256831359,P50 covariance ellipse,0.5,1,6269.539805572199
FINA,2025-11-24 18:00:00,12,51,37.13674256831359,P90 percentile cone,0.9,1,30449.539322289394
FINA,2025-11-24 18:00:00,12,51,37.13674256831359,P90 covariance ellipse,0.9,1,20826.960422144934
FUNG-WONG,2025-11-05 18:00:00,12,49,45.76933332659921,Fixed-radius region,,0,1963.4928890086885
FUNG-WONG,2025-11-05 18:00:00,12,49,45.76933332659921,P50 percentile cone,0.5,1,61939.278597809396
FUNG-WONG,2025-11-05 18:00:00,12,49,45.76933332659921,P50 covariance ellipse,0.5,1,34778.10340453253
FUNG-WONG,2025-11-05 18:00:00,12,49,45.76933332659921,P90 percentile cone,0.9,1,125671.37625564588
FUNG-WONG,2025-11-05 18:00:00,12,49,45.76933332659921,P90 covariance ellipse,0.9,1,115530.35878641442
FUNG-WONG,2025-11-06 00:00:00,12,48,94.59129134174229,Fixed-radius region,,0,1963.4928890086885
FUNG-WONG,2025-11-06 00:00:00,12,48,94.59129134174229,P50 percentile cone,0.5,1,51499.58050906193
FUNG-WONG,2025-11-06 00:00:00,12,48,94.59129134174229,P50 covariance ellipse,0.5,0,31552.500706658255
FUNG-WONG,2025-11-06 00:00:00,12,48,94.59129134174229,P90 percentile cone,0.9,1,145012.27255217027
FUNG-WONG,2025-11-06 00:00:00,12,48,94.59129134174229,P90 covariance ellipse,0.9,1,104815.1385614014
FUNG-WONG,2025-11-06 06:00:00,12,51,99.72027447345856,Fixed-radius region,,0,1963.4928890086885
FUNG-WONG,2025-11-06 06:00:00,12,51,99.72027447345856,P50 percentile cone,0.5,1,51032.62476257482
FUNG-WONG,2025-11-06 06:00:00,12,51,99.72027447345856,P50 covariance ellipse,0.5,1,27181.482917377954
FUNG-WONG,2025-11-06 06:00:00,12,51,99.72027447345856,P90 percentile cone,0.9,1,114836.82469613026
FUNG-WONG,2025-11-06 06:00:00,12,51,99.72027447345856,P90 covariance ellipse,0.9,1,90294.93176393873
FUNG-WONG,2025-11-06 12:00:00,12,51,49.31437134857567,Fixed-radius region,,0,1963.4928890086885
FUNG-WONG,2025-11-06 12:00:00,12,51,49.31437134857567,P50 percentile cone,0.5,1,27515.559507989736
FUNG-WONG,2025-11-06 12:00:00,12,51,49.31437134857567,P50 covariance ellipse,0.5,1,19828.142129732183
FUNG-WONG,2025-11-06 12:00:00,12,51,49.31437134857567,P90 percentile cone,0.9,1,69605.26643252393
FUNG-WONG,2025-11-06 12:00:00,12,51,49.31437134857567,P90 covariance ellipse,0.9,1,65867.66241017707
FUNG-WONG,2025-11-06 18:00:00,12,51,56.30488008143639,Fixed-radius region,,0,1963.4928890086885
FUNG-WONG,2025-11-06 18:00:00,12,51,56.30488008143639,P50 percentile cone,0.5,1,30126.30744574243
FUNG-WONG,2025-11-06 18:00:00,12,51,56.30488008143639,P50 covariance ellipse,0.5,1,20192.51242431008
FUNG-WONG,2025-11-06 18:00:00,12,51,56.30488008143639,P90 percentile cone,0.9,1,90579.28778475813
FUNG-WONG,2025-11-06 18:00:00,12,51,56.30488008143639,P90 covariance ellipse,0.9,1,67078.07432867777
FUNG-WONG,2025-11-07 00:00:00,12,51,49.73471114671578,Fixed-radius region,,0,1963.4928890086885
FUNG-WONG,2025-11-07 00:00:00,12,51,49.73471114671578,P50 percentile cone,0.5,1,33018.98259907453
FUNG-WONG,2025-11-07 00:00:00,12,51,49.73471114671578,P50 covariance ellipse,0.5,1,21947.80501921097
FUNG-WONG,2025-11-07 00:00:00,12,51,49.73471114671578,P90 percentile cone,0.9,1,85178.55976400964
FUNG-WONG,2025-11-07 00:00:00,12,51,49.73471114671578,P90 covariance ellipse,0.9,1,72909.03011442677
FUNG-WONG,2025-11-07 06:00:00,12,51,32.35505326544349,Fixed-radius region,,0,1963.4928890086885
FUNG-WONG,2025-11-07 06:00:00,12,51,32.35505326544349,P50 percentile cone,0.5,1,27838.027766619645
FUNG-WONG,2025-11-07 06:00:00,12,51,32.35505326544349,P50 covariance ellipse,0.5,1,19380.465337250418
FUNG-WONG,2025-11-07 06:00:00,12,51,32.35505326544349,P90 percentile cone,0.9,1,76606.50723835676
FUNG-WONG,2025-11-07 06:00:00,12,51,32.35505326544349,P90 covariance ellipse,0.9,1,64380.51229580284
FUNG-WONG,2025-11-07 12:00:00,12,50,18.181542145781638,Fixed-radius region,,1,1963.4928890086885
FUNG-WONG,2025-11-07 12:00:00,12,50,18.181542145781638,P50 percentile cone,0.5,1,16668.247968557494
FUNG-WONG,2025-11-07 12:00:00,12,50,18.181542145781638,P50 covariance ellipse,0.5,1,8750.613050642123
FUNG-WONG,2025-11-07 12:00:00,12,50,18.181542145781638,P90 percentile cone,0.9,1,47834.372836303395
FUNG-WONG,2025-11-07 12:00:00,12,50,18.181542145781638,P90 covariance ellipse,0.9,1,29068.907340416074
FUNG-WONG,2025-11-07 18:00:00,12,51,26.220942769834046,Fixed-radius region,,0,1963.4928890086885
FUNG-WONG,2025-11-07 18:00:00,12,51,26.220942769834046,P50 percentile cone,0.5,1,26459.324536570814
FUNG-WONG,2025-11-07 18:00:00,12,51,26.220942769834046,P50 covariance ellipse,0.5,1,15705.814460087156
FUNG-WONG,2025-11-07 18:00:00,12,51,26.220942769834046,P90 percentile cone,0.9,1,69799.07300825094
FUNG-WONG,2025-11-07 18:00:00,12,51,26.220942769834046,P90 covariance ellipse,0.9,1,52173.58630805171
FUNG-WONG,2025-11-08 00:00:00,12,51,27.59554901057191,Fixed-radius region,,0,1963.4928890086885
FUNG-WONG,2025-11-08 00:00:00,12,51,27.59554901057191,P50 percentile cone,0.5,1,21787.330603227918
FUNG-WONG,2025-11-08 00:00:00,12,51,27.59554901057191,P50 covariance ellipse,0.5,1,11408.598503571382
FUNG-WONG,2025-11-08 00:00:00,12,51,27.59554901057191,P90 percentile cone,0.9,1,58371.9394696595
FUNG-WONG,2025-11-08 00:00:00,12,51,27.59554901057191,P90 covariance ellipse,0.9,1,37898.543892303685
FUNG-WONG,2025-11-08 06:00:00,12,50,55.64078253666296,Fixed-radius region,,0,1963.4928890086885
FUNG-WONG,2025-11-08 06:00:00,12,50,55.64078253666296,P50 percentile cone,0.5,1,26005.9090058999
FUNG-WONG,2025-11-08 06:00:00,12,50,55.64078253666296,P50 covariance ellipse,0.5,0,12275.591993628565
FUNG-WONG,2025-11-08 06:00:00,12,50,55.64078253666296,P90 percentile cone,0.9,1,63201.760613924256
FUNG-WONG,2025-11-08 06:00:00,12,50,55.64078253666296,P90 covariance ellipse,0.9,1,40778.63392500909
FUNG-WONG,2025-11-08 12:00:00,12,51,38.35067473144966,Fixed-radius region,,0,1963.4928890086885
FUNG-WONG,2025-11-08 12:00:00,12,51,38.35067473144966,P50 percentile cone,0.5,1,16064.121411156813
FUNG-WONG,2025-11-08 12:00:00,12,51,38.35067473144966,P50 covariance ellipse,0.5,0,6170.70032585005
FUNG-WONG,2025-11-08 12:00:00,12,51,38.35067473144966,P90 percentile cone,0.9,1,33581.621898363264
FUNG-WONG,2025-11-08 12:00:00,12,51,38.35067473144966,P90 covariance ellipse,0.9,1,20498.622777571876
FUNG-WONG,2025-11-08 18:00:00,12,51,11.050031259398724,Fixed-radius region,,1,1963.4928890086885
FUNG-WONG,2025-11-08 18:00:00,12,51,11.050031259398724,P50 percentile cone,0.5,1,17301.079897292602
FUNG-WONG,2025-11-08 18:00:00,12,51,11.050031259398724,P50 covariance ellipse,0.5,1,7516.441239914944
FUNG-WONG,2025-11-08 18:00:00,12,51,11.050031259398724,P90 percentile cone,0.9,1,37815.86131435629
FUNG-WONG,2025-11-08 18:00:00,12,51,11.050031259398724,P90 covariance ellipse,0.9,1,24969.07732844345
FUNG-WONG,2025-11-09 00:00:00,12,51,43.36394017885278,Fixed-radius region,,0,1963.4928890086885
FUNG-WONG,2025-11-09 00:00:00,12,51,43.36394017885278,P50 percentile cone,0.5,1,10060.680132914762
FUNG-WONG,2025-11-09 00:00:00,12,51,43.36394017885278,P50 covariance ellipse,0.5,0,3768.1501832939534
FUNG-WONG,2025-11-09 00:00:00,12,51,43.36394017885278,P90 percentile cone,0.9,1,31423.84907216034
FUNG-WONG,2025-11-09 00:00:00,12,51,43.36394017885278,P90 covariance ellipse,0.9,1,12517.523959639146
FUNG-WONG,2025-11-09 06:00:00,12,51,6.027611885701568,Fixed-radius region,,1,1963.4928890086885
FUNG-WONG,2025-11-09 06:00:00,12,51,6.027611885701568,P50 percentile cone,0.5,1,13328.023146236119
FUNG-WONG,2025-11-09 06:00:00,12,51,6.027611885701568,P50 covariance ellipse,0.5,1,6516.675587216752
FUNG-WONG,2025-11-09 06:00:00,12,51,6.027611885701568,P90 percentile cone,0.9,1,49322.262422084495
FUNG-WONG,2025-11-09 06:00:00,12,51,6.027611885701568,P90 covariance ellipse,0.9,1,21647.927718441926
FUNG-WONG,2025-11-09 12:00:00,12,51,52.94471136583132,Fixed-radius region,,0,1963.4928890086885
FUNG-WONG,2025-11-09 12:00:00,12,51,52.94471136583132,P50 percentile cone,0.5,1,11656.524096504134
FUNG-WONG,2025-11-09 12:00:00,12,51,52.94471136583132,P50 covariance ellipse,0.5,0,2998.2743872639057
FUNG-WONG,2025-11-09 12:00:00,12,51,52.94471136583132,P90 percentile cone,0.9,1,18066.305607240498
FUNG-WONG,2025-11-09 12:00:00,12,51,52.94471136583132,P90 covariance ellipse,0.9,0,9960.051923233159
FUNG-WONG,2025-11-09 18:00:00,12,51,15.282018569008784,Fixed-radius region,,1,1963.4928890086885
FUNG-WONG,2025-11-09 18:00:00,12,51,15.282018569008784,P50 percentile cone,0.5,1,10974.672918491273
FUNG-WONG,2025-11-09 18:00:00,12,51,15.282018569008784,P50 covariance ellipse,0.5,1,4227.670493855954
FUNG-WONG,2025-11-09 18:00:00,12,51,15.282018569008784,P90 percentile cone,0.9,1,21445.969257044253
FUNG-WONG,2025-11-09 18:00:00,12,51,15.282018569008784,P90 covariance ellipse,0.9,1,14044.017389466424
FUNG-WONG,2025-11-10 00:00:00,12,51,19.60896756890525,Fixed-radius region,,1,1963.4928890086885
FUNG-WONG,2025-11-10 00:00:00,12,51,19.60896756890525,P50 percentile cone,0.5,1,9712.76205913833
FUNG-WONG,2025-11-10 00:00:00,12,51,19.60896756890525,P50 covariance ellipse,0.5,1,4043.2680994818584
FUNG-WONG,2025-11-10 00:00:00,12,51,19.60896756890525,P90 percentile cone,0.9,1,28908.83710490033
FUNG-WONG,2025-11-10 00:00:00,12,51,19.60896756890525,P90 covariance ellipse,0.9,1,13431.445894830615
FUNG-WONG,2025-11-10 06:00:00,12,51,33.04041505341197,Fixed-radius region,,0,1963.4928890086885
FUNG-WONG,2025-11-10 06:00:00,12,51,33.04041505341197,P50 percentile cone,0.5,1,16526.86401187436
FUNG-WONG,2025-11-10 06:00:00,12,51,33.04041505341197,P50 covariance ellipse,0.5,1,6645.757231644583
FUNG-WONG,2025-11-10 06:00:00,12,51,33.04041505341197,P90 percentile cone,0.9,1,31921.039373610976
FUNG-WONG,2025-11-10 06:00:00,12,51,33.04041505341197,P90 covariance ellipse,0.9,1,22076.727659600998
FUNG-WONG,2025-11-10 12:00:00,12,51,21.67768903186667,Fixed-radius region,,1,1963.4928890086885
FUNG-WONG,2025-11-10 12:00:00,12,51,21.67768903186667,P50 percentile cone,0.5,1,8921.207373705038
FUNG-WONG,2025-11-10 12:00:00,12,51,21.67768903186667,P50 covariance ellipse,0.5,1,2981.930717722197
FUNG-WONG,2025-11-10 12:00:00,12,51,21.67768903186667,P90 percentile cone,0.9,1,22590.866065922473
FUNG-WONG,2025-11-10 12:00:00,12,51,21.67768903186667,P90 covariance ellipse,0.9,1,9905.759428209001
FUNG-WONG,2025-11-10 18:00:00,12,51,46.37645787392535,Fixed-radius region,,0,1963.4928890086885
FUNG-WONG,2025-11-10 18:00:00,12,51,46.37645787392535,P50 percentile cone,0.5,1,11118.028744849726
FUNG-WONG,2025-11-10 18:00:00,12,51,46.37645787392535,P50 covariance ellipse,0.5,0,3503.695365669413
FUNG-WONG,2025-11-10 18:00:00,12,51,46.37645787392535,P90 percentile cone,0.9,1,34095.8076601046
FUNG-WONG,2025-11-10 18:00:00,12,51,46.37645787392535,P90 covariance ellipse,0.9,0,11639.024071143873
FUNG-WONG,2025-11-11 00:00:00,12,51,18.196077246959668,Fixed-radius region,,1,1963.4928890086885
FUNG-WONG,2025-11-11 00:00:00,12,51,18.196077246959668,P50 percentile cone,0.5,1,11971.171062530288
FUNG-WONG,2025-11-11 00:00:00,12,51,18.196077246959668,P50 covariance ellipse,0.5,1,4797.920640294699
FUNG-WONG,2025-11-11 00:00:00,12,51,18.196077246959668,P90 percentile cone,0.9,1,29995.577789392082
FUNG-WONG,2025-11-11 00:00:00,12,51,18.196077246959668,P90 covariance ellipse,0.9,1,15938.347372034921
FUNG-WONG,2025-11-11 06:00:00,12,51,44.524733936958505,Fixed-radius region,,0,1963.4928890086885
FUNG-WONG,2025-11-11 06:00:00,12,51,44.524733936958505,P50 percentile cone,0.5,1,19400.81873776386
FUNG-WONG,2025-11-11 06:00:00,12,51,44.524733936958505,P50 covariance ellipse,0.5,1,7051.61859050666
FUNG-WONG,2025-11-11 06:00:00,12,51,44.524733936958505,P90 percentile cone,0.9,1,38563.93831319012
FUNG-WONG,2025-11-11 06:00:00,12,51,44.524733936958505,P90 covariance ellipse,0.9,1,23424.969910234093
FUNG-WONG,2025-11-11 12:00:00,12,51,21.345427747014938,Fixed-radius region,,1,1963.4928890086885
FUNG-WONG,2025-11-11 12:00:00,12,51,21.345427747014938,P50 percentile cone,0.5,1,11604.64372365769
FUNG-WONG,2025-11-11 12:00:00,12,51,21.345427747014938,P50 covariance ellipse,0.5,1,3398.3980104566203
FUNG-WONG,2025-11-11 12:00:00,12,51,21.345427747014938,P90 percentile cone,0.9,1,19828.240642755936
FUNG-WONG,2025-11-11 12:00:00,12,51,21.345427747014938,P90 covariance ellipse,0.9,1,11289.233828545162
FUNG-WONG,2025-11-11 18:00:00,12,49,25.27555003653774,Fixed-radius region,,0,1963.4928890086885
FUNG-WONG,2025-11-11 18:00:00,12,49,25.27555003653774,P50 percentile cone,0.5,1,15820.567084437165
FUNG-WONG,2025-11-11 18:00:00,12,49,25.27555003653774,P50 covariance ellipse,0.5,1,10978.75996032721
FUNG-WONG,2025-11-11 18:00:00,12,49,25.27555003653774,P90 percentile cone,0.9,1,32470.256306891504
FUNG-WONG,2025-11-11 18:00:00,12,49,25.27555003653774,P90 covariance ellipse,0.9,1,36470.651159235415
FUNG-WONG,2025-11-12 00:00:00,12,49,24.155900964509538,Fixed-radius region,,1,1963.4928890086885
FUNG-WONG,2025-11-12 00:00:00,12,49,24.155900964509538,P50 percentile cone,0.5,1,10960.215041786445
FUNG-WONG,2025-11-12 00:00:00,12,49,24.155900964509538,P50 covariance ellipse,0.5,0,3276.701085953312
FUNG-WONG,2025-11-12 00:00:00,12,49,24.155900964509538,P90 percentile cone,0.9,1,26749.52908341166
FUNG-WONG,2025-11-12 00:00:00,12,49,24.155900964509538,P90 covariance ellipse,0.9,1,10884.965395976235
FUNG-WONG,2025-11-12 06:00:00,12,31,17.766142146294094,Fixed-radius region,,1,1963.4928890086885
FUNG-WONG,2025-11-12 06:00:00,12,31,17.766142146294094,P50 percentile cone,0.5,1,13068.882058149597
FUNG-WONG,2025-11-12 06:00:00,12,31,17.766142146294094,P50 covariance ellipse,0.5,1,6118.83753214667
FUNG-WONG,2025-11-12 06:00:00,12,31,17.766142146294094,P90 percentile cone,0.9,1,38059.093271208476
FUNG-WONG,2025-11-12 06:00:00,12,31,17.766142146294094,P90 covariance ellipse,0.9,1,20326.338306089274
FUNG-WONG,2025-11-12 12:00:00,12,26,5.485425841385308,Fixed-radius region,,1,1963.4928890086885
FUNG-WONG,2025-11-12 12:00:00,12,26,5.485425841385308,P50 percentile cone,0.5,1,8987.733775574756
FUNG-WONG,2025-11-12 12:00:00,12,26,5.485425841385308,P50 covariance ellipse,0.5,1,2831.661091089631
FUNG-WONG,2025-11-12 12:00:00,12,26,5.485425841385308,P90 percentile cone,0.9,1,35318.49530669664
FUNG-WONG,2025-11-12 12:00:00,12,26,5.485425841385308,P90 covariance ellipse,0.9,1,9406.574533690045
FUNG-WONG,2025-11-12 18:00:00,12,8,56.88276348065532,Fixed-radius region,,0,1963.4928890086885
FUNG-WONG,2025-11-12 18:00:00,12,8,56.88276348065532,P50 percentile cone,0.5,1,13663.087181661429
FUNG-WONG,2025-11-12 18:00:00,12,8,56.88276348065532,P50 covariance ellipse,0.5,0,4803.670494469602
FUNG-WONG,2025-11-12 18:00:00,12,8,56.88276348065532,P90 percentile cone,0.9,1,24596.271546210053
FUNG-WONG,2025-11-12 18:00:00,12,8,56.88276348065532,P90 covariance ellipse,0.9,1,15957.447974160035
FUNG-WONG,2025-11-13 00:00:00,12,4,99.66889167466941,Fixed-radius region,,0,1963.4928890086885
FUNG-WONG,2025-11-13 00:00:00,12,4,99.66889167466941,P50 percentile cone,0.5,1,41924.0792492375
FUNG-WONG,2025-11-13 00:00:00,12,4,99.66889167466941,P50 covariance ellipse,0.5,0,7120.166027898922
FUNG-WONG,2025-11-13 00:00:00,12,4,99.66889167466941,P90 percentile cone,0.9,1,124251.38657662024
FUNG-WONG,2025-11-13 00:00:00,12,4,99.66889167466941,P90 covariance ellipse,0.9,0,23652.679568339983
FUNG-WONG,2025-11-13 06:00:00,12,1,59.05526843492383,Fixed-radius region,,0,1963.4928890086885
FUNG-WONG,2025-11-13 06:00:00,12,1,59.05526843492383,P50 percentile cone,0.5,0,1963.4928890086885
FUNG-WONG,2025-11-13 06:00:00,12,1,59.05526843492383,P90 percentile cone,0.9,0,1963.4928890086885
GEZANI,2026-02-10 00:00:00,12,51,26.489349190533563,Fixed-radius region,,0,1963.4928890086885
GEZANI,2026-02-10 00:00:00,12,51,26.489349190533563,P50 percentile cone,0.5,1,9985.423565677918
GEZANI,2026-02-10 00:00:00,12,51,26.489349190533563,P50 covariance ellipse,0.5,1,3305.7637648164427
GEZANI,2026-02-10 00:00:00,12,51,26.489349190533563,P90 percentile cone,0.9,1,20047.50288273392
GEZANI,2026-02-10 00:00:00,12,51,26.489349190533563,P90 covariance ellipse,0.9,1,10981.509525404359
GEZANI,2026-02-10 06:00:00,12,51,18.6505533672891,Fixed-radius region,,1,1963.4928890086885
GEZANI,2026-02-10 06:00:00,12,51,18.6505533672891,P50 percentile cone,0.5,1,13159.600431876665
GEZANI,2026-02-10 06:00:00,12,51,18.6505533672891,P50 covariance ellipse,0.5,1,5269.504422340099
GEZANI,2026-02-10 06:00:00,12,51,18.6505533672891,P90 percentile cone,0.9,1,30787.441455216198
GEZANI,2026-02-10 06:00:00,12,51,18.6505533672891,P90 covariance ellipse,0.9,1,17504.914786704772
GEZANI,2026-02-10 12:00:00,12,51,77.43627522455496,Fixed-radius region,,0,1963.4928890086885
GEZANI,2026-02-10 12:00:00,12,51,77.43627522455496,P50 percentile cone,0.5,0,10760.436439272798
GEZANI,2026-02-10 12:00:00,12,51,77.43627522455496,P50 covariance ellipse,0.5,0,5230.056012395492
GEZANI,2026-02-10 12:00:00,12,51,77.43627522455496,P90 percentile cone,0.9,1,32241.66819416394
GEZANI,2026-02-10 12:00:00,12,51,77.43627522455496,P90 covariance ellipse,0.9,1,17373.870005411147
GEZANI,2026-02-10 18:00:00,12,49,64.68789782581788,Fixed-radius region,,0,1963.4928890086885
GEZANI,2026-02-10 18:00:00,12,49,64.68789782581788,P50 percentile cone,0.5,1,23872.609129815584
GEZANI,2026-02-10 18:00:00,12,49,64.68789782581788,P50 covariance ellipse,0.5,1,11906.334658933773
GEZANI,2026-02-10 18:00:00,12,49,64.68789782581788,P90 percentile cone,0.9,1,65998.78193956403
GEZANI,2026-02-10 18:00:00,12,49,64.68789782581788,P90 covariance ellipse,0.9,1,39551.987610643235
GEZANI,2026-02-11 00:00:00,12,49,62.17822712306177,Fixed-radius region,,0,1963.4928890086885
GEZANI,2026-02-11 00:00:00,12,49,62.17822712306177,P50 percentile cone,0.5,1,14048.020412355121
GEZANI,2026-02-11 00:00:00,12,49,62.17822712306177,P50 covariance ellipse,0.5,0,6204.5799482305065
GEZANI,2026-02-11 00:00:00,12,49,62.17822712306177,P90 percentile cone,0.9,1,39079.13646448158
GEZANI,2026-02-11 00:00:00,12,49,62.17822712306177,P90 covariance ellipse,0.9,1,20611.16844700169
GEZANI,2026-02-11 06:00:00,12,51,32.05054213440993,Fixed-radius region,,0,1963.4928890086885
GEZANI,2026-02-11 06:00:00,12,51,32.05054213440993,P50 percentile cone,0.5,1,13386.317420230356
GEZANI,2026-02-11 06:00:00,12,51,32.05054213440993,P50 covariance ellipse,0.5,1,5568.172368255539
GEZANI,2026-02-11 06:00:00,12,51,32.05054213440993,P90 percentile cone,0.9,1,37202.938739089645
GEZANI,2026-02-11 06:00:00,12,51,32.05054213440993,P90 covariance ellipse,0.9,1,18497.068227283573
GEZANI,2026-02-11 12:00:00,12,51,38.335457570249844,Fixed-radius region,,0,1963.4928890086885
GEZANI,2026-02-11 12:00:00,12,51,38.335457570249844,P50 percentile cone,0.5,1,12132.766612946623
GEZANI,2026-02-11 12:00:00,12,51,38.335457570249844,P50 covariance ellipse,0.5,0,3677.8187432611367
GEZANI,2026-02-11 12:00:00,12,51,38.335457570249844,P90 percentile cone,0.9,1,21661.216418151147
GEZANI,2026-02-11 12:00:00,12,51,38.335457570249844,P90 covariance ellipse,0.9,1,12217.4494111425
GEZANI,2026-02-11 18:00:00,12,51,10.90439639228393,Fixed-radius region,,1,1963.4928890086885
GEZANI,2026-02-11 18:00:00,12,51,10.90439639228393,P50 percentile cone,0.5,1,12694.550389325312
GEZANI,2026-02-11 18:00:00,12,51,10.90439639228393,P50 covariance ellipse,0.5,1,3713.916487577172
GEZANI,2026-02-11 18:00:00,12,51,10.90439639228393,P90 percentile cone,0.9,1,23922.018690118097
GEZANI,2026-02-11 18:00:00,12,51,10.90439639228393,P90 covariance ellipse,0.9,1,12337.363522147998
GEZANI,2026-02-12 00:00:00,12,51,6.585005624434324,Fixed-radius region,,1,1963.4928890086885
GEZANI,2026-02-12 00:00:00,12,51,6.585005624434324,P50 percentile cone,0.5,1,10590.03689859924
GEZANI,2026-02-12 00:00:00,12,51,6.585005624434324,P50 covariance ellipse,0.5,1,3196.8931891441866
GEZANI,2026-02-12 00:00:00,12,51,6.585005624434324,P90 percentile cone,0.9,1,23252.68124219891
GEZANI,2026-02-12 00:00:00,12,51,6.585005624434324,P90 covariance ellipse,0.9,1,10619.849301372129
GEZANI,2026-02-12 06:00:00,12,51,42.42604557706688,Fixed-radius region,,0,1963.4928890086885
GEZANI,2026-02-12 06:00:00,12,51,42.42604557706688,P50 percentile cone,0.5,1,9672.133361434253
GEZANI,2026-02-12 06:00:00,12,51,42.42604557706688,P50 covariance ellipse,0.5,0,3561.5738090615564
GEZANI,2026-02-12 06:00:00,12,51,42.42604557706688,P90 percentile cone,0.9,1,21743.634506581067
GEZANI,2026-02-12 06:00:00,12,51,42.42604557706688,P90 covariance ellipse,0.9,1,11831.292098336582
GEZANI,2026-02-12 12:00:00,12,51,55.2150066871996,Fixed-radius region,,0,1963.4928890086885
GEZANI,2026-02-12 12:00:00,12,51,55.2150066871996,P50 percentile cone,0.5,0,6129.592458795456
GEZANI,2026-02-12 12:00:00,12,51,55.2150066871996,P50 covariance ellipse,0.5,0,1916.0796878180306
GEZANI,2026-02-12 12:00:00,12,51,55.2150066871996,P90 percentile cone,0.9,1,17184.819143448796
GEZANI,2026-02-12 12:00:00,12,51,55.2150066871996,P90 covariance ellipse,0.9,0,6365.078947005722
GEZANI,2026-02-12 18:00:00,12,51,40.28783054290025,Fixed-radius region,,0,1963.4928890086885
GEZANI,2026-02-12 18:00:00,12,51,40.28783054290025,P50 percentile cone,0.5,1,7789.431260564775
GEZANI,2026-02-12 18:00:00,12,51,40.28783054290025,P50 covariance ellipse,0.5,0,2556.0235347968705
GEZANI,2026-02-12 18:00:00,12,51,40.28783054290025,P90 percentile cone,0.9,1,19160.354266569353
GEZANI,2026-02-12 18:00:00,12,51,40.28783054290025,P90 covariance ellipse,0.9,1,8490.926391435029
GEZANI,2026-02-13 00:00:00,12,51,38.8241189779921,Fixed-radius region,,0,1963.4928890086885
GEZANI,2026-02-13 00:00:00,12,51,38.8241189779921,P50 percentile cone,0.5,1,8650.086024214861
GEZANI,2026-02-13 00:00:00,12,51,38.8241189779921,P50 covariance ellipse,0.5,0,2392.398432813911
GEZANI,2026-02-13 00:00:00,12,51,38.8241189779921,P90 percentile cone,0.9,1,17409.89146603264
GEZANI,2026-02-13 00:00:00,12,51,38.8241189779921,P90 covariance ellipse,0.9,1,7947.375568129026
GEZANI,2026-02-13 06:00:00,12,51,70.92785251846088,Fixed-radius region,,0,1963.4928890086885
GEZANI,2026-02-13 06:00:00,12,51,70.92785251846088,P50 percentile cone,0.5,0,10708.70727624416
GEZANI,2026-02-13 06:00:00,12,51,70.92785251846088,P50 covariance ellipse,0.5,0,3603.9997784047578
GEZANI,2026-02-13 06:00:00,12,51,70.92785251846088,P90 percentile cone,0.9,1,25862.3604232384
GEZANI,2026-02-13 06:00:00,12,51,70.92785251846088,P90 covariance ellipse,0.9,0,11972.228117850593
GEZANI,2026-02-13 12:00:00,12,50,46.387677313944586,Fixed-radius region,,0,1963.4928890086885
GEZANI,2026-02-13 12:00:00,12,50,46.387677313944586,P50 percentile cone,0.5,1,10594.176649685664
GEZANI,2026-02-13 12:00:00,12,50,46.387677313944586,P50 covariance ellipse,0.5,0,3055.34675792596
GEZANI,2026-02-13 12:00:00,12,50,46.387677313944586,P90 percentile cone,0.9,1,25876.434873872022
GEZANI,2026-02-13 12:00:00,12,50,46.387677313944586,P90 covariance ellipse,0.9,1,10149.642234777262
GEZANI,2026-02-13 18:00:00,12,51,21.365640102573682,Fixed-radius region,,1,1963.4928890086885
GEZANI,2026-02-13 18:00:00,12,51,21.365640102573682,P50 percentile cone,0.5,1,13516.362704688063
GEZANI,2026-02-13 18:00:00,12,51,21.365640102573682,P50 covariance ellipse,0.5,1,4587.036218584256
GEZANI,2026-02-13 18:00:00,12,51,21.365640102573682,P90 percentile cone,0.9,1,34881.6139537151
GEZANI,2026-02-13 18:00:00,12,51,21.365640102573682,P90 covariance ellipse,0.9,1,15237.804486780924
KALMAEGI,2025-11-01 12:00:00,12,51,53.92410022636351,Fixed-radius region,,0,1963.4928890086885
KALMAEGI,2025-11-01 12:00:00,12,51,53.92410022636351,P50 percentile cone,0.5,1,24270.600789297165
KALMAEGI,2025-11-01 12:00:00,12,51,53.92410022636351,P50 covariance ellipse,0.5,1,18980.5324141574
KALMAEGI,2025-11-01 12:00:00,12,51,53.92410022636351,P90 percentile cone,0.9,1,73906.8665405985
KALMAEGI,2025-11-01 12:00:00,12,51,53.92410022636351,P90 covariance ellipse,0.9,1,63051.963882509706
KALMAEGI,2025-11-01 18:00:00,12,51,19.8604792438915,Fixed-radius region,,1,1963.4928890086885
KALMAEGI,2025-11-01 18:00:00,12,51,19.8604792438915,P50 percentile cone,0.5,1,19913.17672931257
KALMAEGI,2025-11-01 18:00:00,12,51,19.8604792438915,P50 covariance ellipse,0.5,1,13834.304490149701
KALMAEGI,2025-11-01 18:00:00,12,51,19.8604792438915,P90 percentile cone,0.9,1,61377.08762505183
KALMAEGI,2025-11-01 18:00:00,12,51,19.8604792438915,P90 covariance ellipse,0.9,1,45956.56475905467
KALMAEGI,2025-11-02 00:00:00,12,51,43.313998672000956,Fixed-radius region,,0,1963.4928890086885
KALMAEGI,2025-11-02 00:00:00,12,51,43.313998672000956,P50 percentile cone,0.5,1,26337.4363303366
KALMAEGI,2025-11-02 00:00:00,12,51,43.313998672000956,P50 covariance ellipse,0.5,1,16885.712480293667
KALMAEGI,2025-11-02 00:00:00,12,51,43.313998672000956,P90 percentile cone,0.9,1,72169.59105756888
KALMAEGI,2025-11-02 00:00:00,12,51,43.313998672000956,P90 covariance ellipse,0.9,1,56093.122690477685
KALMAEGI,2025-11-02 12:00:00,12,51,38.85708573958893,Fixed-radius region,,0,1963.4928890086885
KALMAEGI,2025-11-02 12:00:00,12,51,38.85708573958893,P50 percentile cone,0.5,1,21194.270694262985
KALMAEGI,2025-11-02 12:00:00,12,51,38.85708573958893,P50 covariance ellipse,0.5,1,12517.193336142886
KALMAEGI,2025-11-02 12:00:00,12,51,38.85708573958893,P90 percentile cone,0.9,1,70963.44640932456
KALMAEGI,2025-11-02 12:00:00,12,51,38.85708573958893,P90 covariance ellipse,0.9,1,41581.21621246992
KALMAEGI,2025-11-02 18:00:00,12,51,44.52715773531762,Fixed-radius region,,0,1963.4928890086885
KALMAEGI,2025-11-02 18:00:00,12,51,44.52715773531762,P50 percentile cone,0.5,1,20842.453410585713
KALMAEGI,2025-11-02 18:00:00,12,51,44.52715773531762,P50 covariance ellipse,0.5,1,13404.004721090925
KALMAEGI,2025-11-02 18:00:00,12,51,44.52715773531762,P90 percentile cone,0.9,1,88488.71623002156
KALMAEGI,2025-11-02 18:00:00,12,51,44.52715773531762,P90 covariance ellipse,0.9,1,44527.13986699478
KALMAEGI,2025-11-03 00:00:00,12,51,28.94518210153529,Fixed-radius region,,0,1963.4928890086885
KALMAEGI,2025-11-03 00:00:00,12,51,28.94518210153529,P50 percentile cone,0.5,1,18540.89353325324
KALMAEGI,2025-11-03 00:00:00,12,51,28.94518210153529,P50 covariance ellipse,0.5,1,10887.270446130284
KALMAEGI,2025-11-03 00:00:00,12,51,28.94518210153529,P90 percentile cone,0.9,1,91929.45694277174
KALMAEGI,2025-11-03 00:00:00,12,51,28.94518210153529,P90 covariance ellipse,0.9,1,36166.72957163705
KALMAEGI,2025-11-03 06:00:00,12,51,33.28379497763969,Fixed-radius region,,0,1963.4928890086885
KALMAEGI,2025-11-03 06:00:00,12,51,33.28379497763969,P50 percentile cone,0.5,1,30818.79439667641
KALMAEGI,2025-11-03 06:00:00,12,51,33.28379497763969,P50 covariance ellipse,0.5,1,17442.270818660756
KALMAEGI,2025-11-03 06:00:00,12,51,33.28379497763969,P90 percentile cone,0.9,1,96495.89887345718
KALMAEGI,2025-11-03 06:00:00,12,51,33.28379497763969,P90 covariance ellipse,0.9,1,57941.96947114315
KALMAEGI,2025-11-03 12:00:00,12,51,28.5187071066009,Fixed-radius region,,0,1963.4928890086885
KALMAEGI,2025-11-03 12:00:00,12,51,28.5187071066009,P50 percentile cone,0.5,1,17902.97237345224
KALMAEGI,2025-11-03 12:00:00,12,51,28.5187071066009,P50 covariance ellipse,0.5,1,8519.836884693463
KALMAEGI,2025-11-03 12:00:00,12,51,28.5187071066009,P90 percentile cone,0.9,1,45515.9448811371
KALMAEGI,2025-11-03 12:00:00,12,51,28.5187071066009,P90 covariance ellipse,0.9,1,28302.285511120826
KALMAEGI,2025-11-03 18:00:00,12,51,35.54135424072971,Fixed-radius region,,0,1963.4928890086885
KALMAEGI,2025-11-03 18:00:00,12,51,35.54135424072971,P50 percentile cone,0.5,1,23287.032747818044
KALMAEGI,2025-11-03 18:00:00,12,51,35.54135424072971,P50 covariance ellipse,0.5,1,17564.01751562566
KALMAEGI,2025-11-03 18:00:00,12,51,35.54135424072971,P90 percentile cone,0.9,1,76785.07949001313
KALMAEGI,2025-11-03 18:00:00,12,51,35.54135424072971,P90 covariance ellipse,0.9,1,58346.40324425059
KALMAEGI,2025-11-04 00:00:00,12,51,61.1467147169871,Fixed-radius region,,0,1963.4928890086885
KALMAEGI,2025-11-04 00:00:00,12,51,61.1467147169871,P50 percentile cone,0.5,1,15112.72258988062
KALMAEGI,2025-11-04 00:00:00,12,51,61.1467147169871,P50 covariance ellipse,0.5,1,10046.503160264512
KALMAEGI,2025-11-04 00:00:00,12,51,61.1467147169871,P90 percentile cone,0.9,1,56880.47785987515
KALMAEGI,2025-11-04 00:00:00,12,51,61.1467147169871,P90 covariance ellipse,0.9,1,33373.76110345735
KALMAEGI,2025-11-04 06:00:00,12,51,63.00279423885328,Fixed-radius region,,0,1963.4928890086885
KALMAEGI,2025-11-04 06:00:00,12,51,63.00279423885328,P50 percentile cone,0.5,1,24619.05565636811
KALMAEGI,2025-11-04 06:00:00,12,51,63.00279423885328,P50 covariance ellipse,0.5,1,14268.067420540214
KALMAEGI,2025-11-04 06:00:00,12,51,63.00279423885328,P90 percentile cone,0.9,1,61339.210004435234
KALMAEGI,2025-11-04 06:00:00,12,51,63.00279423885328,P90 covariance ellipse,0.9,1,47397.49402403959
KALMAEGI,2025-11-04 12:00:00,12,51,19.765889508437162,Fixed-radius region,,1,1963.4928890086885
KALMAEGI,2025-11-04 12:00:00,12,51,19.765889508437162,P50 percentile cone,0.5,1,17220.485741396322
KALMAEGI,2025-11-04 12:00:00,12,51,19.765889508437162,P50 covariance ellipse,0.5,1,8081.304633527477
KALMAEGI,2025-11-04 12:00:00,12,51,19.765889508437162,P90 percentile cone,0.9,1,39170.2138352974
KALMAEGI,2025-11-04 12:00:00,12,51,19.765889508437162,P90 covariance ellipse,0.9,1,26845.512905458338
KALMAEGI,2025-11-04 18:00:00,12,51,48.59359201892332,Fixed-radius region,,0,1963.4928890086885
KALMAEGI,2025-11-04 18:00:00,12,51,48.59359201892332,P50 percentile cone,0.5,1,22157.613761224744
KALMAEGI,2025-11-04 18:00:00,12,51,48.59359201892332,P50 covariance ellipse,0.5,1,12487.334917320002
KALMAEGI,2025-11-04 18:00:00,12,51,48.59359201892332,P90 percentile cone,0.9,1,45439.81792594391
KALMAEGI,2025-11-04 18:00:00,12,51,48.59359201892332,P90 covariance ellipse,0.9,1,41482.028692113265
KALMAEGI,2025-11-05 00:00:00,12,51,34.54543034541185,Fixed-radius region,,0,1963.4928890086885
KALMAEGI,2025-11-05 00:00:00,12,51,34.54543034541185,P50 percentile cone,0.5,1,13632.158349059291
KALMAEGI,2025-11-05 00:00:00,12,51,34.54543034541185,P50 covariance ellipse,0.5,1,4998.039560708511
KALMAEGI,2025-11-05 00:00:00,12,51,34.54543034541185,P90 percentile cone,0.9,1,34330.75487873998
KALMAEGI,2025-11-05 00:00:00,12,51,34.54543034541185,P90 covariance ellipse,0.9,1,16603.12803607609
KALMAEGI,2025-11-05 06:00:00,12,51,54.598277456413626,Fixed-radius region,,0,1963.4928890086885
KALMAEGI,2025-11-05 06:00:00,12,51,54.598277456413626,P50 percentile cone,0.5,1,17186.81134217253
KALMAEGI,2025-11-05 06:00:00,12,51,54.598277456413626,P50 covariance ellipse,0.5,0,7185.299862119279
KALMAEGI,2025-11-05 06:00:00,12,51,54.598277456413626,P90 percentile cone,0.9,1,44935.90852463635
KALMAEGI,2025-11-05 06:00:00,12,51,54.598277456413626,P90 covariance ellipse,0.9,1,23869.049482164322
KALMAEGI,2025-11-05 12:00:00,12,51,36.82667287645848,Fixed-radius region,,0,1963.4928890086885
KALMAEGI,2025-11-05 12:00:00,12,51,36.82667287645848,P50 percentile cone,0.5,1,9855.848727620483
KALMAEGI,2025-11-05 12:00:00,12,51,36.82667287645848,P50 covariance ellipse,0.5,1,3246.4889967073614
KALMAEGI,2025-11-05 12:00:00,12,51,36.82667287645848,P90 percentile cone,0.9,1,22264.222408800026
KALMAEGI,2025-11-05 12:00:00,12,51,36.82667287645848,P90 covariance ellipse,0.9,1,10784.603007904867
KALMAEGI,2025-11-05 18:00:00,12,51,32.88812692497361,Fixed-radius region,,0,1963.4928890086885
KALMAEGI,2025-11-05 18:00:00,12,51,32.88812692497361,P50 percentile cone,0.5,1,10221.082331842079
KALMAEGI,2025-11-05 18:00:00,12,51,32.88812692497361,P50 covariance ellipse,0.5,1,2806.9843298023193
KALMAEGI,2025-11-05 18:00:00,12,51,32.88812692497361,P90 percentile cone,0.9,1,25166.302129032763
KALMAEGI,2025-11-05 18:00:00,12,51,32.88812692497361,P90 covariance ellipse,0.9,1,9324.600107078897
KALMAEGI,2025-11-06 00:00:00,12,51,59.314171694670335,Fixed-radius region,,0,1963.4928890086885
KALMAEGI,2025-11-06 00:00:00,12,51,59.314171694670335,P50 percentile cone,0.5,0,9113.458282705442
KALMAEGI,2025-11-06 00:00:00,12,51,59.314171694670335,P50 covariance ellipse,0.5,0,2837.5407413310313
KALMAEGI,2025-11-06 00:00:00,12,51,59.314171694670335,P90 percentile cone,0.9,1,17696.61270400634
KALMAEGI,2025-11-06 00:00:00,12,51,59.314171694670335,P90 covariance ellipse,0.9,1,9426.106309015066
KALMAEGI,2025-11-06 06:00:00,12,51,49.296779259146184,Fixed-radius region,,0,1963.4928890086885
KALMAEGI,2025-11-06 06:00:00,12,51,49.296779259146184,P50 percentile cone,0.5,1,27171.901329044606
KALMAEGI,2025-11-06 06:00:00,12,51,49.296779259146184,P50 covariance ellipse,0.5,0,10804.335650531877
KALMAEGI,2025-11-06 06:00:00,12,51,49.296779259146184,P90 percentile cone,0.9,1,66021.10635773127
KALMAEGI,2025-11-06 06:00:00,12,51,49.296779259146184,P90 covariance ellipse,0.9,1,35891.226144094966
KALMAEGI,2025-11-06 12:00:00,12,51,35.957160189665224,Fixed-radius region,,0,1963.4928890086885
KALMAEGI,2025-11-06 12:00:00,12,51,35.957160189665224,P50 percentile cone,0.5,1,13544.435455133205
KALMAEGI,2025-11-06 12:00:00,12,51,35.957160189665224,P50 covariance ellipse,0.5,1,9868.739322914656
KALMAEGI,2025-11-06 12:00:00,12,51,35.957160189665224,P90 percentile cone,0.9,1,33513.31149270956
KALMAEGI,2025-11-06 12:00:00,12,51,35.957160189665224,P90 covariance ellipse,0.9,1,32783.242417909874
KALMAEGI,2025-11-06 18:00:00,12,51,51.64940053745074,Fixed-radius region,,0,1963.4928890086885
KALMAEGI,2025-11-06 18:00:00,12,51,51.64940053745074,P50 percentile cone,0.5,1,19006.47425888049
KALMAEGI,2025-11-06 18:00:00,12,51,51.64940053745074,P50 covariance ellipse,0.5,0,8556.332212149926
KALMAEGI,2025-11-06 18:00:00,12,51,51.64940053745074,P90 percentile cone,0.9,1,51095.87412347651
KALMAEGI,2025-11-06 18:00:00,12,51,51.64940053745074,P90 covariance ellipse,0.9,1,28423.520364730568
KALMAEGI,2025-11-07 00:00:00,12,46,42.5883928620874,Fixed-radius region,,0,1963.4928890086885
KALMAEGI,2025-11-07 00:00:00,12,46,42.5883928620874,P50 percentile cone,0.5,1,19409.11711077211
KALMAEGI,2025-11-07 00:00:00,12,46,42.5883928620874,P50 covariance ellipse,0.5,1,9739.909199073363
KALMAEGI,2025-11-07 00:00:00,12,46,42.5883928620874,P90 percentile cone,0.9,1,51859.83496938645
KALMAEGI,2025-11-07 00:00:00,12,46,42.5883928620874,P90 covariance ellipse,0.9,1,32355.278010053666
KALMAEGI,2025-11-07 06:00:00,12,45,56.168690642706345,Fixed-radius region,,0,1963.4928890086885
KALMAEGI,2025-11-07 06:00:00,12,45,56.168690642706345,P50 percentile cone,0.5,1,13259.484218859392
KALMAEGI,2025-11-07 06:00:00,12,45,56.168690642706345,P50 covariance ellipse,0.5,0,7211.838123814332
KALMAEGI,2025-11-07 06:00:00,12,45,56.168690642706345,P90 percentile cone,0.9,1,36883.858285675626
KALMAEGI,2025-11-07 06:00:00,12,45,56.168690642706345,P90 covariance ellipse,0.9,1,23957.20767927859
KOTO,2025-11-25 12:00:00,12,51,54.642080704889814,Fixed-radius region,,0,1963.4928890086885
KOTO,2025-11-25 12:00:00,12,51,54.642080704889814,P50 percentile cone,0.5,1,14722.096712179657
KOTO,2025-11-25 12:00:00,12,51,54.642080704889814,P50 covariance ellipse,0.5,0,7070.573845725019
KOTO,2025-11-25 12:00:00,12,51,54.642080704889814,P90 percentile cone,0.9,1,39392.69671943529
KOTO,2025-11-25 12:00:00,12,51,54.642080704889814,P90 covariance ellipse,0.9,1,23487.93790508972
KOTO,2025-11-25 18:00:00,12,51,78.32923642724363,Fixed-radius region,,0,1963.4928890086885
KOTO,2025-11-25 18:00:00,12,51,78.32923642724363,P50 percentile cone,0.5,1,23529.703006090687
KOTO,2025-11-25 18:00:00,12,51,78.32923642724363,P50 covariance ellipse,0.5,0,12639.655258173836
KOTO,2025-11-25 18:00:00,12,51,78.32923642724363,P90 percentile cone,0.9,1,71134.89796162608
KOTO,2025-11-25 18:00:00,12,51,78.32923642724363,P90 covariance ellipse,0.9,1,41988.02591181844
KOTO,2025-11-26 00:00:00,12,51,51.09731923221458,Fixed-radius region,,0,1963.4928890086885
KOTO,2025-11-26 00:00:00,12,51,51.09731923221458,P50 percentile cone,0.5,1,12128.096786804852
KOTO,2025-11-26 00:00:00,12,51,51.09731923221458,P50 covariance ellipse,0.5,0,5997.298879336743
KOTO,2025-11-26 00:00:00,12,51,51.09731923221458,P90 percentile cone,0.9,1,32765.780376474344
KOTO,2025-11-26 00:00:00,12,51,51.09731923221458,P90 covariance ellipse,0.9,1,19922.595640705214
KOTO,2025-11-26 06:00:00,12,50,32.13353542067322,Fixed-radius region,,0,1963.4928890086885
KOTO,2025-11-26 06:00:00,12,50,32.13353542067322,P50 percentile cone,0.5,1,14235.150884599067
KOTO,2025-11-26 06:00:00,12,50,32.13353542067322,P50 covariance ellipse,0.5,1,8495.860569583432
KOTO,2025-11-26 06:00:00,12,50,32.13353542067322,P90 percentile cone,0.9,1,33678.20054411114
KOTO,2025-11-26 06:00:00,12,50,32.13353542067322,P90 covariance ellipse,0.9,1,28222.63791634495
KOTO,2025-11-26 12:00:00,12,51,10.24660975417058,Fixed-radius region,,1,1963.4928890086885
KOTO,2025-11-26 12:00:00,12,51,10.24660975417058,P50 percentile cone,0.5,1,11137.930450634936
KOTO,2025-11-26 12:00:00,12,51,10.24660975417058,P50 covariance ellipse,0.5,1,3911.0758181893416
KOTO,2025-11-26 12:00:00,12,51,10.24660975417058,P90 percentile cone,0.9,1,24976.23121278582
KOTO,2025-11-26 12:00:00,12,51,10.24660975417058,P90 covariance ellipse,0.9,1,12992.312641677749
KOTO,2025-11-26 18:00:00,12,51,27.319815028628,Fixed-radius region,,0,1963.4928890086885
KOTO,2025-11-26 18:00:00,12,51,27.319815028628,P50 percentile cone,0.5,1,13702.280676023525
KOTO,2025-11-26 18:00:00,12,51,27.319815028628,P50 covariance ellipse,0.5,1,6650.944036001306
KOTO,2025-11-26 18:00:00,12,51,27.319815028628,P90 percentile cone,0.9,1,41412.08332217523
KOTO,2025-11-26 18:00:00,12,51,27.319815028628,P90 covariance ellipse,0.9,1,22093.95785071628
KOTO,2025-11-27 00:00:00,12,51,33.515406443820815,Fixed-radius region,,0,1963.4928890086885
KOTO,2025-11-27 00:00:00,12,51,33.515406443820815,P50 percentile cone,0.5,1,13494.504111806353
KOTO,2025-11-27 00:00:00,12,51,33.515406443820815,P50 covariance ellipse,0.5,1,6241.4112526432555
KOTO,2025-11-27 00:00:00,12,51,33.515406443820815,P90 percentile cone,0.9,1,32704.594290380912
KOTO,2025-11-27 00:00:00,12,51,33.515406443820815,P90 covariance ellipse,0.9,1,20733.51939190175
KOTO,2025-11-27 06:00:00,12,51,31.889312696988057,Fixed-radius region,,0,1963.4928890086885
KOTO,2025-11-27 06:00:00,12,51,31.889312696988057,P50 percentile cone,0.5,1,14470.95137164937
KOTO,2025-11-27 06:00:00,12,51,31.889312696988057,P50 covariance ellipse,0.5,1,6496.382796298228
KOTO,2025-11-27 06:00:00,12,51,31.889312696988057,P90 percentile cone,0.9,1,43367.31498343478
KOTO,2025-11-27 06:00:00,12,51,31.889312696988057,P90 covariance ellipse,0.9,1,21580.516526166004
KOTO,2025-11-27 12:00:00,12,51,30.894452121101505,Fixed-radius region,,0,1963.4928890086885
KOTO,2025-11-27 12:00:00,12,51,30.894452121101505,P50 percentile cone,0.5,1,10650.372163394819
KOTO,2025-11-27 12:00:00,12,51,30.894452121101505,P50 covariance ellipse,0.5,1,4648.038826780822
KOTO,2025-11-27 12:00:00,12,51,30.894452121101505,P90 percentile cone,0.9,1,32326.784755823985
KOTO,2025-11-27 12:00:00,12,51,30.894452121101505,P90 covariance ellipse,0.9,1,15440.450764810503
KOTO,2025-11-27 18:00:00,12,51,19.538346647878114,Fixed-radius region,,1,1963.4928890086885
KOTO,2025-11-27 18:00:00,12,51,19.538346647878114,P50 percentile cone,0.5,1,11883.419362406106
KOTO,2025-11-27 18:00:00,12,51,19.538346647878114,P50 covariance ellipse,0.5,1,4689.206819463742
KOTO,2025-11-27 18:00:00,12,51,19.538346647878114,P90 percentile cone,0.9,1,30548.760155337943
KOTO,2025-11-27 18:00:00,12,51,19.538346647878114,P90 covariance ellipse,0.9,1,15577.207876314014
KOTO,2025-11-28 00:00:00,12,51,34.85804532296943,Fixed-radius region,,0,1963.4928890086885
KOTO,2025-11-28 00:00:00,12,51,34.85804532296943,P50 percentile cone,0.5,1,9029.684492352637
KOTO,2025-11-28 00:00:00,12,51,34.85804532296943,P50 covariance ellipse,0.5,0,4173.684463446002
KOTO,2025-11-28 00:00:00,12,51,34.85804532296943,P90 percentile cone,0.9,1,31004.09424671665
KOTO,2025-11-28 00:00:00,12,51,34.85804532296943,P90 covariance ellipse,0.9,1,13864.679678316159
KOTO,2025-11-28 06:00:00,12,51,44.59556402057126,Fixed-radius region,,0,1963.4928890086885
KOTO,2025-11-28 06:00:00,12,51,44.59556402057126,P50 percentile cone,0.5,1,12214.0668520298
KOTO,2025-11-28 06:00:00,12,51,44.59556402057126,P50 covariance ellipse,0.5,0,4414.116888249623
KOTO,2025-11-28 06:00:00,12,51,44.59556402057126,P90 percentile cone,0.9,1,26959.206766125837
KOTO,2025-11-28 06:00:00,12,51,44.59556402057126,P90 covariance ellipse,0.9,1,14663.378905193202
KOTO,2025-11-28 12:00:00,12,51,34.329547431691424,Fixed-radius region,,0,1963.4928890086885
KOTO,2025-11-28 12:00:00,12,51,34.329547431691424,P50 percentile cone,0.5,1,10677.225198654689
KOTO,2025-11-28 12:00:00,12,51,34.329547431691424,P50 covariance ellipse,0.5,1,4002.879714535171
KOTO,2025-11-28 12:00:00,12,51,34.329547431691424,P90 percentile cone,0.9,1,20139.92735750597
KOTO,2025-11-28 12:00:00,12,51,34.329547431691424,P90 covariance ellipse,0.9,1,13297.278584169087
KOTO,2025-11-28 18:00:00,12,51,33.48055324188631,Fixed-radius region,,0,1963.4928890086885
KOTO,2025-11-28 18:00:00,12,51,33.48055324188631,P50 percentile cone,0.5,1,10894.630008085485
KOTO,2025-11-28 18:00:00,12,51,33.48055324188631,P50 covariance ellipse,0.5,1,4161.942943251495
KOTO,2025-11-28 18:00:00,12,51,33.48055324188631,P90 percentile cone,0.9,1,23683.51048324781
KOTO,2025-11-28 18:00:00,12,51,33.48055324188631,P90 covariance ellipse,0.9,1,13825.67519250534
KOTO,2025-11-29 00:00:00,12,51,20.00676556218051,Fixed-radius region,,1,1963.4928890086885
KOTO,2025-11-29 00:00:00,12,51,20.00676556218051,P50 percentile cone,0.5,1,9897.74231543995
KOTO,2025-11-29 00:00:00,12,51,20.00676556218051,P50 covariance ellipse,0.5,1,3397.185079736799
KOTO,2025-11-29 00:00:00,12,51,20.00676556218051,P90 percentile cone,0.9,1,24538.323594111916
KOTO,2025-11-29 00:00:00,12,51,20.00676556218051,P90 covariance ellipse,0.9,1,11285.204559909835
KOTO,2025-11-29 06:00:00,12,51,28.0830402058382,Fixed-radius region,,0,1963.4928890086885
KOTO,2025-11-29 06:00:00,12,51,28.0830402058382,P50 percentile cone,0.5,1,9270.49982096395
KOTO,2025-11-29 06:00:00,12,51,28.0830402058382,P50 covariance ellipse,0.5,1,3600.3923594611815
KOTO,2025-11-29 06:00:00,12,51,28.0830402058382,P90 percentile cone,0.9,1,25485.389546368835
KOTO,2025-11-29 06:00:00,12,51,28.0830402058382,P90 covariance ellipse,0.9,1,11960.244531511897
KOTO,2025-11-29 12:00:00,12,51,12.553840769769774,Fixed-radius region,,1,1963.4928890086885
KOTO,2025-11-29 12:00:00,12,51,12.553840769769774,P50 percentile cone,0.5,1,7062.261977041017
KOTO,2025-11-29 12:00:00,12,51,12.553840769769774,P50 covariance ellipse,0.5,1,1902.6127403956239
KOTO,2025-11-29 12:00:00,12,51,12.553840769769774,P90 percentile cone,0.9,1,16243.125414541078
KOTO,2025-11-29 12:00:00,12,51,12.553840769769774,P90 covariance ellipse,0.9,1,6320.342716010858
KOTO,2025-11-29 18:00:00,12,51,14.92836817347251,Fixed-radius region,,1,1963.4928890086885
KOTO,2025-11-29 18:00:00,12,51,14.92836817347251,P50 percentile cone,0.5,1,10546.42252929751
KOTO,2025-11-29 18:00:00,12,51,14.92836817347251,P50 covariance ellipse,0.5,1,3136.459056688425
KOTO,2025-11-29 18:00:00,12,51,14.92836817347251,P90 percentile cone,0.9,1,19396.56803346017
KOTO,2025-11-29 18:00:00,12,51,14.92836817347251,P90 covariance ellipse,0.9,1,10419.09145887719
KOTO,2025-11-30 00:00:00,12,51,17.827489957528563,Fixed-radius region,,1,1963.4928890086885
KOTO,2025-11-30 00:00:00,12,51,17.827489957528563,P50 percentile cone,0.5,1,9204.874984285309
KOTO,2025-11-30 00:00:00,12,51,17.827489957528563,P50 covariance ellipse,0.5,1,2963.3113198144547
KOTO,2025-11-30 00:00:00,12,51,17.827489957528563,P90 percentile cone,0.9,1,21120.072202267427
KOTO,2025-11-30 00:00:00,12,51,17.827489957528563,P90 covariance ellipse,0.9,1,9843.907127189386
KOTO,2025-11-30 06:00:00,12,51,25.509855686645817,Fixed-radius region,,0,1963.4928890086885
KOTO,2025-11-30 06:00:00,12,51,25.509855686645817,P50 percentile cone,0.5,1,9298.224610173615
KOTO,2025-11-30 06:00:00,12,51,25.509855686645817,P50 covariance ellipse,0.5,1,2933.5840144909907
KOTO,2025-11-30 06:00:00,12,51,25.509855686645817,P90 percentile cone,0.9,1,21316.620164269538
KOTO,2025-11-30 06:00:00,12,51,25.509855686645817,P90 covariance ellipse,0.9,1,9745.155156450075
KOTO,2025-11-30 12:00:00,12,51,11.699436395770174,Fixed-radius region,,1,1963.4928890086885
KOTO,2025-11-30 12:00:00,12,51,11.699436395770174,P50 percentile cone,0.5,1,7227.450789623462
KOTO,2025-11-30 12:00:00,12,51,11.699436395770174,P50 covariance ellipse,0.5,1,1571.4245759606924
KOTO,2025-11-30 12:00:00,12,51,11.699436395770174,P90 percentile cone,0.9,1,12453.501258465301
KOTO,2025-11-30 12:00:00,12,51,11.699436395770174,P90 covariance ellipse,0.9,1,5220.159447880284
KOTO,2025-11-30 18:00:00,12,51,16.905527331288734,Fixed-radius region,,1,1963.4928890086885
KOTO,2025-11-30 18:00:00,12,51,16.905527331288734,P50 percentile cone,0.5,1,7408.503231536979
KOTO,2025-11-30 18:00:00,12,51,16.905527331288734,P50 covariance ellipse,0.5,1,2807.7350731916595
KOTO,2025-11-30 18:00:00,12,51,16.905527331288734,P90 percentile cone,0.9,1,22633.5002386548
KOTO,2025-11-30 18:00:00,12,51,16.905527331288734,P90 covariance ellipse,0.9,1,9327.094022635996
KOTO,2025-12-01 00:00:00,12,51,47.62152169907638,Fixed-radius region,,0,1963.4928890086885
KOTO,2025-12-01 00:00:00,12,51,47.62152169907638,P50 percentile cone,0.5,1,8468.750803422656
KOTO,2025-12-01 00:00:00,12,51,47.62152169907638,P50 covariance ellipse,0.5,0,2217.195672988845
KOTO,2025-12-01 00:00:00,12,51,47.62152169907638,P90 percentile cone,0.9,1,16086.901051200119
KOTO,2025-12-01 00:00:00,12,51,47.62152169907638,P90 covariance ellipse,0.9,1,7365.364597964337
KOTO,2025-12-01 06:00:00,12,36,42.60431035203825,Fixed-radius region,,0,1963.4928890086885
KOTO,2025-12-01 06:00:00,12,36,42.60431035203825,P50 percentile cone,0.5,1,12684.328504661655
KOTO,2025-12-01 06:00:00,12,36,42.60431035203825,P50 covariance ellipse,0.5,0,3803.265728889171
KOTO,2025-12-01 06:00:00,12,36,42.60431035203825,P90 percentile cone,0.9,1,22172.220064115256
KOTO,2025-12-01 06:00:00,12,36,42.60431035203825,P90 covariance ellipse,0.9,1,12634.175277119199
KOTO,2025-12-01 12:00:00,12,29,31.007889351594145,Fixed-radius region,,0,1963.4928890086885
KOTO,2025-12-01 12:00:00,12,29,31.007889351594145,P50 percentile cone,0.5,1,7681.565498028183
KOTO,2025-12-01 12:00:00,12,29,31.007889351594145,P50 covariance ellipse,0.5,0,2443.583254095763
KOTO,2025-12-01 12:00:00,12,29,31.007889351594145,P90 percentile cone,0.9,1,16578.97741130018
KOTO,2025-12-01 12:00:00,12,29,31.007889351594145,P90 covariance ellipse,0.9,1,8117.407863976998
KOTO,2025-12-01 18:00:00,12,8,29.97444356725538,Fixed-radius region,,0,1963.4928890086885
KOTO,2025-12-01 18:00:00,12,8,29.97444356725538,P50 percentile cone,0.5,1,10980.064235820604
KOTO,2025-12-01 18:00:00,12,8,29.97444356725538,P50 covariance ellipse,0.5,0,2863.6431254772133
KOTO,2025-12-01 18:00:00,12,8,29.97444356725538,P90 percentile cone,0.9,1,14313.940086391322
KOTO,2025-12-01 18:00:00,12,8,29.97444356725538,P90 covariance ellipse,0.9,1,9512.81655225381
KOTO,2025-12-02 00:00:00,12,7,37.653213847765045,Fixed-radius region,,0,1963.4928890086885
KOTO,2025-12-02 00:00:00,12,7,37.653213847765045,P50 percentile cone,0.5,1,9411.95799837062
KOTO,2025-12-02 00:00:00,12,7,37.653213847765045,P50 covariance ellipse,0.5,1,4459.833517148113
KOTO,2025-12-02 00:00:00,12,7,37.653213847765045,P90 percentile cone,0.9,1,25214.565996220652
KOTO,2025-12-02 00:00:00,12,7,37.653213847765045,P90 covariance ellipse,0.9,1,14815.246259134632
KOTO,2025-12-02 06:00:00,12,8,71.10374249490769,Fixed-radius region,,0,1963.4928890086885
KOTO,2025-12-02 06:00:00,12,8,71.10374249490769,P50 percentile cone,0.5,0,10592.472162355647
KOTO,2025-12-02 06:00:00,12,8,71.10374249490769,P50 covariance ellipse,0.5,0,2449.019060960775
KOTO,2025-12-02 06:00:00,12,8,71.10374249490769,P90 percentile cone,0.9,0,15149.399230153924
KOTO,2025-12-02 06:00:00,12,8,71.10374249490769,P90 covariance ellipse,0.9,0,8135.465223520263
KOTO,2025-12-02 12:00:00,12,6,80.94440583024647,Fixed-radius region,,0,1963.4928890086885
KOTO,2025-12-02 12:00:00,12,6,80.94440583024647,P50 percentile cone,0.5,0,15149.5441933633
KOTO,2025-12-02 12:00:00,12,6,80.94440583024647,P50 covariance ellipse,0.5,0,6592.252934284109
KOTO,2025-12-02 12:00:00,12,6,80.94440583024647,P90 percentile cone,0.9,1,28862.450783960052
KOTO,2025-12-02 12:00:00,12,6,80.94440583024647,P90 covariance ellipse,0.9,1,21898.990231002033
KOTO,2025-12-02 18:00:00,12,1,34.37136288726438,Fixed-radius region,,0,1963.4928890086885
KOTO,2025-12-02 18:00:00,12,1,34.37136288726438,P50 percentile cone,0.5,0,1963.4928890086885
KOTO,2025-12-02 18:00:00,12,1,34.37136288726438,P90 percentile cone,0.9,0,1963.4928890086885
MELISSA,2025-10-23 00:00:00,12,48,24.608987435599477,Fixed-radius region,,1,1963.4928890086885
MELISSA,2025-10-23 00:00:00,12,48,24.608987435599477,P50 percentile cone,0.5,1,26560.38085720497
MELISSA,2025-10-23 00:00:00,12,48,24.608987435599477,P50 covariance ellipse,0.5,1,13972.26430751639
MELISSA,2025-10-23 00:00:00,12,48,24.608987435599477,P90 percentile cone,0.9,1,82826.35376153955
MELISSA,2025-10-23 00:00:00,12,48,24.608987435599477,P90 covariance ellipse,0.9,1,46414.85735233061
MELISSA,2025-10-23 06:00:00,12,51,15.522865103570505,Fixed-radius region,,1,1963.4928890086885
MELISSA,2025-10-23 06:00:00,12,51,15.522865103570505,P50 percentile cone,0.5,1,40598.84314289914
MELISSA,2025-10-23 06:00:00,12,51,15.522865103570505,P50 covariance ellipse,0.5,1,22678.253504181663
MELISSA,2025-10-23 06:00:00,12,51,15.522865103570505,P90 percentile cone,0.9,1,125682.34276467716
MELISSA,2025-10-23 06:00:00,12,51,15.522865103570505,P90 covariance ellipse,0.9,1,75335.52745851883
MELISSA,2025-10-23 12:00:00,12,51,34.507774047281174,Fixed-radius region,,0,1963.4928890086885
MELISSA,2025-10-23 12:00:00,12,51,34.507774047281174,P50 percentile cone,0.5,1,27291.630088517682
MELISSA,2025-10-23 12:00:00,12,51,34.507774047281174,P50 covariance ellipse,0.5,1,15641.218171364604
MELISSA,2025-10-23 12:00:00,12,51,34.507774047281174,P90 percentile cone,0.9,1,88240.90067679404
MELISSA,2025-10-23 12:00:00,12,51,34.507774047281174,P90 covariance ellipse,0.9,1,51959.002081718805
MELISSA,2025-10-23 18:00:00,12,49,41.32929785734482,Fixed-radius region,,0,1963.4928890086885
MELISSA,2025-10-23 18:00:00,12,49,41.32929785734482,P50 percentile cone,0.5,1,27562.934101775718
MELISSA,2025-10-23 18:00:00,12,49,41.32929785734482,P50 covariance ellipse,0.5,1,20606.922840549785
MELISSA,2025-10-23 18:00:00,12,49,41.32929785734482,P90 percentile cone,0.9,1,101688.43203407754
MELISSA,2025-10-23 18:00:00,12,49,41.32929785734482,P90 covariance ellipse,0.9,1,68454.7159331984
MELISSA,2025-10-24 00:00:00,12,51,61.391992887171455,Fixed-radius region,,0,1963.4928890086885
MELISSA,2025-10-24 00:00:00,12,51,61.391992887171455,P50 percentile cone,0.5,1,23447.157608084806
MELISSA,2025-10-24 00:00:00,12,51,61.391992887171455,P50 covariance ellipse,0.5,1,9820.080654642197
MELISSA,2025-10-24 00:00:00,12,51,61.391992887171455,P90 percentile cone,0.9,1,70981.3966745738
MELISSA,2025-10-24 00:00:00,12,51,61.391992887171455,P90 covariance ellipse,0.9,1,32621.60182071579
MELISSA,2025-10-24 12:00:00,12,51,40.71407761283822,Fixed-radius region,,0,1963.4928890086885
MELISSA,2025-10-24 12:00:00,12,51,40.71407761283822,P50 percentile cone,0.5,1,28109.831945044847
MELISSA,2025-10-24 12:00:00,12,51,40.71407761283822,P50 covariance ellipse,0.5,1,10282.524017363052
MELISSA,2025-10-24 12:00:00,12,51,40.71407761283822,P90 percentile cone,0.9,1,68391.08263372834
MELISSA,2025-10-24 12:00:00,12,51,40.71407761283822,P90 covariance ellipse,0.9,1,34157.80541963239
MELISSA,2025-10-24 18:00:00,12,51,52.522203569125466,Fixed-radius region,,0,1963.4928890086885
MELISSA,2025-10-24 18:00:00,12,51,52.522203569125466,P50 percentile cone,0.5,1,29500.79795726317
MELISSA,2025-10-24 18:00:00,12,51,52.522203569125466,P50 covariance ellipse,0.5,1,13194.79725873434
MELISSA,2025-10-24 18:00:00,12,51,52.522203569125466,P90 percentile cone,0.9,1,84959.58261910225
MELISSA,2025-10-24 18:00:00,12,51,52.522203569125466,P90 covariance ellipse,0.9,1,43832.16772013235
MELISSA,2025-10-25 00:00:00,12,51,40.14517918612497,Fixed-radius region,,0,1963.4928890086885
MELISSA,2025-10-25 00:00:00,12,51,40.14517918612497,P50 percentile cone,0.5,1,29351.01142727866
MELISSA,2025-10-25 00:00:00,12,51,40.14517918612497,P50 covariance ellipse,0.5,1,11110.46518124565
MELISSA,2025-10-25 00:00:00,12,51,40.14517918612497,P90 percentile cone,0.9,1,77618.78159494142
MELISSA,2025-10-25 00:00:00,12,51,40.14517918612497,P90 covariance ellipse,0.9,1,36908.16643284773
MELISSA,2025-10-25 12:00:00,12,50,11.084777196235052,Fixed-radius region,,1,1963.4928890086885
MELISSA,2025-10-25 12:00:00,12,50,11.084777196235052,P50 percentile cone,0.5,1,30854.64427479337
MELISSA,2025-10-25 12:00:00,12,50,11.084777196235052,P50 covariance ellipse,0.5,1,10682.589286465245
MELISSA,2025-10-25 12:00:00,12,50,11.084777196235052,P90 percentile cone,0.9,1,88547.09685173948
MELISSA,2025-10-25 12:00:00,12,50,11.084777196235052,P90 covariance ellipse,0.9,1,35486.793476851635
MELISSA,2025-10-25 18:00:00,12,51,27.0681046655325,Fixed-radius region,,0,1963.4928890086885
MELISSA,2025-10-25 18:00:00,12,51,27.0681046655325,P50 percentile cone,0.5,1,38012.24045486892
MELISSA,2025-10-25 18:00:00,12,51,27.0681046655325,P50 covariance ellipse,0.5,1,17633.114154920222
MELISSA,2025-10-25 18:00:00,12,51,27.0681046655325,P90 percentile cone,0.9,1,104168.75151089158
MELISSA,2025-10-25 18:00:00,12,51,27.0681046655325,P90 covariance ellipse,0.9,1,58575.93731158551
MELISSA,2025-10-26 00:00:00,12,51,19.462938791718546,Fixed-radius region,,1,1963.4928890086885
MELISSA,2025-10-26 00:00:00,12,51,19.462938791718546,P50 percentile cone,0.5,1,17532.08573320202
MELISSA,2025-10-26 00:00:00,12,51,19.462938791718546,P50 covariance ellipse,0.5,1,7803.396484342898
MELISSA,2025-10-26 00:00:00,12,51,19.462938791718546,P90 percentile cone,0.9,1,52129.62242955644
MELISSA,2025-10-26 00:00:00,12,51,19.462938791718546,P90 covariance ellipse,0.9,1,25922.32201688394
MELISSA,2025-10-26 06:00:00,12,51,23.761865042083638,Fixed-radius region,,1,1963.4928890086885
MELISSA,2025-10-26 06:00:00,12,51,23.761865042083638,P50 percentile cone,0.5,1,28195.893809735517
MELISSA,2025-10-26 06:00:00,12,51,23.761865042083638,P50 covariance ellipse,0.5,1,13851.926094804776
MELISSA,2025-10-26 06:00:00,12,51,23.761865042083638,P90 percentile cone,0.9,1,89853.22841270494
MELISSA,2025-10-26 06:00:00,12,51,23.761865042083638,P90 covariance ellipse,0.9,1,46015.10246263536
MELISSA,2025-10-26 12:00:00,12,51,46.620805822921405,Fixed-radius region,,0,1963.4928890086885
MELISSA,2025-10-26 12:00:00,12,51,46.620805822921405,P50 percentile cone,0.5,1,18631.177835974242
MELISSA,2025-10-26 12:00:00,12,51,46.620805822921405,P50 covariance ellipse,0.5,1,11308.927079296562
MELISSA,2025-10-26 12:00:00,12,51,46.620805822921405,P90 percentile cone,0.9,1,62396.74481794897
MELISSA,2025-10-26 12:00:00,12,51,46.620805822921405,P90 covariance ellipse,0.9,1,37567.442587747726
MELISSA,2025-10-26 18:00:00,12,51,37.125299643873795,Fixed-radius region,,0,1963.4928890086885
MELISSA,2025-10-26 18:00:00,12,51,37.125299643873795,P50 percentile cone,0.5,1,22643.17826637906
MELISSA,2025-10-26 18:00:00,12,51,37.125299643873795,P50 covariance ellipse,0.5,1,12236.029948582229
MELISSA,2025-10-26 18:00:00,12,51,37.125299643873795,P90 percentile cone,0.9,1,67439.62423852854
MELISSA,2025-10-26 18:00:00,12,51,37.125299643873795,P90 covariance ellipse,0.9,1,40647.21165607847
MELISSA,2025-10-27 00:00:00,12,51,31.797515432514864,Fixed-radius region,,0,1963.4928890086885
MELISSA,2025-10-27 00:00:00,12,51,31.797515432514864,P50 percentile cone,0.5,1,13207.5336290682
MELISSA,2025-10-27 00:00:00,12,51,31.797515432514864,P50 covariance ellipse,0.5,1,7860.098469073396
MELISSA,2025-10-27 00:00:00,12,51,31.797515432514864,P90 percentile cone,0.9,1,51927.432238656336
MELISSA,2025-10-27 00:00:00,12,51,31.797515432514864,P90 covariance ellipse,0.9,1,26110.681932996056
MELISSA,2025-10-27 06:00:00,12,51,7.556148394008644,Fixed-radius region,,1,1963.4928890086885
MELISSA,2025-10-27 06:00:00,12,51,7.556148394008644,P50 percentile cone,0.5,1,14741.333622357566
MELISSA,2025-10-27 06:00:00,12,51,7.556148394008644,P50 covariance ellipse,0.5,1,8012.807591143087
MELISSA,2025-10-27 06:00:00,12,51,7.556148394008644,P90 percentile cone,0.9,1,59101.947426681865
MELISSA,2025-10-27 06:00:00,12,51,7.556148394008644,P90 covariance ellipse,0.9,1,26617.970655944948
MELISSA,2025-10-27 12:00:00,12,51,15.336412672307361,Fixed-radius region,,1,1963.4928890086885
MELISSA,2025-10-27 12:00:00,12,51,15.336412672307361,P50 percentile cone,0.5,1,13673.184848440465
MELISSA,2025-10-27 12:00:00,12,51,15.336412672307361,P50 covariance ellipse,0.5,1,7251.320534934526
MELISSA,2025-10-27 12:00:00,12,51,15.336412672307361,P90 percentile cone,0.9,1,44136.1539924506
MELISSA,2025-10-27 12:00:00,12,51,15.336412672307361,P90 covariance ellipse,0.9,1,24088.365410032657
MELISSA,2025-10-27 18:00:00,12,51,12.792083798124112,Fixed-radius region,,1,1963.4928890086885
MELISSA,2025-10-27 18:00:00,12,51,12.792083798124112,P50 percentile cone,0.5,1,17335.274355853162
MELISSA,2025-10-27 18:00:00,12,51,12.792083798124112,P50 covariance ellipse,0.5,1,9325.215277524661
MELISSA,2025-10-27 18:00:00,12,51,12.792083798124112,P90 percentile cone,0.9,1,55023.36199857174
MELISSA,2025-10-27 18:00:00,12,51,12.792083798124112,P90 covariance ellipse,0.9,1,30977.69462128202
MELISSA,2025-10-28 00:00:00,12,51,18.448054351391047,Fixed-radius region,,1,1963.4928890086885
MELISSA,2025-10-28 00:00:00,12,51,18.448054351391047,P50 percentile cone,0.5,1,15010.07147359159
MELISSA,2025-10-28 00:00:00,12,51,18.448054351391047,P50 covariance ellipse,0.5,1,7173.706276646615
MELISSA,2025-10-28 00:00:00,12,51,18.448054351391047,P90 percentile cone,0.9,1,41717.03124981939
MELISSA,2025-10-28 00:00:00,12,51,18.448054351391047,P90 covariance ellipse,0.9,1,23830.5364248622
MELISSA,2025-10-28 06:00:00,12,51,7.278586746495572,Fixed-radius region,,1,1963.4928890086885
MELISSA,2025-10-28 06:00:00,12,51,7.278586746495572,P50 percentile cone,0.5,1,15138.753626576265
MELISSA,2025-10-28 06:00:00,12,51,7.278586746495572,P50 covariance ellipse,0.5,1,6675.260583479912
MELISSA,2025-10-28 06:00:00,12,51,7.278586746495572,P90 percentile cone,0.9,1,43541.41488600505
MELISSA,2025-10-28 06:00:00,12,51,7.278586746495572,P90 covariance ellipse,0.9,1,22174.73567295612
MELISSA,2025-10-28 12:00:00,12,51,28.770654486207274,Fixed-radius region,,0,1963.4928890086885
MELISSA,2025-10-28 12:00:00,12,51,28.770654486207274,P50 percentile cone,0.5,1,13210.871940692225
MELISSA,2025-10-28 12:00:00,12,51,28.770654486207274,P50 covariance ellipse,0.5,0,5238.92002374532
MELISSA,2025-10-28 12:00:00,12,51,28.770654486207274,P90 percentile cone,0.9,1,50586.35683507794
MELISSA,2025-10-28 12:00:00,12,51,28.770654486207274,P90 covariance ellipse,0.9,1,17403.31561374754
MELISSA,2025-10-28 18:00:00,12,51,31.384401858896254,Fixed-radius region,,0,1963.4928890086885
MELISSA,2025-10-28 18:00:00,12,51,31.384401858896254,P50 percentile cone,0.5,1,15074.523379737737
MELISSA,2025-10-28 18:00:00,12,51,31.384401858896254,P50 covariance ellipse,0.5,1,9715.655967438306
MELISSA,2025-10-28 18:00:00,12,51,31.384401858896254,P90 percentile cone,0.9,1,80248.92276222566
MELISSA,2025-10-28 18:00:00,12,51,31.384401858896254,P90 covariance ellipse,0.9,1,32274.710518493357
MELISSA,2025-10-29 00:00:00,12,51,35.01787542738402,Fixed-radius region,,0,1963.4928890086885
MELISSA,2025-10-29 00:00:00,12,51,35.01787542738402,P50 percentile cone,0.5,1,15533.537067443702
MELISSA,2025-10-29 00:00:00,12,51,35.01787542738402,P50 covariance ellipse,0.5,1,8564.927105362583
MELISSA,2025-10-29 00:00:00,12,51,35.01787542738402,P90 percentile cone,0.9,1,46165.833882062434
MELISSA,2025-10-29 00:00:00,12,51,35.01787542738402,P90 covariance ellipse,0.9,1,28452.071981966255
MELISSA,2025-10-29 06:00:00,12,51,22.94306512743044,Fixed-radius region,,1,1963.4928890086885
MELISSA,2025-10-29 06:00:00,12,51,22.94306512743044,P50 percentile cone,0.5,1,15134.910324637744
MELISSA,2025-10-29 06:00:00,12,51,22.94306512743044,P50 covariance ellipse,0.5,1,7197.196542332749
MELISSA,2025-10-29 06:00:00,12,51,22.94306512743044,P90 percentile cone,0.9,1,42343.378500490726
MELISSA,2025-10-29 06:00:00,12,51,22.94306512743044,P90 covariance ellipse,0.9,1,23908.569398401338
MELISSA,2025-10-29 12:00:00,12,51,39.29630483129807,Fixed-radius region,,0,1963.4928890086885
MELISSA,2025-10-29 12:00:00,12,51,39.29630483129807,P50 percentile cone,0.5,1,13726.847970663966
MELISSA,2025-10-29 12:00:00,12,51,39.29630483129807,P50 covariance ellipse,0.5,0,6339.114141987021
MELISSA,2025-10-29 12:00:00,12,51,39.29630483129807,P90 percentile cone,0.9,1,35038.12839147348
MELISSA,2025-10-29 12:00:00,12,51,39.29630483129807,P90 covariance ellipse,0.9,1,21058.08136496448
MELISSA,2025-10-29 18:00:00,12,51,55.50810684138929,Fixed-radius region,,0,1963.4928890086885
MELISSA,2025-10-29 18:00:00,12,51,55.50810684138929,P50 percentile cone,0.5,1,12033.303450609965
MELISSA,2025-10-29 18:00:00,12,51,55.50810684138929,P50 covariance ellipse,0.5,1,4496.276391179129
MELISSA,2025-10-29 18:00:00,12,51,55.50810684138929,P90 percentile cone,0.9,1,55185.89902155153
MELISSA,2025-10-29 18:00:00,12,51,55.50810684138929,P90 covariance ellipse,0.9,1,14936.306866236706
MELISSA,2025-10-30 00:00:00,12,51,24.92423285933283,Fixed-radius region,,1,1963.4928890086885
MELISSA,2025-10-30 00:00:00,12,51,24.92423285933283,P50 percentile cone,0.5,1,9471.806223190315
MELISSA,2025-10-30 00:00:00,12,51,24.92423285933283,P50 covariance ellipse,0.5,1,3003.3267959736913
MELISSA,2025-10-30 00:00:00,12,51,24.92423285933283,P90 percentile cone,0.9,1,22552.761295522305
MELISSA,2025-10-30 00:00:00,12,51,24.92423285933283,P90 covariance ellipse,0.9,1,9976.835661673049
MELISSA,2025-10-30 06:00:00,12,51,16.56187443281165,Fixed-radius region,,1,1963.4928890086885
MELISSA,2025-10-30 06:00:00,12,51,16.56187443281165,P50 percentile cone,0.5,1,9970.696720575863
MELISSA,2025-10-30 06:00:00,12,51,16.56187443281165,P50 covariance ellipse,0.5,1,3957.149603643759
MELISSA,2025-10-30 06:00:00,12,51,16.56187443281165,P90 percentile cone,0.9,1,35231.05840446901
MELISSA,2025-10-30 06:00:00,12,51,16.56187443281165,P90 covariance ellipse,0.9,1,13145.36644401659
MELISSA,2025-10-30 12:00:00,12,51,25.501857195060765,Fixed-radius region,,0,1963.4928890086885
MELISSA,2025-10-30 12:00:00,12,51,25.501857195060765,P50 percentile cone,0.5,1,8614.887363344096
MELISSA,2025-10-30 12:00:00,12,51,25.501857195060765,P50 covariance ellipse,0.5,0,3682.420598371829
MELISSA,2025-10-30 12:00:00,12,51,25.501857195060765,P90 percentile cone,0.9,1,27122.563559960032
MELISSA,2025-10-30 12:00:00,12,51,25.501857195060765,P90 covariance ellipse,0.9,1,12232.73644292331
MELISSA,2025-10-30 18:00:00,12,51,21.48357603433398,Fixed-radius region,,1,1963.4928890086885
MELISSA,2025-10-30 18:00:00,12,51,21.48357603433398,P50 percentile cone,0.5,1,12380.213871076818
MELISSA,2025-10-30 18:00:00,12,51,21.48357603433398,P50 covariance ellipse,0.5,1,6170.006304990662
MELISSA,2025-10-30 18:00:00,12,51,21.48357603433398,P90 percentile cone,0.9,1,40689.96123220612
MELISSA,2025-10-30 18:00:00,12,51,21.48357603433398,P90 covariance ellipse,0.9,1,20496.317290180643
MELISSA,2025-10-31 00:00:00,12,51,50.72931232587887,Fixed-radius region,,0,1963.4928890086885
MELISSA,2025-10-31 00:00:00,12,51,50.72931232587887,P50 percentile cone,0.5,1,12310.740445534957
MELISSA,2025-10-31 00:00:00,12,51,50.72931232587887,P50 covariance ellipse,0.5,0,5155.216521189584
MELISSA,2025-10-31 00:00:00,12,51,50.72931232587887,P90 percentile cone,0.9,1,28202.606515693205
MELISSA,2025-10-31 00:00:00,12,51,50.72931232587887,P90 covariance ellipse,0.9,1,17125.258596967167
MELISSA,2025-10-31 12:00:00,12,51,36.079031093863115,Fixed-radius region,,0,1963.4928890086885
MELISSA,2025-10-31 12:00:00,12,51,36.079031093863115,P50 percentile cone,0.5,1,16847.414672226696
MELISSA,2025-10-31 12:00:00,12,51,36.079031093863115,P50 covariance ellipse,0.5,0,6370.947846608069
MELISSA,2025-10-31 12:00:00,12,51,36.079031093863115,P90 percentile cone,0.9,1,35704.916058190865
MELISSA,2025-10-31 12:00:00,12,51,36.079031093863115,P90 covariance ellipse,0.9,1,21163.830642709483
MONTHA,2025-10-27 00:00:00,12,51,43.988775557339714,Fixed-radius region,,0,1963.4928890086885
MONTHA,2025-10-27 00:00:00,12,51,43.988775557339714,P50 percentile cone,0.5,1,17909.072924638418
MONTHA,2025-10-27 00:00:00,12,51,43.988775557339714,P50 covariance ellipse,0.5,1,7383.419221767348
MONTHA,2025-10-27 00:00:00,12,51,43.988775557339714,P90 percentile cone,0.9,1,40832.18524801953
MONTHA,2025-10-27 00:00:00,12,51,43.988775557339714,P90 covariance ellipse,0.9,1,24527.187749120334
MONTHA,2025-10-27 06:00:00,12,51,14.825990219274644,Fixed-radius region,,1,1963.4928890086885
MONTHA,2025-10-27 06:00:00,12,51,14.825990219274644,P50 percentile cone,0.5,1,21658.82998042115
MONTHA,2025-10-27 06:00:00,12,51,14.825990219274644,P50 covariance ellipse,0.5,1,10293.718243490706
MONTHA,2025-10-27 06:00:00,12,51,14.825990219274644,P90 percentile cone,0.9,1,52182.86662692421
MONTHA,2025-10-27 06:00:00,12,51,14.825990219274644,P90 covariance ellipse,0.9,1,34194.991833906366
MONTHA,2025-10-27 12:00:00,12,51,15.868852955582447,Fixed-radius region,,1,1963.4928890086885
MONTHA,2025-10-27 12:00:00,12,51,15.868852955582447,P50 percentile cone,0.5,1,13922.199179217996
MONTHA,2025-10-27 12:00:00,12,51,15.868852955582447,P50 covariance ellipse,0.5,1,6136.985294383052
MONTHA,2025-10-27 12:00:00,12,51,15.868852955582447,P90 percentile cone,0.9,1,34090.796693435834
MONTHA,2025-10-27 12:00:00,12,51,15.868852955582447,P90 covariance ellipse,0.9,1,20386.623867321647
MONTHA,2025-10-27 18:00:00,12,51,15.150811418461716,Fixed-radius region,,1,1963.4928890086885
MONTHA,2025-10-27 18:00:00,12,51,15.150811418461716,P50 percentile cone,0.5,1,19482.290678435347
MONTHA,2025-10-27 18:00:00,12,51,15.150811418461716,P50 covariance ellipse,0.5,1,11083.860460633363
MONTHA,2025-10-27 18:00:00,12,51,15.150811418461716,P90 percentile cone,0.9,1,49648.336183137726
MONTHA,2025-10-27 18:00:00,12,51,15.150811418461716,P90 covariance ellipse,0.9,1,36819.787463989145
MONTHA,2025-10-28 00:00:00,12,51,17.786031468182873,Fixed-radius region,,1,1963.4928890086885
MONTHA,2025-10-28 00:00:00,12,51,17.786031468182873,P50 percentile cone,0.5,1,10215.228845929723
MONTHA,2025-10-28 00:00:00,12,51,17.786031468182873,P50 covariance ellipse,0.5,1,3389.345080429555
MONTHA,2025-10-28 00:00:00,12,51,17.786031468182873,P90 percentile cone,0.9,1,23610.307434261114
MONTHA,2025-10-28 00:00:00,12,51,17.786031468182873,P90 covariance ellipse,0.9,1,11259.160645947204
MONTHA,2025-10-28 06:00:00,12,51,50.66379552909779,Fixed-radius region,,0,1963.4928890086885
MONTHA,2025-10-28 06:00:00,12,51,50.66379552909779,P50 percentile cone,0.5,1,15822.898613783374
MONTHA,2025-10-28 06:00:00,12,51,50.66379552909779,P50 covariance ellipse,0.5,0,5272.520592671854
MONTHA,2025-10-28 06:00:00,12,51,50.66379552909779,P90 percentile cone,0.9,1,29212.534006282945
MONTHA,2025-10-28 06:00:00,12,51,50.66379552909779,P90 covariance ellipse,0.9,1,17514.934287668795
MONTHA,2025-10-28 12:00:00,12,51,22.91682391395032,Fixed-radius region,,1,1963.4928890086885
MONTHA,2025-10-28 12:00:00,12,51,22.91682391395032,P50 percentile cone,0.5,1,7930.106922773465
MONTHA,2025-10-28 12:00:00,12,51,22.91682391395032,P50 covariance ellipse,0.5,1,2806.5455570547233
MONTHA,2025-10-28 12:00:00,12,51,22.91682391395032,P90 percentile cone,0.9,1,19349.17353831276
MONTHA,2025-10-28 12:00:00,12,51,22.91682391395032,P90 covariance ellipse,0.9,1,9323.142535561386
MONTHA,2025-10-28 18:00:00,12,51,36.840026182859006,Fixed-radius region,,0,1963.4928890086885
MONTHA,2025-10-28 18:00:00,12,51,36.840026182859006,P50 percentile cone,0.5,1,13153.838112294727
MONTHA,2025-10-28 18:00:00,12,51,36.840026182859006,P50 covariance ellipse,0.5,1,6790.77957751648
MONTHA,2025-10-28 18:00:00,12,51,36.840026182859006,P90 percentile cone,0.9,1,34810.11273830384
MONTHA,2025-10-28 18:00:00,12,51,36.840026182859006,P90 covariance ellipse,0.9,1,22558.481464739325
MONTHA,2025-10-29 00:00:00,12,51,89.67484195798805,Fixed-radius region,,0,1963.4928890086885
MONTHA,2025-10-29 00:00:00,12,51,89.67484195798805,P50 percentile cone,0.5,0,12601.07105156546
MONTHA,2025-10-29 00:00:00,12,51,89.67484195798805,P50 covariance ellipse,0.5,0,5386.645351942034
MONTHA,2025-10-29 00:00:00,12,51,89.67484195798805,P90 percentile cone,0.9,1,35213.70807160038
MONTHA,2025-10-29 00:00:00,12,51,89.67484195798805,P90 covariance ellipse,0.9,0,17894.048531810662
MONTHA,2025-10-29 06:00:00,12,51,117.31042479421616,Fixed-radius region,,0,1963.4928890086885
MONTHA,2025-10-29 06:00:00,12,51,117.31042479421616,P50 percentile cone,0.5,0,11427.15832243659
MONTHA,2025-10-29 06:00:00,12,51,117.31042479421616,P50 covariance ellipse,0.5,0,4637.919625166371
MONTHA,2025-10-29 06:00:00,12,51,117.31042479421616,P90 percentile cone,0.9,0,26190.865530882584
MONTHA,2025-10-29 06:00:00,12,51,117.31042479421616,P90 covariance ellipse,0.9,0,15406.83550466963
NOKAEN,2026-01-15 06:00:00,12,50,64.57346678626463,Fixed-radius region,,0,1963.4928890086885
NOKAEN,2026-01-15 06:00:00,12,50,64.57346678626463,P50 percentile cone,0.5,1,62749.31677478351
NOKAEN,2026-01-15 06:00:00,12,50,64.57346678626463,P50 covariance ellipse,0.5,1,31431.029692040156
NOKAEN,2026-01-15 06:00:00,12,50,64.57346678626463,P90 percentile cone,0.9,1,132493.53983173962
NOKAEN,2026-01-15 06:00:00,12,50,64.57346678626463,P90 covariance ellipse,0.9,1,104411.62058522707
PENHA,2026-02-05 00:00:00,12,49,65.9667705706836,Fixed-radius region,,0,1963.4928890086885
PENHA,2026-02-05 00:00:00,12,49,65.9667705706836,P50 percentile cone,0.5,1,20910.241862225223
PENHA,2026-02-05 00:00:00,12,49,65.9667705706836,P50 covariance ellipse,0.5,0,8740.490138290686
PENHA,2026-02-05 00:00:00,12,49,65.9667705706836,P90 percentile cone,0.9,1,41109.438650525364
PENHA,2026-02-05 00:00:00,12,49,65.9667705706836,P90 covariance ellipse,0.9,1,29035.27975347375
PENHA,2026-02-05 06:00:00,12,47,150.00602069342517,Fixed-radius region,,0,1963.4928890086885
PENHA,2026-02-05 06:00:00,12,47,150.00602069342517,P50 percentile cone,0.5,0,40954.59020478538
PENHA,2026-02-05 06:00:00,12,47,150.00602069342517,P50 covariance ellipse,0.5,0,24112.44877591598
PENHA,2026-02-05 06:00:00,12,47,150.00602069342517,P90 percentile cone,0.9,1,123107.1845458919
PENHA,2026-02-05 06:00:00,12,47,150.00602069342517,P90 covariance ellipse,0.9,1,80099.82102524767
PENHA,2026-02-05 12:00:00,12,47,46.348549716741175,Fixed-radius region,,0,1963.4928890086885
PENHA,2026-02-05 12:00:00,12,47,46.348549716741175,P50 percentile cone,0.5,1,43941.7044803809
PENHA,2026-02-05 12:00:00,12,47,46.348549716741175,P50 covariance ellipse,0.5,1,21509.97934199713
PENHA,2026-02-05 12:00:00,12,47,46.348549716741175,P90 percentile cone,0.9,1,110524.75560957743
PENHA,2026-02-05 12:00:00,12,47,46.348549716741175,P90 covariance ellipse,0.9,1,71454.60469662702
SENYAR,2025-11-26 06:00:00,12,22,114.11880420119576,Fixed-radius region,,0,1963.4928890086885
SENYAR,2025-11-26 06:00:00,12,22,114.11880420119576,P50 percentile cone,0.5,1,48620.42555882459
SENYAR,2025-11-26 06:00:00,12,22,114.11880420119576,P50 covariance ellipse,0.5,0,43105.82850868883
SENYAR,2025-11-26 06:00:00,12,22,114.11880420119576,P90 percentile cone,0.9,1,251818.82196091698
SENYAR,2025-11-26 06:00:00,12,22,114.11880420119576,P90 covariance ellipse,0.9,1,143194.46277641002
SENYAR,2025-11-26 12:00:00,12,17,124.54102174249205,Fixed-radius region,,0,1963.4928890086885
SENYAR,2025-11-26 12:00:00,12,17,124.54102174249205,P50 percentile cone,0.5,1,57623.28543234126
SENYAR,2025-11-26 12:00:00,12,17,124.54102174249205,P50 covariance ellipse,0.5,0,42903.82561903674
SENYAR,2025-11-26 12:00:00,12,17,124.54102174249205,P90 percentile cone,0.9,1,134259.3870356894
SENYAR,2025-11-26 12:00:00,12,17,124.54102174249205,P90 covariance ellipse,0.9,1,142523.4237020263
SENYAR,2025-11-26 18:00:00,12,28,120.95347766546139,Fixed-radius region,,0,1963.4928890086885
SENYAR,2025-11-26 18:00:00,12,28,120.95347766546139,P50 percentile cone,0.5,0,36417.186569104735
SENYAR,2025-11-26 18:00:00,12,28,120.95347766546139,P50 covariance ellipse,0.5,0,40547.51161180145
SENYAR,2025-11-26 18:00:00,12,28,120.95347766546139,P90 percentile cone,0.9,1,228886.09783104714
SENYAR,2025-11-26 18:00:00,12,28,120.95347766546139,P90 covariance ellipse,0.9,1,134695.91800101477
SENYAR,2025-11-27 00:00:00,12,22,154.40749337556656,Fixed-radius region,,0,1963.4928890086885
SENYAR,2025-11-27 00:00:00,12,22,154.40749337556656,P50 percentile cone,0.5,0,13439.42135820945
SENYAR,2025-11-27 00:00:00,12,22,154.40749337556656,P50 covariance ellipse,0.5,0,15712.593924236491
SENYAR,2025-11-27 00:00:00,12,22,154.40749337556656,P90 percentile cone,0.9,1,76458.4853351467
SENYAR,2025-11-27 00:00:00,12,22,154.40749337556656,P90 covariance ellipse,0.9,0,52196.107200477665
SENYAR,2025-11-27 06:00:00,12,25,177.52959460203908,Fixed-radius region,,0,1963.4928890086885
SENYAR,2025-11-27 06:00:00,12,25,177.52959460203908,P50 percentile cone,0.5,0,59816.585402643905
SENYAR,2025-11-27 06:00:00,12,25,177.52959460203908,P50 covariance ellipse,0.5,0,31610.415322186658
SENYAR,2025-11-27 06:00:00,12,25,177.52959460203908,P90 percentile cone,0.9,1,140524.29934171637
SENYAR,2025-11-27 06:00:00,12,25,177.52959460203908,P90 covariance ellipse,0.9,0,105007.5267498298
SENYAR,2025-11-27 12:00:00,12,33,127.01747438249944,Fixed-radius region,,0,1963.4928890086885
SENYAR,2025-11-27 12:00:00,12,33,127.01747438249944,P50 percentile cone,0.5,0,18913.683367322905
SENYAR,2025-11-27 12:00:00,12,33,127.01747438249944,P50 covariance ellipse,0.5,0,15950.717971597158
SENYAR,2025-11-27 12:00:00,12,33,127.01747438249944,P90 percentile cone,0.9,1,123234.32206992862
SENYAR,2025-11-27 12:00:00,12,33,127.01747438249944,P90 covariance ellipse,0.9,0,52987.13816347335
SENYAR,2025-11-27 18:00:00,12,23,158.2080484607875,Fixed-radius region,,0,1963.4928890086885
SENYAR,2025-11-27 18:00:00,12,23,158.2080484607875,P50 percentile cone,0.5,0,21169.91374313374
SENYAR,2025-11-27 18:00:00,12,23,158.2080484607875,P50 covariance ellipse,0.5,0,11576.72553375651
SENYAR,2025-11-27 18:00:00,12,23,158.2080484607875,P90 percentile cone,0.9,0,40397.6250793707
SENYAR,2025-11-27 18:00:00,12,23,158.2080484607875,P90 covariance ellipse,0.9,0,38457.04979738564
SONIA,2025-10-25 12:00:00,12,50,48.172236990893246,Fixed-radius region,,0,1963.4928890086885
SONIA,2025-10-25 12:00:00,12,50,48.172236990893246,P50 percentile cone,0.5,1,18975.197638127986
SONIA,2025-10-25 12:00:00,12,50,48.172236990893246,P50 covariance ellipse,0.5,1,7920.690344123943
SONIA,2025-10-25 12:00:00,12,50,48.172236990893246,P90 percentile cone,0.9,1,48538.49360686232
SONIA,2025-10-25 12:00:00,12,50,48.172236990893246,P90 covariance ellipse,0.9,1,26311.96378504837
SONIA,2025-10-25 18:00:00,12,49,52.69519866466486,Fixed-radius region,,0,1963.4928890086885
SONIA,2025-10-25 18:00:00,12,49,52.69519866466486,P50 percentile cone,0.5,1,23620.978138407303
SONIA,2025-10-25 18:00:00,12,49,52.69519866466486,P50 covariance ellipse,0.5,1,10139.215256551366
SONIA,2025-10-25 18:00:00,12,49,52.69519866466486,P90 percentile cone,0.9,1,72318.12501425698
SONIA,2025-10-25 18:00:00,12,49,52.69519866466486,P90 covariance ellipse,0.9,1,33681.74402084855
SONIA,2025-10-26 00:00:00,12,51,73.2269213834499,Fixed-radius region,,0,1963.4928890086885
SONIA,2025-10-26 00:00:00,12,51,73.2269213834499,P50 percentile cone,0.5,1,25730.332704146655
SONIA,2025-10-26 00:00:00,12,51,73.2269213834499,P50 covariance ellipse,0.5,0,10179.003914313222
SONIA,2025-10-26 00:00:00,12,51,73.2269213834499,P90 percentile cone,0.9,1,67774.4379961434
SONIA,2025-10-26 00:00:00,12,51,73.2269213834499,P90 covariance ellipse,0.9,1,33813.919080925516
SONIA,2025-10-26 06:00:00,12,50,37.40384845819974,Fixed-radius region,,0,1963.4928890086885
SONIA,2025-10-26 06:00:00,12,50,37.40384845819974,P50 percentile cone,0.5,1,19958.51400394966
SONIA,2025-10-26 06:00:00,12,50,37.40384845819974,P50 covariance ellipse,0.5,1,8517.30975592796
SONIA,2025-10-26 06:00:00,12,50,37.40384845819974,P90 percentile cone,0.9,1,55131.24599560891
SONIA,2025-10-26 06:00:00,12,50,37.40384845819974,P90 covariance ellipse,0.9,1,28293.890571075306
SONIA,2025-10-26 12:00:00,12,51,49.281839969137124,Fixed-radius region,,0,1963.4928890086885
SONIA,2025-10-26 12:00:00,12,51,49.281839969137124,P50 percentile cone,0.5,1,17373.51006792671
SONIA,2025-10-26 12:00:00,12,51,49.281839969137124,P50 covariance ellipse,0.5,1,7630.822285481719
SONIA,2025-10-26 12:00:00,12,51,49.281839969137124,P90 percentile cone,0.9,1,36581.834767071006
SONIA,2025-10-26 12:00:00,12,51,49.281839969137124,P90 covariance ellipse,0.9,1,25349.04293723431
SONIA,2025-10-26 18:00:00,12,51,29.340580795294603,Fixed-radius region,,0,1963.4928890086885
SONIA,2025-10-26 18:00:00,12,51,29.340580795294603,P50 percentile cone,0.5,1,16921.60326569642
SONIA,2025-10-26 18:00:00,12,51,29.340580795294603,P50 covariance ellipse,0.5,1,7026.631559705949
SONIA,2025-10-26 18:00:00,12,51,29.340580795294603,P90 percentile cone,0.9,1,45816.82187718898
SONIA,2025-10-26 18:00:00,12,51,29.340580795294603,P90 covariance ellipse,0.9,1,23341.964790609396
SONIA,2025-10-27 00:00:00,12,51,60.21916189090782,Fixed-radius region,,0,1963.4928890086885
SONIA,2025-10-27 00:00:00,12,51,60.21916189090782,P50 percentile cone,0.5,1,14078.001258753528
SONIA,2025-10-27 00:00:00,12,51,60.21916189090782,P50 covariance ellipse,0.5,0,5084.403609366516
SONIA,2025-10-27 00:00:00,12,51,60.21916189090782,P90 percentile cone,0.9,1,35608.536535067185
SONIA,2025-10-27 00:00:00,12,51,60.21916189090782,P90 covariance ellipse,0.9,1,16890.023195701335
SONIA,2025-10-27 06:00:00,12,51,65.59391841784365,Fixed-radius region,,0,1963.4928890086885
SONIA,2025-10-27 06:00:00,12,51,65.59391841784365,P50 percentile cone,0.5,1,19177.711691906803
SONIA,2025-10-27 06:00:00,12,51,65.59391841784365,P50 covariance ellipse,0.5,0,7163.879046592706
SONIA,2025-10-27 06:00:00,12,51,65.59391841784365,P90 percentile cone,0.9,1,42242.3670950033
SONIA,2025-10-27 06:00:00,12,51,65.59391841784365,P90 covariance ellipse,0.9,1,23797.891073251198
SONIA,2025-10-27 12:00:00,12,51,33.38125642311018,Fixed-radius region,,0,1963.4928890086885
SONIA,2025-10-27 12:00:00,12,51,33.38125642311018,P50 percentile cone,0.5,1,13313.346477014793
SONIA,2025-10-27 12:00:00,12,51,33.38125642311018,P50 covariance ellipse,0.5,0,4099.03512722447
SONIA,2025-10-27 12:00:00,12,51,33.38125642311018,P90 percentile cone,0.9,1,24774.66151115963
SONIA,2025-10-27 12:00:00,12,51,33.38125642311018,P90 covariance ellipse,0.9,1,13616.699951057157
SONIA,2025-10-27 18:00:00,12,51,23.158352861815615,Fixed-radius region,,1,1963.4928890086885
SONIA,2025-10-27 18:00:00,12,51,23.158352861815615,P50 percentile cone,0.5,1,13865.638571792328
SONIA,2025-10-27 18:00:00,12,51,23.158352861815615,P50 covariance ellipse,0.5,1,5863.690148805242
SONIA,2025-10-27 18:00:00,12,51,23.158352861815615,P90 percentile cone,0.9,1,33531.192621005095
SONIA,2025-10-27 18:00:00,12,51,23.158352861815615,P90 covariance ellipse,0.9,1,19478.75704503039
SONIA,2025-10-28 00:00:00,12,45,7.2660285069847586,Fixed-radius region,,1,1963.4928890086885
SONIA,2025-10-28 00:00:00,12,45,7.2660285069847586,P50 percentile cone,0.5,1,11226.486691737904
SONIA,2025-10-28 00:00:00,12,45,7.2660285069847586,P50 covariance ellipse,0.5,1,6076.41934611222
SONIA,2025-10-28 00:00:00,12,45,7.2660285069847586,P90 percentile cone,0.9,1,35218.78928517038
SONIA,2025-10-28 00:00:00,12,45,7.2660285069847586,P90 covariance ellipse,0.9,1,20185.42814216728
SONIA,2025-10-28 06:00:00,12,46,25.394192644050623,Fixed-radius region,,0,1963.4928890086885
SONIA,2025-10-28 06:00:00,12,46,25.394192644050623,P50 percentile cone,0.5,1,15568.073510494576
SONIA,2025-10-28 06:00:00,12,46,25.394192644050623,P50 covariance ellipse,0.5,1,6565.782748362565
SONIA,2025-10-28 06:00:00,12,46,25.394192644050623,P90 percentile cone,0.9,1,31269.690268503964
SONIA,2025-10-28 06:00:00,12,46,25.394192644050623,P90 covariance ellipse,0.9,1,21811.058176712362
SONIA,2025-10-28 12:00:00,12,40,38.730143198679066,Fixed-radius region,,0,1963.4928890086885
SONIA,2025-10-28 12:00:00,12,40,38.730143198679066,P50 percentile cone,0.5,1,13465.220833475729
SONIA,2025-10-28 12:00:00,12,40,38.730143198679066,P50 covariance ellipse,0.5,1,5944.409647274221
SONIA,2025-10-28 12:00:00,12,40,38.730143198679066,P90 percentile cone,0.9,1,30377.334458576548
SONIA,2025-10-28 12:00:00,12,40,38.730143198679066,P90 covariance ellipse,0.9,1,19746.901414799708
SONIA,2025-10-28 18:00:00,12,4,72.4140263944763,Fixed-radius region,,0,1963.4928890086885
SONIA,2025-10-28 18:00:00,12,4,72.4140263944763,P50 percentile cone,0.5,0,12272.423461154862
SONIA,2025-10-28 18:00:00,12,4,72.4140263944763,P50 covariance ellipse,0.5,0,3721.9170201915304
SONIA,2025-10-28 18:00:00,12,4,72.4140263944763,P90 percentile cone,0.9,0,15044.518911879746
SONIA,2025-10-28 18:00:00,12,4,72.4140263944763,P90 covariance ellipse,0.9,0,12363.940716213698
SONIA,2025-10-29 06:00:00,12,1,139.7052792686516,Fixed-radius region,,0,1963.4928890086885
SONIA,2025-10-29 06:00:00,12,1,139.7052792686516,P50 percentile cone,0.5,0,1963.4928890086885
SONIA,2025-10-29 06:00:00,12,1,139.7052792686516,P90 percentile cone,0.9,0,1963.4928890086885
DITWAH,2025-11-27 12:00:00,24,51,62.18291820983443,Fixed-radius region,,0,1963.4928890086885
DITWAH,2025-11-27 12:00:00,24,51,62.18291820983443,P50 percentile cone,0.5,1,60049.04037140994
DITWAH,2025-11-27 12:00:00,24,51,62.18291820983443,P50 covariance ellipse,0.5,1,30362.68059778853
DITWAH,2025-11-27 12:00:00,24,51,62.18291820983443,P90 percentile cone,0.9,1,138262.9211859491
DITWAH,2025-11-27 12:00:00,24,51,62.18291820983443,P90 covariance ellipse,0.9,1,100862.64171388511
DITWAH,2025-11-27 18:00:00,24,51,29.141979853375112,Fixed-radius region,,0,1963.4928890086885
DITWAH,2025-11-27 18:00:00,24,51,29.141979853375112,P50 percentile cone,0.5,1,57500.29215201557
DITWAH,2025-11-27 18:00:00,24,51,29.141979853375112,P50 covariance ellipse,0.5,1,23744.307183713103
DITWAH,2025-11-27 18:00:00,24,51,29.141979853375112,P90 percentile cone,0.9,1,146303.38701251821
DITWAH,2025-11-27 18:00:00,24,51,29.141979853375112,P90 covariance ellipse,0.9,1,78876.88112721237
DITWAH,2025-11-28 00:00:00,24,51,16.459738064785167,Fixed-radius region,,1,1963.4928890086885
DITWAH,2025-11-28 00:00:00,24,51,16.459738064785167,P50 percentile cone,0.5,1,37565.78484631624
DITWAH,2025-11-28 00:00:00,24,51,16.459738064785167,P50 covariance ellipse,0.5,1,17822.95893823123
DITWAH,2025-11-28 00:00:00,24,51,16.459738064785167,P90 percentile cone,0.9,1,96855.09751564045
DITWAH,2025-11-28 00:00:00,24,51,16.459738064785167,P90 covariance ellipse,0.9,1,59206.588030934145
DITWAH,2025-11-28 06:00:00,24,51,19.03024366410794,Fixed-radius region,,1,1963.4928890086885
DITWAH,2025-11-28 06:00:00,24,51,19.03024366410794,P50 percentile cone,0.5,1,32365.71195839305
DITWAH,2025-11-28 06:00:00,24,51,19.03024366410794,P50 covariance ellipse,0.5,1,19298.248370768433
DITWAH,2025-11-28 06:00:00,24,51,19.03024366410794,P90 percentile cone,0.9,1,92307.100556749
DITWAH,2025-11-28 06:00:00,24,51,19.03024366410794,P90 covariance ellipse,0.9,1,64107.393444969915
DITWAH,2025-11-28 12:00:00,24,51,10.192589531828999,Fixed-radius region,,1,1963.4928890086885
DITWAH,2025-11-28 12:00:00,24,51,10.192589531828999,P50 percentile cone,0.5,1,21539.074391991806
DITWAH,2025-11-28 12:00:00,24,51,10.192589531828999,P50 covariance ellipse,0.5,1,12916.204037325639
DITWAH,2025-11-28 12:00:00,24,51,10.192589531828999,P90 percentile cone,0.9,1,67798.89117537273
DITWAH,2025-11-28 12:00:00,24,51,10.192589531828999,P90 covariance ellipse,0.9,1,42906.701070889605
DITWAH,2025-11-28 18:00:00,24,50,22.221625241554246,Fixed-radius region,,1,1963.4928890086885
DITWAH,2025-11-28 18:00:00,24,50,22.221625241554246,P50 percentile cone,0.5,1,28554.962037173897
DITWAH,2025-11-28 18:00:00,24,50,22.221625241554246,P50 covariance ellipse,0.5,1,16785.151143559255
DITWAH,2025-11-28 18:00:00,24,50,22.221625241554246,P90 percentile cone,0.9,1,89677.58986365134
DITWAH,2025-11-28 18:00:00,24,50,22.221625241554246,P90 covariance ellipse,0.9,1,55759.065160720216
DITWAH,2025-11-29 00:00:00,24,51,20.075565806771124,Fixed-radius region,,1,1963.4928890086885
DITWAH,2025-11-29 00:00:00,24,51,20.075565806771124,P50 percentile cone,0.5,1,27374.02135512653
DITWAH,2025-11-29 00:00:00,24,51,20.075565806771124,P50 covariance ellipse,0.5,1,13606.209319453903
DITWAH,2025-11-29 00:00:00,24,51,20.075565806771124,P90 percentile cone,0.9,1,59963.911650018454
DITWAH,2025-11-29 00:00:00,24,51,20.075565806771124,P90 covariance ellipse,0.9,1,45198.84900321217
DITWAH,2025-11-29 06:00:00,24,50,8.284089759165578,Fixed-radius region,,1,1963.4928890086885
DITWAH,2025-11-29 06:00:00,24,50,8.284089759165578,P50 percentile cone,0.5,1,24324.500948872457
DITWAH,2025-11-29 06:00:00,24,50,8.284089759165578,P50 covariance ellipse,0.5,1,11461.47224307706
DITWAH,2025-11-29 06:00:00,24,50,8.284089759165578,P90 percentile cone,0.9,1,61700.87969295333
DITWAH,2025-11-29 06:00:00,24,50,8.284089759165578,P90 covariance ellipse,0.9,1,38074.18665304936
DITWAH,2025-11-29 12:00:00,24,51,52.319769580460644,Fixed-radius region,,0,1963.4928890086885
DITWAH,2025-11-29 12:00:00,24,51,52.319769580460644,P50 percentile cone,0.5,1,19125.58085372453
DITWAH,2025-11-29 12:00:00,24,51,52.319769580460644,P50 covariance ellipse,0.5,1,9363.1037498571
DITWAH,2025-11-29 12:00:00,24,51,52.319769580460644,P90 percentile cone,0.9,1,56768.51127539494
DITWAH,2025-11-29 12:00:00,24,51,52.319769580460644,P90 covariance ellipse,0.9,1,31103.55740199551
DITWAH,2025-11-29 18:00:00,24,50,102.44206063011227,Fixed-radius region,,0,1963.4928890086885
DITWAH,2025-11-29 18:00:00,24,50,102.44206063011227,P50 percentile cone,0.5,0,18124.046319354133
DITWAH,2025-11-29 18:00:00,24,50,102.44206063011227,P50 covariance ellipse,0.5,0,9632.105291305064
DITWAH,2025-11-29 18:00:00,24,50,102.44206063011227,P90 percentile cone,0.9,1,53630.38314573694
DITWAH,2025-11-29 18:00:00,24,50,102.44206063011227,P90 covariance ellipse,0.9,1,31997.161180099512
DITWAH,2025-11-30 00:00:00,24,50,61.223776456977,Fixed-radius region,,0,1963.4928890086885
DITWAH,2025-11-30 00:00:00,24,50,61.223776456977,P50 percentile cone,0.5,1,18515.116457629338
DITWAH,2025-11-30 00:00:00,24,50,61.223776456977,P50 covariance ellipse,0.5,0,8842.506519441486
DITWAH,2025-11-30 00:00:00,24,50,61.223776456977,P90 percentile cone,0.9,1,42725.92988543377
DITWAH,2025-11-30 00:00:00,24,50,61.223776456977,P90 covariance ellipse,0.9,1,29374.17083615733
DITWAH,2025-11-30 06:00:00,24,48,62.88045040472213,Fixed-radius region,,0,1963.4928890086885
DITWAH,2025-11-30 06:00:00,24,48,62.88045040472213,P50 percentile cone,0.5,1,20062.053595744575
DITWAH,2025-11-30 06:00:00,24,48,62.88045040472213,P50 covariance ellipse,0.5,1,15316.819326719553
DITWAH,2025-11-30 06:00:00,24,48,62.88045040472213,P90 percentile cone,0.9,1,77519.01110565383
DITWAH,2025-11-30 06:00:00,24,48,62.88045040472213,P90 covariance ellipse,0.9,1,50881.37244574341
DITWAH,2025-11-30 12:00:00,24,49,38.856757578826624,Fixed-radius region,,0,1963.4928890086885
DITWAH,2025-11-30 12:00:00,24,49,38.856757578826624,P50 percentile cone,0.5,1,16226.962606312029
DITWAH,2025-11-30 12:00:00,24,49,38.856757578826624,P50 covariance ellipse,0.5,1,9214.185983930556
DITWAH,2025-11-30 12:00:00,24,49,38.856757578826624,P90 percentile cone,0.9,1,60416.99334232665
DITWAH,2025-11-30 12:00:00,24,49,38.856757578826624,P90 covariance ellipse,0.9,1,30608.863291536265
DITWAH,2025-11-30 18:00:00,24,42,38.89581631634104,Fixed-radius region,,0,1963.4928890086885
DITWAH,2025-11-30 18:00:00,24,42,38.89581631634104,P50 percentile cone,0.5,1,24227.49148690002
DITWAH,2025-11-30 18:00:00,24,42,38.89581631634104,P50 covariance ellipse,0.5,1,11764.597544521848
DITWAH,2025-11-30 18:00:00,24,42,38.89581631634104,P90 percentile cone,0.9,1,63804.33263827323
DITWAH,2025-11-30 18:00:00,24,42,38.89581631634104,P90 covariance ellipse,0.9,1,39081.147108189994
DITWAH,2025-12-01 00:00:00,24,24,90.55153068418457,Fixed-radius region,,0,1963.4928890086885
DITWAH,2025-12-01 00:00:00,24,24,90.55153068418457,P50 percentile cone,0.5,0,14591.347072328197
DITWAH,2025-12-01 00:00:00,24,24,90.55153068418457,P50 covariance ellipse,0.5,0,6117.256767930711
DITWAH,2025-12-01 00:00:00,24,24,90.55153068418457,P90 percentile cone,0.9,1,38130.59633624917
DITWAH,2025-12-01 00:00:00,24,24,90.55153068418457,P90 covariance ellipse,0.9,0,20321.08712102889
DITWAH,2025-12-01 06:00:00,24,11,36.28013681619133,Fixed-radius region,,0,1963.4928890086885
DITWAH,2025-12-01 06:00:00,24,11,36.28013681619133,P50 percentile cone,0.5,1,17909.09032788878
DITWAH,2025-12-01 06:00:00,24,11,36.28013681619133,P50 covariance ellipse,0.5,1,7537.206957195535
DITWAH,2025-12-01 06:00:00,24,11,36.28013681619133,P90 percentile cone,0.9,1,44516.26693694648
DITWAH,2025-12-01 06:00:00,24,11,36.28013681619133,P90 covariance ellipse,0.9,1,25038.059548088335
DITWAH,2025-12-01 12:00:00,24,13,21.72689063608277,Fixed-radius region,,1,1963.4928890086885
DITWAH,2025-12-01 12:00:00,24,13,21.72689063608277,P50 percentile cone,0.5,1,17256.769129160708
DITWAH,2025-12-01 12:00:00,24,13,21.72689063608277,P50 covariance ellipse,0.5,1,5562.848919426084
DITWAH,2025-12-01 12:00:00,24,13,21.72689063608277,P90 percentile cone,0.9,1,26434.29071985906
DITWAH,2025-12-01 12:00:00,24,13,21.72689063608277,P90 covariance ellipse,0.9,1,18479.38411305531
DITWAH,2025-12-01 18:00:00,24,8,92.61695252842237,Fixed-radius region,,0,1963.4928890086885
DITWAH,2025-12-01 18:00:00,24,8,92.61695252842237,P50 percentile cone,0.5,0,25378.236991822843
DITWAH,2025-12-01 18:00:00,24,8,92.61695252842237,P50 covariance ellipse,0.5,0,8258.929662455264
DITWAH,2025-12-01 18:00:00,24,8,92.61695252842237,P90 percentile cone,0.9,1,54226.88108599968
DITWAH,2025-12-01 18:00:00,24,8,92.61695252842237,P90 covariance ellipse,0.9,0,27435.57047940874
DUDZAI,2026-01-15 06:00:00,24,51,28.39563969080788,Fixed-radius region,,0,1963.4928890086885
DUDZAI,2026-01-15 06:00:00,24,51,28.39563969080788,P50 percentile cone,0.5,1,22869.12375837117
DUDZAI,2026-01-15 06:00:00,24,51,28.39563969080788,P50 covariance ellipse,0.5,1,12361.06654647658
DUDZAI,2026-01-15 06:00:00,24,51,28.39563969080788,P90 percentile cone,0.9,1,59932.90324710861
DUDZAI,2026-01-15 06:00:00,24,51,28.39563969080788,P90 covariance ellipse,0.9,1,41062.57424351285
FINA,2025-11-18 18:00:00,24,51,29.22522844309385,Fixed-radius region,,0,1963.4928890086885
FINA,2025-11-18 18:00:00,24,51,29.22522844309385,P50 percentile cone,0.5,1,30338.721145497435
FINA,2025-11-18 18:00:00,24,51,29.22522844309385,P50 covariance ellipse,0.5,1,15083.029349207303
FINA,2025-11-18 18:00:00,24,51,29.22522844309385,P90 percentile cone,0.9,1,91960.35325808157
FINA,2025-11-18 18:00:00,24,51,29.22522844309385,P90 covariance ellipse,0.9,1,50104.73895114238
FINA,2025-11-19 00:00:00,24,51,38.97839728768391,Fixed-radius region,,0,1963.4928890086885
FINA,2025-11-19 00:00:00,24,51,38.97839728768391,P50 percentile cone,0.5,1,34894.24392732013
FINA,2025-11-19 00:00:00,24,51,38.97839728768391,P50 covariance ellipse,0.5,1,15409.57312609106
FINA,2025-11-19 00:00:00,24,51,38.97839728768391,P90 percentile cone,0.9,1,82553.62373971428
FINA,2025-11-19 00:00:00,24,51,38.97839728768391,P90 covariance ellipse,0.9,1,51189.49389778316
FINA,2025-11-19 06:00:00,24,51,47.45651268420478,Fixed-radius region,,0,1963.4928890086885
FINA,2025-11-19 06:00:00,24,51,47.45651268420478,P50 percentile cone,0.5,1,35493.45699784088
FINA,2025-11-19 06:00:00,24,51,47.45651268420478,P50 covariance ellipse,0.5,1,14908.165687534676
FINA,2025-11-19 06:00:00,24,51,47.45651268420478,P90 percentile cone,0.9,1,91797.36132114335
FINA,2025-11-19 06:00:00,24,51,47.45651268420478,P90 covariance ellipse,0.9,1,49523.854440657204
FINA,2025-11-19 12:00:00,24,51,23.498982618885588,Fixed-radius region,,1,1963.4928890086885
FINA,2025-11-19 12:00:00,24,51,23.498982618885588,P50 percentile cone,0.5,1,27554.887750510192
FINA,2025-11-19 12:00:00,24,51,23.498982618885588,P50 covariance ellipse,0.5,1,10033.634148987037
FINA,2025-11-19 12:00:00,24,51,23.498982618885588,P90 percentile cone,0.9,1,63845.08226513161
FINA,2025-11-19 12:00:00,24,51,23.498982618885588,P90 covariance ellipse,0.9,1,33331.011173341285
FINA,2025-11-19 18:00:00,24,51,46.4254446116031,Fixed-radius region,,0,1963.4928890086885
FINA,2025-11-19 18:00:00,24,51,46.4254446116031,P50 percentile cone,0.5,1,22021.283230915637
FINA,2025-11-19 18:00:00,24,51,46.4254446116031,P50 covariance ellipse,0.5,1,11310.228389954682
FINA,2025-11-19 18:00:00,24,51,46.4254446116031,P90 percentile cone,0.9,1,63484.29961681263
FINA,2025-11-19 18:00:00,24,51,46.4254446116031,P90 covariance ellipse,0.9,1,37571.76544818311
FINA,2025-11-20 00:00:00,24,51,17.166904388877978,Fixed-radius region,,1,1963.4928890086885
FINA,2025-11-20 00:00:00,24,51,17.166904388877978,P50 percentile cone,0.5,1,20041.0662615112
FINA,2025-11-20 00:00:00,24,51,17.166904388877978,P50 covariance ellipse,0.5,1,9141.845243551137
FINA,2025-11-20 00:00:00,24,51,17.166904388877978,P90 percentile cone,0.9,1,54078.59249439866
FINA,2025-11-20 00:00:00,24,51,17.166904388877978,P90 covariance ellipse,0.9,1,30368.55255366492
FINA,2025-11-20 06:00:00,24,51,40.1683807754615,Fixed-radius region,,0,1963.4928890086885
FINA,2025-11-20 06:00:00,24,51,40.1683807754615,P50 percentile cone,0.5,1,24427.267331547526
FINA,2025-11-20 06:00:00,24,51,40.1683807754615,P50 covariance ellipse,0.5,1,13112.9771611175
FINA,2025-11-20 06:00:00,24,51,40.1683807754615,P90 percentile cone,0.9,1,59658.700785736844
FINA,2025-11-20 06:00:00,24,51,40.1683807754615,P90 covariance ellipse,0.9,1,43560.367239132545
FINA,2025-11-20 12:00:00,24,51,20.30493863705336,Fixed-radius region,,1,1963.4928890086885
FINA,2025-11-20 12:00:00,24,51,20.30493863705336,P50 percentile cone,0.5,1,22038.117393864974
FINA,2025-11-20 12:00:00,24,51,20.30493863705336,P50 covariance ellipse,0.5,1,9988.882911963015
FINA,2025-11-20 12:00:00,24,51,20.30493863705336,P90 percentile cone,0.9,1,50749.82437792692
FINA,2025-11-20 12:00:00,24,51,20.30493863705336,P90 covariance ellipse,0.9,1,33182.35078179022
FINA,2025-11-20 18:00:00,24,51,51.476568975791416,Fixed-radius region,,0,1963.4928890086885
FINA,2025-11-20 18:00:00,24,51,51.476568975791416,P50 percentile cone,0.5,1,22483.428609097726
FINA,2025-11-20 18:00:00,24,51,51.476568975791416,P50 covariance ellipse,0.5,1,12637.77231458406
FINA,2025-11-20 18:00:00,24,51,51.476568975791416,P90 percentile cone,0.9,1,63749.33969166715
FINA,2025-11-20 18:00:00,24,51,51.476568975791416,P90 covariance ellipse,0.9,1,41981.770908606464
FINA,2025-11-21 00:00:00,24,51,71.01204541209678,Fixed-radius region,,0,1963.4928890086885
FINA,2025-11-21 00:00:00,24,51,71.01204541209678,P50 percentile cone,0.5,1,20664.910355799475
FINA,2025-11-21 00:00:00,24,51,71.01204541209678,P50 covariance ellipse,0.5,0,9478.6195814181
FINA,2025-11-21 00:00:00,24,51,71.01204541209678,P90 percentile cone,0.9,1,57658.058428428405
FINA,2025-11-21 00:00:00,24,51,71.01204541209678,P90 covariance ellipse,0.9,1,31487.29268826227
FINA,2025-11-21 06:00:00,24,51,8.933594093037287,Fixed-radius region,,1,1963.4928890086885
FINA,2025-11-21 06:00:00,24,51,8.933594093037287,P50 percentile cone,0.5,1,15292.705895443254
FINA,2025-11-21 06:00:00,24,51,8.933594093037287,P50 covariance ellipse,0.5,1,7388.245588547799
FINA,2025-11-21 06:00:00,24,51,8.933594093037287,P90 percentile cone,0.9,1,40796.678967994594
FINA,2025-11-21 06:00:00,24,51,8.933594093037287,P90 covariance ellipse,0.9,1,24543.220592524543
FINA,2025-11-21 12:00:00,24,50,27.620034680545768,Fixed-radius region,,0,1963.4928890086885
FINA,2025-11-21 12:00:00,24,50,27.620034680545768,P50 percentile cone,0.5,1,13601.732466955296
FINA,2025-11-21 12:00:00,24,50,27.620034680545768,P50 covariance ellipse,0.5,1,6082.1136248060775
FINA,2025-11-21 12:00:00,24,50,27.620034680545768,P90 percentile cone,0.9,1,36593.924069714485
FINA,2025-11-21 12:00:00,24,50,27.620034680545768,P90 covariance ellipse,0.9,1,20204.34412654052
FINA,2025-11-21 18:00:00,24,51,40.45616401087362,Fixed-radius region,,0,1963.4928890086885
FINA,2025-11-21 18:00:00,24,51,40.45616401087362,P50 percentile cone,0.5,1,16676.511407311045
FINA,2025-11-21 18:00:00,24,51,40.45616401087362,P50 covariance ellipse,0.5,0,7821.9920987984715
FINA,2025-11-21 18:00:00,24,51,40.45616401087362,P90 percentile cone,0.9,1,48002.301185446566
FINA,2025-11-21 18:00:00,24,51,40.45616401087362,P90 covariance ellipse,0.9,1,25984.095310985605
FINA,2025-11-22 00:00:00,24,51,9.565131245352553,Fixed-radius region,,1,1963.4928890086885
FINA,2025-11-22 00:00:00,24,51,9.565131245352553,P50 percentile cone,0.5,1,16347.4920698977
FINA,2025-11-22 00:00:00,24,51,9.565131245352553,P50 covariance ellipse,0.5,1,6429.209925635079
FINA,2025-11-22 00:00:00,24,51,9.565131245352553,P90 percentile cone,0.9,1,42972.162033977205
FINA,2025-11-22 00:00:00,24,51,9.565131245352553,P90 covariance ellipse,0.9,1,21357.373079895857
FINA,2025-11-22 06:00:00,24,51,11.49573219844087,Fixed-radius region,,1,1963.4928890086885
FINA,2025-11-22 06:00:00,24,51,11.49573219844087,P50 percentile cone,0.5,1,18781.401324736813
FINA,2025-11-22 06:00:00,24,51,11.49573219844087,P50 covariance ellipse,0.5,1,6304.412415489767
FINA,2025-11-22 06:00:00,24,51,11.49573219844087,P90 percentile cone,0.9,1,33121.77803818918
FINA,2025-11-22 06:00:00,24,51,11.49573219844087,P90 covariance ellipse,0.9,1,20942.804724772155
FINA,2025-11-22 12:00:00,24,51,48.841941238317915,Fixed-radius region,,0,1963.4928890086885
FINA,2025-11-22 12:00:00,24,51,48.841941238317915,P50 percentile cone,0.5,1,19674.38747104528
FINA,2025-11-22 12:00:00,24,51,48.841941238317915,P50 covariance ellipse,0.5,1,7688.5250630667115
FINA,2025-11-22 12:00:00,24,51,48.841941238317915,P90 percentile cone,0.9,1,39555.78426965759
FINA,2025-11-22 12:00:00,24,51,48.841941238317915,P90 covariance ellipse,0.9,1,25540.727415246933
FINA,2025-11-22 18:00:00,24,51,52.10891079728381,Fixed-radius region,,0,1963.4928890086885
FINA,2025-11-22 18:00:00,24,51,52.10891079728381,P50 percentile cone,0.5,1,14592.35815531651
FINA,2025-11-22 18:00:00,24,51,52.10891079728381,P50 covariance ellipse,0.5,0,5757.700027694592
FINA,2025-11-22 18:00:00,24,51,52.10891079728381,P90 percentile cone,0.9,1,33737.129166617924
FINA,2025-11-22 18:00:00,24,51,52.10891079728381,P90 covariance ellipse,0.9,1,19126.665483932407
FINA,2025-11-23 00:00:00,24,51,52.963432773709634,Fixed-radius region,,0,1963.4928890086885
FINA,2025-11-23 00:00:00,24,51,52.963432773709634,P50 percentile cone,0.5,1,16882.8402875126
FINA,2025-11-23 00:00:00,24,51,52.963432773709634,P50 covariance ellipse,0.5,1,8856.742554062903
FINA,2025-11-23 00:00:00,24,51,52.963432773709634,P90 percentile cone,0.9,1,48757.80589182419
FINA,2025-11-23 00:00:00,24,51,52.963432773709634,P90 covariance ellipse,0.9,1,29421.461919526006
FINA,2025-11-23 06:00:00,24,51,15.347761637256662,Fixed-radius region,,1,1963.4928890086885
FINA,2025-11-23 06:00:00,24,51,15.347761637256662,P50 percentile cone,0.5,1,19460.3994935966
FINA,2025-11-23 06:00:00,24,51,15.347761637256662,P50 covariance ellipse,0.5,1,9536.245482025759
FINA,2025-11-23 06:00:00,24,51,15.347761637256662,P90 percentile cone,0.9,1,49923.3298249205
FINA,2025-11-23 06:00:00,24,51,15.347761637256662,P90 covariance ellipse,0.9,1,31678.72178648404
FINA,2025-11-23 12:00:00,24,51,35.57139409943208,Fixed-radius region,,0,1963.4928890086885
FINA,2025-11-23 12:00:00,24,51,35.57139409943208,P50 percentile cone,0.5,1,18270.459449458634
FINA,2025-11-23 12:00:00,24,51,35.57139409943208,P50 covariance ellipse,0.5,1,9392.666476342452
FINA,2025-11-23 12:00:00,24,51,35.57139409943208,P90 percentile cone,0.9,1,53903.179710702614
FINA,2025-11-23 12:00:00,24,51,35.57139409943208,P90 covariance ellipse,0.9,1,31201.762653668677
FINA,2025-11-23 18:00:00,24,51,27.621037397914485,Fixed-radius region,,0,1963.4928890086885
FINA,2025-11-23 18:00:00,24,51,27.621037397914485,P50 percentile cone,0.5,1,21554.03452843994
FINA,2025-11-23 18:00:00,24,51,27.621037397914485,P50 covariance ellipse,0.5,1,11003.938375622383
FINA,2025-11-23 18:00:00,24,51,27.621037397914485,P90 percentile cone,0.9,1,49612.412234221265
FINA,2025-11-23 18:00:00,24,51,27.621037397914485,P90 covariance ellipse,0.9,1,36554.29204438919
FINA,2025-11-24 00:00:00,24,51,70.61226237888516,Fixed-radius region,,0,1963.4928890086885
FINA,2025-11-24 00:00:00,24,51,70.61226237888516,P50 percentile cone,0.5,1,21314.377921186482
FINA,2025-11-24 00:00:00,24,51,70.61226237888516,P50 covariance ellipse,0.5,0,11195.132216405638
FINA,2025-11-24 00:00:00,24,51,70.61226237888516,P90 percentile cone,0.9,1,58382.992502076166
FINA,2025-11-24 00:00:00,24,51,70.61226237888516,P90 covariance ellipse,0.9,1,37189.42423565651
FINA,2025-11-24 06:00:00,24,51,35.05368623424847,Fixed-radius region,,0,1963.4928890086885
FINA,2025-11-24 06:00:00,24,51,35.05368623424847,P50 percentile cone,0.5,1,20030.9806715028
FINA,2025-11-24 06:00:00,24,51,35.05368623424847,P50 covariance ellipse,0.5,1,12765.558965972317
FINA,2025-11-24 06:00:00,24,51,35.05368623424847,P90 percentile cone,0.9,1,53647.389471117574
FINA,2025-11-24 06:00:00,24,51,35.05368623424847,P90 covariance ellipse,0.9,1,42406.2689760047
FUNG-WONG,2025-11-05 18:00:00,24,50,110.71092301459008,Fixed-radius region,,0,1963.4928890086885
FUNG-WONG,2025-11-05 18:00:00,24,50,110.71092301459008,P50 percentile cone,0.5,1,47703.316611249815
FUNG-WONG,2025-11-05 18:00:00,24,50,110.71092301459008,P50 covariance ellipse,0.5,0,27556.53575329997
FUNG-WONG,2025-11-05 18:00:00,24,50,110.71092301459008,P90 percentile cone,0.9,1,94391.42420125008
FUNG-WONG,2025-11-05 18:00:00,24,50,110.71092301459008,P90 covariance ellipse,0.9,1,91540.83031665524
FUNG-WONG,2025-11-06 00:00:00,24,48,59.98706409919175,Fixed-radius region,,0,1963.4928890086885
FUNG-WONG,2025-11-06 00:00:00,24,48,59.98706409919175,P50 percentile cone,0.5,1,48036.888083386955
FUNG-WONG,2025-11-06 00:00:00,24,48,59.98706409919175,P50 covariance ellipse,0.5,1,30864.143559569824
FUNG-WONG,2025-11-06 00:00:00,24,48,59.98706409919175,P90 percentile cone,0.9,1,149495.55052621246
FUNG-WONG,2025-11-06 00:00:00,24,48,59.98706409919175,P90 covariance ellipse,0.9,1,102528.46561517182
FUNG-WONG,2025-11-06 06:00:00,24,49,83.68874679104256,Fixed-radius region,,0,1963.4928890086885
FUNG-WONG,2025-11-06 06:00:00,24,49,83.68874679104256,P50 percentile cone,0.5,1,49301.56168020842
FUNG-WONG,2025-11-06 06:00:00,24,49,83.68874679104256,P50 covariance ellipse,0.5,1,32884.87812224474
FUNG-WONG,2025-11-06 06:00:00,24,49,83.68874679104256,P90 percentile cone,0.9,1,144674.1900477986
FUNG-WONG,2025-11-06 06:00:00,24,49,83.68874679104256,P90 covariance ellipse,0.9,1,109241.20053123156
FUNG-WONG,2025-11-06 12:00:00,24,51,71.96572172227155,Fixed-radius region,,0,1963.4928890086885
FUNG-WONG,2025-11-06 12:00:00,24,51,71.96572172227155,P50 percentile cone,0.5,1,39536.98141298753
FUNG-WONG,2025-11-06 12:00:00,24,51,71.96572172227155,P50 covariance ellipse,0.5,1,26055.894940337923
FUNG-WONG,2025-11-06 12:00:00,24,51,71.96572172227155,P90 percentile cone,0.9,1,115808.48953707668
FUNG-WONG,2025-11-06 12:00:00,24,51,71.96572172227155,P90 covariance ellipse,0.9,1,86555.809439742
FUNG-WONG,2025-11-06 18:00:00,24,51,54.37760970844544,Fixed-radius region,,0,1963.4928890086885
FUNG-WONG,2025-11-06 18:00:00,24,51,54.37760970844544,P50 percentile cone,0.5,1,36506.35616086055
FUNG-WONG,2025-11-06 18:00:00,24,51,54.37760970844544,P50 covariance ellipse,0.5,1,24436.411962227357
FUNG-WONG,2025-11-06 18:00:00,24,51,54.37760970844544,P90 percentile cone,0.9,1,99455.1561405167
FUNG-WONG,2025-11-06 18:00:00,24,51,54.37760970844544,P90 covariance ellipse,0.9,1,81176.00343556466
FUNG-WONG,2025-11-07 00:00:00,24,51,61.90367246324826,Fixed-radius region,,0,1963.4928890086885
FUNG-WONG,2025-11-07 00:00:00,24,51,61.90367246324826,P50 percentile cone,0.5,1,33152.049810754754
FUNG-WONG,2025-11-07 00:00:00,24,51,61.90367246324826,P50 covariance ellipse,0.5,1,22392.05038324052
FUNG-WONG,2025-11-07 00:00:00,24,51,61.90367246324826,P90 percentile cone,0.9,1,96504.71451381735
FUNG-WONG,2025-11-07 00:00:00,24,51,61.90367246324826,P90 covariance ellipse,0.9,1,74384.78127021999
FUNG-WONG,2025-11-07 06:00:00,24,51,30.351624457555715,Fixed-radius region,,0,1963.4928890086885
FUNG-WONG,2025-11-07 06:00:00,24,51,30.351624457555715,P50 percentile cone,0.5,1,37830.24005619851
FUNG-WONG,2025-11-07 06:00:00,24,51,30.351624457555715,P50 covariance ellipse,0.5,1,29392.31763332293
FUNG-WONG,2025-11-07 06:00:00,24,51,30.351624457555715,P90 percentile cone,0.9,1,115229.60348679234
FUNG-WONG,2025-11-07 06:00:00,24,51,30.351624457555715,P90 covariance ellipse,0.9,1,97639.16571998865
FUNG-WONG,2025-11-07 12:00:00,24,50,36.862214998524806,Fixed-radius region,,0,1963.4928890086885
FUNG-WONG,2025-11-07 12:00:00,24,50,36.862214998524806,P50 percentile cone,0.5,1,24958.039852665526
FUNG-WONG,2025-11-07 12:00:00,24,50,36.862214998524806,P50 covariance ellipse,0.5,1,14012.127113890816
FUNG-WONG,2025-11-07 12:00:00,24,50,36.862214998524806,P90 percentile cone,0.9,1,70279.76100968524
FUNG-WONG,2025-11-07 12:00:00,24,50,36.862214998524806,P90 covariance ellipse,0.9,1,46547.27872876687
FUNG-WONG,2025-11-07 18:00:00,24,51,12.119163578216945,Fixed-radius region,,1,1963.4928890086885
FUNG-WONG,2025-11-07 18:00:00,24,51,12.119163578216945,P50 percentile cone,0.5,1,34157.852640912446
FUNG-WONG,2025-11-07 18:00:00,24,51,12.119163578216945,P50 covariance ellipse,0.5,1,21213.437792981073
FUNG-WONG,2025-11-07 18:00:00,24,51,12.119163578216945,P90 percentile cone,0.9,1,89083.45095438142
FUNG-WONG,2025-11-07 18:00:00,24,51,12.119163578216945,P90 covariance ellipse,0.9,1,70469.51499364918
FUNG-WONG,2025-11-08 00:00:00,24,51,16.733980268196795,Fixed-radius region,,1,1963.4928890086885
FUNG-WONG,2025-11-08 00:00:00,24,51,16.733980268196795,P50 percentile cone,0.5,1,23793.89618578842
FUNG-WONG,2025-11-08 00:00:00,24,51,16.733980268196795,P50 covariance ellipse,0.5,1,18022.509902266218
FUNG-WONG,2025-11-08 00:00:00,24,51,16.733980268196795,P90 percentile cone,0.9,1,107484.9093853757
FUNG-WONG,2025-11-08 00:00:00,24,51,16.733980268196795,P90 covariance ellipse,0.9,1,59869.481984723825
FUNG-WONG,2025-11-08 06:00:00,24,51,27.835598787756545,Fixed-radius region,,0,1963.4928890086885
FUNG-WONG,2025-11-08 06:00:00,24,51,27.835598787756545,P50 percentile cone,0.5,1,25867.359118079545
FUNG-WONG,2025-11-08 06:00:00,24,51,27.835598787756545,P50 covariance ellipse,0.5,1,14249.401558132437
FUNG-WONG,2025-11-08 06:00:00,24,51,27.835598787756545,P90 percentile cone,0.9,1,82287.92913263594
FUNG-WONG,2025-11-08 06:00:00,24,51,27.835598787756545,P90 covariance ellipse,0.9,1,47335.48737129189
FUNG-WONG,2025-11-08 12:00:00,24,51,52.69198926166527,Fixed-radius region,,0,1963.4928890086885
FUNG-WONG,2025-11-08 12:00:00,24,51,52.69198926166527,P50 percentile cone,0.5,1,16055.869466692815
FUNG-WONG,2025-11-08 12:00:00,24,51,52.69198926166527,P50 covariance ellipse,0.5,0,7336.128986064787
FUNG-WONG,2025-11-08 12:00:00,24,51,52.69198926166527,P90 percentile cone,0.9,1,66918.66605210677
FUNG-WONG,2025-11-08 12:00:00,24,51,52.69198926166527,P90 covariance ellipse,0.9,1,24370.09298652615
FUNG-WONG,2025-11-08 18:00:00,24,51,24.709124368672136,Fixed-radius region,,1,1963.4928890086885
FUNG-WONG,2025-11-08 18:00:00,24,51,24.709124368672136,P50 percentile cone,0.5,1,21980.733736028407
FUNG-WONG,2025-11-08 18:00:00,24,51,24.709124368672136,P50 covariance ellipse,0.5,1,14470.247568156145
FUNG-WONG,2025-11-08 18:00:00,24,51,24.709124368672136,P90 percentile cone,0.9,1,106064.79472457485
FUNG-WONG,2025-11-08 18:00:00,24,51,24.709124368672136,P90 covariance ellipse,0.9,1,48069.12193663342
FUNG-WONG,2025-11-09 00:00:00,24,51,28.352947958279078,Fixed-radius region,,0,1963.4928890086885
FUNG-WONG,2025-11-09 00:00:00,24,51,28.352947958279078,P50 percentile cone,0.5,1,16305.683748395151
FUNG-WONG,2025-11-09 00:00:00,24,51,28.352947958279078,P50 covariance ellipse,0.5,1,6149.004589704487
FUNG-WONG,2025-11-09 00:00:00,24,51,28.352947958279078,P90 percentile cone,0.9,1,40494.81157535717
FUNG-WONG,2025-11-09 00:00:00,24,51,28.352947958279078,P90 covariance ellipse,0.9,1,20426.551102130674
FUNG-WONG,2025-11-09 06:00:00,24,51,50.23167525160547,Fixed-radius region,,0,1963.4928890086885
FUNG-WONG,2025-11-09 06:00:00,24,51,50.23167525160547,P50 percentile cone,0.5,1,15830.95675086214
FUNG-WONG,2025-11-09 06:00:00,24,51,50.23167525160547,P50 covariance ellipse,0.5,0,8082.395236386946
FUNG-WONG,2025-11-09 06:00:00,24,51,50.23167525160547,P90 percentile cone,0.9,1,47913.76354163488
FUNG-WONG,2025-11-09 06:00:00,24,51,50.23167525160547,P90 covariance ellipse,0.9,1,26849.135809737574
FUNG-WONG,2025-11-09 12:00:00,24,51,69.80401055430194,Fixed-radius region,,0,1963.4928890086885
FUNG-WONG,2025-11-09 12:00:00,24,51,69.80401055430194,P50 percentile cone,0.5,0,13177.284580853006
FUNG-WONG,2025-11-09 12:00:00,24,51,69.80401055430194,P50 covariance ellipse,0.5,0,5302.3298350387895
FUNG-WONG,2025-11-09 12:00:00,24,51,69.80401055430194,P90 percentile cone,0.9,1,37078.162822219245
FUNG-WONG,2025-11-09 12:00:00,24,51,69.80401055430194,P90 covariance ellipse,0.9,1,17613.958447374825
FUNG-WONG,2025-11-09 18:00:00,24,51,21.693049706890434,Fixed-radius region,,1,1963.4928890086885
FUNG-WONG,2025-11-09 18:00:00,24,51,21.693049706890434,P50 percentile cone,0.5,1,12012.166337420218
FUNG-WONG,2025-11-09 18:00:00,24,51,21.693049706890434,P50 covariance ellipse,0.5,1,6166.638557787195
FUNG-WONG,2025-11-09 18:00:00,24,51,21.693049706890434,P90 percentile cone,0.9,1,34149.00685772261
FUNG-WONG,2025-11-09 18:00:00,24,51,21.693049706890434,P90 covariance ellipse,0.9,1,20485.129876128965
FUNG-WONG,2025-11-10 00:00:00,24,51,16.046829981678833,Fixed-radius region,,1,1963.4928890086885
FUNG-WONG,2025-11-10 00:00:00,24,51,16.046829981678833,P50 percentile cone,0.5,1,16868.972958623097
FUNG-WONG,2025-11-10 00:00:00,24,51,16.046829981678833,P50 covariance ellipse,0.5,1,7169.586721862473
FUNG-WONG,2025-11-10 00:00:00,24,51,16.046829981678833,P90 percentile cone,0.9,1,30181.811768634256
FUNG-WONG,2025-11-10 00:00:00,24,51,16.046829981678833,P90 covariance ellipse,0.9,1,23816.85156008633
FUNG-WONG,2025-11-10 06:00:00,24,51,30.086098729375784,Fixed-radius region,,0,1963.4928890086885
FUNG-WONG,2025-11-10 06:00:00,24,51,30.086098729375784,P50 percentile cone,0.5,1,22518.48803363088
FUNG-WONG,2025-11-10 06:00:00,24,51,30.086098729375784,P50 covariance ellipse,0.5,1,9749.73126136614
FUNG-WONG,2025-11-10 06:00:00,24,51,30.086098729375784,P90 percentile cone,0.9,1,75573.63258619882
FUNG-WONG,2025-11-10 06:00:00,24,51,30.086098729375784,P90 covariance ellipse,0.9,1,32387.906194733776
FUNG-WONG,2025-11-10 12:00:00,24,51,43.28950868861967,Fixed-radius region,,0,1963.4928890086885
FUNG-WONG,2025-11-10 12:00:00,24,51,43.28950868861967,P50 percentile cone,0.5,1,19095.468261414335
FUNG-WONG,2025-11-10 12:00:00,24,51,43.28950868861967,P50 covariance ellipse,0.5,1,7134.837110270644
FUNG-WONG,2025-11-10 12:00:00,24,51,43.28950868861967,P90 percentile cone,0.9,1,46832.30648195438
FUNG-WONG,2025-11-10 12:00:00,24,51,43.28950868861967,P90 covariance ellipse,0.9,1,23701.41584905301
FUNG-WONG,2025-11-10 18:00:00,24,51,54.913692058602386,Fixed-radius region,,0,1963.4928890086885
FUNG-WONG,2025-11-10 18:00:00,24,51,54.913692058602386,P50 percentile cone,0.5,1,14760.437673051918
FUNG-WONG,2025-11-10 18:00:00,24,51,54.913692058602386,P50 covariance ellipse,0.5,0,7136.969745460654
FUNG-WONG,2025-11-10 18:00:00,24,51,54.913692058602386,P90 percentile cone,0.9,1,46253.89628170642
FUNG-WONG,2025-11-10 18:00:00,24,51,54.913692058602386,P90 covariance ellipse,0.9,1,23708.500309806852
FUNG-WONG,2025-11-11 00:00:00,24,51,34.16525286573553,Fixed-radius region,,0,1963.4928890086885
FUNG-WONG,2025-11-11 00:00:00,24,51,34.16525286573553,P50 percentile cone,0.5,1,14439.820779090725
FUNG-WONG,2025-11-11 00:00:00,24,51,34.16525286573553,P50 covariance ellipse,0.5,1,6646.302155592203
FUNG-WONG,2025-11-11 00:00:00,24,51,34.16525286573553,P90 percentile cone,0.9,1,41506.21603957009
FUNG-WONG,2025-11-11 00:00:00,24,51,34.16525286573553,P90 covariance ellipse,0.9,1,22078.537857772175
FUNG-WONG,2025-11-11 06:00:00,24,50,38.612113871116534,Fixed-radius region,,0,1963.4928890086885
FUNG-WONG,2025-11-11 06:00:00,24,50,38.612113871116534,P50 percentile cone,0.5,1,26766.1285182358
FUNG-WONG,2025-11-11 06:00:00,24,50,38.612113871116534,P50 covariance ellipse,0.5,1,24287.77733610188
FUNG-WONG,2025-11-11 06:00:00,24,50,38.612113871116534,P90 percentile cone,0.9,1,101293.70878432808
FUNG-WONG,2025-11-11 06:00:00,24,50,38.612113871116534,P90 covariance ellipse,0.9,1,80682.24989516537
FUNG-WONG,2025-11-11 12:00:00,24,49,64.10437643896607,Fixed-radius region,,0,1963.4928890086885
FUNG-WONG,2025-11-11 12:00:00,24,49,64.10437643896607,P50 percentile cone,0.5,1,19816.646869073385
FUNG-WONG,2025-11-11 12:00:00,24,49,64.10437643896607,P50 covariance ellipse,0.5,0,17760.229529557833
FUNG-WONG,2025-11-11 12:00:00,24,49,64.10437643896607,P90 percentile cone,0.9,1,54161.24871987815
FUNG-WONG,2025-11-11 12:00:00,24,49,64.10437643896607,P90 covariance ellipse,0.9,1,58998.20544588632
FUNG-WONG,2025-11-11 18:00:00,24,42,49.32393352166147,Fixed-radius region,,0,1963.4928890086885
FUNG-WONG,2025-11-11 18:00:00,24,42,49.32393352166147,P50 percentile cone,0.5,1,40964.256503891214
FUNG-WONG,2025-11-11 18:00:00,24,42,49.32393352166147,P50 covariance ellipse,0.5,1,25412.669592727772
FUNG-WONG,2025-11-11 18:00:00,24,42,49.32393352166147,P90 percentile cone,0.9,1,166273.93989859536
FUNG-WONG,2025-11-11 18:00:00,24,42,49.32393352166147,P90 covariance ellipse,0.9,1,84419.06108617215
FUNG-WONG,2025-11-12 00:00:00,24,39,40.59338615266577,Fixed-radius region,,0,1963.4928890086885
FUNG-WONG,2025-11-12 00:00:00,24,39,40.59338615266577,P50 percentile cone,0.5,1,23050.520880604585
FUNG-WONG,2025-11-12 00:00:00,24,39,40.59338615266577,P50 covariance ellipse,0.5,0,6824.942539706157
FUNG-WONG,2025-11-12 00:00:00,24,39,40.59338615266577,P90 percentile cone,0.9,1,67525.91819888215
FUNG-WONG,2025-11-12 00:00:00,24,39,40.59338615266577,P90 covariance ellipse,0.9,1,22671.968368641785
FUNG-WONG,2025-11-12 06:00:00,24,44,59.420076381279685,Fixed-radius region,,0,1963.4928890086885
FUNG-WONG,2025-11-12 06:00:00,24,44,59.420076381279685,P50 percentile cone,0.5,1,18639.560241448635
FUNG-WONG,2025-11-12 06:00:00,24,44,59.420076381279685,P50 covariance ellipse,0.5,0,10283.295722451197
FUNG-WONG,2025-11-12 06:00:00,24,44,59.420076381279685,P90 percentile cone,0.9,1,84181.72655690263
FUNG-WONG,2025-11-12 06:00:00,24,44,59.420076381279685,P90 covariance ellipse,0.9,1,34160.36896844566
FUNG-WONG,2025-11-12 12:00:00,24,13,218.57007632021975,Fixed-radius region,,0,1963.4928890086885
FUNG-WONG,2025-11-12 12:00:00,24,13,218.57007632021975,P50 percentile cone,0.5,0,14915.20453381091
FUNG-WONG,2025-11-12 12:00:00,24,13,218.57007632021975,P50 covariance ellipse,0.5,0,6482.447692828766
FUNG-WONG,2025-11-12 12:00:00,24,13,218.57007632021975,P90 percentile cone,0.9,0,39671.23792302622
FUNG-WONG,2025-11-12 12:00:00,24,13,218.57007632021975,P90 covariance ellipse,0.9,0,21534.225114445635
FUNG-WONG,2025-11-12 18:00:00,24,2,249.5521703155859,Fixed-radius region,,0,1963.4928890086885
FUNG-WONG,2025-11-12 18:00:00,24,2,249.5521703155859,P50 percentile cone,0.5,0,103474.54334982566
FUNG-WONG,2025-11-12 18:00:00,24,2,249.5521703155859,P90 percentile cone,0.9,0,103781.37604861206
GEZANI,2026-02-10 00:00:00,24,51,30.350704534675664,Fixed-radius region,,0,1963.4928890086885
GEZANI,2026-02-10 00:00:00,24,51,30.350704534675664,P50 percentile cone,0.5,1,20603.895007533367
GEZANI,2026-02-10 00:00:00,24,51,30.350704534675664,P50 covariance ellipse,0.5,1,11104.34214770445
GEZANI,2026-02-10 00:00:00,24,51,30.350704534675664,P90 percentile cone,0.9,1,57783.50035946718
GEZANI,2026-02-10 00:00:00,24,51,30.350704534675664,P90 covariance ellipse,0.9,1,36887.82615570128
GEZANI,2026-02-10 06:00:00,24,44,37.07563829399404,Fixed-radius region,,0,1963.4928890086885
GEZANI,2026-02-10 06:00:00,24,44,37.07563829399404,P50 percentile cone,0.5,1,39000.59700281185
GEZANI,2026-02-10 06:00:00,24,44,37.07563829399404,P50 covariance ellipse,0.5,1,21709.592443091173
GEZANI,2026-02-10 06:00:00,24,44,37.07563829399404,P90 percentile cone,0.9,1,95750.98045623387
GEZANI,2026-02-10 06:00:00,24,44,37.07563829399404,P90 covariance ellipse,0.9,1,72117.70506525892
GEZANI,2026-02-10 12:00:00,24,51,60.036759529918875,Fixed-radius region,,0,1963.4928890086885
GEZANI,2026-02-10 12:00:00,24,51,60.036759529918875,P50 percentile cone,0.5,1,16060.673082979756
GEZANI,2026-02-10 12:00:00,24,51,60.036759529918875,P50 covariance ellipse,0.5,1,7875.3957055293595
GEZANI,2026-02-10 12:00:00,24,51,60.036759529918875,P90 percentile cone,0.9,1,42906.00127993419
GEZANI,2026-02-10 12:00:00,24,51,60.036759529918875,P90 covariance ellipse,0.9,1,26161.498252553254
GEZANI,2026-02-10 18:00:00,24,49,74.40681530768963,Fixed-radius region,,0,1963.4928890086885
GEZANI,2026-02-10 18:00:00,24,49,74.40681530768963,P50 percentile cone,0.5,0,14760.679665428579
GEZANI,2026-02-10 18:00:00,24,49,74.40681530768963,P50 covariance ellipse,0.5,0,7287.131161696576
GEZANI,2026-02-10 18:00:00,24,49,74.40681530768963,P90 percentile cone,0.9,1,42227.52132887962
GEZANI,2026-02-10 18:00:00,24,49,74.40681530768963,P90 covariance ellipse,0.9,1,24207.325737169034
GEZANI,2026-02-11 00:00:00,24,49,60.751925329267664,Fixed-radius region,,0,1963.4928890086885
GEZANI,2026-02-11 00:00:00,24,49,60.751925329267664,P50 percentile cone,0.5,1,16739.809483502053
GEZANI,2026-02-11 00:00:00,24,49,60.751925329267664,P50 covariance ellipse,0.5,0,7228.138190514403
GEZANI,2026-02-11 00:00:00,24,49,60.751925329267664,P90 percentile cone,0.9,1,44142.19155591875
GEZANI,2026-02-11 00:00:00,24,49,60.751925329267664,P90 covariance ellipse,0.9,1,24011.355328798094
GEZANI,2026-02-11 06:00:00,24,51,21.09965905286556,Fixed-radius region,,1,1963.4928890086885
GEZANI,2026-02-11 06:00:00,24,51,21.09965905286556,P50 percentile cone,0.5,1,15669.081560769791
GEZANI,2026-02-11 06:00:00,24,51,21.09965905286556,P50 covariance ellipse,0.5,1,8727.87424238544
GEZANI,2026-02-11 06:00:00,24,51,21.09965905286556,P90 percentile cone,0.9,1,50632.78987367944
GEZANI,2026-02-11 06:00:00,24,51,21.09965905286556,P90 covariance ellipse,0.9,1,28993.37065442394
GEZANI,2026-02-11 12:00:00,24,51,55.094890692061426,Fixed-radius region,,0,1963.4928890086885
GEZANI,2026-02-11 12:00:00,24,51,55.094890692061426,P50 percentile cone,0.5,1,16589.35434137369
GEZANI,2026-02-11 12:00:00,24,51,55.094890692061426,P50 covariance ellipse,0.5,0,6803.100935393768
GEZANI,2026-02-11 12:00:00,24,51,55.094890692061426,P90 percentile cone,0.9,1,39635.35110113448
GEZANI,2026-02-11 12:00:00,24,51,55.094890692061426,P90 covariance ellipse,0.9,1,22599.412129639048
GEZANI,2026-02-11 18:00:00,24,51,56.40703053068643,Fixed-radius region,,0,1963.4928890086885
GEZANI,2026-02-11 18:00:00,24,51,56.40703053068643,P50 percentile cone,0.5,1,15843.166351308419
GEZANI,2026-02-11 18:00:00,24,51,56.40703053068643,P50 covariance ellipse,0.5,0,6170.785696687155
GEZANI,2026-02-11 18:00:00,24,51,56.40703053068643,P90 percentile cone,0.9,1,33924.11591561914
GEZANI,2026-02-11 18:00:00,24,51,56.40703053068643,P90 covariance ellipse,0.9,1,20498.90637335414
GEZANI,2026-02-12 00:00:00,24,51,44.629485389939205,Fixed-radius region,,0,1963.4928890086885
GEZANI,2026-02-12 00:00:00,24,51,44.629485389939205,P50 percentile cone,0.5,1,13818.03947067996
GEZANI,2026-02-12 00:00:00,24,51,44.629485389939205,P50 covariance ellipse,0.5,1,5483.613839400792
GEZANI,2026-02-12 00:00:00,24,51,44.629485389939205,P90 percentile cone,0.9,1,32439.337120308577
GEZANI,2026-02-12 00:00:00,24,51,44.629485389939205,P90 covariance ellipse,0.9,1,18216.170874618645
GEZANI,2026-02-12 06:00:00,24,51,70.62718788071317,Fixed-radius region,,0,1963.4928890086885
GEZANI,2026-02-12 06:00:00,24,51,70.62718788071317,P50 percentile cone,0.5,0,13353.437720399505
GEZANI,2026-02-12 06:00:00,24,51,70.62718788071317,P50 covariance ellipse,0.5,0,5177.47559718557
GEZANI,2026-02-12 06:00:00,24,51,70.62718788071317,P90 percentile cone,0.9,1,27710.449833994702
GEZANI,2026-02-12 06:00:00,24,51,70.62718788071317,P90 covariance ellipse,0.9,1,17199.201646884467
GEZANI,2026-02-12 12:00:00,24,51,34.491254801482036,Fixed-radius region,,0,1963.4928890086885
GEZANI,2026-02-12 12:00:00,24,51,34.491254801482036,P50 percentile cone,0.5,1,11434.803522135888
GEZANI,2026-02-12 12:00:00,24,51,34.491254801482036,P50 covariance ellipse,0.5,1,3902.664003456193
GEZANI,2026-02-12 12:00:00,24,51,34.491254801482036,P90 percentile cone,0.9,1,26175.937558109894
GEZANI,2026-02-12 12:00:00,24,51,34.491254801482036,P90 covariance ellipse,0.9,1,12964.369197986716
GEZANI,2026-02-12 18:00:00,24,51,44.7151120041819,Fixed-radius region,,0,1963.4928890086885
GEZANI,2026-02-12 18:00:00,24,51,44.7151120041819,P50 percentile cone,0.5,1,15051.129012685109
GEZANI,2026-02-12 18:00:00,24,51,44.7151120041819,P50 covariance ellipse,0.5,0,5939.815246471031
GEZANI,2026-02-12 18:00:00,24,51,44.7151120041819,P90 percentile cone,0.9,1,36183.29314858592
GEZANI,2026-02-12 18:00:00,24,51,44.7151120041819,P90 covariance ellipse,0.9,1,19731.639145692418
GEZANI,2026-02-13 00:00:00,24,51,67.75189148463662,Fixed-radius region,,0,1963.4928890086885
GEZANI,2026-02-13 00:00:00,24,51,67.75189148463662,P50 percentile cone,0.5,0,14057.081236279633
GEZANI,2026-02-13 00:00:00,24,51,67.75189148463662,P50 covariance ellipse,0.5,0,5256.292738268763
GEZANI,2026-02-13 00:00:00,24,51,67.75189148463662,P90 percentile cone,0.9,1,33556.96471583814
GEZANI,2026-02-13 00:00:00,24,51,67.75189148463662,P90 covariance ellipse,0.9,0,17461.026522207427
GEZANI,2026-02-13 06:00:00,24,51,94.47146315280938,Fixed-radius region,,0,1963.4928890086885
GEZANI,2026-02-13 06:00:00,24,51,94.47146315280938,P50 percentile cone,0.5,0,13097.717219474629
GEZANI,2026-02-13 06:00:00,24,51,94.47146315280938,P50 covariance ellipse,0.5,0,5406.312243820556
GEZANI,2026-02-13 06:00:00,24,51,94.47146315280938,P90 percentile cone,0.9,1,33325.219901680575
GEZANI,2026-02-13 06:00:00,24,51,94.47146315280938,P90 covariance ellipse,0.9,0,17959.380532481042
GEZANI,2026-02-13 12:00:00,24,50,97.26621778475825,Fixed-radius region,,0,1963.4928890086885
GEZANI,2026-02-13 12:00:00,24,50,97.26621778475825,P50 percentile cone,0.5,0,17811.454840382303
GEZANI,2026-02-13 12:00:00,24,50,97.26621778475825,P50 covariance ellipse,0.5,0,6885.598307450718
GEZANI,2026-02-13 12:00:00,24,50,97.26621778475825,P90 percentile cone,0.9,1,43727.5893528222
GEZANI,2026-02-13 12:00:00,24,50,97.26621778475825,P90 covariance ellipse,0.9,1,22873.462467629404
GEZANI,2026-02-13 18:00:00,24,51,78.29595960759514,Fixed-radius region,,0,1963.4928890086885
GEZANI,2026-02-13 18:00:00,24,51,78.29595960759514,P50 percentile cone,0.5,1,20071.513432630487
GEZANI,2026-02-13 18:00:00,24,51,78.29595960759514,P50 covariance ellipse,0.5,1,10145.131731991634
GEZANI,2026-02-13 18:00:00,24,51,78.29595960759514,P90 percentile cone,0.9,1,75683.27149105369
GEZANI,2026-02-13 18:00:00,24,51,78.29595960759514,P90 covariance ellipse,0.9,1,33701.39812683629
KALMAEGI,2025-11-01 12:00:00,24,51,114.64075172942405,Fixed-radius region,,0,1963.4928890086885
KALMAEGI,2025-11-01 12:00:00,24,51,114.64075172942405,P50 percentile cone,0.5,0,34432.18150744588
KALMAEGI,2025-11-01 12:00:00,24,51,114.64075172942405,P50 covariance ellipse,0.5,0,23100.59920717494
KALMAEGI,2025-11-01 12:00:00,24,51,114.64075172942405,P90 percentile cone,0.9,1,100009.72345705058
KALMAEGI,2025-11-01 12:00:00,24,51,114.64075172942405,P90 covariance ellipse,0.9,1,76738.52951504715
KALMAEGI,2025-11-01 18:00:00,24,51,74.90662025920999,Fixed-radius region,,0,1963.4928890086885
KALMAEGI,2025-11-01 18:00:00,24,51,74.90662025920999,P50 percentile cone,0.5,1,29531.316750790742
KALMAEGI,2025-11-01 18:00:00,24,51,74.90662025920999,P50 covariance ellipse,0.5,1,20186.58751577052
KALMAEGI,2025-11-01 18:00:00,24,51,74.90662025920999,P90 percentile cone,0.9,1,94193.42012791577
KALMAEGI,2025-11-01 18:00:00,24,51,74.90662025920999,P90 covariance ellipse,0.9,1,67058.39220854056
KALMAEGI,2025-11-02 00:00:00,24,51,39.164848756957504,Fixed-radius region,,0,1963.4928890086885
KALMAEGI,2025-11-02 00:00:00,24,51,39.164848756957504,P50 percentile cone,0.5,1,29210.606875979392
KALMAEGI,2025-11-02 00:00:00,24,51,39.164848756957504,P50 covariance ellipse,0.5,1,22263.538381742455
KALMAEGI,2025-11-02 00:00:00,24,51,39.164848756957504,P90 percentile cone,0.9,1,112925.87297063565
KALMAEGI,2025-11-02 00:00:00,24,51,39.164848756957504,P90 covariance ellipse,0.9,1,73957.87364191338
KALMAEGI,2025-11-02 12:00:00,24,51,21.40814983531719,Fixed-radius region,,1,1963.4928890086885
KALMAEGI,2025-11-02 12:00:00,24,51,21.40814983531719,P50 percentile cone,0.5,1,32039.620511654655
KALMAEGI,2025-11-02 12:00:00,24,51,21.40814983531719,P50 covariance ellipse,0.5,1,19723.16987422494
KALMAEGI,2025-11-02 12:00:00,24,51,21.40814983531719,P90 percentile cone,0.9,1,119612.3588937319
KALMAEGI,2025-11-02 12:00:00,24,51,21.40814983531719,P90 covariance ellipse,0.9,1,65518.95212542386
KALMAEGI,2025-11-02 18:00:00,24,51,56.20349331461754,Fixed-radius region,,0,1963.4928890086885
KALMAEGI,2025-11-02 18:00:00,24,51,56.20349331461754,P50 percentile cone,0.5,1,38041.13457867098
KALMAEGI,2025-11-02 18:00:00,24,51,56.20349331461754,P50 covariance ellipse,0.5,1,27774.392157895098
KALMAEGI,2025-11-02 18:00:00,24,51,56.20349331461754,P90 percentile cone,0.9,1,171697.92992020407
KALMAEGI,2025-11-02 18:00:00,24,51,56.20349331461754,P90 covariance ellipse,0.9,1,92264.53362773095
KALMAEGI,2025-11-03 00:00:00,24,51,7.704542630054823,Fixed-radius region,,1,1963.4928890086885
KALMAEGI,2025-11-03 00:00:00,24,51,7.704542630054823,P50 percentile cone,0.5,1,42586.75841795711
KALMAEGI,2025-11-03 00:00:00,24,51,7.704542630054823,P50 covariance ellipse,0.5,1,26978.406311847033
KALMAEGI,2025-11-03 00:00:00,24,51,7.704542630054823,P90 percentile cone,0.9,1,129233.725214097
KALMAEGI,2025-11-03 00:00:00,24,51,7.704542630054823,P90 covariance ellipse,0.9,1,89620.32588261119
KALMAEGI,2025-11-03 06:00:00,24,51,53.18502169669842,Fixed-radius region,,0,1963.4928890086885
KALMAEGI,2025-11-03 06:00:00,24,51,53.18502169669842,P50 percentile cone,0.5,1,38722.564632602436
KALMAEGI,2025-11-03 06:00:00,24,51,53.18502169669842,P50 covariance ellipse,0.5,1,22843.493113703495
KALMAEGI,2025-11-03 06:00:00,24,51,53.18502169669842,P90 percentile cone,0.9,1,130527.75194280854
KALMAEGI,2025-11-03 06:00:00,24,51,53.18502169669842,P90 covariance ellipse,0.9,1,75884.44155977762
KALMAEGI,2025-11-03 12:00:00,24,51,35.325744175886456,Fixed-radius region,,0,1963.4928890086885
KALMAEGI,2025-11-03 12:00:00,24,51,35.325744175886456,P50 percentile cone,0.5,1,31269.594205079666
KALMAEGI,2025-11-03 12:00:00,24,51,35.325744175886456,P50 covariance ellipse,0.5,1,17409.163723082474
KALMAEGI,2025-11-03 12:00:00,24,51,35.325744175886456,P90 percentile cone,0.9,1,81232.63862458809
KALMAEGI,2025-11-03 12:00:00,24,51,35.325744175886456,P90 covariance ellipse,0.9,1,57831.99008020153
KALMAEGI,2025-11-03 18:00:00,24,51,56.79385838081963,Fixed-radius region,,0,1963.4928890086885
KALMAEGI,2025-11-03 18:00:00,24,51,56.79385838081963,P50 percentile cone,0.5,1,31497.55362988275
KALMAEGI,2025-11-03 18:00:00,24,51,56.79385838081963,P50 covariance ellipse,0.5,1,29375.82164388515
KALMAEGI,2025-11-03 18:00:00,24,51,56.79385838081963,P90 percentile cone,0.9,1,133235.1369556002
KALMAEGI,2025-11-03 18:00:00,24,51,56.79385838081963,P90 covariance ellipse,0.9,1,97584.36722922232
KALMAEGI,2025-11-04 00:00:00,24,51,54.86079705308291,Fixed-radius region,,0,1963.4928890086885
KALMAEGI,2025-11-04 00:00:00,24,51,54.86079705308291,P50 percentile cone,0.5,1,21883.70537300925
KALMAEGI,2025-11-04 00:00:00,24,51,54.86079705308291,P50 covariance ellipse,0.5,1,16468.809580585297
KALMAEGI,2025-11-04 00:00:00,24,51,54.86079705308291,P90 percentile cone,0.9,1,93568.86935669044
KALMAEGI,2025-11-04 00:00:00,24,51,54.86079705308291,P90 covariance ellipse,0.9,1,54708.20123509646
KALMAEGI,2025-11-04 06:00:00,24,51,40.88334716126004,Fixed-radius region,,0,1963.4928890086885
KALMAEGI,2025-11-04 06:00:00,24,51,40.88334716126004,P50 percentile cone,0.5,1,33833.76657890811
KALMAEGI,2025-11-04 06:00:00,24,51,40.88334716126004,P50 covariance ellipse,0.5,1,22428.01409898811
KALMAEGI,2025-11-04 06:00:00,24,51,40.88334716126004,P90 percentile cone,0.9,1,97172.99546076845
KALMAEGI,2025-11-04 06:00:00,24,51,40.88334716126004,P90 covariance ellipse,0.9,1,74504.25014795846
KALMAEGI,2025-11-04 12:00:00,24,51,37.79923487056727,Fixed-radius region,,0,1963.4928890086885
KALMAEGI,2025-11-04 12:00:00,24,51,37.79923487056727,P50 percentile cone,0.5,1,28466.611414978754
KALMAEGI,2025-11-04 12:00:00,24,51,37.79923487056727,P50 covariance ellipse,0.5,1,15176.970296251517
KALMAEGI,2025-11-04 12:00:00,24,51,37.79923487056727,P90 percentile cone,0.9,1,93800.46928360581
KALMAEGI,2025-11-04 12:00:00,24,51,37.79923487056727,P90 covariance ellipse,0.9,1,50416.80402238888
KALMAEGI,2025-11-04 18:00:00,24,50,64.42707811238829,Fixed-radius region,,0,1963.4928890086885
KALMAEGI,2025-11-04 18:00:00,24,50,64.42707811238829,P50 percentile cone,0.5,1,27296.853281171618
KALMAEGI,2025-11-04 18:00:00,24,50,64.42707811238829,P50 covariance ellipse,0.5,0,15789.428914391954
KALMAEGI,2025-11-04 18:00:00,24,50,64.42707811238829,P90 percentile cone,0.9,1,83347.01123641213
KALMAEGI,2025-11-04 18:00:00,24,50,64.42707811238829,P90 covariance ellipse,0.9,1,52451.34751294549
KALMAEGI,2025-11-05 00:00:00,24,51,78.00544451484878,Fixed-radius region,,0,1963.4928890086885
KALMAEGI,2025-11-05 00:00:00,24,51,78.00544451484878,P50 percentile cone,0.5,1,19985.359412422204
KALMAEGI,2025-11-05 00:00:00,24,51,78.00544451484878,P50 covariance ellipse,0.5,0,8940.727772310911
KALMAEGI,2025-11-05 00:00:00,24,51,78.00544451484878,P90 percentile cone,0.9,1,59103.02644188017
KALMAEGI,2025-11-05 00:00:00,24,51,78.00544451484878,P90 covariance ellipse,0.9,1,29700.454775579314
KALMAEGI,2025-11-05 06:00:00,24,51,72.20825047677334,Fixed-radius region,,0,1963.4928890086885
KALMAEGI,2025-11-05 06:00:00,24,51,72.20825047677334,P50 percentile cone,0.5,1,18086.740105939138
KALMAEGI,2025-11-05 06:00:00,24,51,72.20825047677334,P50 covariance ellipse,0.5,1,9887.297258445158
KALMAEGI,2025-11-05 06:00:00,24,51,72.20825047677334,P90 percentile cone,0.9,1,73161.33869198305
KALMAEGI,2025-11-05 06:00:00,24,51,72.20825047677334,P90 covariance ellipse,0.9,1,32844.890545331764
KALMAEGI,2025-11-05 12:00:00,24,51,79.03609468291684,Fixed-radius region,,0,1963.4928890086885
KALMAEGI,2025-11-05 12:00:00,24,51,79.03609468291684,P50 percentile cone,0.5,0,15528.631364240446
KALMAEGI,2025-11-05 12:00:00,24,51,79.03609468291684,P50 covariance ellipse,0.5,0,5317.6824900798065
KALMAEGI,2025-11-05 12:00:00,24,51,79.03609468291684,P90 percentile cone,0.9,1,30393.37549564165
KALMAEGI,2025-11-05 12:00:00,24,51,79.03609468291684,P90 covariance ellipse,0.9,1,17664.958863486696
KALMAEGI,2025-11-05 18:00:00,24,51,43.35215749525028,Fixed-radius region,,0,1963.4928890086885
KALMAEGI,2025-11-05 18:00:00,24,51,43.35215749525028,P50 percentile cone,0.5,1,33711.6722977365
KALMAEGI,2025-11-05 18:00:00,24,51,43.35215749525028,P50 covariance ellipse,0.5,1,12849.516880505991
KALMAEGI,2025-11-05 18:00:00,24,51,43.35215749525028,P90 percentile cone,0.9,1,79576.626798978
KALMAEGI,2025-11-05 18:00:00,24,51,43.35215749525028,P90 covariance ellipse,0.9,1,42685.171131082265
KALMAEGI,2025-11-06 00:00:00,24,51,48.38390081624722,Fixed-radius region,,0,1963.4928890086885
KALMAEGI,2025-11-06 00:00:00,24,51,48.38390081624722,P50 percentile cone,0.5,1,32750.59889466717
KALMAEGI,2025-11-06 00:00:00,24,51,48.38390081624722,P50 covariance ellipse,0.5,1,14880.405647025727
KALMAEGI,2025-11-06 00:00:00,24,51,48.38390081624722,P90 percentile cone,0.9,1,46536.432283678994
KALMAEGI,2025-11-06 00:00:00,24,51,48.38390081624722,P90 covariance ellipse,0.9,1,49431.63758217531
KALMAEGI,2025-11-06 06:00:00,24,51,86.58852907121612,Fixed-radius region,,0,1963.4928890086885
KALMAEGI,2025-11-06 06:00:00,24,51,86.58852907121612,P50 percentile cone,0.5,0,23233.721249818303
KALMAEGI,2025-11-06 06:00:00,24,51,86.58852907121612,P50 covariance ellipse,0.5,0,13971.241806682274
KALMAEGI,2025-11-06 06:00:00,24,51,86.58852907121612,P90 percentile cone,0.9,1,58902.38401975361
KALMAEGI,2025-11-06 06:00:00,24,51,86.58852907121612,P90 covariance ellipse,0.9,1,46411.46067808271
KALMAEGI,2025-11-06 12:00:00,24,51,28.333348544932342,Fixed-radius region,,0,1963.4928890086885
KALMAEGI,2025-11-06 12:00:00,24,51,28.333348544932342,P50 percentile cone,0.5,1,17703.735808516518
KALMAEGI,2025-11-06 12:00:00,24,51,28.333348544932342,P50 covariance ellipse,0.5,1,11944.575297577947
KALMAEGI,2025-11-06 12:00:00,24,51,28.333348544932342,P90 percentile cone,0.9,1,43965.81183774405
KALMAEGI,2025-11-06 12:00:00,24,51,28.333348544932342,P90 covariance ellipse,0.9,1,39679.02026252175
KALMAEGI,2025-11-06 18:00:00,24,46,26.78838610480433,Fixed-radius region,,0,1963.4928890086885
KALMAEGI,2025-11-06 18:00:00,24,46,26.78838610480433,P50 percentile cone,0.5,1,20650.247494907726
KALMAEGI,2025-11-06 18:00:00,24,46,26.78838610480433,P50 covariance ellipse,0.5,1,9545.807684958878
KALMAEGI,2025-11-06 18:00:00,24,46,26.78838610480433,P90 percentile cone,0.9,1,53974.32049487923
KALMAEGI,2025-11-06 18:00:00,24,46,26.78838610480433,P90 covariance ellipse,0.9,1,31710.48673705658
KOTO,2025-11-25 12:00:00,24,51,42.15996927819384,Fixed-radius region,,0,1963.4928890086885
KOTO,2025-11-25 12:00:00,24,51,42.15996927819384,P50 percentile cone,0.5,1,20478.999174989494
KOTO,2025-11-25 12:00:00,24,51,42.15996927819384,P50 covariance ellipse,0.5,1,13155.583894499056
KOTO,2025-11-25 12:00:00,24,51,42.15996927819384,P90 percentile cone,0.9,1,50470.63834433518
KOTO,2025-11-25 12:00:00,24,51,42.15996927819384,P90 covariance ellipse,0.9,1,43701.90374378411
KOTO,2025-11-25 18:00:00,24,51,17.360759322069708,Fixed-radius region,,1,1963.4928890086885
KOTO,2025-11-25 18:00:00,24,51,17.360759322069708,P50 percentile cone,0.5,1,20235.47069540063
KOTO,2025-11-25 18:00:00,24,51,17.360759322069708,P50 covariance ellipse,0.5,1,11034.421335355208
KOTO,2025-11-25 18:00:00,24,51,17.360759322069708,P90 percentile cone,0.9,1,57352.31724015243
KOTO,2025-11-25 18:00:00,24,51,17.360759322069708,P90 covariance ellipse,0.9,1,36655.55424474098
KOTO,2025-11-26 00:00:00,24,51,28.971160677742535,Fixed-radius region,,0,1963.4928890086885
KOTO,2025-11-26 00:00:00,24,51,28.971160677742535,P50 percentile cone,0.5,1,18196.67350928718
KOTO,2025-11-26 00:00:00,24,51,28.971160677742535,P50 covariance ellipse,0.5,1,8219.350408754291
KOTO,2025-11-26 00:00:00,24,51,28.971160677742535,P90 percentile cone,0.9,1,38918.66693023731
KOTO,2025-11-26 00:00:00,24,51,28.971160677742535,P90 covariance ellipse,0.9,1,27304.0910445648
KOTO,2025-11-26 06:00:00,24,51,26.200510152489475,Fixed-radius region,,0,1963.4928890086885
KOTO,2025-11-26 06:00:00,24,51,26.200510152489475,P50 percentile cone,0.5,1,19819.829808710812
KOTO,2025-11-26 06:00:00,24,51,26.200510152489475,P50 covariance ellipse,0.5,1,10492.24417612933
KOTO,2025-11-26 06:00:00,24,51,26.200510152489475,P90 percentile cone,0.9,1,62172.642660812984
KOTO,2025-11-26 06:00:00,24,51,26.200510152489475,P90 covariance ellipse,0.9,1,34854.480707102324
KOTO,2025-11-26 12:00:00,24,51,41.34617287520037,Fixed-radius region,,0,1963.4928890086885
KOTO,2025-11-26 12:00:00,24,51,41.34617287520037,P50 percentile cone,0.5,1,17188.722179739547
KOTO,2025-11-26 12:00:00,24,51,41.34617287520037,P50 covariance ellipse,0.5,1,6720.813806074456
KOTO,2025-11-26 12:00:00,24,51,41.34617287520037,P90 percentile cone,0.9,1,36705.96054512898
KOTO,2025-11-26 12:00:00,24,51,41.34617287520037,P90 covariance ellipse,0.9,1,22326.0602029056
KOTO,2025-11-26 18:00:00,24,51,38.14424429892201,Fixed-radius region,,0,1963.4928890086885
KOTO,2025-11-26 18:00:00,24,51,38.14424429892201,P50 percentile cone,0.5,1,17448.50603569888
KOTO,2025-11-26 18:00:00,24,51,38.14424429892201,P50 covariance ellipse,0.5,1,11938.751630990117
KOTO,2025-11-26 18:00:00,24,51,38.14424429892201,P90 percentile cone,0.9,1,68562.3763772892
KOTO,2025-11-26 18:00:00,24,51,38.14424429892201,P90 covariance ellipse,0.9,1,39659.67446086838
KOTO,2025-11-27 00:00:00,24,51,37.519683195282774,Fixed-radius region,,0,1963.4928890086885
KOTO,2025-11-27 00:00:00,24,51,37.519683195282774,P50 percentile cone,0.5,1,18111.481094869305
KOTO,2025-11-27 00:00:00,24,51,37.519683195282774,P50 covariance ellipse,0.5,1,7861.635154125457
KOTO,2025-11-27 00:00:00,24,51,37.519683195282774,P90 percentile cone,0.9,1,40411.96071605565
KOTO,2025-11-27 00:00:00,24,51,37.519683195282774,P90 covariance ellipse,0.9,1,26115.78669024349
KOTO,2025-11-27 06:00:00,24,51,58.7773225776483,Fixed-radius region,,0,1963.4928890086885
KOTO,2025-11-27 06:00:00,24,51,58.7773225776483,P50 percentile cone,0.5,1,24342.41725574649
KOTO,2025-11-27 06:00:00,24,51,58.7773225776483,P50 covariance ellipse,0.5,1,12184.435166241237
KOTO,2025-11-27 06:00:00,24,51,58.7773225776483,P90 percentile cone,0.9,1,52980.041744197326
KOTO,2025-11-27 06:00:00,24,51,58.7773225776483,P90 covariance ellipse,0.9,1,40475.81749907033
KOTO,2025-11-27 12:00:00,24,51,34.452479789160506,Fixed-radius region,,0,1963.4928890086885
KOTO,2025-11-27 12:00:00,24,51,34.452479789160506,P50 percentile cone,0.5,1,17155.743225296726
KOTO,2025-11-27 12:00:00,24,51,34.452479789160506,P50 covariance ellipse,0.5,1,8572.587752680625
KOTO,2025-11-27 12:00:00,24,51,34.452479789160506,P90 percentile cone,0.9,1,52719.95774778754
KOTO,2025-11-27 12:00:00,24,51,34.452479789160506,P90 covariance ellipse,0.9,1,28477.52010151708
KOTO,2025-11-27 18:00:00,24,51,32.62227199331462,Fixed-radius region,,0,1963.4928890086885
KOTO,2025-11-27 18:00:00,24,51,32.62227199331462,P50 percentile cone,0.5,1,15996.126223696625
KOTO,2025-11-27 18:00:00,24,51,32.62227199331462,P50 covariance ellipse,0.5,1,5422.936926348231
KOTO,2025-11-27 18:00:00,24,51,32.62227199331462,P90 percentile cone,0.9,1,32227.544349576354
KOTO,2025-11-27 18:00:00,24,51,32.62227199331462,P90 covariance ellipse,0.9,1,18014.606532438305
KOTO,2025-11-28 00:00:00,24,51,17.133881852715945,Fixed-radius region,,1,1963.4928890086885
KOTO,2025-11-28 00:00:00,24,51,17.133881852715945,P50 percentile cone,0.5,1,13473.976023302634
KOTO,2025-11-28 00:00:00,24,51,17.133881852715945,P50 covariance ellipse,0.5,1,6720.346400668096
KOTO,2025-11-28 00:00:00,24,51,17.133881852715945,P90 percentile cone,0.9,1,43341.89072465984
KOTO,2025-11-28 00:00:00,24,51,17.133881852715945,P90 covariance ellipse,0.9,1,22324.507515754507
KOTO,2025-11-28 06:00:00,24,50,25.44058463607781,Fixed-radius region,,0,1963.4928890086885
KOTO,2025-11-28 06:00:00,24,50,25.44058463607781,P50 percentile cone,0.5,1,14454.65189787649
KOTO,2025-11-28 06:00:00,24,50,25.44058463607781,P50 covariance ellipse,0.5,1,6241.914957243875
KOTO,2025-11-28 06:00:00,24,50,25.44058463607781,P90 percentile cone,0.9,1,33221.62951964199
KOTO,2025-11-28 06:00:00,24,50,25.44058463607781,P90 covariance ellipse,0.9,1,20735.192662366073
KOTO,2025-11-28 12:00:00,24,51,52.03097775726806,Fixed-radius region,,0,1963.4928890086885
KOTO,2025-11-28 12:00:00,24,51,52.03097775726806,P50 percentile cone,0.5,1,13792.664743919342
KOTO,2025-11-28 12:00:00,24,51,52.03097775726806,P50 covariance ellipse,0.5,0,6128.197498005692
KOTO,2025-11-28 12:00:00,24,51,52.03097775726806,P90 percentile cone,0.9,1,35494.527977252284
KOTO,2025-11-28 12:00:00,24,51,52.03097775726806,P90 covariance ellipse,0.9,1,20357.431439643544
KOTO,2025-11-28 18:00:00,24,51,60.10816336727312,Fixed-radius region,,0,1963.4928890086885
KOTO,2025-11-28 18:00:00,24,51,60.10816336727312,P50 percentile cone,0.5,1,14996.090130004806
KOTO,2025-11-28 18:00:00,24,51,60.10816336727312,P50 covariance ellipse,0.5,0,6370.4490871133985
KOTO,2025-11-28 18:00:00,24,51,60.10816336727312,P90 percentile cone,0.9,1,35761.23788886276
KOTO,2025-11-28 18:00:00,24,51,60.10816336727312,P90 covariance ellipse,0.9,1,21162.173799531545
KOTO,2025-11-29 00:00:00,24,51,10.995244790135532,Fixed-radius region,,1,1963.4928890086885
KOTO,2025-11-29 00:00:00,24,51,10.995244790135532,P50 percentile cone,0.5,1,13381.59630381497
KOTO,2025-11-29 00:00:00,24,51,10.995244790135532,P50 covariance ellipse,0.5,1,4819.431728527365
KOTO,2025-11-29 00:00:00,24,51,10.995244790135532,P90 percentile cone,0.9,1,29018.098697158744
KOTO,2025-11-29 00:00:00,24,51,10.995244790135532,P90 covariance ellipse,0.9,1,16009.805660386613
KOTO,2025-11-29 06:00:00,24,51,21.228311817698167,Fixed-radius region,,1,1963.4928890086885
KOTO,2025-11-29 06:00:00,24,51,21.228311817698167,P50 percentile cone,0.5,1,11884.955330529745
KOTO,2025-11-29 06:00:00,24,51,21.228311817698167,P50 covariance ellipse,0.5,1,5779.901686689028
KOTO,2025-11-29 06:00:00,24,51,21.228311817698167,P90 percentile cone,0.9,1,35137.978504101404
KOTO,2025-11-29 06:00:00,24,51,21.228311817698167,P90 covariance ellipse,0.9,1,19200.41779869913
KOTO,2025-11-29 12:00:00,24,51,27.09983816832608,Fixed-radius region,,0,1963.4928890086885
KOTO,2025-11-29 12:00:00,24,51,27.09983816832608,P50 percentile cone,0.5,1,9112.374087950138
KOTO,2025-11-29 12:00:00,24,51,27.09983816832608,P50 covariance ellipse,0.5,1,3567.3287359792785
KOTO,2025-11-29 12:00:00,24,51,27.09983816832608,P90 percentile cone,0.9,1,25001.529121413707
KOTO,2025-11-29 12:00:00,24,51,27.09983816832608,P90 covariance ellipse,0.9,1,11850.409551748586
KOTO,2025-11-29 18:00:00,24,51,30.149158603657693,Fixed-radius region,,0,1963.4928890086885
KOTO,2025-11-29 18:00:00,24,51,30.149158603657693,P50 percentile cone,0.5,1,18709.75257339702
KOTO,2025-11-29 18:00:00,24,51,30.149158603657693,P50 covariance ellipse,0.5,1,8590.501064463373
KOTO,2025-11-29 18:00:00,24,51,30.149158603657693,P90 percentile cone,0.9,1,44795.731422374134
KOTO,2025-11-29 18:00:00,24,51,30.149158603657693,P90 covariance ellipse,0.9,1,28537.026835200664
KOTO,2025-11-30 00:00:00,24,51,27.193455142642662,Fixed-radius region,,0,1963.4928890086885
KOTO,2025-11-30 00:00:00,24,51,27.193455142642662,P50 percentile cone,0.5,1,15635.79768076556
KOTO,2025-11-30 00:00:00,24,51,27.193455142642662,P50 covariance ellipse,0.5,1,6368.604133486107
KOTO,2025-11-30 00:00:00,24,51,27.193455142642662,P90 percentile cone,0.9,1,31367.880924499128
KOTO,2025-11-30 00:00:00,24,51,27.193455142642662,P90 covariance ellipse,0.9,1,21156.04499624328
KOTO,2025-11-30 06:00:00,24,51,44.9459945405233,Fixed-radius region,,0,1963.4928890086885
KOTO,2025-11-30 06:00:00,24,51,44.9459945405233,P50 percentile cone,0.5,1,16050.622119818065
KOTO,2025-11-30 06:00:00,24,51,44.9459945405233,P50 covariance ellipse,0.5,1,6972.988723365749
KOTO,2025-11-30 06:00:00,24,51,44.9459945405233,P90 percentile cone,0.9,1,37430.5422814865
KOTO,2025-11-30 06:00:00,24,51,44.9459945405233,P90 covariance ellipse,0.9,1,23163.76714548144
KOTO,2025-11-30 12:00:00,24,51,20.92251973419147,Fixed-radius region,,1,1963.4928890086885
KOTO,2025-11-30 12:00:00,24,51,20.92251973419147,P50 percentile cone,0.5,1,12268.357544528757
KOTO,2025-11-30 12:00:00,24,51,20.92251973419147,P50 covariance ellipse,0.5,1,4623.477637362762
KOTO,2025-11-30 12:00:00,24,51,20.92251973419147,P90 percentile cone,0.9,1,29874.86280309048
KOTO,2025-11-30 12:00:00,24,51,20.92251973419147,P90 covariance ellipse,0.9,1,15358.860259638801
KOTO,2025-11-30 18:00:00,24,48,23.5871907655509,Fixed-radius region,,1,1963.4928890086885
KOTO,2025-11-30 18:00:00,24,48,23.5871907655509,P50 percentile cone,0.5,1,15336.561219148967
KOTO,2025-11-30 18:00:00,24,48,23.5871907655509,P50 covariance ellipse,0.5,1,6018.522920631519
KOTO,2025-11-30 18:00:00,24,48,23.5871907655509,P90 percentile cone,0.9,1,38033.46972898431
KOTO,2025-11-30 18:00:00,24,48,23.5871907655509,P90 covariance ellipse,0.9,1,19993.10037976938
KOTO,2025-12-01 00:00:00,24,42,30.652969868358408,Fixed-radius region,,0,1963.4928890086885
KOTO,2025-12-01 00:00:00,24,42,30.652969868358408,P50 percentile cone,0.5,1,13092.42037286382
KOTO,2025-12-01 00:00:00,24,42,30.652969868358408,P50 covariance ellipse,0.5,1,4384.331359989903
KOTO,2025-12-01 00:00:00,24,42,30.652969868358408,P90 percentile cone,0.9,1,26411.43299889507
KOTO,2025-12-01 00:00:00,24,42,30.652969868358408,P90 covariance ellipse,0.9,1,14564.433522046176
KOTO,2025-12-01 06:00:00,24,35,18.10382150359049,Fixed-radius region,,1,1963.4928890086885
KOTO,2025-12-01 06:00:00,24,35,18.10382150359049,P50 percentile cone,0.5,1,10477.696223374596
KOTO,2025-12-01 06:00:00,24,35,18.10382150359049,P50 covariance ellipse,0.5,1,2986.3810938633774
KOTO,2025-12-01 06:00:00,24,35,18.10382150359049,P90 percentile cone,0.9,1,25156.391650726244
KOTO,2025-12-01 06:00:00,24,35,18.10382150359049,P90 covariance ellipse,0.9,1,9920.543257745205
KOTO,2025-12-01 12:00:00,24,26,67.936187438915,Fixed-radius region,,0,1963.4928890086885
KOTO,2025-12-01 12:00:00,24,26,67.936187438915,P50 percentile cone,0.5,0,12848.217074700618
KOTO,2025-12-01 12:00:00,24,26,67.936187438915,P50 covariance ellipse,0.5,0,3997.0408648817943
KOTO,2025-12-01 12:00:00,24,26,67.936187438915,P90 percentile cone,0.9,1,26909.49597102649
KOTO,2025-12-01 12:00:00,24,26,67.936187438915,P90 covariance ellipse,0.9,0,13277.882345463711
KOTO,2025-12-01 18:00:00,24,8,75.72632861816449,Fixed-radius region,,0,1963.4928890086885
KOTO,2025-12-01 18:00:00,24,8,75.72632861816449,P50 percentile cone,0.5,1,20440.841844987168
KOTO,2025-12-01 18:00:00,24,8,75.72632861816449,P50 covariance ellipse,0.5,0,8538.758319349641
KOTO,2025-12-01 18:00:00,24,8,75.72632861816449,P90 percentile cone,0.9,1,39514.4041119841
KOTO,2025-12-01 18:00:00,24,8,75.72632861816449,P90 covariance ellipse,0.9,1,28365.141156500766
KOTO,2025-12-02 00:00:00,24,7,42.23964611027816,Fixed-radius region,,0,1963.4928890086885
KOTO,2025-12-02 00:00:00,24,7,42.23964611027816,P50 percentile cone,0.5,1,32972.49813746214
KOTO,2025-12-02 00:00:00,24,7,42.23964611027816,P50 covariance ellipse,0.5,1,14662.249849647329
KOTO,2025-12-02 00:00:00,24,7,42.23964611027816,P90 percentile cone,0.9,1,49211.01218734585
KOTO,2025-12-02 00:00:00,24,7,42.23964611027816,P90 covariance ellipse,0.9,1,48706.93970980146
KOTO,2025-12-02 06:00:00,24,4,68.44007191947384,Fixed-radius region,,0,1963.4928890086885
KOTO,2025-12-02 06:00:00,24,4,68.44007191947384,P50 percentile cone,0.5,0,12080.987940413506
KOTO,2025-12-02 06:00:00,24,4,68.44007191947384,P50 covariance ellipse,0.5,0,4368.158360179432
KOTO,2025-12-02 06:00:00,24,4,68.44007191947384,P90 percentile cone,0.9,1,21312.511824888286
KOTO,2025-12-02 06:00:00,24,4,68.44007191947384,P90 covariance ellipse,0.9,0,14510.707979597164
KOTO,2025-12-02 12:00:00,24,3,209.92682933946548,Fixed-radius region,,0,1963.4928890086885
KOTO,2025-12-02 12:00:00,24,3,209.92682933946548,P50 percentile cone,0.5,0,70127.84705493046
KOTO,2025-12-02 12:00:00,24,3,209.92682933946548,P50 covariance ellipse,0.5,0,3946.3486332968464
KOTO,2025-12-02 12:00:00,24,3,209.92682933946548,P90 percentile cone,0.9,1,186541.7232061364
KOTO,2025-12-02 12:00:00,24,3,209.92682933946548,P90 covariance ellipse,0.9,0,13109.486397169137
MELISSA,2025-10-23 00:00:00,24,51,22.029291661940228,Fixed-radius region,,1,1963.4928890086885
MELISSA,2025-10-23 00:00:00,24,51,22.029291661940228,P50 percentile cone,0.5,1,48387.66987811296
MELISSA,2025-10-23 00:00:00,24,51,22.029291661940228,P50 covariance ellipse,0.5,1,25116.268321169875
MELISSA,2025-10-23 00:00:00,24,51,22.029291661940228,P90 percentile cone,0.9,1,152925.68185994908
MELISSA,2025-10-23 00:00:00,24,51,22.029291661940228,P90 covariance ellipse,0.9,1,83434.43737482364
MELISSA,2025-10-23 06:00:00,24,51,27.771174941976174,Fixed-radius region,,0,1963.4928890086885
MELISSA,2025-10-23 06:00:00,24,51,27.771174941976174,P50 percentile cone,0.5,1,42322.99907652218
MELISSA,2025-10-23 06:00:00,24,51,27.771174941976174,P50 covariance ellipse,0.5,1,25508.177115061884
MELISSA,2025-10-23 06:00:00,24,51,27.771174941976174,P90 percentile cone,0.9,1,142075.7603509719
MELISSA,2025-10-23 06:00:00,24,51,27.771174941976174,P90 covariance ellipse,0.9,1,84736.33020788693
MELISSA,2025-10-23 12:00:00,24,51,18.595356484671207,Fixed-radius region,,1,1963.4928890086885
MELISSA,2025-10-23 12:00:00,24,51,18.595356484671207,P50 percentile cone,0.5,1,21969.44613472598
MELISSA,2025-10-23 12:00:00,24,51,18.595356484671207,P50 covariance ellipse,0.5,1,13885.538397973834
MELISSA,2025-10-23 12:00:00,24,51,18.595356484671207,P90 percentile cone,0.9,1,87832.78885824677
MELISSA,2025-10-23 12:00:00,24,51,18.595356484671207,P90 covariance ellipse,0.9,1,46126.760116866535
MELISSA,2025-10-23 18:00:00,24,51,32.99617485036682,Fixed-radius region,,0,1963.4928890086885
MELISSA,2025-10-23 18:00:00,24,51,32.99617485036682,P50 percentile cone,0.5,1,42376.16130717602
MELISSA,2025-10-23 18:00:00,24,51,32.99617485036682,P50 covariance ellipse,0.5,1,21556.73854455074
MELISSA,2025-10-23 18:00:00,24,51,32.99617485036682,P90 percentile cone,0.9,1,117906.20414043937
MELISSA,2025-10-23 18:00:00,24,51,32.99617485036682,P90 covariance ellipse,0.9,1,71609.9354052844
MELISSA,2025-10-24 00:00:00,24,51,116.84500633987251,Fixed-radius region,,0,1963.4928890086885
MELISSA,2025-10-24 00:00:00,24,51,116.84500633987251,P50 percentile cone,0.5,0,38248.510446841836
MELISSA,2025-10-24 00:00:00,24,51,116.84500633987251,P50 covariance ellipse,0.5,0,20653.11380907728
MELISSA,2025-10-24 00:00:00,24,51,116.84500633987251,P90 percentile cone,0.9,1,91327.90581485255
MELISSA,2025-10-24 00:00:00,24,51,116.84500633987251,P90 covariance ellipse,0.9,1,68608.15900927996
MELISSA,2025-10-24 12:00:00,24,51,84.2899261272884,Fixed-radius region,,0,1963.4928890086885
MELISSA,2025-10-24 12:00:00,24,51,84.2899261272884,P50 percentile cone,0.5,1,26414.4334864704
MELISSA,2025-10-24 12:00:00,24,51,84.2899261272884,P50 covariance ellipse,0.5,0,13266.74329095411
MELISSA,2025-10-24 12:00:00,24,51,84.2899261272884,P90 percentile cone,0.9,1,81590.09272625048
MELISSA,2025-10-24 12:00:00,24,51,84.2899261272884,P90 covariance ellipse,0.9,1,44071.167265878874
MELISSA,2025-10-24 18:00:00,24,51,58.868878387746676,Fixed-radius region,,0,1963.4928890086885
MELISSA,2025-10-24 18:00:00,24,51,58.868878387746676,P50 percentile cone,0.5,1,34416.99254653859
MELISSA,2025-10-24 18:00:00,24,51,58.868878387746676,P50 covariance ellipse,0.5,1,17850.543414216303
MELISSA,2025-10-24 18:00:00,24,51,58.868878387746676,P90 percentile cone,0.9,1,111479.98429588911
MELISSA,2025-10-24 18:00:00,24,51,58.868878387746676,P90 covariance ellipse,0.9,1,59298.221676691704
MELISSA,2025-10-25 00:00:00,24,51,24.923199773512543,Fixed-radius region,,1,1963.4928890086885
MELISSA,2025-10-25 00:00:00,24,51,24.923199773512543,P50 percentile cone,0.5,1,40212.45970204764
MELISSA,2025-10-25 00:00:00,24,51,24.923199773512543,P50 covariance ellipse,0.5,1,17069.23608400558
MELISSA,2025-10-25 00:00:00,24,51,24.923199773512543,P90 percentile cone,0.9,1,134705.88331408935
MELISSA,2025-10-25 00:00:00,24,51,24.923199773512543,P90 covariance ellipse,0.9,1,56702.774905723265
MELISSA,2025-10-25 12:00:00,24,50,36.94688878031362,Fixed-radius region,,0,1963.4928890086885
MELISSA,2025-10-25 12:00:00,24,50,36.94688878031362,P50 percentile cone,0.5,1,37521.751149275085
MELISSA,2025-10-25 12:00:00,24,50,36.94688878031362,P50 covariance ellipse,0.5,1,16358.724864978185
MELISSA,2025-10-25 12:00:00,24,50,36.94688878031362,P90 percentile cone,0.9,1,133405.4300849479
MELISSA,2025-10-25 12:00:00,24,50,36.94688878031362,P90 covariance ellipse,0.9,1,54342.5077255035
MELISSA,2025-10-25 18:00:00,24,51,48.03241079143587,Fixed-radius region,,0,1963.4928890086885
MELISSA,2025-10-25 18:00:00,24,51,48.03241079143587,P50 percentile cone,0.5,1,57009.71038544981
MELISSA,2025-10-25 18:00:00,24,51,48.03241079143587,P50 covariance ellipse,0.5,1,29707.64731228159
MELISSA,2025-10-25 18:00:00,24,51,48.03241079143587,P90 percentile cone,0.9,1,166130.387057355
MELISSA,2025-10-25 18:00:00,24,51,48.03241079143587,P90 covariance ellipse,0.9,1,98686.66823967325
MELISSA,2025-10-26 00:00:00,24,51,30.48782392722361,Fixed-radius region,,0,1963.4928890086885
MELISSA,2025-10-26 00:00:00,24,51,30.48782392722361,P50 percentile cone,0.5,1,29336.86590381665
MELISSA,2025-10-26 00:00:00,24,51,30.48782392722361,P50 covariance ellipse,0.5,1,15308.90601233005
MELISSA,2025-10-26 00:00:00,24,51,30.48782392722361,P90 percentile cone,0.9,1,82322.18628232258
MELISSA,2025-10-26 00:00:00,24,51,30.48782392722361,P90 covariance ellipse,0.9,1,50855.08498434924
MELISSA,2025-10-26 06:00:00,24,51,42.28335066475328,Fixed-radius region,,0,1963.4928890086885
MELISSA,2025-10-26 06:00:00,24,51,42.28335066475328,P50 percentile cone,0.5,1,40588.824163532365
MELISSA,2025-10-26 06:00:00,24,51,42.28335066475328,P50 covariance ellipse,0.5,1,21751.295038259457
MELISSA,2025-10-26 06:00:00,24,51,42.28335066475328,P90 percentile cone,0.9,1,123300.03805459003
MELISSA,2025-10-26 06:00:00,24,51,42.28335066475328,P90 covariance ellipse,0.9,1,72256.23808777817
MELISSA,2025-10-26 12:00:00,24,51,53.67166416310075,Fixed-radius region,,0,1963.4928890086885
MELISSA,2025-10-26 12:00:00,24,51,53.67166416310075,P50 percentile cone,0.5,1,28683.47674049528
MELISSA,2025-10-26 12:00:00,24,51,53.67166416310075,P50 covariance ellipse,0.5,1,15547.976639961154
MELISSA,2025-10-26 12:00:00,24,51,53.67166416310075,P90 percentile cone,0.9,1,87569.05679636134
MELISSA,2025-10-26 12:00:00,24,51,53.67166416310075,P90 covariance ellipse,0.9,1,51649.26041893936
MELISSA,2025-10-26 18:00:00,24,51,39.348164796597665,Fixed-radius region,,0,1963.4928890086885
MELISSA,2025-10-26 18:00:00,24,51,39.348164796597665,P50 percentile cone,0.5,1,35855.8791019915
MELISSA,2025-10-26 18:00:00,24,51,39.348164796597665,P50 covariance ellipse,0.5,1,21254.754469221138
MELISSA,2025-10-26 18:00:00,24,51,39.348164796597665,P90 percentile cone,0.9,1,114737.84216053161
MELISSA,2025-10-26 18:00:00,24,51,39.348164796597665,P90 covariance ellipse,0.9,1,70606.76602123842
MELISSA,2025-10-27 00:00:00,24,51,61.421049113836396,Fixed-radius region,,0,1963.4928890086885
MELISSA,2025-10-27 00:00:00,24,51,61.421049113836396,P50 percentile cone,0.5,1,22853.708939943404
MELISSA,2025-10-27 00:00:00,24,51,61.421049113836396,P50 covariance ellipse,0.5,1,11885.42441126966
MELISSA,2025-10-27 00:00:00,24,51,61.421049113836396,P90 percentile cone,0.9,1,61572.398377503
MELISSA,2025-10-27 00:00:00,24,51,61.421049113836396,P90 covariance ellipse,0.9,1,39482.52527145677
MELISSA,2025-10-27 06:00:00,24,51,21.364327049566278,Fixed-radius region,,1,1963.4928890086885
MELISSA,2025-10-27 06:00:00,24,51,21.364327049566278,P50 percentile cone,0.5,1,28002.50897851211
MELISSA,2025-10-27 06:00:00,24,51,21.364327049566278,P50 covariance ellipse,0.5,1,12137.148867790558
MELISSA,2025-10-27 06:00:00,24,51,21.364327049566278,P90 percentile cone,0.9,1,73488.74497004892
MELISSA,2025-10-27 06:00:00,24,51,21.364327049566278,P90 covariance ellipse,0.9,1,40318.735815743785
MELISSA,2025-10-27 12:00:00,24,51,28.254624045861604,Fixed-radius region,,0,1963.4928890086885
MELISSA,2025-10-27 12:00:00,24,51,28.254624045861604,P50 percentile cone,0.5,1,21132.239312145888
MELISSA,2025-10-27 12:00:00,24,51,28.254624045861604,P50 covariance ellipse,0.5,1,10195.670791771736
MELISSA,2025-10-27 12:00:00,24,51,28.254624045861604,P90 percentile cone,0.9,1,59142.831248664355
MELISSA,2025-10-27 12:00:00,24,51,28.254624045861604,P90 covariance ellipse,0.9,1,33869.285249409004
MELISSA,2025-10-27 18:00:00,24,51,17.388505524612533,Fixed-radius region,,1,1963.4928890086885
MELISSA,2025-10-27 18:00:00,24,51,17.388505524612533,P50 percentile cone,0.5,1,24826.197112769067
MELISSA,2025-10-27 18:00:00,24,51,17.388505524612533,P50 covariance ellipse,0.5,1,9326.698520082084
MELISSA,2025-10-27 18:00:00,24,51,17.388505524612533,P90 percentile cone,0.9,1,77565.46750191088
MELISSA,2025-10-27 18:00:00,24,51,17.388505524612533,P90 covariance ellipse,0.9,1,30982.62184640505
MELISSA,2025-10-28 00:00:00,24,51,26.245985828677696,Fixed-radius region,,0,1963.4928890086885
MELISSA,2025-10-28 00:00:00,24,51,26.245985828677696,P50 percentile cone,0.5,1,15870.218263962626
MELISSA,2025-10-28 00:00:00,24,51,26.245985828677696,P50 covariance ellipse,0.5,1,8070.186473040932
MELISSA,2025-10-28 00:00:00,24,51,26.245985828677696,P90 percentile cone,0.9,1,72853.61376735296
MELISSA,2025-10-28 00:00:00,24,51,26.245985828677696,P90 covariance ellipse,0.9,1,26808.57917577462
MELISSA,2025-10-28 06:00:00,24,51,48.75781041930446,Fixed-radius region,,0,1963.4928890086885
MELISSA,2025-10-28 06:00:00,24,51,48.75781041930446,P50 percentile cone,0.5,1,20503.53567560048
MELISSA,2025-10-28 06:00:00,24,51,48.75781041930446,P50 covariance ellipse,0.5,0,12609.59741036058
MELISSA,2025-10-28 06:00:00,24,51,48.75781041930446,P90 percentile cone,0.9,1,82846.27203117039
MELISSA,2025-10-28 06:00:00,24,51,48.75781041930446,P90 covariance ellipse,0.9,1,41888.17590269574
MELISSA,2025-10-28 12:00:00,24,51,33.269821159360355,Fixed-radius region,,0,1963.4928890086885
MELISSA,2025-10-28 12:00:00,24,51,33.269821159360355,P50 percentile cone,0.5,1,22872.041060926334
MELISSA,2025-10-28 12:00:00,24,51,33.269821159360355,P50 covariance ellipse,0.5,0,8277.277807230837
MELISSA,2025-10-28 12:00:00,24,51,33.269821159360355,P90 percentile cone,0.9,1,79140.73870546576
MELISSA,2025-10-28 12:00:00,24,51,33.269821159360355,P90 covariance ellipse,0.9,1,27496.521697027772
MELISSA,2025-10-28 18:00:00,24,51,26.872938114740776,Fixed-radius region,,0,1963.4928890086885
MELISSA,2025-10-28 18:00:00,24,51,26.872938114740776,P50 percentile cone,0.5,1,26801.72051987105
MELISSA,2025-10-28 18:00:00,24,51,26.872938114740776,P50 covariance ellipse,0.5,1,12418.697083863164
MELISSA,2025-10-28 18:00:00,24,51,26.872938114740776,P90 percentile cone,0.9,1,100902.88984141542
MELISSA,2025-10-28 18:00:00,24,51,26.872938114740776,P90 covariance ellipse,0.9,1,41254.01874478079
MELISSA,2025-10-29 00:00:00,24,51,49.730454294302696,Fixed-radius region,,0,1963.4928890086885
MELISSA,2025-10-29 00:00:00,24,51,49.730454294302696,P50 percentile cone,0.5,1,24219.8647785117
MELISSA,2025-10-29 00:00:00,24,51,49.730454294302696,P50 covariance ellipse,0.5,1,9391.600776510564
MELISSA,2025-10-29 00:00:00,24,51,49.730454294302696,P90 percentile cone,0.9,1,53054.07410942873
MELISSA,2025-10-29 00:00:00,24,51,49.730454294302696,P90 covariance ellipse,0.9,1,31198.22247545641
MELISSA,2025-10-29 06:00:00,24,51,45.160398955974216,Fixed-radius region,,0,1963.4928890086885
MELISSA,2025-10-29 06:00:00,24,51,45.160398955974216,P50 percentile cone,0.5,1,16898.59242828858
MELISSA,2025-10-29 06:00:00,24,51,45.160398955974216,P50 covariance ellipse,0.5,1,8865.613100679928
MELISSA,2025-10-29 06:00:00,24,51,45.160398955974216,P90 percentile cone,0.9,1,67190.10751572346
MELISSA,2025-10-29 06:00:00,24,51,45.160398955974216,P90 covariance ellipse,0.9,1,29450.929237550114
MELISSA,2025-10-29 12:00:00,24,51,60.67512237285571,Fixed-radius region,,0,1963.4928890086885
MELISSA,2025-10-29 12:00:00,24,51,60.67512237285571,P50 percentile cone,0.5,1,21295.242668963758
MELISSA,2025-10-29 12:00:00,24,51,60.67512237285571,P50 covariance ellipse,0.5,1,10180.43427178074
MELISSA,2025-10-29 12:00:00,24,51,60.67512237285571,P90 percentile cone,0.9,1,56723.90061057011
MELISSA,2025-10-29 12:00:00,24,51,60.67512237285571,P90 covariance ellipse,0.9,1,33818.6706255826
MELISSA,2025-10-29 18:00:00,24,51,57.29699003907856,Fixed-radius region,,0,1963.4928890086885
MELISSA,2025-10-29 18:00:00,24,51,57.29699003907856,P50 percentile cone,0.5,1,19159.07581120236
MELISSA,2025-10-29 18:00:00,24,51,57.29699003907856,P50 covariance ellipse,0.5,1,9493.247084095601
MELISSA,2025-10-29 18:00:00,24,51,57.29699003907856,P90 percentile cone,0.9,1,72884.50264920526
MELISSA,2025-10-29 18:00:00,24,51,57.29699003907856,P90 covariance ellipse,0.9,1,31535.8842003647
MELISSA,2025-10-30 00:00:00,24,51,7.36600371778669,Fixed-radius region,,1,1963.4928890086885
MELISSA,2025-10-30 00:00:00,24,51,7.36600371778669,P50 percentile cone,0.5,1,14899.148814184955
MELISSA,2025-10-30 00:00:00,24,51,7.36600371778669,P50 covariance ellipse,0.5,1,6359.76648769624
MELISSA,2025-10-30 00:00:00,24,51,7.36600371778669,P90 percentile cone,0.9,1,32413.771689179768
MELISSA,2025-10-30 00:00:00,24,51,7.36600371778669,P90 covariance ellipse,0.9,1,21126.68697240126
MELISSA,2025-10-30 06:00:00,24,51,30.717056609351506,Fixed-radius region,,0,1963.4928890086885
MELISSA,2025-10-30 06:00:00,24,51,30.717056609351506,P50 percentile cone,0.5,1,18558.240297221895
MELISSA,2025-10-30 06:00:00,24,51,30.717056609351506,P50 covariance ellipse,0.5,1,8451.489889666676
MELISSA,2025-10-30 06:00:00,24,51,30.717056609351506,P90 percentile cone,0.9,1,46104.09111977397
MELISSA,2025-10-30 06:00:00,24,51,30.717056609351506,P90 covariance ellipse,0.9,1,28075.241708140224
MELISSA,2025-10-30 12:00:00,24,51,56.06926002876987,Fixed-radius region,,0,1963.4928890086885
MELISSA,2025-10-30 12:00:00,24,51,56.06926002876987,P50 percentile cone,0.5,1,18634.83018389769
MELISSA,2025-10-30 12:00:00,24,51,56.06926002876987,P50 covariance ellipse,0.5,0,8243.900615822418
MELISSA,2025-10-30 12:00:00,24,51,56.06926002876987,P90 percentile cone,0.9,1,50070.62510939931
MELISSA,2025-10-30 12:00:00,24,51,56.06926002876987,P90 covariance ellipse,0.9,1,27385.645067159716
MELISSA,2025-10-30 18:00:00,24,51,32.196382061925995,Fixed-radius region,,0,1963.4928890086885
MELISSA,2025-10-30 18:00:00,24,51,32.196382061925995,P50 percentile cone,0.5,1,27816.70601598781
MELISSA,2025-10-30 18:00:00,24,51,32.196382061925995,P50 covariance ellipse,0.5,1,12463.44210151707
MELISSA,2025-10-30 18:00:00,24,51,32.196382061925995,P90 percentile cone,0.9,1,76466.50837459746
MELISSA,2025-10-30 18:00:00,24,51,32.196382061925995,P90 covariance ellipse,0.9,1,41402.65847603154
MELISSA,2025-10-31 00:00:00,24,51,58.701775822084905,Fixed-radius region,,0,1963.4928890086885
MELISSA,2025-10-31 00:00:00,24,51,58.701775822084905,P50 percentile cone,0.5,1,26225.43764815318
MELISSA,2025-10-31 00:00:00,24,51,58.701775822084905,P50 covariance ellipse,0.5,1,9249.262758909637
MELISSA,2025-10-31 00:00:00,24,51,58.701775822084905,P90 percentile cone,0.9,1,70068.66115093796
MELISSA,2025-10-31 00:00:00,24,51,58.701775822084905,P90 covariance ellipse,0.9,1,30725.385815817317
MONTHA,2025-10-27 00:00:00,24,49,19.136136190155703,Fixed-radius region,,1,1963.4928890086885
MONTHA,2025-10-27 00:00:00,24,49,19.136136190155703,P50 percentile cone,0.5,1,18607.036072615658
MONTHA,2025-10-27 00:00:00,24,49,19.136136190155703,P50 covariance ellipse,0.5,1,8555.798751090872
MONTHA,2025-10-27 00:00:00,24,49,19.136136190155703,P90 percentile cone,0.9,1,46871.171397894956
MONTHA,2025-10-27 00:00:00,24,49,19.136136190155703,P90 covariance ellipse,0.9,1,28421.74824545097
MONTHA,2025-10-27 06:00:00,24,51,29.0354520417331,Fixed-radius region,,0,1963.4928890086885
MONTHA,2025-10-27 06:00:00,24,51,29.0354520417331,P50 percentile cone,0.5,1,18490.039218923674
MONTHA,2025-10-27 06:00:00,24,51,29.0354520417331,P50 covariance ellipse,0.5,1,9118.937213137806
MONTHA,2025-10-27 06:00:00,24,51,29.0354520417331,P90 percentile cone,0.9,1,45227.41376503862
MONTHA,2025-10-27 06:00:00,24,51,29.0354520417331,P90 covariance ellipse,0.9,1,30292.45372383634
MONTHA,2025-10-27 12:00:00,24,51,58.93088944575341,Fixed-radius region,,0,1963.4928890086885
MONTHA,2025-10-27 12:00:00,24,51,58.93088944575341,P50 percentile cone,0.5,1,19994.79562725393
MONTHA,2025-10-27 12:00:00,24,51,58.93088944575341,P50 covariance ellipse,0.5,0,8471.624709594844
MONTHA,2025-10-27 12:00:00,24,51,58.93088944575341,P90 percentile cone,0.9,1,41037.51433750004
MONTHA,2025-10-27 12:00:00,24,51,58.93088944575341,P90 covariance ellipse,0.9,1,28142.128132145102
MONTHA,2025-10-27 18:00:00,24,51,55.49183891243262,Fixed-radius region,,0,1963.4928890086885
MONTHA,2025-10-27 18:00:00,24,51,55.49183891243262,P50 percentile cone,0.5,1,23342.941292137137
MONTHA,2025-10-27 18:00:00,24,51,55.49183891243262,P50 covariance ellipse,0.5,0,14318.360745569262
MONTHA,2025-10-27 18:00:00,24,51,55.49183891243262,P90 percentile cone,0.9,1,88226.11001071343
MONTHA,2025-10-27 18:00:00,24,51,55.49183891243262,P90 covariance ellipse,0.9,1,47564.56483343888
MONTHA,2025-10-28 00:00:00,24,51,17.289377189240533,Fixed-radius region,,1,1963.4928890086885
MONTHA,2025-10-28 00:00:00,24,51,17.289377189240533,P50 percentile cone,0.5,1,19125.951064621717
MONTHA,2025-10-28 00:00:00,24,51,17.289377189240533,P50 covariance ellipse,0.5,1,8576.43928866914
MONTHA,2025-10-28 00:00:00,24,51,17.289377189240533,P90 percentile cone,0.9,1,43210.783205227075
MONTHA,2025-10-28 00:00:00,24,51,17.289377189240533,P90 covariance ellipse,0.9,1,28490.314627125797
MONTHA,2025-10-28 06:00:00,24,51,58.30916686968029,Fixed-radius region,,0,1963.4928890086885
MONTHA,2025-10-28 06:00:00,24,51,58.30916686968029,P50 percentile cone,0.5,1,23513.16655762549
MONTHA,2025-10-28 06:00:00,24,51,58.30916686968029,P50 covariance ellipse,0.5,1,19175.164412747632
MONTHA,2025-10-28 06:00:00,24,51,58.30916686968029,P90 percentile cone,0.9,1,101599.39874510317
MONTHA,2025-10-28 06:00:00,24,51,58.30916686968029,P90 covariance ellipse,0.9,1,63698.517386790685
MONTHA,2025-10-28 12:00:00,24,51,68.95777228918257,Fixed-radius region,,0,1963.4928890086885
MONTHA,2025-10-28 12:00:00,24,51,68.95777228918257,P50 percentile cone,0.5,1,16422.613187886644
MONTHA,2025-10-28 12:00:00,24,51,68.95777228918257,P50 covariance ellipse,0.5,0,8551.373337894518
MONTHA,2025-10-28 12:00:00,24,51,68.95777228918257,P90 percentile cone,0.9,1,60407.215769712566
MONTHA,2025-10-28 12:00:00,24,51,68.95777228918257,P90 covariance ellipse,0.9,1,28407.047341022517
MONTHA,2025-10-28 18:00:00,24,51,98.22120247147859,Fixed-radius region,,0,1963.4928890086885
MONTHA,2025-10-28 18:00:00,24,51,98.22120247147859,P50 percentile cone,0.5,0,13033.865833286734
MONTHA,2025-10-28 18:00:00,24,51,98.22120247147859,P50 covariance ellipse,0.5,0,7356.335782812887
MONTHA,2025-10-28 18:00:00,24,51,98.22120247147859,P90 percentile cone,0.9,1,47663.015048137895
MONTHA,2025-10-28 18:00:00,24,51,98.22120247147859,P90 covariance ellipse,0.9,0,24437.218512351345
NOKAEN,2026-01-15 06:00:00,24,50,81.56467348521589,Fixed-radius region,,0,1963.4928890086885
NOKAEN,2026-01-15 06:00:00,24,50,81.56467348521589,P50 percentile cone,0.5,1,42343.47879904968
NOKAEN,2026-01-15 06:00:00,24,50,81.56467348521589,P50 covariance ellipse,0.5,0,25965.730399205757
NOKAEN,2026-01-15 06:00:00,24,50,81.56467348521589,P90 percentile cone,0.9,1,149259.69798434674
NOKAEN,2026-01-15 06:00:00,24,50,81.56467348521589,P90 covariance ellipse,0.9,1,86256.28931739244
PENHA,2026-02-05 00:00:00,24,50,156.03949429896406,Fixed-radius region,,0,1963.4928890086885
PENHA,2026-02-05 00:00:00,24,50,156.03949429896406,P50 percentile cone,0.5,0,20356.00369883584
PENHA,2026-02-05 00:00:00,24,50,156.03949429896406,P50 covariance ellipse,0.5,0,14395.069155518282
PENHA,2026-02-05 00:00:00,24,50,156.03949429896406,P90 percentile cone,0.9,0,75314.456483077
PENHA,2026-02-05 00:00:00,24,50,156.03949429896406,P90 covariance ellipse,0.9,0,47819.38465556267
PENHA,2026-02-05 06:00:00,24,48,163.5736656754776,Fixed-radius region,,0,1963.4928890086885
PENHA,2026-02-05 06:00:00,24,48,163.5736656754776,P50 percentile cone,0.5,0,51790.897712384816
PENHA,2026-02-05 06:00:00,24,48,163.5736656754776,P50 covariance ellipse,0.5,0,37187.5550138406
PENHA,2026-02-05 06:00:00,24,48,163.5736656754776,P90 percentile cone,0.9,1,124116.44157077269
PENHA,2026-02-05 06:00:00,24,48,163.5736656754776,P90 covariance ellipse,0.9,1,123534.38378064649
PENHA,2026-02-05 12:00:00,24,44,100.29897890947248,Fixed-radius region,,0,1963.4928890086885
PENHA,2026-02-05 12:00:00,24,44,100.29897890947248,P50 percentile cone,0.5,1,58587.65601546663
PENHA,2026-02-05 12:00:00,24,44,100.29897890947248,P50 covariance ellipse,0.5,0,33303.32267026004
PENHA,2026-02-05 12:00:00,24,44,100.29897890947248,P90 percentile cone,0.9,1,133176.39446844513
PENHA,2026-02-05 12:00:00,24,44,100.29897890947248,P90 covariance ellipse,0.9,1,110631.24323143602
SENYAR,2025-11-26 06:00:00,24,5,84.84500365975376,Fixed-radius region,,0,1963.4928890086885
SENYAR,2025-11-26 06:00:00,24,5,84.84500365975376,P50 percentile cone,0.5,1,30013.72058125904
SENYAR,2025-11-26 06:00:00,24,5,84.84500365975376,P50 covariance ellipse,0.5,0,32044.809613775913
SENYAR,2025-11-26 06:00:00,24,5,84.84500365975376,P90 percentile cone,0.9,1,123441.8882348838
SENYAR,2025-11-26 06:00:00,24,5,84.84500365975376,P90 covariance ellipse,0.9,1,106450.55335131884
SENYAR,2025-11-26 12:00:00,24,11,87.73453714714258,Fixed-radius region,,0,1963.4928890086885
SENYAR,2025-11-26 12:00:00,24,11,87.73453714714258,P50 percentile cone,0.5,1,45399.168381663265
SENYAR,2025-11-26 12:00:00,24,11,87.73453714714258,P50 covariance ellipse,0.5,1,104694.36693532112
SENYAR,2025-11-26 12:00:00,24,11,87.73453714714258,P90 percentile cone,0.9,1,1051296.7073037785
SENYAR,2025-11-26 12:00:00,24,11,87.73453714714258,P90 covariance ellipse,0.9,1,347787.15889888967
SENYAR,2025-11-26 18:00:00,24,19,168.64023355407514,Fixed-radius region,,0,1963.4928890086885
SENYAR,2025-11-26 18:00:00,24,19,168.64023355407514,P50 percentile cone,0.5,1,112529.96413444306
SENYAR,2025-11-26 18:00:00,24,19,168.64023355407514,P50 covariance ellipse,0.5,1,46586.6647152847
SENYAR,2025-11-26 18:00:00,24,19,168.64023355407514,P90 percentile cone,0.9,1,294078.2669589727
SENYAR,2025-11-26 18:00:00,24,19,168.64023355407514,P90 covariance ellipse,0.9,1,154757.55036480198
SENYAR,2025-11-27 00:00:00,24,20,202.62545600636255,Fixed-radius region,,0,1963.4928890086885
SENYAR,2025-11-27 00:00:00,24,20,202.62545600636255,P50 percentile cone,0.5,0,31070.295984697073
SENYAR,2025-11-27 00:00:00,24,20,202.62545600636255,P50 covariance ellipse,0.5,0,27572.663317991075
SENYAR,2025-11-27 00:00:00,24,20,202.62545600636255,P90 percentile cone,0.9,0,111177.30572189798
SENYAR,2025-11-27 00:00:00,24,20,202.62545600636255,P90 covariance ellipse,0.9,0,91594.40492690474
SENYAR,2025-11-27 06:00:00,24,26,193.48864636174895,Fixed-radius region,,0,1963.4928890086885
SENYAR,2025-11-27 06:00:00,24,26,193.48864636174895,P50 percentile cone,0.5,0,45844.15583716618
SENYAR,2025-11-27 06:00:00,24,26,193.48864636174895,P50 covariance ellipse,0.5,0,28270.763078738026
SENYAR,2025-11-27 06:00:00,24,26,193.48864636174895,P90 percentile cone,0.9,1,149791.7399762904
SENYAR,2025-11-27 06:00:00,24,26,193.48864636174895,P90 covariance ellipse,0.9,1,93913.44213516418
SENYAR,2025-11-27 12:00:00,24,36,25.08360645728292,Fixed-radius region,,0,1963.4928890086885
SENYAR,2025-11-27 12:00:00,24,36,25.08360645728292,P50 percentile cone,0.5,1,21576.704852736613
SENYAR,2025-11-27 12:00:00,24,36,25.08360645728292,P50 covariance ellipse,0.5,1,18220.60642976312
SENYAR,2025-11-27 12:00:00,24,36,25.08360645728292,P90 percentile cone,0.9,1,70183.25371985178
SENYAR,2025-11-27 12:00:00,24,36,25.08360645728292,P90 covariance ellipse,0.9,1,60527.54440491542
SENYAR,2025-11-27 18:00:00,24,20,20.69018957894129,Fixed-radius region,,1,1963.4928890086885
SENYAR,2025-11-27 18:00:00,24,20,20.69018957894129,P50 percentile cone,0.5,1,31992.750233482522
SENYAR,2025-11-27 18:00:00,24,20,20.69018957894129,P50 covariance ellipse,0.5,1,17391.396477854556
SENYAR,2025-11-27 18:00:00,24,20,20.69018957894129,P90 percentile cone,0.9,1,59641.88741219758
SENYAR,2025-11-27 18:00:00,24,20,20.69018957894129,P90 covariance ellipse,0.9,1,57772.96856911016
SONIA,2025-10-25 12:00:00,24,50,97.35290831818106,Fixed-radius region,,0,1963.4928890086885
SONIA,2025-10-25 12:00:00,24,50,97.35290831818106,P50 percentile cone,0.5,0,28385.55840493911
SONIA,2025-10-25 12:00:00,24,50,97.35290831818106,P50 covariance ellipse,0.5,0,14907.474890013966
SONIA,2025-10-25 12:00:00,24,50,97.35290831818106,P90 percentile cone,0.9,1,86810.40645617561
SONIA,2025-10-25 12:00:00,24,50,97.35290831818106,P90 covariance ellipse,0.9,1,49521.55966096528
SONIA,2025-10-25 18:00:00,24,49,95.55142594633821,Fixed-radius region,,0,1963.4928890086885
SONIA,2025-10-25 18:00:00,24,49,95.55142594633821,P50 percentile cone,0.5,0,26546.819130106494
SONIA,2025-10-25 18:00:00,24,49,95.55142594633821,P50 covariance ellipse,0.5,0,15574.246988914972
SONIA,2025-10-25 18:00:00,24,49,95.55142594633821,P90 percentile cone,0.9,1,97870.33231793529
SONIA,2025-10-25 18:00:00,24,49,95.55142594633821,P90 covariance ellipse,0.9,1,51736.52862919155
SONIA,2025-10-26 00:00:00,24,51,85.38854931603173,Fixed-radius region,,0,1963.4928890086885
SONIA,2025-10-26 00:00:00,24,51,85.38854931603173,P50 percentile cone,0.5,1,28402.957122244865
SONIA,2025-10-26 00:00:00,24,51,85.38854931603173,P50 covariance ellipse,0.5,0,13430.660775804192
SONIA,2025-10-26 00:00:00,24,51,85.38854931603173,P90 percentile cone,0.9,1,75320.37552611377
SONIA,2025-10-26 00:00:00,24,51,85.38854931603173,P90 covariance ellipse,0.9,1,44615.68936404564
SONIA,2025-10-26 06:00:00,24,50,30.254056362696485,Fixed-radius region,,0,1963.4928890086885
SONIA,2025-10-26 06:00:00,24,50,30.254056362696485,P50 percentile cone,0.5,1,24018.823234300566
SONIA,2025-10-26 06:00:00,24,50,30.254056362696485,P50 covariance ellipse,0.5,1,12366.024548243287
SONIA,2025-10-26 06:00:00,24,50,30.254056362696485,P90 percentile cone,0.9,1,64734.60282430216
SONIA,2025-10-26 06:00:00,24,50,30.254056362696485,P90 covariance ellipse,0.9,1,41079.04436887617
SONIA,2025-10-26 12:00:00,24,51,73.80340247815863,Fixed-radius region,,0,1963.4928890086885
SONIA,2025-10-26 12:00:00,24,51,73.80340247815863,P50 percentile cone,0.5,1,22947.35348238502
SONIA,2025-10-26 12:00:00,24,51,73.80340247815863,P50 covariance ellipse,0.5,0,11659.814636396735
SONIA,2025-10-26 12:00:00,24,51,73.80340247815863,P90 percentile cone,0.9,1,56587.03837608773
SONIA,2025-10-26 12:00:00,24,51,73.80340247815863,P90 covariance ellipse,0.9,1,38733.065821825185
SONIA,2025-10-26 18:00:00,24,51,100.12736042428206,Fixed-radius region,,0,1963.4928890086885
SONIA,2025-10-26 18:00:00,24,51,100.12736042428206,P50 percentile cone,0.5,0,17158.82305890246
SONIA,2025-10-26 18:00:00,24,51,100.12736042428206,P50 covariance ellipse,0.5,0,10456.635983097989
SONIA,2025-10-26 18:00:00,24,51,100.12736042428206,P90 percentile cone,0.9,1,50161.650478007614
SONIA,2025-10-26 18:00:00,24,51,100.12736042428206,P90 covariance ellipse,0.9,1,34736.19285026334
SONIA,2025-10-27 00:00:00,24,51,79.67813296013702,Fixed-radius region,,0,1963.4928890086885
SONIA,2025-10-27 00:00:00,24,51,79.67813296013702,P50 percentile cone,0.5,0,17264.02719704598
SONIA,2025-10-27 00:00:00,24,51,79.67813296013702,P50 covariance ellipse,0.5,0,8714.940923828484
SONIA,2025-10-27 00:00:00,24,51,79.67813296013702,P90 percentile cone,0.9,1,51596.28659296085
SONIA,2025-10-27 00:00:00,24,51,79.67813296013702,P90 covariance ellipse,0.9,1,28950.407100149463
SONIA,2025-10-27 06:00:00,24,51,112.44016957332308,Fixed-radius region,,0,1963.4928890086885
SONIA,2025-10-27 06:00:00,24,51,112.44016957332308,P50 percentile cone,0.5,0,21922.08896120723
SONIA,2025-10-27 06:00:00,24,51,112.44016957332308,P50 covariance ellipse,0.5,0,11640.644603610288
SONIA,2025-10-27 06:00:00,24,51,112.44016957332308,P90 percentile cone,0.9,1,54333.82550823708
SONIA,2025-10-27 06:00:00,24,51,112.44016957332308,P90 covariance ellipse,0.9,1,38669.38435133197
SONIA,2025-10-27 12:00:00,24,50,52.264211339482074,Fixed-radius region,,0,1963.4928890086885
SONIA,2025-10-27 12:00:00,24,50,52.264211339482074,P50 percentile cone,0.5,1,17927.602873547417
SONIA,2025-10-27 12:00:00,24,50,52.264211339482074,P50 covariance ellipse,0.5,0,8191.103850765936
SONIA,2025-10-27 12:00:00,24,50,52.264211339482074,P90 percentile cone,0.9,1,44860.560234920275
SONIA,2025-10-27 12:00:00,24,50,52.264211339482074,P90 covariance ellipse,0.9,1,27210.25800999942
SONIA,2025-10-27 18:00:00,24,49,18.59721445764443,Fixed-radius region,,1,1963.4928890086885
SONIA,2025-10-27 18:00:00,24,49,18.59721445764443,P50 percentile cone,0.5,1,16824.290111050657
SONIA,2025-10-27 18:00:00,24,49,18.59721445764443,P50 covariance ellipse,0.5,1,11201.886234572792
SONIA,2025-10-27 18:00:00,24,49,18.59721445764443,P90 percentile cone,0.9,1,57407.23323362336
SONIA,2025-10-27 18:00:00,24,49,18.59721445764443,P90 covariance ellipse,0.9,1,37211.86059835936
SONIA,2025-10-28 00:00:00,24,46,5.571540377394071,Fixed-radius region,,1,1963.4928890086885
SONIA,2025-10-28 00:00:00,24,46,5.571540377394071,P50 percentile cone,0.5,1,20088.488523808086
SONIA,2025-10-28 00:00:00,24,46,5.571540377394071,P50 covariance ellipse,0.5,1,9169.698918472379
SONIA,2025-10-28 00:00:00,24,46,5.571540377394071,P90 percentile cone,0.9,1,46342.07208210945
SONIA,2025-10-28 00:00:00,24,46,5.571540377394071,P90 covariance ellipse,0.9,1,30461.080458931654
SONIA,2025-10-28 06:00:00,24,43,57.086768276134684,Fixed-radius region,,0,1963.4928890086885
SONIA,2025-10-28 06:00:00,24,43,57.086768276134684,P50 percentile cone,0.5,1,16015.571229884237
SONIA,2025-10-28 06:00:00,24,43,57.086768276134684,P50 covariance ellipse,0.5,0,9096.460679847063
SONIA,2025-10-28 06:00:00,24,43,57.086768276134684,P90 percentile cone,0.9,1,51952.772443021575
SONIA,2025-10-28 06:00:00,24,43,57.086768276134684,P90 covariance ellipse,0.9,1,30217.78829642215
SONIA,2025-10-28 12:00:00,24,30,95.11291749254907,Fixed-radius region,,0,1963.4928890086885
SONIA,2025-10-28 12:00:00,24,30,95.11291749254907,P50 percentile cone,0.5,0,18112.176525776285
SONIA,2025-10-28 12:00:00,24,30,95.11291749254907,P50 covariance ellipse,0.5,0,8536.864403536307
SONIA,2025-10-28 12:00:00,24,30,95.11291749254907,P90 percentile cone,0.9,1,50181.74102363828
SONIA,2025-10-28 12:00:00,24,30,95.11291749254907,P90 covariance ellipse,0.9,1,28358.8497043511
SONIA,2025-10-28 18:00:00,24,3,98.05605636970176,Fixed-radius region,,0,1963.4928890086885
SONIA,2025-10-28 18:00:00,24,3,98.05605636970176,P50 percentile cone,0.5,0,19370.32168795038
SONIA,2025-10-28 18:00:00,24,3,98.05605636970176,P50 covariance ellipse,0.5,0,1493.0077098798997
SONIA,2025-10-28 18:00:00,24,3,98.05605636970176,P90 percentile cone,0.9,0,19370.32168795038
SONIA,2025-10-28 18:00:00,24,3,98.05605636970176,P90 covariance ellipse,0.9,0,4959.664257333478
DITWAH,2025-11-27 12:00:00,48,51,56.90699319017788,Fixed-radius region,,0,1963.4928890086885
DITWAH,2025-11-27 12:00:00,48,51,56.90699319017788,P50 percentile cone,0.5,1,58897.20844014293
DITWAH,2025-11-27 12:00:00,48,51,56.90699319017788,P50 covariance ellipse,0.5,1,40274.015500263726
DITWAH,2025-11-27 12:00:00,48,51,56.90699319017788,P90 percentile cone,0.9,1,154734.4059360717
DITWAH,2025-11-27 12:00:00,48,51,56.90699319017788,P90 covariance ellipse,0.9,1,133787.38358425515
DITWAH,2025-11-27 18:00:00,48,50,57.994154056603165,Fixed-radius region,,0,1963.4928890086885
DITWAH,2025-11-27 18:00:00,48,50,57.994154056603165,P50 percentile cone,0.5,1,60491.767363571285
DITWAH,2025-11-27 18:00:00,48,50,57.994154056603165,P50 covariance ellipse,0.5,1,40078.41355608965
DITWAH,2025-11-27 18:00:00,48,50,57.994154056603165,P90 percentile cone,0.9,1,180627.22161471864
DITWAH,2025-11-27 18:00:00,48,50,57.994154056603165,P90 covariance ellipse,0.9,1,133137.6079904887
DITWAH,2025-11-28 00:00:00,48,47,59.74111005536251,Fixed-radius region,,0,1963.4928890086885
DITWAH,2025-11-28 00:00:00,48,47,59.74111005536251,P50 percentile cone,0.5,1,52629.075858069846
DITWAH,2025-11-28 00:00:00,48,47,59.74111005536251,P50 covariance ellipse,0.5,1,33415.34473420179
DITWAH,2025-11-28 00:00:00,48,47,59.74111005536251,P90 percentile cone,0.9,1,135874.5599077735
DITWAH,2025-11-28 00:00:00,48,47,59.74111005536251,P90 covariance ellipse,0.9,1,111003.3724728914
DITWAH,2025-11-28 06:00:00,48,48,70.71056945684956,Fixed-radius region,,0,1963.4928890086885
DITWAH,2025-11-28 06:00:00,48,48,70.71056945684956,P50 percentile cone,0.5,1,52976.428655051364
DITWAH,2025-11-28 06:00:00,48,48,70.71056945684956,P50 covariance ellipse,0.5,1,39105.11565441693
DITWAH,2025-11-28 06:00:00,48,48,70.71056945684956,P90 percentile cone,0.9,1,195305.68938291306
DITWAH,2025-11-28 06:00:00,48,48,70.71056945684956,P90 covariance ellipse,0.9,1,129904.38234622717
DITWAH,2025-11-28 12:00:00,48,47,80.67477172831892,Fixed-radius region,,0,1963.4928890086885
DITWAH,2025-11-28 12:00:00,48,47,80.67477172831892,P50 percentile cone,0.5,1,33894.19653314991
DITWAH,2025-11-28 12:00:00,48,47,80.67477172831892,P50 covariance ellipse,0.5,0,30128.85275929926
DITWAH,2025-11-28 12:00:00,48,47,80.67477172831892,P90 percentile cone,0.9,1,103120.80051932017
DITWAH,2025-11-28 12:00:00,48,47,80.67477172831892,P90 covariance ellipse,0.9,1,100085.88244784084
DITWAH,2025-11-28 18:00:00,48,46,106.02929674166657,Fixed-radius region,,0,1963.4928890086885
DITWAH,2025-11-28 18:00:00,48,46,106.02929674166657,P50 percentile cone,0.5,1,52234.68371260095
DITWAH,2025-11-28 18:00:00,48,46,106.02929674166657,P50 covariance ellipse,0.5,0,43932.90332785561
DITWAH,2025-11-28 18:00:00,48,46,106.02929674166657,P90 percentile cone,0.9,1,208269.8406410554
DITWAH,2025-11-28 18:00:00,48,46,106.02929674166657,P90 covariance ellipse,0.9,1,145941.94585477404
DITWAH,2025-11-29 00:00:00,48,47,128.63509386334766,Fixed-radius region,,0,1963.4928890086885
DITWAH,2025-11-29 00:00:00,48,47,128.63509386334766,P50 percentile cone,0.5,1,75077.59904455031
DITWAH,2025-11-29 00:00:00,48,47,128.63509386334766,P50 covariance ellipse,0.5,0,57767.173179944315
DITWAH,2025-11-29 00:00:00,48,47,128.63509386334766,P90 percentile cone,0.9,1,170876.6796074311
DITWAH,2025-11-29 00:00:00,48,47,128.63509386334766,P90 covariance ellipse,0.9,1,191898.3955486807
DITWAH,2025-11-29 06:00:00,48,45,96.97119280794467,Fixed-radius region,,0,1963.4928890086885
DITWAH,2025-11-29 06:00:00,48,45,96.97119280794467,P50 percentile cone,0.5,1,48908.87468895544
DITWAH,2025-11-29 06:00:00,48,45,96.97119280794467,P50 covariance ellipse,0.5,1,34706.29173215173
DITWAH,2025-11-29 06:00:00,48,45,96.97119280794467,P90 percentile cone,0.9,1,130754.56335938103
DITWAH,2025-11-29 06:00:00,48,45,96.97119280794467,P90 covariance ellipse,0.9,1,115291.8055743918
DITWAH,2025-11-29 12:00:00,48,49,96.75150119218074,Fixed-radius region,,0,1963.4928890086885
DITWAH,2025-11-29 12:00:00,48,49,96.75150119218074,P50 percentile cone,0.5,1,49217.85065694888
DITWAH,2025-11-29 12:00:00,48,49,96.75150119218074,P50 covariance ellipse,0.5,1,35997.51557155197
DITWAH,2025-11-29 12:00:00,48,49,96.75150119218074,P90 percentile cone,0.9,1,174602.66446057198
DITWAH,2025-11-29 12:00:00,48,49,96.75150119218074,P90 covariance ellipse,0.9,1,119581.15832328379
DITWAH,2025-11-29 18:00:00,48,47,115.95635194092239,Fixed-radius region,,0,1963.4928890086885
DITWAH,2025-11-29 18:00:00,48,47,115.95635194092239,P50 percentile cone,0.5,1,56914.000416627176
DITWAH,2025-11-29 18:00:00,48,47,115.95635194092239,P50 covariance ellipse,0.5,1,42735.70283086024
DITWAH,2025-11-29 18:00:00,48,47,115.95635194092239,P90 percentile cone,0.9,1,154840.95455986634
DITWAH,2025-11-29 18:00:00,48,47,115.95635194092239,P90 covariance ellipse,0.9,1,141964.931888592
DITWAH,2025-11-30 00:00:00,48,50,101.91608829480643,Fixed-radius region,,0,1963.4928890086885
DITWAH,2025-11-30 00:00:00,48,50,101.91608829480643,P50 percentile cone,0.5,1,39814.24430821914
DITWAH,2025-11-30 00:00:00,48,50,101.91608829480643,P50 covariance ellipse,0.5,0,20800.59651311171
DITWAH,2025-11-30 00:00:00,48,50,101.91608829480643,P90 percentile cone,0.9,1,90080.76246413482
DITWAH,2025-11-30 00:00:00,48,50,101.91608829480643,P90 covariance ellipse,0.9,1,69098.08594732189
DITWAH,2025-11-30 06:00:00,48,45,170.71255605605134,Fixed-radius region,,0,1963.4928890086885
DITWAH,2025-11-30 06:00:00,48,45,170.71255605605134,P50 percentile cone,0.5,0,51790.14642484928
DITWAH,2025-11-30 06:00:00,48,45,170.71255605605134,P50 covariance ellipse,0.5,0,29486.534103303125
DITWAH,2025-11-30 06:00:00,48,45,170.71255605605134,P90 percentile cone,0.9,1,140477.43233803246
DITWAH,2025-11-30 06:00:00,48,45,170.71255605605134,P90 covariance ellipse,0.9,1,97952.14605861697
DITWAH,2025-11-30 12:00:00,48,46,102.31949474733304,Fixed-radius region,,0,1963.4928890086885
DITWAH,2025-11-30 12:00:00,48,46,102.31949474733304,P50 percentile cone,0.5,1,33193.45104551126
DITWAH,2025-11-30 12:00:00,48,46,102.31949474733304,P50 covariance ellipse,0.5,0,17405.843505972916
DITWAH,2025-11-30 12:00:00,48,46,102.31949474733304,P90 percentile cone,0.9,1,76848.12248315128
DITWAH,2025-11-30 12:00:00,48,46,102.31949474733304,P90 covariance ellipse,0.9,1,57820.96055770417
DITWAH,2025-11-30 18:00:00,48,33,91.60463347345252,Fixed-radius region,,0,1963.4928890086885
DITWAH,2025-11-30 18:00:00,48,33,91.60463347345252,P50 percentile cone,0.5,1,31425.69477527831
DITWAH,2025-11-30 18:00:00,48,33,91.60463347345252,P50 covariance ellipse,0.5,0,17743.838543021582
DITWAH,2025-11-30 18:00:00,48,33,91.60463347345252,P90 percentile cone,0.9,1,92302.04586990879
DITWAH,2025-11-30 18:00:00,48,33,91.60463347345252,P90 covariance ellipse,0.9,1,58943.755767208626
DUDZAI,2026-01-15 06:00:00,48,51,152.73568929903118,Fixed-radius region,,0,1963.4928890086885
DUDZAI,2026-01-15 06:00:00,48,51,152.73568929903118,P50 percentile cone,0.5,1,76617.83994187828
DUDZAI,2026-01-15 06:00:00,48,51,152.73568929903118,P50 covariance ellipse,0.5,0,55147.488420004964
DUDZAI,2026-01-15 06:00:00,48,51,152.73568929903118,P90 percentile cone,0.9,1,217427.72577678759
DUDZAI,2026-01-15 06:00:00,48,51,152.73568929903118,P90 covariance ellipse,0.9,1,183195.99114488994
FINA,2025-11-18 18:00:00,48,51,78.3626375879486,Fixed-radius region,,0,1963.4928890086885
FINA,2025-11-18 18:00:00,48,51,78.3626375879486,P50 percentile cone,0.5,1,60050.506746182225
FINA,2025-11-18 18:00:00,48,51,78.3626375879486,P50 covariance ellipse,0.5,1,45097.15520260647
FINA,2025-11-18 18:00:00,48,51,78.3626375879486,P90 percentile cone,0.9,1,196434.44135692035
FINA,2025-11-18 18:00:00,48,51,78.3626375879486,P90 covariance ellipse,0.9,1,149809.5068670342
FINA,2025-11-19 00:00:00,48,51,5.198511160371741,Fixed-radius region,,1,1963.4928890086885
FINA,2025-11-19 00:00:00,48,51,5.198511160371741,P50 percentile cone,0.5,1,48602.851918248394
FINA,2025-11-19 00:00:00,48,51,5.198511160371741,P50 covariance ellipse,0.5,1,33450.880760273496
FINA,2025-11-19 00:00:00,48,51,5.198511160371741,P90 percentile cone,0.9,1,196455.41473224887
FINA,2025-11-19 00:00:00,48,51,5.198511160371741,P90 covariance ellipse,0.9,1,111121.42059627966
FINA,2025-11-19 06:00:00,48,51,31.34302397487473,Fixed-radius region,,0,1963.4928890086885
FINA,2025-11-19 06:00:00,48,51,31.34302397487473,P50 percentile cone,0.5,1,75268.68356395345
FINA,2025-11-19 06:00:00,48,51,31.34302397487473,P50 covariance ellipse,0.5,1,45906.46512289785
FINA,2025-11-19 06:00:00,48,51,31.34302397487473,P90 percentile cone,0.9,1,204644.91022754708
FINA,2025-11-19 06:00:00,48,51,31.34302397487473,P90 covariance ellipse,0.9,1,152497.97622872115
FINA,2025-11-19 12:00:00,48,51,18.821549211706888,Fixed-radius region,,1,1963.4928890086885
FINA,2025-11-19 12:00:00,48,51,18.821549211706888,P50 percentile cone,0.5,1,57193.15292046507
FINA,2025-11-19 12:00:00,48,51,18.821549211706888,P50 covariance ellipse,0.5,1,35928.06748055218
FINA,2025-11-19 12:00:00,48,51,18.821549211706888,P90 percentile cone,0.9,1,132451.98461083826
FINA,2025-11-19 12:00:00,48,51,18.821549211706888,P90 covariance ellipse,0.9,1,119350.45675865527
FINA,2025-11-19 18:00:00,48,51,21.3246553618447,Fixed-radius region,,1,1963.4928890086885
FINA,2025-11-19 18:00:00,48,51,21.3246553618447,P50 percentile cone,0.5,1,46809.21117966492
FINA,2025-11-19 18:00:00,48,51,21.3246553618447,P50 covariance ellipse,0.5,1,27728.300310664887
FINA,2025-11-19 18:00:00,48,51,21.3246553618447,P90 percentile cone,0.9,1,154752.69375519492
FINA,2025-11-19 18:00:00,48,51,21.3246553618447,P90 covariance ellipse,0.9,1,92111.41982547165
FINA,2025-11-20 00:00:00,48,51,45.47602908927438,Fixed-radius region,,0,1963.4928890086885
FINA,2025-11-20 00:00:00,48,51,45.47602908927438,P50 percentile cone,0.5,1,45441.90006980377
FINA,2025-11-20 00:00:00,48,51,45.47602908927438,P50 covariance ellipse,0.5,1,27164.44532391514
FINA,2025-11-20 00:00:00,48,51,45.47602908927438,P90 percentile cone,0.9,1,125507.37995534592
FINA,2025-11-20 00:00:00,48,51,45.47602908927438,P90 covariance ellipse,0.9,1,90238.33410354533
FINA,2025-11-20 06:00:00,48,51,37.99333663064837,Fixed-radius region,,0,1963.4928890086885
FINA,2025-11-20 06:00:00,48,51,37.99333663064837,P50 percentile cone,0.5,1,41528.24572027176
FINA,2025-11-20 06:00:00,48,51,37.99333663064837,P50 covariance ellipse,0.5,1,24769.06254985312
FINA,2025-11-20 06:00:00,48,51,37.99333663064837,P90 percentile cone,0.9,1,100323.82946800983
FINA,2025-11-20 06:00:00,48,51,37.99333663064837,P90 covariance ellipse,0.9,1,82281.04476837946
FINA,2025-11-20 12:00:00,48,51,16.081376347458207,Fixed-radius region,,1,1963.4928890086885
FINA,2025-11-20 12:00:00,48,51,16.081376347458207,P50 percentile cone,0.5,1,36070.436725324544
FINA,2025-11-20 12:00:00,48,51,16.081376347458207,P50 covariance ellipse,0.5,1,22660.411893790522
FINA,2025-11-20 12:00:00,48,51,16.081376347458207,P90 percentile cone,0.9,1,110964.45771069215
FINA,2025-11-20 12:00:00,48,51,16.081376347458207,P90 covariance ellipse,0.9,1,75276.25891170246
FINA,2025-11-20 18:00:00,48,51,16.20630086113936,Fixed-radius region,,1,1963.4928890086885
FINA,2025-11-20 18:00:00,48,51,16.20630086113936,P50 percentile cone,0.5,1,29303.259447109245
FINA,2025-11-20 18:00:00,48,51,16.20630086113936,P50 covariance ellipse,0.5,1,19338.26077981231
FINA,2025-11-20 18:00:00,48,51,16.20630086113936,P90 percentile cone,0.9,1,86843.24497497345
FINA,2025-11-20 18:00:00,48,51,16.20630086113936,P90 covariance ellipse,0.9,1,64240.3117907169
FINA,2025-11-21 00:00:00,48,51,33.86747617895288,Fixed-radius region,,0,1963.4928890086885
FINA,2025-11-21 00:00:00,48,51,33.86747617895288,P50 percentile cone,0.5,1,33042.017658062825
FINA,2025-11-21 00:00:00,48,51,33.86747617895288,P50 covariance ellipse,0.5,1,19247.262326734864
FINA,2025-11-21 00:00:00,48,51,33.86747617895288,P90 percentile cone,0.9,1,95713.89433190224
FINA,2025-11-21 00:00:00,48,51,33.86747617895288,P90 covariance ellipse,0.9,1,63938.02147284764
FINA,2025-11-21 06:00:00,48,51,27.587759135258526,Fixed-radius region,,0,1963.4928890086885
FINA,2025-11-21 06:00:00,48,51,27.587759135258526,P50 percentile cone,0.5,1,21600.1324580194
FINA,2025-11-21 06:00:00,48,51,27.587759135258526,P50 covariance ellipse,0.5,1,12574.275392428177
FINA,2025-11-21 06:00:00,48,51,27.587759135258526,P90 percentile cone,0.9,1,66825.81290268799
FINA,2025-11-21 06:00:00,48,51,27.587759135258526,P90 covariance ellipse,0.9,1,41770.83869895797
FINA,2025-11-21 12:00:00,48,50,24.0180081598809,Fixed-radius region,,1,1963.4928890086885
FINA,2025-11-21 12:00:00,48,50,24.0180081598809,P50 percentile cone,0.5,1,20520.34573835262
FINA,2025-11-21 12:00:00,48,50,24.0180081598809,P50 covariance ellipse,0.5,1,15893.471015915464
FINA,2025-11-21 12:00:00,48,50,24.0180081598809,P90 percentile cone,0.9,1,96097.25805993335
FINA,2025-11-21 12:00:00,48,50,24.0180081598809,P90 covariance ellipse,0.9,1,52796.967893047564
FINA,2025-11-21 18:00:00,48,51,20.530770686725738,Fixed-radius region,,1,1963.4928890086885
FINA,2025-11-21 18:00:00,48,51,20.530770686725738,P50 percentile cone,0.5,1,35473.8817045491
FINA,2025-11-21 18:00:00,48,51,20.530770686725738,P50 covariance ellipse,0.5,1,18964.6869612116
FINA,2025-11-21 18:00:00,48,51,20.530770686725738,P90 percentile cone,0.9,1,89920.0251216987
FINA,2025-11-21 18:00:00,48,51,20.530770686725738,P90 covariance ellipse,0.9,1,62999.326427192835
FINA,2025-11-22 00:00:00,48,51,28.395847603595847,Fixed-radius region,,0,1963.4928890086885
FINA,2025-11-22 00:00:00,48,51,28.395847603595847,P50 percentile cone,0.5,1,37403.54746757939
FINA,2025-11-22 00:00:00,48,51,28.395847603595847,P50 covariance ellipse,0.5,1,21274.52398006643
FINA,2025-11-22 00:00:00,48,51,28.395847603595847,P90 percentile cone,0.9,1,91920.59239506657
FINA,2025-11-22 00:00:00,48,51,28.395847603595847,P90 covariance ellipse,0.9,1,70672.43891473758
FINA,2025-11-22 06:00:00,48,51,47.69894718839586,Fixed-radius region,,0,1963.4928890086885
FINA,2025-11-22 06:00:00,48,51,47.69894718839586,P50 percentile cone,0.5,1,40629.95056286426
FINA,2025-11-22 06:00:00,48,51,47.69894718839586,P50 covariance ellipse,0.5,1,20882.370902521106
FINA,2025-11-22 06:00:00,48,51,47.69894718839586,P90 percentile cone,0.9,1,102800.97034247898
FINA,2025-11-22 06:00:00,48,51,47.69894718839586,P90 covariance ellipse,0.9,1,69369.73458894322
FINA,2025-11-22 12:00:00,48,51,109.41901958710262,Fixed-radius region,,0,1963.4928890086885
FINA,2025-11-22 12:00:00,48,51,109.41901958710262,P50 percentile cone,0.5,1,43421.72235534322
FINA,2025-11-22 12:00:00,48,51,109.41901958710262,P50 covariance ellipse,0.5,0,24600.552186113484
FINA,2025-11-22 12:00:00,48,51,109.41901958710262,P90 percentile cone,0.9,1,104386.14732136909
FINA,2025-11-22 12:00:00,48,51,109.41901958710262,P90 covariance ellipse,0.9,1,81721.2654567931
FINA,2025-11-22 18:00:00,48,51,56.11415854342605,Fixed-radius region,,0,1963.4928890086885
FINA,2025-11-22 18:00:00,48,51,56.11415854342605,P50 percentile cone,0.5,1,35683.2392781767
FINA,2025-11-22 18:00:00,48,51,56.11415854342605,P50 covariance ellipse,0.5,1,31389.26885127036
FINA,2025-11-22 18:00:00,48,51,56.11415854342605,P90 percentile cone,0.9,1,108648.99872870017
FINA,2025-11-22 18:00:00,48,51,56.11415854342605,P90 covariance ellipse,0.9,1,104272.89407500776
FINA,2025-11-23 00:00:00,48,51,120.75854213111414,Fixed-radius region,,0,1963.4928890086885
FINA,2025-11-23 00:00:00,48,51,120.75854213111414,P50 percentile cone,0.5,0,40432.051588829345
FINA,2025-11-23 00:00:00,48,51,120.75854213111414,P50 covariance ellipse,0.5,0,25737.333594868192
FINA,2025-11-23 00:00:00,48,51,120.75854213111414,P90 percentile cone,0.9,1,129461.27375368199
FINA,2025-11-23 00:00:00,48,51,120.75854213111414,P90 covariance ellipse,0.9,1,85497.571556281
FINA,2025-11-23 06:00:00,48,45,79.45810527695262,Fixed-radius region,,0,1963.4928890086885
FINA,2025-11-23 06:00:00,48,45,79.45810527695262,P50 percentile cone,0.5,1,41482.76213645004
FINA,2025-11-23 06:00:00,48,45,79.45810527695262,P50 covariance ellipse,0.5,1,30011.215895494224
FINA,2025-11-23 06:00:00,48,45,79.45810527695262,P90 percentile cone,0.9,1,156435.58044333436
FINA,2025-11-23 06:00:00,48,45,79.45810527695262,P90 covariance ellipse,0.9,1,99695.10124497244
FUNG-WONG,2025-11-05 18:00:00,48,50,103.90460329394955,Fixed-radius region,,0,1963.4928890086885
FUNG-WONG,2025-11-05 18:00:00,48,50,103.90460329394955,P50 percentile cone,0.5,1,68934.50866587422
FUNG-WONG,2025-11-05 18:00:00,48,50,103.90460329394955,P50 covariance ellipse,0.5,1,52563.312777474355
FUNG-WONG,2025-11-05 18:00:00,48,50,103.90460329394955,P90 percentile cone,0.9,1,213960.40919882664
FUNG-WONG,2025-11-05 18:00:00,48,50,103.90460329394955,P90 covariance ellipse,0.9,1,174611.54547584392
FUNG-WONG,2025-11-06 00:00:00,48,47,130.96992577256975,Fixed-radius region,,0,1963.4928890086885
FUNG-WONG,2025-11-06 00:00:00,48,47,130.96992577256975,P50 percentile cone,0.5,1,62399.119439314636
FUNG-WONG,2025-11-06 00:00:00,48,47,130.96992577256975,P50 covariance ellipse,0.5,1,51046.310360528674
FUNG-WONG,2025-11-06 00:00:00,48,47,130.96992577256975,P90 percentile cone,0.9,1,249349.4796772677
FUNG-WONG,2025-11-06 00:00:00,48,47,130.96992577256975,P90 covariance ellipse,0.9,1,169572.17252698002
FUNG-WONG,2025-11-06 06:00:00,48,49,129.33155015826208,Fixed-radius region,,0,1963.4928890086885
FUNG-WONG,2025-11-06 06:00:00,48,49,129.33155015826208,P50 percentile cone,0.5,1,70858.0021653273
FUNG-WONG,2025-11-06 06:00:00,48,49,129.33155015826208,P50 covariance ellipse,0.5,1,46793.50084537428
FUNG-WONG,2025-11-06 06:00:00,48,49,129.33155015826208,P90 percentile cone,0.9,1,170920.34655507907
FUNG-WONG,2025-11-06 06:00:00,48,49,129.33155015826208,P90 covariance ellipse,0.9,1,155444.64511638434
FUNG-WONG,2025-11-06 12:00:00,48,51,86.77026862031143,Fixed-radius region,,0,1963.4928890086885
FUNG-WONG,2025-11-06 12:00:00,48,51,86.77026862031143,P50 percentile cone,0.5,1,58161.377097113436
FUNG-WONG,2025-11-06 12:00:00,48,51,86.77026862031143,P50 covariance ellipse,0.5,1,36913.223048746
FUNG-WONG,2025-11-06 12:00:00,48,51,86.77026862031143,P90 percentile cone,0.9,1,185835.39381010743
FUNG-WONG,2025-11-06 12:00:00,48,51,86.77026862031143,P90 covariance ellipse,0.9,1,122623.07271847303
FUNG-WONG,2025-11-06 18:00:00,48,51,94.82210376191678,Fixed-radius region,,0,1963.4928890086885
FUNG-WONG,2025-11-06 18:00:00,48,51,94.82210376191678,P50 percentile cone,0.5,1,60066.26449598599
FUNG-WONG,2025-11-06 18:00:00,48,51,94.82210376191678,P50 covariance ellipse,0.5,1,43480.434553250205
FUNG-WONG,2025-11-06 18:00:00,48,51,94.82210376191678,P90 percentile cone,0.9,1,193736.5374930494
FUNG-WONG,2025-11-06 18:00:00,48,51,94.82210376191678,P90 covariance ellipse,0.9,1,144438.87712035308
FUNG-WONG,2025-11-07 00:00:00,48,51,88.8763846862859,Fixed-radius region,,0,1963.4928890086885
FUNG-WONG,2025-11-07 00:00:00,48,51,88.8763846862859,P50 percentile cone,0.5,1,50706.84075822464
FUNG-WONG,2025-11-07 00:00:00,48,51,88.8763846862859,P50 covariance ellipse,0.5,1,31400.889481218957
FUNG-WONG,2025-11-07 00:00:00,48,51,88.8763846862859,P90 percentile cone,0.9,1,118680.04985533658
FUNG-WONG,2025-11-07 00:00:00,48,51,88.8763846862859,P90 covariance ellipse,0.9,1,104311.49697211428
FUNG-WONG,2025-11-07 06:00:00,48,51,75.86153497832139,Fixed-radius region,,0,1963.4928890086885
FUNG-WONG,2025-11-07 06:00:00,48,51,75.86153497832139,P50 percentile cone,0.5,1,61568.54278677662
FUNG-WONG,2025-11-07 06:00:00,48,51,75.86153497832139,P50 covariance ellipse,0.5,1,41120.28299070289
FUNG-WONG,2025-11-07 06:00:00,48,51,75.86153497832139,P90 percentile cone,0.9,1,156309.15968973257
FUNG-WONG,2025-11-07 06:00:00,48,51,75.86153497832139,P90 covariance ellipse,0.9,1,136598.62333653486
FUNG-WONG,2025-11-07 12:00:00,48,50,14.818310420998836,Fixed-radius region,,1,1963.4928890086885
FUNG-WONG,2025-11-07 12:00:00,48,50,14.818310420998836,P50 percentile cone,0.5,1,31686.585097484953
FUNG-WONG,2025-11-07 12:00:00,48,50,14.818310420998836,P50 covariance ellipse,0.5,1,24917.840060709474
FUNG-WONG,2025-11-07 12:00:00,48,50,14.818310420998836,P90 percentile cone,0.9,1,137894.815257743
FUNG-WONG,2025-11-07 12:00:00,48,50,14.818310420998836,P90 covariance ellipse,0.9,1,82775.27296158062
FUNG-WONG,2025-11-07 18:00:00,48,51,40.13358579253323,Fixed-radius region,,0,1963.4928890086885
FUNG-WONG,2025-11-07 18:00:00,48,51,40.13358579253323,P50 percentile cone,0.5,1,38459.508202363795
FUNG-WONG,2025-11-07 18:00:00,48,51,40.13358579253323,P50 covariance ellipse,0.5,1,28897.652920888897
FUNG-WONG,2025-11-07 18:00:00,48,51,40.13358579253323,P90 percentile cone,0.9,1,157264.71041452154
FUNG-WONG,2025-11-07 18:00:00,48,51,40.13358579253323,P90 covariance ellipse,0.9,1,95995.92511420466
FUNG-WONG,2025-11-08 00:00:00,48,50,64.64782079206387,Fixed-radius region,,0,1963.4928890086885
FUNG-WONG,2025-11-08 00:00:00,48,50,64.64782079206387,P50 percentile cone,0.5,1,36900.524573398245
FUNG-WONG,2025-11-08 00:00:00,48,50,64.64782079206387,P50 covariance ellipse,0.5,0,19673.926341050643
FUNG-WONG,2025-11-08 00:00:00,48,50,64.64782079206387,P90 percentile cone,0.9,1,120692.64620664924
FUNG-WONG,2025-11-08 00:00:00,48,50,64.64782079206387,P90 covariance ellipse,0.9,1,65355.36864908065
FUNG-WONG,2025-11-08 06:00:00,48,51,82.28686223986234,Fixed-radius region,,0,1963.4928890086885
FUNG-WONG,2025-11-08 06:00:00,48,51,82.28686223986234,P50 percentile cone,0.5,1,27750.91108339457
FUNG-WONG,2025-11-08 06:00:00,48,51,82.28686223986234,P50 covariance ellipse,0.5,0,14826.310788076724
FUNG-WONG,2025-11-08 06:00:00,48,51,82.28686223986234,P90 percentile cone,0.9,1,100718.44026037496
FUNG-WONG,2025-11-08 06:00:00,48,51,82.28686223986234,P90 covariance ellipse,0.9,1,49251.938350443656
FUNG-WONG,2025-11-08 12:00:00,48,50,89.14166479728986,Fixed-radius region,,0,1963.4928890086885
FUNG-WONG,2025-11-08 12:00:00,48,50,89.14166479728986,P50 percentile cone,0.5,0,24580.10446971865
FUNG-WONG,2025-11-08 12:00:00,48,50,89.14166479728986,P50 covariance ellipse,0.5,0,16719.58394530194
FUNG-WONG,2025-11-08 12:00:00,48,50,89.14166479728986,P90 percentile cone,0.9,1,101582.64613502644
FUNG-WONG,2025-11-08 12:00:00,48,50,89.14166479728986,P90 covariance ellipse,0.9,1,55541.25564272619
FUNG-WONG,2025-11-08 18:00:00,48,51,122.69776331022592,Fixed-radius region,,0,1963.4928890086885
FUNG-WONG,2025-11-08 18:00:00,48,51,122.69776331022592,P50 percentile cone,0.5,0,31395.198456595805
FUNG-WONG,2025-11-08 18:00:00,48,51,122.69776331022592,P50 covariance ellipse,0.5,0,18049.477011709532
FUNG-WONG,2025-11-08 18:00:00,48,51,122.69776331022592,P90 percentile cone,0.9,1,109623.90650905417
FUNG-WONG,2025-11-08 18:00:00,48,51,122.69776331022592,P90 covariance ellipse,0.9,1,59959.064783221474
FUNG-WONG,2025-11-09 00:00:00,48,51,73.27391380557192,Fixed-radius region,,0,1963.4928890086885
FUNG-WONG,2025-11-09 00:00:00,48,51,73.27391380557192,P50 percentile cone,0.5,1,22992.930312842924
FUNG-WONG,2025-11-09 00:00:00,48,51,73.27391380557192,P50 covariance ellipse,0.5,1,13531.015572730203
FUNG-WONG,2025-11-09 00:00:00,48,51,73.27391380557192,P90 percentile cone,0.9,1,93181.50145834059
FUNG-WONG,2025-11-09 00:00:00,48,51,73.27391380557192,P90 covariance ellipse,0.9,1,44949.06078341087
FUNG-WONG,2025-11-09 06:00:00,48,51,88.49618245981583,Fixed-radius region,,0,1963.4928890086885
FUNG-WONG,2025-11-09 06:00:00,48,51,88.49618245981583,P50 percentile cone,0.5,1,32664.559721510646
FUNG-WONG,2025-11-09 06:00:00,48,51,88.49618245981583,P50 covariance ellipse,0.5,1,17095.572269184147
FUNG-WONG,2025-11-09 06:00:00,48,51,88.49618245981583,P90 percentile cone,0.9,1,90916.78358874189
FUNG-WONG,2025-11-09 06:00:00,48,51,88.49618245981583,P90 covariance ellipse,0.9,1,56790.261819180116
FUNG-WONG,2025-11-09 12:00:00,48,51,118.140367218014,Fixed-radius region,,0,1963.4928890086885
FUNG-WONG,2025-11-09 12:00:00,48,51,118.140367218014,P50 percentile cone,0.5,0,23781.574214118118
FUNG-WONG,2025-11-09 12:00:00,48,51,118.140367218014,P50 covariance ellipse,0.5,0,14519.457006469285
FUNG-WONG,2025-11-09 12:00:00,48,51,118.140367218014,P90 percentile cone,0.9,1,95570.26505706519
FUNG-WONG,2025-11-09 12:00:00,48,51,118.140367218014,P90 covariance ellipse,0.9,1,48232.59215229947
FUNG-WONG,2025-11-09 18:00:00,48,51,33.36428147283098,Fixed-radius region,,0,1963.4928890086885
FUNG-WONG,2025-11-09 18:00:00,48,51,33.36428147283098,P50 percentile cone,0.5,1,30930.090436564114
FUNG-WONG,2025-11-09 18:00:00,48,51,33.36428147283098,P50 covariance ellipse,0.5,1,20480.097706998986
FUNG-WONG,2025-11-09 18:00:00,48,51,33.36428147283098,P90 percentile cone,0.9,1,121270.32706283289
FUNG-WONG,2025-11-09 18:00:00,48,51,33.36428147283098,P90 covariance ellipse,0.9,1,68033.41195891816
FUNG-WONG,2025-11-10 00:00:00,48,51,75.41721483509592,Fixed-radius region,,0,1963.4928890086885
FUNG-WONG,2025-11-10 00:00:00,48,51,75.41721483509592,P50 percentile cone,0.5,1,41060.41736828331
FUNG-WONG,2025-11-10 00:00:00,48,51,75.41721483509592,P50 covariance ellipse,0.5,0,24247.974672543405
FUNG-WONG,2025-11-10 00:00:00,48,51,75.41721483509592,P90 percentile cone,0.9,1,139948.33152181737
FUNG-WONG,2025-11-10 00:00:00,48,51,75.41721483509592,P90 covariance ellipse,0.9,1,80550.02830883912
FUNG-WONG,2025-11-10 06:00:00,48,49,150.55461648272183,Fixed-radius region,,0,1963.4928890086885
FUNG-WONG,2025-11-10 06:00:00,48,49,150.55461648272183,P50 percentile cone,0.5,1,148397.06676020287
FUNG-WONG,2025-11-10 06:00:00,48,49,150.55461648272183,P50 covariance ellipse,0.5,0,56921.16662605696
FUNG-WONG,2025-11-10 06:00:00,48,49,150.55461648272183,P90 percentile cone,0.9,1,246119.94897521666
FUNG-WONG,2025-11-10 06:00:00,48,49,150.55461648272183,P90 covariance ellipse,0.9,1,189088.02260886348
FUNG-WONG,2025-11-10 12:00:00,48,47,125.18282647795453,Fixed-radius region,,0,1963.4928890086885
FUNG-WONG,2025-11-10 12:00:00,48,47,125.18282647795453,P50 percentile cone,0.5,1,95605.0038797869
FUNG-WONG,2025-11-10 12:00:00,48,47,125.18282647795453,P50 covariance ellipse,0.5,0,54571.43096151727
FUNG-WONG,2025-11-10 12:00:00,48,47,125.18282647795453,P90 percentile cone,0.9,1,281975.17851617665
FUNG-WONG,2025-11-10 12:00:00,48,47,125.18282647795453,P90 covariance ellipse,0.9,1,181282.36968927027
FUNG-WONG,2025-11-10 18:00:00,48,41,131.91754160829748,Fixed-radius region,,0,1963.4928890086885
FUNG-WONG,2025-11-10 18:00:00,48,41,131.91754160829748,P50 percentile cone,0.5,1,110145.50390611426
FUNG-WONG,2025-11-10 18:00:00,48,41,131.91754160829748,P50 covariance ellipse,0.5,0,58025.006832813415
FUNG-WONG,2025-11-10 18:00:00,48,41,131.91754160829748,P90 percentile cone,0.9,1,255717.7991139877
FUNG-WONG,2025-11-10 18:00:00,48,41,131.91754160829748,P90 covariance ellipse,0.9,1,192754.900403954
FUNG-WONG,2025-11-11 00:00:00,48,38,17.867497334868258,Fixed-radius region,,1,1963.4928890086885
FUNG-WONG,2025-11-11 00:00:00,48,38,17.867497334868258,P50 percentile cone,0.5,1,95945.62879025858
FUNG-WONG,2025-11-11 00:00:00,48,38,17.867497334868258,P50 covariance ellipse,0.5,1,42139.14716250037
FUNG-WONG,2025-11-11 00:00:00,48,38,17.867497334868258,P90 percentile cone,0.9,1,294945.1048432203
FUNG-WONG,2025-11-11 00:00:00,48,38,17.867497334868258,P90 covariance ellipse,0.9,1,139983.21685370302
FUNG-WONG,2025-11-11 06:00:00,48,42,62.766147961159064,Fixed-radius region,,0,1963.4928890086885
FUNG-WONG,2025-11-11 06:00:00,48,42,62.766147961159064,P50 percentile cone,0.5,1,106805.98179687426
FUNG-WONG,2025-11-11 06:00:00,48,42,62.766147961159064,P50 covariance ellipse,0.5,1,59728.25917089315
FUNG-WONG,2025-11-11 06:00:00,48,42,62.766147961159064,P90 percentile cone,0.9,1,373640.41705358966
FUNG-WONG,2025-11-11 06:00:00,48,42,62.766147961159064,P90 covariance ellipse,0.9,1,198412.98219850368
FUNG-WONG,2025-11-11 12:00:00,48,33,110.57764821459479,Fixed-radius region,,0,1963.4928890086885
FUNG-WONG,2025-11-11 12:00:00,48,33,110.57764821459479,P50 percentile cone,0.5,1,84806.7070660037
FUNG-WONG,2025-11-11 12:00:00,48,33,110.57764821459479,P50 covariance ellipse,0.5,1,40224.472105726105
FUNG-WONG,2025-11-11 12:00:00,48,33,110.57764821459479,P90 percentile cone,0.9,1,482353.44222301315
FUNG-WONG,2025-11-11 12:00:00,48,33,110.57764821459479,P90 covariance ellipse,0.9,1,133622.80399002455
FUNG-WONG,2025-11-11 18:00:00,48,16,252.15476156404725,Fixed-radius region,,0,1963.4928890086885
FUNG-WONG,2025-11-11 18:00:00,48,16,252.15476156404725,P50 percentile cone,0.5,0,67150.86127692366
FUNG-WONG,2025-11-11 18:00:00,48,16,252.15476156404725,P50 covariance ellipse,0.5,0,39136.9032081287
FUNG-WONG,2025-11-11 18:00:00,48,16,252.15476156404725,P90 percentile cone,0.9,1,337119.2916472685
FUNG-WONG,2025-11-11 18:00:00,48,16,252.15476156404725,P90 covariance ellipse,0.9,1,130009.97831397004
GEZANI,2026-02-10 00:00:00,48,46,12.464307072338936,Fixed-radius region,,1,1963.4928890086885
GEZANI,2026-02-10 00:00:00,48,46,12.464307072338936,P50 percentile cone,0.5,1,28714.477873320917
GEZANI,2026-02-10 00:00:00,48,46,12.464307072338936,P50 covariance ellipse,0.5,1,21535.126978848246
GEZANI,2026-02-10 00:00:00,48,46,12.464307072338936,P90 percentile cone,0.9,1,114588.67126924747
GEZANI,2026-02-10 00:00:00,48,46,12.464307072338936,P90 covariance ellipse,0.9,1,71538.14333800279
GEZANI,2026-02-10 06:00:00,48,48,8.80744821142691,Fixed-radius region,,1,1963.4928890086885
GEZANI,2026-02-10 06:00:00,48,48,8.80744821142691,P50 percentile cone,0.5,1,38266.689620332145
GEZANI,2026-02-10 06:00:00,48,48,8.80744821142691,P50 covariance ellipse,0.5,1,19580.34229566218
GEZANI,2026-02-10 06:00:00,48,48,8.80744821142691,P90 percentile cone,0.9,1,83609.27188321784
GEZANI,2026-02-10 06:00:00,48,48,8.80744821142691,P90 covariance ellipse,0.9,1,65044.48917947149
GEZANI,2026-02-10 12:00:00,48,49,3.28896378008883,Fixed-radius region,,1,1963.4928890086885
GEZANI,2026-02-10 12:00:00,48,49,3.28896378008883,P50 percentile cone,0.5,1,26680.110477573307
GEZANI,2026-02-10 12:00:00,48,49,3.28896378008883,P50 covariance ellipse,0.5,1,15202.770708794145
GEZANI,2026-02-10 12:00:00,48,49,3.28896378008883,P90 percentile cone,0.9,1,75552.79914586242
GEZANI,2026-02-10 12:00:00,48,49,3.28896378008883,P90 covariance ellipse,0.9,1,50502.51113767392
GEZANI,2026-02-10 18:00:00,48,49,26.229652539025697,Fixed-radius region,,0,1963.4928890086885
GEZANI,2026-02-10 18:00:00,48,49,26.229652539025697,P50 percentile cone,0.5,1,35273.24195174997
GEZANI,2026-02-10 18:00:00,48,49,26.229652539025697,P50 covariance ellipse,0.5,1,22069.431166067843
GEZANI,2026-02-10 18:00:00,48,49,26.229652539025697,P90 percentile cone,0.9,1,100565.47279916886
GEZANI,2026-02-10 18:00:00,48,49,26.229652539025697,P90 covariance ellipse,0.9,1,73313.06342874352
GEZANI,2026-02-11 00:00:00,48,49,115.93095398633855,Fixed-radius region,,0,1963.4928890086885
GEZANI,2026-02-11 00:00:00,48,49,115.93095398633855,P50 percentile cone,0.5,0,30115.064933068235
GEZANI,2026-02-11 00:00:00,48,49,115.93095398633855,P50 covariance ellipse,0.5,0,19749.38254857403
GEZANI,2026-02-11 00:00:00,48,49,115.93095398633855,P90 percentile cone,0.9,1,101221.82216571704
GEZANI,2026-02-11 00:00:00,48,49,115.93095398633855,P90 covariance ellipse,0.9,1,65606.02874478624
GEZANI,2026-02-11 06:00:00,48,51,112.50694002235822,Fixed-radius region,,0,1963.4928890086885
GEZANI,2026-02-11 06:00:00,48,51,112.50694002235822,P50 percentile cone,0.5,0,37298.454027853055
GEZANI,2026-02-11 06:00:00,48,51,112.50694002235822,P50 covariance ellipse,0.5,0,19439.100760240322
GEZANI,2026-02-11 06:00:00,48,51,112.50694002235822,P90 percentile cone,0.9,1,85486.0307740317
GEZANI,2026-02-11 06:00:00,48,51,112.50694002235822,P90 covariance ellipse,0.9,1,64575.2949547886
GEZANI,2026-02-11 12:00:00,48,51,128.79335808292345,Fixed-radius region,,0,1963.4928890086885
GEZANI,2026-02-11 12:00:00,48,51,128.79335808292345,P50 percentile cone,0.5,0,33962.62556903772
GEZANI,2026-02-11 12:00:00,48,51,128.79335808292345,P50 covariance ellipse,0.5,0,18573.67876671525
GEZANI,2026-02-11 12:00:00,48,51,128.79335808292345,P90 percentile cone,0.9,1,89418.73232280776
GEZANI,2026-02-11 12:00:00,48,51,128.79335808292345,P90 covariance ellipse,0.9,1,61700.42532056423
GEZANI,2026-02-11 18:00:00,48,51,90.17098370439597,Fixed-radius region,,0,1963.4928890086885
GEZANI,2026-02-11 18:00:00,48,51,90.17098370439597,P50 percentile cone,0.5,1,29862.19794220412
GEZANI,2026-02-11 18:00:00,48,51,90.17098370439597,P50 covariance ellipse,0.5,0,17296.927269927823
GEZANI,2026-02-11 18:00:00,48,51,90.17098370439597,P90 percentile cone,0.9,1,83054.06011847273
GEZANI,2026-02-11 18:00:00,48,51,90.17098370439597,P90 covariance ellipse,0.9,1,57459.148653196586
GEZANI,2026-02-12 00:00:00,48,51,95.62988044130316,Fixed-radius region,,0,1963.4928890086885
GEZANI,2026-02-12 00:00:00,48,51,95.62988044130316,P50 percentile cone,0.5,1,33749.47590585267
GEZANI,2026-02-12 00:00:00,48,51,95.62988044130316,P50 covariance ellipse,0.5,0,16274.476293833995
GEZANI,2026-02-12 00:00:00,48,51,95.62988044130316,P90 percentile cone,0.9,1,85520.52680078956
GEZANI,2026-02-12 00:00:00,48,51,95.62988044130316,P90 covariance ellipse,0.9,1,54062.64003006549
GEZANI,2026-02-12 06:00:00,48,51,146.898929010853,Fixed-radius region,,0,1963.4928890086885
GEZANI,2026-02-12 06:00:00,48,51,146.898929010853,P50 percentile cone,0.5,0,31421.41175312799
GEZANI,2026-02-12 06:00:00,48,51,146.898929010853,P50 covariance ellipse,0.5,0,18614.2172436843
GEZANI,2026-02-12 06:00:00,48,51,146.898929010853,P90 percentile cone,0.9,1,78077.67700685127
GEZANI,2026-02-12 06:00:00,48,51,146.898929010853,P90 covariance ellipse,0.9,1,61835.09122613166
GEZANI,2026-02-12 12:00:00,48,51,111.29803944667015,Fixed-radius region,,0,1963.4928890086885
GEZANI,2026-02-12 12:00:00,48,51,111.29803944667015,P50 percentile cone,0.5,0,30857.520994850795
GEZANI,2026-02-12 12:00:00,48,51,111.29803944667015,P50 covariance ellipse,0.5,0,15795.192889777554
GEZANI,2026-02-12 12:00:00,48,51,111.29803944667015,P90 percentile cone,0.9,1,86165.6839437164
GEZANI,2026-02-12 12:00:00,48,51,111.29803944667015,P90 covariance ellipse,0.9,1,52470.49502471715
GEZANI,2026-02-12 18:00:00,48,51,95.53106658504021,Fixed-radius region,,0,1963.4928890086885
GEZANI,2026-02-12 18:00:00,48,51,95.53106658504021,P50 percentile cone,0.5,1,54326.56684258102
GEZANI,2026-02-12 18:00:00,48,51,95.53106658504021,P50 covariance ellipse,0.5,1,21813.984967165197
GEZANI,2026-02-12 18:00:00,48,51,95.53106658504021,P90 percentile cone,0.9,1,98265.29742531382
GEZANI,2026-02-12 18:00:00,48,51,95.53106658504021,P90 covariance ellipse,0.9,1,72464.48952387663
GEZANI,2026-02-13 00:00:00,48,51,138.567877694259,Fixed-radius region,,0,1963.4928890086885
GEZANI,2026-02-13 00:00:00,48,51,138.567877694259,P50 percentile cone,0.5,0,38784.25146243674
GEZANI,2026-02-13 00:00:00,48,51,138.567877694259,P50 covariance ellipse,0.5,0,21029.288900678424
GEZANI,2026-02-13 00:00:00,48,51,138.567877694259,P90 percentile cone,0.9,1,145791.01414691927
GEZANI,2026-02-13 00:00:00,48,51,138.567877694259,P90 covariance ellipse,0.9,1,69857.78561466662
GEZANI,2026-02-13 06:00:00,48,51,250.17096411625528,Fixed-radius region,,0,1963.4928890086885
GEZANI,2026-02-13 06:00:00,48,51,250.17096411625528,P50 percentile cone,0.5,0,31018.57831530676
GEZANI,2026-02-13 06:00:00,48,51,250.17096411625528,P50 covariance ellipse,0.5,0,20945.94151198124
GEZANI,2026-02-13 06:00:00,48,51,250.17096411625528,P90 percentile cone,0.9,0,99765.2667393826
GEZANI,2026-02-13 06:00:00,48,51,250.17096411625528,P90 covariance ellipse,0.9,0,69580.91158251795
GEZANI,2026-02-13 12:00:00,48,50,205.78187832911257,Fixed-radius region,,0,1963.4928890086885
GEZANI,2026-02-13 12:00:00,48,50,205.78187832911257,P50 percentile cone,0.5,0,60868.54303155607
GEZANI,2026-02-13 12:00:00,48,50,205.78187832911257,P50 covariance ellipse,0.5,0,28430.51873898807
GEZANI,2026-02-13 12:00:00,48,50,205.78187832911257,P90 percentile cone,0.9,1,200699.9505036724
GEZANI,2026-02-13 12:00:00,48,50,205.78187832911257,P90 covariance ellipse,0.9,1,94444.13895126608
GEZANI,2026-02-13 18:00:00,48,51,111.6120543517244,Fixed-radius region,,0,1963.4928890086885
GEZANI,2026-02-13 18:00:00,48,51,111.6120543517244,P50 percentile cone,0.5,1,74923.23156217665
GEZANI,2026-02-13 18:00:00,48,51,111.6120543517244,P50 covariance ellipse,0.5,1,44650.26522257593
GEZANI,2026-02-13 18:00:00,48,51,111.6120543517244,P90 percentile cone,0.9,1,324779.3924750278
GEZANI,2026-02-13 18:00:00,48,51,111.6120543517244,P90 covariance ellipse,0.9,1,148324.9704870471
KALMAEGI,2025-11-01 12:00:00,48,51,149.57413798330757,Fixed-radius region,,0,1963.4928890086885
KALMAEGI,2025-11-01 12:00:00,48,51,149.57413798330757,P50 percentile cone,0.5,0,47487.91406909576
KALMAEGI,2025-11-01 12:00:00,48,51,149.57413798330757,P50 covariance ellipse,0.5,1,42260.340806024215
KALMAEGI,2025-11-01 12:00:00,48,51,149.57413798330757,P90 percentile cone,0.9,1,180022.87990004176
KALMAEGI,2025-11-01 12:00:00,48,51,149.57413798330757,P90 covariance ellipse,0.9,1,140385.81342304664
KALMAEGI,2025-11-01 18:00:00,48,51,156.04493649119752,Fixed-radius region,,0,1963.4928890086885
KALMAEGI,2025-11-01 18:00:00,48,51,156.04493649119752,P50 percentile cone,0.5,0,57011.277736652904
KALMAEGI,2025-11-01 18:00:00,48,51,156.04493649119752,P50 covariance ellipse,0.5,1,39181.22919941231
KALMAEGI,2025-11-01 18:00:00,48,51,156.04493649119752,P90 percentile cone,0.9,1,168711.12995918057
KALMAEGI,2025-11-01 18:00:00,48,51,156.04493649119752,P90 covariance ellipse,0.9,1,130157.2260697488
KALMAEGI,2025-11-02 00:00:00,48,51,114.0753483629348,Fixed-radius region,,0,1963.4928890086885
KALMAEGI,2025-11-02 00:00:00,48,51,114.0753483629348,P50 percentile cone,0.5,1,96815.69871957524
KALMAEGI,2025-11-02 00:00:00,48,51,114.0753483629348,P50 covariance ellipse,0.5,1,53830.82399404844
KALMAEGI,2025-11-02 00:00:00,48,51,114.0753483629348,P90 percentile cone,0.9,1,276042.42200856825
KALMAEGI,2025-11-02 00:00:00,48,51,114.0753483629348,P90 covariance ellipse,0.9,1,178822.12659676623
KALMAEGI,2025-11-02 12:00:00,48,51,70.56849491530939,Fixed-radius region,,0,1963.4928890086885
KALMAEGI,2025-11-02 12:00:00,48,51,70.56849491530939,P50 percentile cone,0.5,1,59668.69930847112
KALMAEGI,2025-11-02 12:00:00,48,51,70.56849491530939,P50 covariance ellipse,0.5,1,56484.07952934529
KALMAEGI,2025-11-02 12:00:00,48,51,70.56849491530939,P90 percentile cone,0.9,1,316493.69427412905
KALMAEGI,2025-11-02 12:00:00,48,51,70.56849491530939,P90 covariance ellipse,0.9,1,187636.05070238424
KALMAEGI,2025-11-02 18:00:00,48,50,44.6824079158783,Fixed-radius region,,0,1963.4928890086885
KALMAEGI,2025-11-02 18:00:00,48,50,44.6824079158783,P50 percentile cone,0.5,1,90302.88955887886
KALMAEGI,2025-11-02 18:00:00,48,50,44.6824079158783,P50 covariance ellipse,0.5,1,59189.38293383259
KALMAEGI,2025-11-02 18:00:00,48,50,44.6824079158783,P90 percentile cone,0.9,1,264446.8694456458
KALMAEGI,2025-11-02 18:00:00,48,50,44.6824079158783,P90 covariance ellipse,0.9,1,196622.87408694503
KALMAEGI,2025-11-03 00:00:00,48,51,71.95437994432255,Fixed-radius region,,0,1963.4928890086885
KALMAEGI,2025-11-03 00:00:00,48,51,71.95437994432255,P50 percentile cone,0.5,1,76187.38153030834
KALMAEGI,2025-11-03 00:00:00,48,51,71.95437994432255,P50 covariance ellipse,0.5,1,54110.636418731476
KALMAEGI,2025-11-03 00:00:00,48,51,71.95437994432255,P90 percentile cone,0.9,1,307706.54075690795
KALMAEGI,2025-11-03 00:00:00,48,51,71.95437994432255,P90 covariance ellipse,0.9,1,179751.64335161936
KALMAEGI,2025-11-03 06:00:00,48,50,15.222260471348484,Fixed-radius region,,1,1963.4928890086885
KALMAEGI,2025-11-03 06:00:00,48,50,15.222260471348484,P50 percentile cone,0.5,1,69847.75030163578
KALMAEGI,2025-11-03 06:00:00,48,50,15.222260471348484,P50 covariance ellipse,0.5,1,42995.32053242089
KALMAEGI,2025-11-03 06:00:00,48,50,15.222260471348484,P90 percentile cone,0.9,1,228522.79696587374
KALMAEGI,2025-11-03 06:00:00,48,50,15.222260471348484,P90 covariance ellipse,0.9,1,142827.3632253364
KALMAEGI,2025-11-03 12:00:00,48,51,39.8194842957649,Fixed-radius region,,0,1963.4928890086885
KALMAEGI,2025-11-03 12:00:00,48,51,39.8194842957649,P50 percentile cone,0.5,1,58095.10120531609
KALMAEGI,2025-11-03 12:00:00,48,51,39.8194842957649,P50 covariance ellipse,0.5,1,43293.25290623612
KALMAEGI,2025-11-03 12:00:00,48,51,39.8194842957649,P90 percentile cone,0.9,1,173610.7877243171
KALMAEGI,2025-11-03 12:00:00,48,51,39.8194842957649,P90 covariance ellipse,0.9,1,143817.0731482897
KALMAEGI,2025-11-03 18:00:00,48,51,48.59927877640256,Fixed-radius region,,0,1963.4928890086885
KALMAEGI,2025-11-03 18:00:00,48,51,48.59927877640256,P50 percentile cone,0.5,1,67480.45375989297
KALMAEGI,2025-11-03 18:00:00,48,51,48.59927877640256,P50 covariance ellipse,0.5,1,44172.517780745016
KALMAEGI,2025-11-03 18:00:00,48,51,48.59927877640256,P90 percentile cone,0.9,1,182826.7051439803
KALMAEGI,2025-11-03 18:00:00,48,51,48.59927877640256,P90 covariance ellipse,0.9,1,146737.92783776842
KALMAEGI,2025-11-04 00:00:00,48,51,66.46744558242288,Fixed-radius region,,0,1963.4928890086885
KALMAEGI,2025-11-04 00:00:00,48,51,66.46744558242288,P50 percentile cone,0.5,1,47862.09980220057
KALMAEGI,2025-11-04 00:00:00,48,51,66.46744558242288,P50 covariance ellipse,0.5,1,29876.18679711395
KALMAEGI,2025-11-04 00:00:00,48,51,66.46744558242288,P90 percentile cone,0.9,1,181401.56074638915
KALMAEGI,2025-11-04 00:00:00,48,51,66.46744558242288,P90 covariance ellipse,0.9,1,99246.5442894357
KALMAEGI,2025-11-04 06:00:00,48,51,116.70130042859525,Fixed-radius region,,0,1963.4928890086885
KALMAEGI,2025-11-04 06:00:00,48,51,116.70130042859525,P50 percentile cone,0.5,0,38121.95049430559
KALMAEGI,2025-11-04 06:00:00,48,51,116.70130042859525,P50 covariance ellipse,0.5,0,24177.822661286296
KALMAEGI,2025-11-04 06:00:00,48,51,116.70130042859525,P90 percentile cone,0.9,1,176196.39507902795
KALMAEGI,2025-11-04 06:00:00,48,51,116.70130042859525,P90 covariance ellipse,0.9,1,80316.98837173128
KALMAEGI,2025-11-04 12:00:00,48,51,138.62784515123587,Fixed-radius region,,0,1963.4928890086885
KALMAEGI,2025-11-04 12:00:00,48,51,138.62784515123587,P50 percentile cone,0.5,0,32497.835266899965
KALMAEGI,2025-11-04 12:00:00,48,51,138.62784515123587,P50 covariance ellipse,0.5,0,20917.868269688457
KALMAEGI,2025-11-04 12:00:00,48,51,138.62784515123587,P90 percentile cone,0.9,1,115080.61062929897
KALMAEGI,2025-11-04 12:00:00,48,51,138.62784515123587,P90 covariance ellipse,0.9,1,69487.65429023097
KALMAEGI,2025-11-04 18:00:00,48,50,138.83437657128897,Fixed-radius region,,0,1963.4928890086885
KALMAEGI,2025-11-04 18:00:00,48,50,138.83437657128897,P50 percentile cone,0.5,0,47303.276042910715
KALMAEGI,2025-11-04 18:00:00,48,50,138.83437657128897,P50 covariance ellipse,0.5,0,30038.892018003375
KALMAEGI,2025-11-04 18:00:00,48,50,138.83437657128897,P90 percentile cone,0.9,1,150492.5863251491
KALMAEGI,2025-11-04 18:00:00,48,50,138.83437657128897,P90 covariance ellipse,0.9,1,99787.03933389313
KALMAEGI,2025-11-05 00:00:00,48,51,90.58952027444302,Fixed-radius region,,0,1963.4928890086885
KALMAEGI,2025-11-05 00:00:00,48,51,90.58952027444302,P50 percentile cone,0.5,1,71979.47419981138
KALMAEGI,2025-11-05 00:00:00,48,51,90.58952027444302,P50 covariance ellipse,0.5,1,28623.176237462383
KALMAEGI,2025-11-05 00:00:00,48,51,90.58952027444302,P90 percentile cone,0.9,1,161432.9354942697
KALMAEGI,2025-11-05 00:00:00,48,51,90.58952027444302,P90 covariance ellipse,0.9,1,95084.13330813863
KALMAEGI,2025-11-05 06:00:00,48,50,84.61530182544917,Fixed-radius region,,0,1963.4928890086885
KALMAEGI,2025-11-05 06:00:00,48,50,84.61530182544917,P50 percentile cone,0.5,1,43794.73598780668
KALMAEGI,2025-11-05 06:00:00,48,50,84.61530182544917,P50 covariance ellipse,0.5,1,26766.637732665455
KALMAEGI,2025-11-05 06:00:00,48,50,84.61530182544917,P90 percentile cone,0.9,1,120294.68992428578
KALMAEGI,2025-11-05 06:00:00,48,50,84.61530182544917,P90 covariance ellipse,0.9,1,88916.84588981353
KALMAEGI,2025-11-05 12:00:00,48,51,18.91955699450633,Fixed-radius region,,1,1963.4928890086885
KALMAEGI,2025-11-05 12:00:00,48,51,18.91955699450633,P50 percentile cone,0.5,1,25687.992606552598
KALMAEGI,2025-11-05 12:00:00,48,51,18.91955699450633,P50 covariance ellipse,0.5,1,18911.278318161734
KALMAEGI,2025-11-05 12:00:00,48,51,18.91955699450633,P90 percentile cone,0.9,1,91228.08846066953
KALMAEGI,2025-11-05 12:00:00,48,51,18.91955699450633,P90 covariance ellipse,0.9,1,62821.90675533568
KALMAEGI,2025-11-05 18:00:00,48,51,31.867276433052968,Fixed-radius region,,0,1963.4928890086885
KALMAEGI,2025-11-05 18:00:00,48,51,31.867276433052968,P50 percentile cone,0.5,1,33384.05034339393
KALMAEGI,2025-11-05 18:00:00,48,51,31.867276433052968,P50 covariance ellipse,0.5,1,24807.88106984611
KALMAEGI,2025-11-05 18:00:00,48,51,31.867276433052968,P90 percentile cone,0.9,1,121228.45245500033
KALMAEGI,2025-11-05 18:00:00,48,51,31.867276433052968,P90 covariance ellipse,0.9,1,82409.99710054614
KOTO,2025-11-25 12:00:00,48,51,52.35868954386343,Fixed-radius region,,0,1963.4928890086885
KOTO,2025-11-25 12:00:00,48,51,52.35868954386343,P50 percentile cone,0.5,1,48438.0329040526
KOTO,2025-11-25 12:00:00,48,51,52.35868954386343,P50 covariance ellipse,0.5,1,28336.306205211964
KOTO,2025-11-25 12:00:00,48,51,52.35868954386343,P90 percentile cone,0.9,1,135781.61818671532
KOTO,2025-11-25 12:00:00,48,51,52.35868954386343,P90 covariance ellipse,0.9,1,94131.1716884247
KOTO,2025-11-25 18:00:00,48,50,37.04877936550813,Fixed-radius region,,0,1963.4928890086885
KOTO,2025-11-25 18:00:00,48,50,37.04877936550813,P50 percentile cone,0.5,1,37744.43627918566
KOTO,2025-11-25 18:00:00,48,50,37.04877936550813,P50 covariance ellipse,0.5,1,23890.789967172113
KOTO,2025-11-25 18:00:00,48,50,37.04877936550813,P90 percentile cone,0.9,1,124095.69933929472
KOTO,2025-11-25 18:00:00,48,50,37.04877936550813,P90 covariance ellipse,0.9,1,79363.48640100216
KOTO,2025-11-26 00:00:00,48,51,13.862340884069111,Fixed-radius region,,1,1963.4928890086885
KOTO,2025-11-26 00:00:00,48,51,13.862340884069111,P50 percentile cone,0.5,1,37447.18061606324
KOTO,2025-11-26 00:00:00,48,51,13.862340884069111,P50 covariance ellipse,0.5,1,19968.36124466565
KOTO,2025-11-26 00:00:00,48,51,13.862340884069111,P90 percentile cone,0.9,1,102684.36370255225
KOTO,2025-11-26 00:00:00,48,51,13.862340884069111,P90 covariance ellipse,0.9,1,66333.4602275148
KOTO,2025-11-26 06:00:00,48,51,34.67417691992292,Fixed-radius region,,0,1963.4928890086885
KOTO,2025-11-26 06:00:00,48,51,34.67417691992292,P50 percentile cone,0.5,1,38168.044938936866
KOTO,2025-11-26 06:00:00,48,51,34.67417691992292,P50 covariance ellipse,0.5,1,21041.299571621235
KOTO,2025-11-26 06:00:00,48,51,34.67417691992292,P90 percentile cone,0.9,1,109759.89801900853
KOTO,2025-11-26 06:00:00,48,51,34.67417691992292,P90 covariance ellipse,0.9,1,69897.68419990999
KOTO,2025-11-26 12:00:00,48,51,20.01966363292236,Fixed-radius region,,1,1963.4928890086885
KOTO,2025-11-26 12:00:00,48,51,20.01966363292236,P50 percentile cone,0.5,1,38307.1065401243
KOTO,2025-11-26 12:00:00,48,51,20.01966363292236,P50 covariance ellipse,0.5,1,18523.30938433664
KOTO,2025-11-26 12:00:00,48,51,20.01966363292236,P90 percentile cone,0.9,1,110617.8161797673
KOTO,2025-11-26 12:00:00,48,51,20.01966363292236,P90 covariance ellipse,0.9,1,61533.101854118606
KOTO,2025-11-26 18:00:00,48,51,45.477397057147336,Fixed-radius region,,0,1963.4928890086885
KOTO,2025-11-26 18:00:00,48,51,45.477397057147336,P50 percentile cone,0.5,1,45356.05378642374
KOTO,2025-11-26 18:00:00,48,51,45.477397057147336,P50 covariance ellipse,0.5,1,24995.161279772146
KOTO,2025-11-26 18:00:00,48,51,45.477397057147336,P90 percentile cone,0.9,1,123003.59627572948
KOTO,2025-11-26 18:00:00,48,51,45.477397057147336,P90 covariance ellipse,0.9,1,83032.12849151583
KOTO,2025-11-27 00:00:00,48,51,73.12114709589913,Fixed-radius region,,0,1963.4928890086885
KOTO,2025-11-27 00:00:00,48,51,73.12114709589913,P50 percentile cone,0.5,1,43658.805090258254
KOTO,2025-11-27 00:00:00,48,51,73.12114709589913,P50 covariance ellipse,0.5,1,20942.26498597764
KOTO,2025-11-27 00:00:00,48,51,73.12114709589913,P90 percentile cone,0.9,1,94693.91346962607
KOTO,2025-11-27 00:00:00,48,51,73.12114709589913,P90 covariance ellipse,0.9,1,69568.698427495
KOTO,2025-11-27 06:00:00,48,50,73.52969692205541,Fixed-radius region,,0,1963.4928890086885
KOTO,2025-11-27 06:00:00,48,50,73.52969692205541,P50 percentile cone,0.5,1,30419.372296538913
KOTO,2025-11-27 06:00:00,48,50,73.52969692205541,P50 covariance ellipse,0.5,1,19345.329961800842
KOTO,2025-11-27 06:00:00,48,50,73.52969692205541,P90 percentile cone,0.9,1,98074.82236573036
KOTO,2025-11-27 06:00:00,48,50,73.52969692205541,P90 covariance ellipse,0.9,1,64263.79510497248
KOTO,2025-11-27 12:00:00,48,51,16.685481431690114,Fixed-radius region,,1,1963.4928890086885
KOTO,2025-11-27 12:00:00,48,51,16.685481431690114,P50 percentile cone,0.5,1,32099.88984348225
KOTO,2025-11-27 12:00:00,48,51,16.685481431690114,P50 covariance ellipse,0.5,1,17044.560750602534
KOTO,2025-11-27 12:00:00,48,51,16.685481431690114,P90 percentile cone,0.9,1,82410.53829616391
KOTO,2025-11-27 12:00:00,48,51,16.685481431690114,P90 covariance ellipse,0.9,1,56620.80522244098
KOTO,2025-11-27 18:00:00,48,51,69.21464046713724,Fixed-radius region,,0,1963.4928890086885
KOTO,2025-11-27 18:00:00,48,51,69.21464046713724,P50 percentile cone,0.5,1,22156.875480526855
KOTO,2025-11-27 18:00:00,48,51,69.21464046713724,P50 covariance ellipse,0.5,0,10770.418919940035
KOTO,2025-11-27 18:00:00,48,51,69.21464046713724,P90 percentile cone,0.9,1,59817.77746421991
KOTO,2025-11-27 18:00:00,48,51,69.21464046713724,P90 covariance ellipse,0.9,1,35778.5572038552
KOTO,2025-11-28 00:00:00,48,51,42.618577993203985,Fixed-radius region,,0,1963.4928890086885
KOTO,2025-11-28 00:00:00,48,51,42.618577993203985,P50 percentile cone,0.5,1,29628.715299988733
KOTO,2025-11-28 00:00:00,48,51,42.618577993203985,P50 covariance ellipse,0.5,1,16222.558954606087
KOTO,2025-11-28 00:00:00,48,51,42.618577993203985,P90 percentile cone,0.9,1,62550.6504139196
KOTO,2025-11-28 00:00:00,48,51,42.618577993203985,P90 covariance ellipse,0.9,1,53890.17436227251
KOTO,2025-11-28 06:00:00,48,49,26.004714905336403,Fixed-radius region,,0,1963.4928890086885
KOTO,2025-11-28 06:00:00,48,49,26.004714905336403,P50 percentile cone,0.5,1,29194.064650214725
KOTO,2025-11-28 06:00:00,48,49,26.004714905336403,P50 covariance ellipse,0.5,1,17262.178743117973
KOTO,2025-11-28 06:00:00,48,49,26.004714905336403,P90 percentile cone,0.9,1,75916.24803677283
KOTO,2025-11-28 06:00:00,48,49,26.004714905336403,P90 covariance ellipse,0.9,1,57343.716545731
KOTO,2025-11-28 12:00:00,48,51,54.538967711489065,Fixed-radius region,,0,1963.4928890086885
KOTO,2025-11-28 12:00:00,48,51,54.538967711489065,P50 percentile cone,0.5,1,29212.185719744866
KOTO,2025-11-28 12:00:00,48,51,54.538967711489065,P50 covariance ellipse,0.5,1,18037.88457360414
KOTO,2025-11-28 12:00:00,48,51,54.538967711489065,P90 percentile cone,0.9,1,85047.92903317454
KOTO,2025-11-28 12:00:00,48,51,54.538967711489065,P90 covariance ellipse,0.9,1,59920.55553739094
KOTO,2025-11-28 18:00:00,48,50,50.06907788588194,Fixed-radius region,,0,1963.4928890086885
KOTO,2025-11-28 18:00:00,48,50,50.06907788588194,P50 percentile cone,0.5,1,29081.339541440666
KOTO,2025-11-28 18:00:00,48,50,50.06907788588194,P50 covariance ellipse,0.5,1,13752.946437699125
KOTO,2025-11-28 18:00:00,48,50,50.06907788588194,P90 percentile cone,0.9,1,62595.75413388793
KOTO,2025-11-28 18:00:00,48,50,50.06907788588194,P90 covariance ellipse,0.9,1,45686.299158873786
KOTO,2025-11-29 00:00:00,48,51,109.96922874692976,Fixed-radius region,,0,1963.4928890086885
KOTO,2025-11-29 00:00:00,48,51,109.96922874692976,P50 percentile cone,0.5,0,27202.191286249345
KOTO,2025-11-29 00:00:00,48,51,109.96922874692976,P50 covariance ellipse,0.5,0,17944.163052439733
KOTO,2025-11-29 00:00:00,48,51,109.96922874692976,P90 percentile cone,0.9,1,97348.16204741933
KOTO,2025-11-29 00:00:00,48,51,109.96922874692976,P90 covariance ellipse,0.9,1,59609.21938313931
KOTO,2025-11-29 06:00:00,48,51,65.58049618677575,Fixed-radius region,,0,1963.4928890086885
KOTO,2025-11-29 06:00:00,48,51,65.58049618677575,P50 percentile cone,0.5,1,37499.52763457277
KOTO,2025-11-29 06:00:00,48,51,65.58049618677575,P50 covariance ellipse,0.5,1,22212.753566662064
KOTO,2025-11-29 06:00:00,48,51,65.58049618677575,P90 percentile cone,0.9,1,101287.26630380777
KOTO,2025-11-29 06:00:00,48,51,65.58049618677575,P90 covariance ellipse,0.9,1,73789.17013790416
KOTO,2025-11-29 12:00:00,48,51,64.1338110616225,Fixed-radius region,,0,1963.4928890086885
KOTO,2025-11-29 12:00:00,48,51,64.1338110616225,P50 percentile cone,0.5,1,26264.835430822484
KOTO,2025-11-29 12:00:00,48,51,64.1338110616225,P50 covariance ellipse,0.5,0,15600.583088982488
KOTO,2025-11-29 12:00:00,48,51,64.1338110616225,P90 percentile cone,0.9,1,96796.82867385974
KOTO,2025-11-29 12:00:00,48,51,64.1338110616225,P90 covariance ellipse,0.9,1,51824.01525991559
KOTO,2025-11-29 18:00:00,48,50,39.40336155435747,Fixed-radius region,,0,1963.4928890086885
KOTO,2025-11-29 18:00:00,48,50,39.40336155435747,P50 percentile cone,0.5,1,42317.66192387412
KOTO,2025-11-29 18:00:00,48,50,39.40336155435747,P50 covariance ellipse,0.5,1,25838.794154249623
KOTO,2025-11-29 18:00:00,48,50,39.40336155435747,P90 percentile cone,0.9,1,130425.28671004414
KOTO,2025-11-29 18:00:00,48,50,39.40336155435747,P90 covariance ellipse,0.9,1,85834.61623901315
KOTO,2025-11-30 00:00:00,48,42,18.130550622139115,Fixed-radius region,,1,1963.4928890086885
KOTO,2025-11-30 00:00:00,48,42,18.130550622139115,P50 percentile cone,0.5,1,26812.673281901458
KOTO,2025-11-30 00:00:00,48,42,18.130550622139115,P50 covariance ellipse,0.5,1,16260.407442215217
KOTO,2025-11-30 00:00:00,48,42,18.130550622139115,P90 percentile cone,0.9,1,80702.26406036598
KOTO,2025-11-30 00:00:00,48,42,18.130550622139115,P90 covariance ellipse,0.9,1,54015.90431661028
KOTO,2025-11-30 06:00:00,48,49,46.592994612695634,Fixed-radius region,,0,1963.4928890086885
KOTO,2025-11-30 06:00:00,48,49,46.592994612695634,P50 percentile cone,0.5,1,32703.340227301083
KOTO,2025-11-30 06:00:00,48,49,46.592994612695634,P50 covariance ellipse,0.5,1,16961.17815577498
KOTO,2025-11-30 06:00:00,48,49,46.592994612695634,P90 percentile cone,0.9,1,79678.77110426029
KOTO,2025-11-30 06:00:00,48,49,46.592994612695634,P90 covariance ellipse,0.9,1,56343.81423805871
KOTO,2025-11-30 12:00:00,48,44,33.344575598307586,Fixed-radius region,,0,1963.4928890086885
KOTO,2025-11-30 12:00:00,48,44,33.344575598307586,P50 percentile cone,0.5,1,32702.131049779575
KOTO,2025-11-30 12:00:00,48,44,33.344575598307586,P50 covariance ellipse,0.5,1,13710.911282439918
KOTO,2025-11-30 12:00:00,48,44,33.344575598307586,P90 percentile cone,0.9,1,70677.75284080791
KOTO,2025-11-30 12:00:00,48,44,33.344575598307586,P90 covariance ellipse,0.9,1,45546.66139564527
KOTO,2025-11-30 18:00:00,48,48,17.41251127438735,Fixed-radius region,,1,1963.4928890086885
KOTO,2025-11-30 18:00:00,48,48,17.41251127438735,P50 percentile cone,0.5,1,35944.36191086662
KOTO,2025-11-30 18:00:00,48,48,17.41251127438735,P50 covariance ellipse,0.5,1,17680.26519953502
KOTO,2025-11-30 18:00:00,48,48,17.41251127438735,P90 percentile cone,0.9,1,87166.68338602665
KOTO,2025-11-30 18:00:00,48,48,17.41251127438735,P90 covariance ellipse,0.9,1,58732.56969139469
KOTO,2025-12-01 00:00:00,48,46,82.20338550833984,Fixed-radius region,,0,1963.4928890086885
KOTO,2025-12-01 00:00:00,48,46,82.20338550833984,P50 percentile cone,0.5,1,27066.78134333478
KOTO,2025-12-01 00:00:00,48,46,82.20338550833984,P50 covariance ellipse,0.5,1,14955.486811720006
KOTO,2025-12-01 00:00:00,48,46,82.20338550833984,P90 percentile cone,0.9,1,70777.28420844565
KOTO,2025-12-01 00:00:00,48,46,82.20338550833984,P90 covariance ellipse,0.9,1,49681.051812570106
KOTO,2025-12-01 06:00:00,48,32,85.9250634294109,Fixed-radius region,,0,1963.4928890086885
KOTO,2025-12-01 06:00:00,48,32,85.9250634294109,P50 percentile cone,0.5,1,31858.013306259716
KOTO,2025-12-01 06:00:00,48,32,85.9250634294109,P50 covariance ellipse,0.5,0,20347.728437050133
KOTO,2025-12-01 06:00:00,48,32,85.9250634294109,P90 percentile cone,0.9,1,114650.52971787917
KOTO,2025-12-01 06:00:00,48,32,85.9250634294109,P90 covariance ellipse,0.9,1,67593.69076217535
KOTO,2025-12-01 12:00:00,48,11,134.91801602690043,Fixed-radius region,,0,1963.4928890086885
KOTO,2025-12-01 12:00:00,48,11,134.91801602690043,P50 percentile cone,0.5,1,109696.35306594682
KOTO,2025-12-01 12:00:00,48,11,134.91801602690043,P50 covariance ellipse,0.5,0,53341.048608772275
KOTO,2025-12-01 12:00:00,48,11,134.91801602690043,P90 percentile cone,0.9,1,182746.45439443184
KOTO,2025-12-01 12:00:00,48,11,134.91801602690043,P90 covariance ellipse,0.9,1,177195.12798423303
MELISSA,2025-10-23 00:00:00,48,51,149.19702650629242,Fixed-radius region,,0,1963.4928890086885
MELISSA,2025-10-23 00:00:00,48,51,149.19702650629242,P50 percentile cone,0.5,1,72270.55372075518
MELISSA,2025-10-23 00:00:00,48,51,149.19702650629242,P50 covariance ellipse,0.5,0,42610.799357669064
MELISSA,2025-10-23 00:00:00,48,51,149.19702650629242,P90 percentile cone,0.9,1,233730.57041108585
MELISSA,2025-10-23 00:00:00,48,51,149.19702650629242,P90 covariance ellipse,0.9,1,141550.01153184922
MELISSA,2025-10-23 06:00:00,48,50,142.42165488449822,Fixed-radius region,,0,1963.4928890086885
MELISSA,2025-10-23 06:00:00,48,50,142.42165488449822,P50 percentile cone,0.5,1,87808.62453671424
MELISSA,2025-10-23 06:00:00,48,50,142.42165488449822,P50 covariance ellipse,0.5,0,46791.31442477978
MELISSA,2025-10-23 06:00:00,48,50,142.42165488449822,P90 percentile cone,0.9,1,280499.9905344501
MELISSA,2025-10-23 06:00:00,48,50,142.42165488449822,P90 covariance ellipse,0.9,1,155437.38198438424
MELISSA,2025-10-23 12:00:00,48,50,115.88172880758582,Fixed-radius region,,0,1963.4928890086885
MELISSA,2025-10-23 12:00:00,48,50,115.88172880758582,P50 percentile cone,0.5,1,61237.58830102586
MELISSA,2025-10-23 12:00:00,48,50,115.88172880758582,P50 covariance ellipse,0.5,1,38150.37402111148
MELISSA,2025-10-23 12:00:00,48,50,115.88172880758582,P90 percentile cone,0.9,1,303554.8514832876
MELISSA,2025-10-23 12:00:00,48,50,115.88172880758582,P90 covariance ellipse,0.9,1,126732.79929119117
MELISSA,2025-10-23 18:00:00,48,50,59.60978673851654,Fixed-radius region,,0,1963.4928890086885
MELISSA,2025-10-23 18:00:00,48,50,59.60978673851654,P50 percentile cone,0.5,1,66615.89786366181
MELISSA,2025-10-23 18:00:00,48,50,59.60978673851654,P50 covariance ellipse,0.5,1,38048.063494385984
MELISSA,2025-10-23 18:00:00,48,50,59.60978673851654,P90 percentile cone,0.9,1,290284.26558125037
MELISSA,2025-10-23 18:00:00,48,50,59.60978673851654,P90 covariance ellipse,0.9,1,126392.93107805902
MELISSA,2025-10-24 00:00:00,48,50,190.1032224108818,Fixed-radius region,,0,1963.4928890086885
MELISSA,2025-10-24 00:00:00,48,50,190.1032224108818,P50 percentile cone,0.5,0,76575.20144085736
MELISSA,2025-10-24 00:00:00,48,50,190.1032224108818,P50 covariance ellipse,0.5,0,42977.530481397036
MELISSA,2025-10-24 00:00:00,48,50,190.1032224108818,P90 percentile cone,0.9,1,279394.0549563108
MELISSA,2025-10-24 00:00:00,48,50,190.1032224108818,P90 covariance ellipse,0.9,1,142768.26595503077
MELISSA,2025-10-24 12:00:00,48,51,69.21164754922425,Fixed-radius region,,0,1963.4928890086885
MELISSA,2025-10-24 12:00:00,48,51,69.21164754922425,P50 percentile cone,0.5,1,51545.42739325951
MELISSA,2025-10-24 12:00:00,48,51,69.21164754922425,P50 covariance ellipse,0.5,1,33136.6017421791
MELISSA,2025-10-24 12:00:00,48,51,69.21164754922425,P90 percentile cone,0.9,1,153239.35490356406
MELISSA,2025-10-24 12:00:00,48,51,69.21164754922425,P90 covariance ellipse,0.9,1,110077.40829643824
MELISSA,2025-10-24 18:00:00,48,51,70.07543557734668,Fixed-radius region,,0,1963.4928890086885
MELISSA,2025-10-24 18:00:00,48,51,70.07543557734668,P50 percentile cone,0.5,1,75382.68398657006
MELISSA,2025-10-24 18:00:00,48,51,70.07543557734668,P50 covariance ellipse,0.5,1,44761.624889430386
MELISSA,2025-10-24 18:00:00,48,51,70.07543557734668,P90 percentile cone,0.9,1,315912.6806885073
MELISSA,2025-10-24 18:00:00,48,51,70.07543557734668,P90 covariance ellipse,0.9,1,148694.8992930082
MELISSA,2025-10-25 00:00:00,48,51,73.73604732392418,Fixed-radius region,,0,1963.4928890086885
MELISSA,2025-10-25 00:00:00,48,51,73.73604732392418,P50 percentile cone,0.5,1,101561.20912234066
MELISSA,2025-10-25 00:00:00,48,51,73.73604732392418,P50 covariance ellipse,0.5,1,43473.53599155831
MELISSA,2025-10-25 00:00:00,48,51,73.73604732392418,P90 percentile cone,0.9,1,367914.50668011385
MELISSA,2025-10-25 00:00:00,48,51,73.73604732392418,P90 covariance ellipse,0.9,1,144415.96059445446
MELISSA,2025-10-25 12:00:00,48,50,78.93856642033396,Fixed-radius region,,0,1963.4928890086885
MELISSA,2025-10-25 12:00:00,48,50,78.93856642033396,P50 percentile cone,0.5,1,59984.194296250396
MELISSA,2025-10-25 12:00:00,48,50,78.93856642033396,P50 covariance ellipse,0.5,1,40563.761547046044
MELISSA,2025-10-25 12:00:00,48,50,78.93856642033396,P90 percentile cone,0.9,1,245628.2635232326
MELISSA,2025-10-25 12:00:00,48,50,78.93856642033396,P90 covariance ellipse,0.9,1,134749.89911744389
MELISSA,2025-10-25 18:00:00,48,51,94.0613731567947,Fixed-radius region,,0,1963.4928890086885
MELISSA,2025-10-25 18:00:00,48,51,94.0613731567947,P50 percentile cone,0.5,1,92054.32614246395
MELISSA,2025-10-25 18:00:00,48,51,94.0613731567947,P50 covariance ellipse,0.5,1,59923.558117172724
MELISSA,2025-10-25 18:00:00,48,51,94.0613731567947,P90 percentile cone,0.9,1,285331.85519240226
MELISSA,2025-10-25 18:00:00,48,51,94.0613731567947,P90 covariance ellipse,0.9,1,199061.7512550517
MELISSA,2025-10-26 00:00:00,48,51,70.90674946375415,Fixed-radius region,,0,1963.4928890086885
MELISSA,2025-10-26 00:00:00,48,51,70.90674946375415,P50 percentile cone,0.5,1,44341.13313320404
MELISSA,2025-10-26 00:00:00,48,51,70.90674946375415,P50 covariance ellipse,0.5,1,27801.29526402371
MELISSA,2025-10-26 00:00:00,48,51,70.90674946375415,P90 percentile cone,0.9,1,164513.15546761546
MELISSA,2025-10-26 00:00:00,48,51,70.90674946375415,P90 covariance ellipse,0.9,1,92353.90381181931
MELISSA,2025-10-26 06:00:00,48,51,50.3999428018497,Fixed-radius region,,0,1963.4928890086885
MELISSA,2025-10-26 06:00:00,48,51,50.3999428018497,P50 percentile cone,0.5,1,63228.01672870526
MELISSA,2025-10-26 06:00:00,48,51,50.3999428018497,P50 covariance ellipse,0.5,1,33161.51023718314
MELISSA,2025-10-26 06:00:00,48,51,50.3999428018497,P90 percentile cone,0.9,1,189187.16623766196
MELISSA,2025-10-26 06:00:00,48,51,50.3999428018497,P90 covariance ellipse,0.9,1,110160.15252579353
MELISSA,2025-10-26 12:00:00,48,51,35.99641825906893,Fixed-radius region,,0,1963.4928890086885
MELISSA,2025-10-26 12:00:00,48,51,35.99641825906893,P50 percentile cone,0.5,1,56591.775574128485
MELISSA,2025-10-26 12:00:00,48,51,35.99641825906893,P50 covariance ellipse,0.5,1,30012.517997080064
MELISSA,2025-10-26 12:00:00,48,51,35.99641825906893,P90 percentile cone,0.9,1,153247.9580784853
MELISSA,2025-10-26 12:00:00,48,51,35.99641825906893,P90 covariance ellipse,0.9,1,99699.42673281283
MELISSA,2025-10-26 18:00:00,48,51,35.24776488061751,Fixed-radius region,,0,1963.4928890086885
MELISSA,2025-10-26 18:00:00,48,51,35.24776488061751,P50 percentile cone,0.5,1,87725.22864401557
MELISSA,2025-10-26 18:00:00,48,51,35.24776488061751,P50 covariance ellipse,0.5,1,47749.32794745153
MELISSA,2025-10-26 18:00:00,48,51,35.24776488061751,P90 percentile cone,0.9,1,255613.52117594736
MELISSA,2025-10-26 18:00:00,48,51,35.24776488061751,P90 covariance ellipse,0.9,1,158619.83402062953
MELISSA,2025-10-27 00:00:00,48,51,35.29425749057464,Fixed-radius region,,0,1963.4928890086885
MELISSA,2025-10-27 00:00:00,48,51,35.29425749057464,P50 percentile cone,0.5,1,52819.55601308863
MELISSA,2025-10-27 00:00:00,48,51,35.29425749057464,P50 covariance ellipse,0.5,1,30322.419491360488
MELISSA,2025-10-27 00:00:00,48,51,35.29425749057464,P90 percentile cone,0.9,1,188369.21842276063
MELISSA,2025-10-27 00:00:00,48,51,35.29425749057464,P90 covariance ellipse,0.9,1,100728.89721331056
MELISSA,2025-10-27 06:00:00,48,51,52.73058085382918,Fixed-radius region,,0,1963.4928890086885
MELISSA,2025-10-27 06:00:00,48,51,52.73058085382918,P50 percentile cone,0.5,1,47232.05186067739
MELISSA,2025-10-27 06:00:00,48,51,52.73058085382918,P50 covariance ellipse,0.5,1,32091.087853650643
MELISSA,2025-10-27 06:00:00,48,51,52.73058085382918,P90 percentile cone,0.9,1,207418.04366482465
MELISSA,2025-10-27 06:00:00,48,51,52.73058085382918,P90 covariance ellipse,0.9,1,106604.28633654064
MELISSA,2025-10-27 12:00:00,48,51,99.59216026151128,Fixed-radius region,,0,1963.4928890086885
MELISSA,2025-10-27 12:00:00,48,51,99.59216026151128,P50 percentile cone,0.5,1,46563.75618691024
MELISSA,2025-10-27 12:00:00,48,51,99.59216026151128,P50 covariance ellipse,0.5,1,29493.369050525358
MELISSA,2025-10-27 12:00:00,48,51,99.59216026151128,P90 percentile cone,0.9,1,209267.8995477943
MELISSA,2025-10-27 12:00:00,48,51,99.59216026151128,P90 covariance ellipse,0.9,1,97974.85126182159
MELISSA,2025-10-27 18:00:00,48,51,20.655449985073915,Fixed-radius region,,1,1963.4928890086885
MELISSA,2025-10-27 18:00:00,48,51,20.655449985073915,P50 percentile cone,0.5,1,61010.053460109295
MELISSA,2025-10-27 18:00:00,48,51,20.655449985073915,P50 covariance ellipse,0.5,1,34830.241344104135
MELISSA,2025-10-27 18:00:00,48,51,20.655449985073915,P90 percentile cone,0.9,1,237355.84494007277
MELISSA,2025-10-27 18:00:00,48,51,20.655449985073915,P90 covariance ellipse,0.9,1,115703.55727268687
MELISSA,2025-10-28 00:00:00,48,51,97.58173162275325,Fixed-radius region,,0,1963.4928890086885
MELISSA,2025-10-28 00:00:00,48,51,97.58173162275325,P50 percentile cone,0.5,1,33753.45547036638
MELISSA,2025-10-28 00:00:00,48,51,97.58173162275325,P50 covariance ellipse,0.5,0,20858.55133400283
MELISSA,2025-10-28 00:00:00,48,51,97.58173162275325,P90 percentile cone,0.9,1,197113.71948116022
MELISSA,2025-10-28 00:00:00,48,51,97.58173162275325,P90 covariance ellipse,0.9,1,69290.60769507426
MELISSA,2025-10-28 06:00:00,48,51,93.65487197561087,Fixed-radius region,,0,1963.4928890086885
MELISSA,2025-10-28 06:00:00,48,51,93.65487197561087,P50 percentile cone,0.5,1,35549.944340149494
MELISSA,2025-10-28 06:00:00,48,51,93.65487197561087,P50 covariance ellipse,0.5,1,24364.22890521591
MELISSA,2025-10-28 06:00:00,48,51,93.65487197561087,P90 percentile cone,0.9,1,174235.96430738873
MELISSA,2025-10-28 06:00:00,48,51,93.65487197561087,P90 covariance ellipse,0.9,1,80936.21651050348
MELISSA,2025-10-28 12:00:00,48,51,60.716410316093,Fixed-radius region,,0,1963.4928890086885
MELISSA,2025-10-28 12:00:00,48,51,60.716410316093,P50 percentile cone,0.5,1,48355.97699970858
MELISSA,2025-10-28 12:00:00,48,51,60.716410316093,P50 covariance ellipse,0.5,1,20283.49695961319
MELISSA,2025-10-28 12:00:00,48,51,60.716410316093,P90 percentile cone,0.9,1,151961.611291304
MELISSA,2025-10-28 12:00:00,48,51,60.716410316093,P90 covariance ellipse,0.9,1,67380.31841270144
MELISSA,2025-10-28 18:00:00,48,51,62.095468223256226,Fixed-radius region,,0,1963.4928890086885
MELISSA,2025-10-28 18:00:00,48,51,62.095468223256226,P50 percentile cone,0.5,1,47478.590734890015
MELISSA,2025-10-28 18:00:00,48,51,62.095468223256226,P50 covariance ellipse,0.5,1,25992.20789403215
MELISSA,2025-10-28 18:00:00,48,51,62.095468223256226,P90 percentile cone,0.9,1,145350.7655692859
MELISSA,2025-10-28 18:00:00,48,51,62.095468223256226,P90 covariance ellipse,0.9,1,86344.24565133847
MELISSA,2025-10-29 00:00:00,48,51,94.73956547912616,Fixed-radius region,,0,1963.4928890086885
MELISSA,2025-10-29 00:00:00,48,51,94.73956547912616,P50 percentile cone,0.5,1,36224.246328514964
MELISSA,2025-10-29 00:00:00,48,51,94.73956547912616,P50 covariance ellipse,0.5,1,20760.810436138527
MELISSA,2025-10-29 00:00:00,48,51,94.73956547912616,P90 percentile cone,0.9,1,101534.85782603979
MELISSA,2025-10-29 00:00:00,48,51,94.73956547912616,P90 covariance ellipse,0.9,1,68965.91946043931
MELISSA,2025-10-29 06:00:00,48,51,133.26776431119646,Fixed-radius region,,0,1963.4928890086885
MELISSA,2025-10-29 06:00:00,48,51,133.26776431119646,P50 percentile cone,0.5,0,37881.50441435944
MELISSA,2025-10-29 06:00:00,48,51,133.26776431119646,P50 covariance ellipse,0.5,0,21666.016895625486
MELISSA,2025-10-29 06:00:00,48,51,133.26776431119646,P90 percentile cone,0.9,1,138903.89149045723
MELISSA,2025-10-29 06:00:00,48,51,133.26776431119646,P90 covariance ellipse,0.9,1,71972.95022988257
MELISSA,2025-10-29 12:00:00,48,51,122.51292165005715,Fixed-radius region,,0,1963.4928890086885
MELISSA,2025-10-29 12:00:00,48,51,122.51292165005715,P50 percentile cone,0.5,1,49750.37954007696
MELISSA,2025-10-29 12:00:00,48,51,122.51292165005715,P50 covariance ellipse,0.5,0,33163.5476836091
MELISSA,2025-10-29 12:00:00,48,51,122.51292165005715,P90 percentile cone,0.9,1,152651.02163229638
MELISSA,2025-10-29 12:00:00,48,51,122.51292165005715,P90 covariance ellipse,0.9,1,110166.92077631774
MELISSA,2025-10-29 18:00:00,48,51,63.90902498509868,Fixed-radius region,,0,1963.4928890086885
MELISSA,2025-10-29 18:00:00,48,51,63.90902498509868,P50 percentile cone,0.5,1,37032.08924154949
MELISSA,2025-10-29 18:00:00,48,51,63.90902498509868,P50 covariance ellipse,0.5,1,27918.074262483828
MELISSA,2025-10-29 18:00:00,48,51,63.90902498509868,P90 percentile cone,0.9,1,153060.4103860177
MELISSA,2025-10-29 18:00:00,48,51,63.90902498509868,P90 covariance ellipse,0.9,1,92741.8352476968
MELISSA,2025-10-30 00:00:00,48,51,51.13654071706907,Fixed-radius region,,0,1963.4928890086885
MELISSA,2025-10-30 00:00:00,48,51,51.13654071706907,P50 percentile cone,0.5,1,48222.410600411225
MELISSA,2025-10-30 00:00:00,48,51,51.13654071706907,P50 covariance ellipse,0.5,1,27042.033034056003
MELISSA,2025-10-30 00:00:00,48,51,51.13654071706907,P90 percentile cone,0.9,1,145461.32595895597
MELISSA,2025-10-30 00:00:00,48,51,51.13654071706907,P90 covariance ellipse,0.9,1,89831.68927870276
MELISSA,2025-10-30 06:00:00,48,51,77.5681542329657,Fixed-radius region,,0,1963.4928890086885
MELISSA,2025-10-30 06:00:00,48,51,77.5681542329657,P50 percentile cone,0.5,1,55145.69316215947
MELISSA,2025-10-30 06:00:00,48,51,77.5681542329657,P50 covariance ellipse,0.5,0,27174.505203070854
MELISSA,2025-10-30 06:00:00,48,51,77.5681542329657,P90 percentile cone,0.9,1,186690.55368700522
MELISSA,2025-10-30 06:00:00,48,51,77.5681542329657,P90 covariance ellipse,0.9,1,90271.75229874386
MONTHA,2025-10-27 00:00:00,48,49,55.28772265641315,Fixed-radius region,,0,1963.4928890086885
MONTHA,2025-10-27 00:00:00,48,49,55.28772265641315,P50 percentile cone,0.5,1,38277.32005139889
MONTHA,2025-10-27 00:00:00,48,49,55.28772265641315,P50 covariance ellipse,0.5,1,29002.386758880206
MONTHA,2025-10-27 00:00:00,48,49,55.28772265641315,P90 percentile cone,0.9,1,151571.27396012604
MONTHA,2025-10-27 00:00:00,48,49,55.28772265641315,P90 covariance ellipse,0.9,1,96343.84339311338
MONTHA,2025-10-27 06:00:00,48,50,31.363399963156297,Fixed-radius region,,0,1963.4928890086885
MONTHA,2025-10-27 06:00:00,48,50,31.363399963156297,P50 percentile cone,0.5,1,53122.439394415786
MONTHA,2025-10-27 06:00:00,48,50,31.363399963156297,P50 covariance ellipse,0.5,1,35281.8606291298
MONTHA,2025-10-27 06:00:00,48,50,31.363399963156297,P90 percentile cone,0.9,1,153525.56274355677
MONTHA,2025-10-27 06:00:00,48,50,31.363399963156297,P90 covariance ellipse,0.9,1,117203.80406380657
MONTHA,2025-10-27 12:00:00,48,47,76.5719574524378,Fixed-radius region,,0,1963.4928890086885
MONTHA,2025-10-27 12:00:00,48,47,76.5719574524378,P50 percentile cone,0.5,1,64329.30445240334
MONTHA,2025-10-27 12:00:00,48,47,76.5719574524378,P50 covariance ellipse,0.5,1,41702.98560014534
MONTHA,2025-10-27 12:00:00,48,47,76.5719574524378,P90 percentile cone,0.9,1,176297.2380415876
MONTHA,2025-10-27 12:00:00,48,47,76.5719574524378,P90 covariance ellipse,0.9,1,138534.31950580588
MONTHA,2025-10-27 18:00:00,48,51,100.56646877570712,Fixed-radius region,,0,1963.4928890086885
MONTHA,2025-10-27 18:00:00,48,51,100.56646877570712,P50 percentile cone,0.5,1,43098.129218944625
MONTHA,2025-10-27 18:00:00,48,51,100.56646877570712,P50 covariance ellipse,0.5,0,41688.42033232602
MONTHA,2025-10-27 18:00:00,48,51,100.56646877570712,P90 percentile cone,0.9,1,204820.23939233515
MONTHA,2025-10-27 18:00:00,48,51,100.56646877570712,P90 covariance ellipse,0.9,1,138485.93473342733
NOKAEN,2026-01-15 06:00:00,48,50,117.17126143589124,Fixed-radius region,,0,1963.4928890086885
NOKAEN,2026-01-15 06:00:00,48,50,117.17126143589124,P50 percentile cone,0.5,1,73234.8643517916
NOKAEN,2026-01-15 06:00:00,48,50,117.17126143589124,P50 covariance ellipse,0.5,0,49530.47468047533
NOKAEN,2026-01-15 06:00:00,48,50,117.17126143589124,P90 percentile cone,0.9,1,226236.24972609428
NOKAEN,2026-01-15 06:00:00,48,50,117.17126143589124,P90 covariance ellipse,0.9,1,164536.6753941781
PENHA,2026-02-05 00:00:00,48,50,279.0617651695074,Fixed-radius region,,0,1963.4928890086885
PENHA,2026-02-05 00:00:00,48,50,279.0617651695074,P50 percentile cone,0.5,0,74551.01791506814
PENHA,2026-02-05 00:00:00,48,50,279.0617651695074,P50 covariance ellipse,0.5,0,52675.480559472155
PENHA,2026-02-05 00:00:00,48,50,279.0617651695074,P90 percentile cone,0.9,0,239773.02952962834
PENHA,2026-02-05 00:00:00,48,50,279.0617651695074,P90 covariance ellipse,0.9,0,174984.1587822036
SENYAR,2025-11-26 06:00:00,48,1,365.84469208677694,Fixed-radius region,,0,1963.4928890086885
SENYAR,2025-11-26 06:00:00,48,1,365.84469208677694,P50 percentile cone,0.5,0,1963.4928890086885
SENYAR,2025-11-26 06:00:00,48,1,365.84469208677694,P90 percentile cone,0.9,0,1963.4928890086885
SENYAR,2025-11-26 12:00:00,48,6,121.04493349205495,Fixed-radius region,,0,1963.4928890086885
SENYAR,2025-11-26 12:00:00,48,6,121.04493349205495,P50 percentile cone,0.5,1,63649.42676276407
SENYAR,2025-11-26 12:00:00,48,6,121.04493349205495,P50 covariance ellipse,0.5,1,32935.65455477023
SENYAR,2025-11-26 12:00:00,48,6,121.04493349205495,P90 percentile cone,0.9,1,128678.82610337716
SENYAR,2025-11-26 12:00:00,48,6,121.04493349205495,P90 covariance ellipse,0.9,1,109409.87618899615
SENYAR,2025-11-26 18:00:00,48,14,30.229506264568464,Fixed-radius region,,0,1963.4928890086885
SENYAR,2025-11-26 18:00:00,48,14,30.229506264568464,P50 percentile cone,0.5,1,112930.71568224182
SENYAR,2025-11-26 18:00:00,48,14,30.229506264568464,P50 covariance ellipse,0.5,1,95942.2096699035
SENYAR,2025-11-26 18:00:00,48,14,30.229506264568464,P90 percentile cone,0.9,1,369571.0355593031
SENYAR,2025-11-26 18:00:00,48,14,30.229506264568464,P90 covariance ellipse,0.9,1,318713.1217880264
SENYAR,2025-11-27 00:00:00,48,4,94.35158951423368,Fixed-radius region,,0,1963.4928890086885
SENYAR,2025-11-27 00:00:00,48,4,94.35158951423368,P50 percentile cone,0.5,1,67903.51476448757
SENYAR,2025-11-27 00:00:00,48,4,94.35158951423368,P50 covariance ellipse,0.5,1,25204.201366437934
SENYAR,2025-11-27 00:00:00,48,4,94.35158951423368,P90 percentile cone,0.9,1,139770.49198087648
SENYAR,2025-11-27 00:00:00,48,4,94.35158951423368,P90 covariance ellipse,0.9,1,83726.5446283686
SENYAR,2025-11-27 06:00:00,48,18,91.89374437672686,Fixed-radius region,,0,1963.4928890086885
SENYAR,2025-11-27 06:00:00,48,18,91.89374437672686,P50 percentile cone,0.5,1,104017.24509678884
SENYAR,2025-11-27 06:00:00,48,18,91.89374437672686,P50 covariance ellipse,0.5,1,66508.49195515542
SENYAR,2025-11-27 06:00:00,48,18,91.89374437672686,P90 percentile cone,0.9,1,203613.90783921402
SENYAR,2025-11-27 06:00:00,48,18,91.89374437672686,P90 covariance ellipse,0.9,1,220936.42797442086
SENYAR,2025-11-27 12:00:00,48,18,49.853368387830585,Fixed-radius region,,0,1963.4928890086885
SENYAR,2025-11-27 12:00:00,48,18,49.853368387830585,P50 percentile cone,0.5,1,111970.47148986162
SENYAR,2025-11-27 12:00:00,48,18,49.853368387830585,P50 covariance ellipse,0.5,1,98777.52596944112
SENYAR,2025-11-27 12:00:00,48,18,49.853368387830585,P90 percentile cone,0.9,1,336852.50145919254
SENYAR,2025-11-27 12:00:00,48,18,49.853368387830585,P90 covariance ellipse,0.9,1,328131.83866135246
SENYAR,2025-11-27 18:00:00,48,9,82.82173799671973,Fixed-radius region,,0,1963.4928890086885
SENYAR,2025-11-27 18:00:00,48,9,82.82173799671973,P50 percentile cone,0.5,1,51549.307386069784
SENYAR,2025-11-27 18:00:00,48,9,82.82173799671973,P50 covariance ellipse,0.5,0,39935.528119847426
SENYAR,2025-11-27 18:00:00,48,9,82.82173799671973,P90 percentile cone,0.9,1,221638.79048449115
SENYAR,2025-11-27 18:00:00,48,9,82.82173799671973,P90 covariance ellipse,0.9,1,132662.95284548544
SONIA,2025-10-25 12:00:00,48,50,167.04605399109917,Fixed-radius region,,0,1963.4928890086885
SONIA,2025-10-25 12:00:00,48,50,167.04605399109917,P50 percentile cone,0.5,0,56136.94853462598
SONIA,2025-10-25 12:00:00,48,50,167.04605399109917,P50 covariance ellipse,0.5,0,38940.75936624722
SONIA,2025-10-25 12:00:00,48,50,167.04605399109917,P90 percentile cone,0.9,1,206447.27541413953
SONIA,2025-10-25 12:00:00,48,50,167.04605399109917,P90 covariance ellipse,0.9,1,129358.40257498482
SONIA,2025-10-25 18:00:00,48,49,141.9466718662106,Fixed-radius region,,0,1963.4928890086885
SONIA,2025-10-25 18:00:00,48,49,141.9466718662106,P50 percentile cone,0.5,0,42113.89999617426
SONIA,2025-10-25 18:00:00,48,49,141.9466718662106,P50 covariance ellipse,0.5,0,27493.311854008647
SONIA,2025-10-25 18:00:00,48,49,141.9466718662106,P90 percentile cone,0.9,1,138801.40339528208
SONIA,2025-10-25 18:00:00,48,49,141.9466718662106,P90 covariance ellipse,0.9,1,91330.80506933107
SONIA,2025-10-26 00:00:00,48,51,123.83637436654305,Fixed-radius region,,0,1963.4928890086885
SONIA,2025-10-26 00:00:00,48,51,123.83637436654305,P50 percentile cone,0.5,0,41578.55316264563
SONIA,2025-10-26 00:00:00,48,51,123.83637436654305,P50 covariance ellipse,0.5,0,24817.2814517147
SONIA,2025-10-26 00:00:00,48,51,123.83637436654305,P90 percentile cone,0.9,1,106445.99301944448
SONIA,2025-10-26 00:00:00,48,51,123.83637436654305,P90 covariance ellipse,0.9,1,82441.22449317807
SONIA,2025-10-26 06:00:00,48,50,93.13384066612869,Fixed-radius region,,0,1963.4928890086885
SONIA,2025-10-26 06:00:00,48,50,93.13384066612869,P50 percentile cone,0.5,1,45326.88915993101
SONIA,2025-10-26 06:00:00,48,50,93.13384066612869,P50 covariance ellipse,0.5,1,30001.9559167213
SONIA,2025-10-26 06:00:00,48,50,93.13384066612869,P90 percentile cone,0.9,1,149803.98729785133
SONIA,2025-10-26 06:00:00,48,50,93.13384066612869,P90 covariance ellipse,0.9,1,99664.3402613286
SONIA,2025-10-26 12:00:00,48,49,143.94909230163157,Fixed-radius region,,0,1963.4928890086885
SONIA,2025-10-26 12:00:00,48,49,143.94909230163157,P50 percentile cone,0.5,0,43433.55389977368
SONIA,2025-10-26 12:00:00,48,49,143.94909230163157,P50 covariance ellipse,0.5,0,24360.805988841046
SONIA,2025-10-26 12:00:00,48,49,143.94909230163157,P90 percentile cone,0.9,1,98304.59870880227
SONIA,2025-10-26 12:00:00,48,49,143.94909230163157,P90 covariance ellipse,0.9,1,80924.84582843137
SONIA,2025-10-26 18:00:00,48,45,138.34150367036884,Fixed-radius region,,0,1963.4928890086885
SONIA,2025-10-26 18:00:00,48,45,138.34150367036884,P50 percentile cone,0.5,0,37841.6460004585
SONIA,2025-10-26 18:00:00,48,45,138.34150367036884,P50 covariance ellipse,0.5,0,25485.608414177943
SONIA,2025-10-26 18:00:00,48,45,138.34150367036884,P90 percentile cone,0.9,1,96125.57358142576
SONIA,2025-10-26 18:00:00,48,45,138.34150367036884,P90 covariance ellipse,0.9,1,84661.35860635545
SONIA,2025-10-27 00:00:00,48,47,93.52024388045413,Fixed-radius region,,0,1963.4928890086885
SONIA,2025-10-27 00:00:00,48,47,93.52024388045413,P50 percentile cone,0.5,1,35747.29589468743
SONIA,2025-10-27 00:00:00,48,47,93.52024388045413,P50 covariance ellipse,0.5,0,18396.433128160057
SONIA,2025-10-27 00:00:00,48,47,93.52024388045413,P90 percentile cone,0.9,1,77546.90411351393
SONIA,2025-10-27 00:00:00,48,47,93.52024388045413,P90 covariance ellipse,0.9,1,61111.628054151486
SONIA,2025-10-27 06:00:00,48,42,125.80328842261164,Fixed-radius region,,0,1963.4928890086885
SONIA,2025-10-27 06:00:00,48,42,125.80328842261164,P50 percentile cone,0.5,0,44490.09643677618
SONIA,2025-10-27 06:00:00,48,42,125.80328842261164,P50 covariance ellipse,0.5,0,23580.55895647107
SONIA,2025-10-27 06:00:00,48,42,125.80328842261164,P90 percentile cone,0.9,1,119732.72223077994
SONIA,2025-10-27 06:00:00,48,42,125.80328842261164,P90 covariance ellipse,0.9,1,78332.92129064906
SONIA,2025-10-27 12:00:00,48,40,54.7275300405106,Fixed-radius region,,0,1963.4928890086885
SONIA,2025-10-27 12:00:00,48,40,54.7275300405106,P50 percentile cone,0.5,1,34942.85432312658
SONIA,2025-10-27 12:00:00,48,40,54.7275300405106,P50 covariance ellipse,0.5,1,16840.964631467446
SONIA,2025-10-27 12:00:00,48,40,54.7275300405106,P90 percentile cone,0.9,1,75274.73325388377
SONIA,2025-10-27 12:00:00,48,40,54.7275300405106,P90 covariance ellipse,0.9,1,55944.47355427609
SONIA,2025-10-27 18:00:00,48,27,28.105050090828495,Fixed-radius region,,0,1963.4928890086885
SONIA,2025-10-27 18:00:00,48,27,28.105050090828495,P50 percentile cone,0.5,1,34810.81328574027
SONIA,2025-10-27 18:00:00,48,27,28.105050090828495,P50 covariance ellipse,0.5,1,21441.777869349193
SONIA,2025-10-27 18:00:00,48,27,28.105050090828495,P90 percentile cone,0.9,1,108060.36390276942
SONIA,2025-10-27 18:00:00,48,27,28.105050090828495,P90 covariance ellipse,0.9,1,71228.04430852516
DITWAH,2025-11-27 12:00:00,72,50,33.33939071520578,Fixed-radius region,,0,1963.4928890086885
DITWAH,2025-11-27 12:00:00,72,50,33.33939071520578,P50 percentile cone,0.5,1,56857.90477059048
DITWAH,2025-11-27 12:00:00,72,50,33.33939071520578,P50 covariance ellipse,0.5,1,64059.99961028912
DITWAH,2025-11-27 12:00:00,72,50,33.33939071520578,P90 percentile cone,0.9,1,248484.65653423162
DITWAH,2025-11-27 12:00:00,72,50,33.33939071520578,P90 covariance ellipse,0.9,1,212802.71246389288
DITWAH,2025-11-27 18:00:00,72,38,121.17921789733599,Fixed-radius region,,0,1963.4928890086885
DITWAH,2025-11-27 18:00:00,72,38,121.17921789733599,P50 percentile cone,0.5,1,123601.96259096591
DITWAH,2025-11-27 18:00:00,72,38,121.17921789733599,P50 covariance ellipse,0.5,1,104427.06591799832
DITWAH,2025-11-27 18:00:00,72,38,121.17921789733599,P90 percentile cone,0.9,1,559273.6380328964
DITWAH,2025-11-27 18:00:00,72,38,121.17921789733599,P90 covariance ellipse,0.9,1,346899.2041396531
DITWAH,2025-11-28 00:00:00,72,38,118.62901478900545,Fixed-radius region,,0,1963.4928890086885
DITWAH,2025-11-28 00:00:00,72,38,118.62901478900545,P50 percentile cone,0.5,1,92694.67461602668
DITWAH,2025-11-28 00:00:00,72,38,118.62901478900545,P50 covariance ellipse,0.5,1,78569.52539101982
DITWAH,2025-11-28 00:00:00,72,38,118.62901478900545,P90 percentile cone,0.9,1,326278.48156762397
DITWAH,2025-11-28 00:00:00,72,38,118.62901478900545,P90 covariance ellipse,0.9,1,261002.3137983947
DITWAH,2025-11-28 06:00:00,72,29,118.38145704033191,Fixed-radius region,,0,1963.4928890086885
DITWAH,2025-11-28 06:00:00,72,29,118.38145704033191,P50 percentile cone,0.5,1,103081.2434212798
DITWAH,2025-11-28 06:00:00,72,29,118.38145704033191,P50 covariance ellipse,0.5,1,71985.8966604513
DITWAH,2025-11-28 06:00:00,72,29,118.38145704033191,P90 percentile cone,0.9,1,388183.20549037354
DITWAH,2025-11-28 06:00:00,72,29,118.38145704033191,P90 covariance ellipse,0.9,1,239131.9725520115
DITWAH,2025-11-28 12:00:00,72,39,109.48965002785701,Fixed-radius region,,0,1963.4928890086885
DITWAH,2025-11-28 12:00:00,72,39,109.48965002785701,P50 percentile cone,0.5,1,92027.03938253812
DITWAH,2025-11-28 12:00:00,72,39,109.48965002785701,P50 covariance ellipse,0.5,0,66778.4586557406
DITWAH,2025-11-28 12:00:00,72,39,109.48965002785701,P90 percentile cone,0.9,1,418280.52752414724
DITWAH,2025-11-28 12:00:00,72,39,109.48965002785701,P90 covariance ellipse,0.9,1,221833.23794177885
DITWAH,2025-11-28 18:00:00,72,29,133.68247294525708,Fixed-radius region,,0,1963.4928890086885
DITWAH,2025-11-28 18:00:00,72,29,133.68247294525708,P50 percentile cone,0.5,1,105518.13450252598
DITWAH,2025-11-28 18:00:00,72,29,133.68247294525708,P50 covariance ellipse,0.5,1,69008.56497868102
DITWAH,2025-11-28 18:00:00,72,29,133.68247294525708,P90 percentile cone,0.9,1,306126.12725971045
DITWAH,2025-11-28 18:00:00,72,29,133.68247294525708,P90 covariance ellipse,0.9,1,229241.49079054056
DITWAH,2025-11-29 00:00:00,72,40,152.53059147060293,Fixed-radius region,,0,1963.4928890086885
DITWAH,2025-11-29 00:00:00,72,40,152.53059147060293,P50 percentile cone,0.5,1,81462.97790612125
DITWAH,2025-11-29 00:00:00,72,40,152.53059147060293,P50 covariance ellipse,0.5,1,84243.92293779095
DITWAH,2025-11-29 00:00:00,72,40,152.53059147060293,P90 percentile cone,0.9,1,303239.13060933375
DITWAH,2025-11-29 00:00:00,72,40,152.53059147060293,P90 covariance ellipse,0.9,1,279852.2544305736
DITWAH,2025-11-29 06:00:00,72,36,134.70440564240246,Fixed-radius region,,0,1963.4928890086885
DITWAH,2025-11-29 06:00:00,72,36,134.70440564240246,P50 percentile cone,0.5,1,67208.6915727135
DITWAH,2025-11-29 06:00:00,72,36,134.70440564240246,P50 covariance ellipse,0.5,1,53895.00777381817
DITWAH,2025-11-29 06:00:00,72,36,134.70440564240246,P90 percentile cone,0.9,1,207280.66369999544
DITWAH,2025-11-29 06:00:00,72,36,134.70440564240246,P90 covariance ellipse,0.9,1,179035.34049801936
DITWAH,2025-11-29 12:00:00,72,35,118.35674509728497,Fixed-radius region,,0,1963.4928890086885
DITWAH,2025-11-29 12:00:00,72,35,118.35674509728497,P50 percentile cone,0.5,1,76173.88877871561
DITWAH,2025-11-29 12:00:00,72,35,118.35674509728497,P50 covariance ellipse,0.5,1,42131.6074956695
DITWAH,2025-11-29 12:00:00,72,35,118.35674509728497,P90 percentile cone,0.9,1,301360.1750538736
DITWAH,2025-11-29 12:00:00,72,35,118.35674509728497,P90 covariance ellipse,0.9,1,139958.1706226315
DITWAH,2025-11-29 18:00:00,72,31,204.15265443442408,Fixed-radius region,,0,1963.4928890086885
DITWAH,2025-11-29 18:00:00,72,31,204.15265443442408,P50 percentile cone,0.5,0,91372.21684554263
DITWAH,2025-11-29 18:00:00,72,31,204.15265443442408,P50 covariance ellipse,0.5,1,72522.15359454439
DITWAH,2025-11-29 18:00:00,72,31,204.15265443442408,P90 percentile cone,0.9,1,263239.65479780524
DITWAH,2025-11-29 18:00:00,72,31,204.15265443442408,P90 covariance ellipse,0.9,1,240913.37952745348
DUDZAI,2026-01-15 06:00:00,72,50,183.08130433317052,Fixed-radius region,,0,1963.4928890086885
DUDZAI,2026-01-15 06:00:00,72,50,183.08130433317052,P50 percentile cone,0.5,1,211027.11238060112
DUDZAI,2026-01-15 06:00:00,72,50,183.08130433317052,P50 covariance ellipse,0.5,1,138798.17235376703
DUDZAI,2026-01-15 06:00:00,72,50,183.08130433317052,P90 percentile cone,0.9,1,587147.1307182594
DUDZAI,2026-01-15 06:00:00,72,50,183.08130433317052,P90 covariance ellipse,0.9,1,461077.548260997
FINA,2025-11-18 18:00:00,72,51,113.07214564515048,Fixed-radius region,,0,1963.4928890086885
FINA,2025-11-18 18:00:00,72,51,113.07214564515048,P50 percentile cone,0.5,1,86857.59850650105
FINA,2025-11-18 18:00:00,72,51,113.07214564515048,P50 covariance ellipse,0.5,1,78713.6665719803
FINA,2025-11-18 18:00:00,72,51,113.07214564515048,P90 percentile cone,0.9,1,462589.2245777109
FINA,2025-11-18 18:00:00,72,51,113.07214564515048,P90 covariance ellipse,0.9,1,261481.14043705753
FINA,2025-11-19 00:00:00,72,51,45.11501144143014,Fixed-radius region,,0,1963.4928890086885
FINA,2025-11-19 00:00:00,72,51,45.11501144143014,P50 percentile cone,0.5,1,87923.62500360615
FINA,2025-11-19 00:00:00,72,51,45.11501144143014,P50 covariance ellipse,0.5,1,58183.04020011126
FINA,2025-11-19 00:00:00,72,51,45.11501144143014,P90 percentile cone,0.9,1,248321.34189580925
FINA,2025-11-19 00:00:00,72,51,45.11501144143014,P90 covariance ellipse,0.9,1,193279.8758867104
FINA,2025-11-19 06:00:00,72,51,41.37740306101463,Fixed-radius region,,0,1963.4928890086885
FINA,2025-11-19 06:00:00,72,51,41.37740306101463,P50 percentile cone,0.5,1,101291.2937263964
FINA,2025-11-19 06:00:00,72,51,41.37740306101463,P50 covariance ellipse,0.5,1,63352.30592692376
FINA,2025-11-19 06:00:00,72,51,41.37740306101463,P90 percentile cone,0.9,1,296927.43688048306
FINA,2025-11-19 06:00:00,72,51,41.37740306101463,P90 covariance ellipse,0.9,1,210451.80493454717
FINA,2025-11-19 12:00:00,72,51,16.910231857072244,Fixed-radius region,,1,1963.4928890086885
FINA,2025-11-19 12:00:00,72,51,16.910231857072244,P50 percentile cone,0.5,1,76980.53309090945
FINA,2025-11-19 12:00:00,72,51,16.910231857072244,P50 covariance ellipse,0.5,1,52117.32422473822
FINA,2025-11-19 12:00:00,72,51,16.910231857072244,P90 percentile cone,0.9,1,183048.80903645747
FINA,2025-11-19 12:00:00,72,51,16.910231857072244,P90 covariance ellipse,0.9,1,173130.0035725116
FINA,2025-11-19 18:00:00,72,51,39.54217590745556,Fixed-radius region,,0,1963.4928890086885
FINA,2025-11-19 18:00:00,72,51,39.54217590745556,P50 percentile cone,0.5,1,65807.00955697767
FINA,2025-11-19 18:00:00,72,51,39.54217590745556,P50 covariance ellipse,0.5,1,43054.13206779711
FINA,2025-11-19 18:00:00,72,51,39.54217590745556,P90 percentile cone,0.9,1,249286.5237872778
FINA,2025-11-19 18:00:00,72,51,39.54217590745556,P90 covariance ellipse,0.9,1,143022.73091700612
FINA,2025-11-20 00:00:00,72,51,56.52750872286628,Fixed-radius region,,0,1963.4928890086885
FINA,2025-11-20 00:00:00,72,51,56.52750872286628,P50 percentile cone,0.5,1,51380.67619161761
FINA,2025-11-20 00:00:00,72,51,56.52750872286628,P50 covariance ellipse,0.5,1,41624.35542325098
FINA,2025-11-20 00:00:00,72,51,56.52750872286628,P90 percentile cone,0.9,1,187069.63163957847
FINA,2025-11-20 00:00:00,72,51,56.52750872286628,P90 covariance ellipse,0.9,1,138273.11571207456
FINA,2025-11-20 06:00:00,72,51,61.34838822164508,Fixed-radius region,,0,1963.4928890086885
FINA,2025-11-20 06:00:00,72,51,61.34838822164508,P50 percentile cone,0.5,1,60899.85503752459
FINA,2025-11-20 06:00:00,72,51,61.34838822164508,P50 covariance ellipse,0.5,1,33462.474553128115
FINA,2025-11-20 06:00:00,72,51,61.34838822164508,P90 percentile cone,0.9,1,137267.31317561262
FINA,2025-11-20 06:00:00,72,51,61.34838822164508,P90 covariance ellipse,0.9,1,111159.93434248972
FINA,2025-11-20 12:00:00,72,51,53.07820563450502,Fixed-radius region,,0,1963.4928890086885
FINA,2025-11-20 12:00:00,72,51,53.07820563450502,P50 percentile cone,0.5,1,47375.56033918236
FINA,2025-11-20 12:00:00,72,51,53.07820563450502,P50 covariance ellipse,0.5,1,38922.47629606699
FINA,2025-11-20 12:00:00,72,51,53.07820563450502,P90 percentile cone,0.9,1,183454.05104226913
FINA,2025-11-20 12:00:00,72,51,53.07820563450502,P90 covariance ellipse,0.9,1,129297.66753049231
FINA,2025-11-20 18:00:00,72,51,62.111581898773125,Fixed-radius region,,0,1963.4928890086885
FINA,2025-11-20 18:00:00,72,51,62.111581898773125,P50 percentile cone,0.5,1,52161.90775874965
FINA,2025-11-20 18:00:00,72,51,62.111581898773125,P50 covariance ellipse,0.5,1,33326.968924595174
FINA,2025-11-20 18:00:00,72,51,62.111581898773125,P90 percentile cone,0.9,1,120373.11153201363
FINA,2025-11-20 18:00:00,72,51,62.111581898773125,P90 covariance ellipse,0.9,1,110709.79438805077
FINA,2025-11-21 00:00:00,72,51,69.36979002963312,Fixed-radius region,,0,1963.4928890086885
FINA,2025-11-21 00:00:00,72,51,69.36979002963312,P50 percentile cone,0.5,1,45728.83275939579
FINA,2025-11-21 00:00:00,72,51,69.36979002963312,P50 covariance ellipse,0.5,1,30450.5896954896
FINA,2025-11-21 00:00:00,72,51,69.36979002963312,P90 percentile cone,0.9,1,133320.8615938997
FINA,2025-11-21 00:00:00,72,51,69.36979002963312,P90 covariance ellipse,0.9,1,101154.6694153345
FINA,2025-11-21 06:00:00,72,51,81.03372920921645,Fixed-radius region,,0,1963.4928890086885
FINA,2025-11-21 06:00:00,72,51,81.03372920921645,P50 percentile cone,0.5,1,43300.29935609592
FINA,2025-11-21 06:00:00,72,51,81.03372920921645,P50 covariance ellipse,0.5,1,31302.627752828914
FINA,2025-11-21 06:00:00,72,51,81.03372920921645,P90 percentile cone,0.9,1,140351.1406732751
FINA,2025-11-21 06:00:00,72,51,81.03372920921645,P90 covariance ellipse,0.9,1,103985.07857592321
FINA,2025-11-21 12:00:00,72,49,137.15634479065008,Fixed-radius region,,0,1963.4928890086885
FINA,2025-11-21 12:00:00,72,49,137.15634479065008,P50 percentile cone,0.5,0,50988.00545235694
FINA,2025-11-21 12:00:00,72,49,137.15634479065008,P50 covariance ellipse,0.5,0,44750.03312395224
FINA,2025-11-21 12:00:00,72,49,137.15634479065008,P90 percentile cone,0.9,1,190677.69711677742
FINA,2025-11-21 12:00:00,72,49,137.15634479065008,P90 covariance ellipse,0.9,1,148656.392281597
FINA,2025-11-21 18:00:00,72,50,150.93258804024697,Fixed-radius region,,0,1963.4928890086885
FINA,2025-11-21 18:00:00,72,50,150.93258804024697,P50 percentile cone,0.5,1,94297.08740442235
FINA,2025-11-21 18:00:00,72,50,150.93258804024697,P50 covariance ellipse,0.5,0,52654.58048513953
FINA,2025-11-21 18:00:00,72,50,150.93258804024697,P90 percentile cone,0.9,1,193879.48911191119
FINA,2025-11-21 18:00:00,72,50,150.93258804024697,P90 covariance ellipse,0.9,1,174914.7302380928
FINA,2025-11-22 00:00:00,72,48,149.7345151022316,Fixed-radius region,,0,1963.4928890086885
FINA,2025-11-22 00:00:00,72,48,149.7345151022316,P50 percentile cone,0.5,1,71990.18148021317
FINA,2025-11-22 00:00:00,72,48,149.7345151022316,P50 covariance ellipse,0.5,0,58652.43279724238
FINA,2025-11-22 00:00:00,72,48,149.7345151022316,P90 percentile cone,0.9,1,210785.34049941815
FINA,2025-11-22 00:00:00,72,48,149.7345151022316,P90 covariance ellipse,0.9,1,194839.1643426524
FINA,2025-11-22 06:00:00,72,46,159.63290242890898,Fixed-radius region,,0,1963.4928890086885
FINA,2025-11-22 06:00:00,72,46,159.63290242890898,P50 percentile cone,0.5,0,68981.59239014988
FINA,2025-11-22 06:00:00,72,46,159.63290242890898,P50 covariance ellipse,0.5,0,58366.53810209077
FINA,2025-11-22 06:00:00,72,46,159.63290242890898,P90 percentile cone,0.9,1,235395.93106591623
FINA,2025-11-22 06:00:00,72,46,159.63290242890898,P90 covariance ellipse,0.9,1,193889.44272264902
FUNG-WONG,2025-11-05 18:00:00,72,50,206.1843591268052,Fixed-radius region,,0,1963.4928890086885
FUNG-WONG,2025-11-05 18:00:00,72,50,206.1843591268052,P50 percentile cone,0.5,0,99675.96672973901
FUNG-WONG,2025-11-05 18:00:00,72,50,206.1843591268052,P50 covariance ellipse,0.5,0,70259.81110656758
FUNG-WONG,2025-11-05 18:00:00,72,50,206.1843591268052,P90 percentile cone,0.9,1,317353.83382794
FUNG-WONG,2025-11-05 18:00:00,72,50,206.1843591268052,P90 covariance ellipse,0.9,1,233398.04045638593
FUNG-WONG,2025-11-06 00:00:00,72,47,207.30433756009097,Fixed-radius region,,0,1963.4928890086885
FUNG-WONG,2025-11-06 00:00:00,72,47,207.30433756009097,P50 percentile cone,0.5,0,70798.29015610943
FUNG-WONG,2025-11-06 00:00:00,72,47,207.30433756009097,P50 covariance ellipse,0.5,0,60115.07122254796
FUNG-WONG,2025-11-06 00:00:00,72,47,207.30433756009097,P90 percentile cone,0.9,1,291066.5987076259
FUNG-WONG,2025-11-06 00:00:00,72,47,207.30433756009097,P90 covariance ellipse,0.9,1,199697.94402033678
FUNG-WONG,2025-11-06 06:00:00,72,49,186.29503765856208,Fixed-radius region,,0,1963.4928890086885
FUNG-WONG,2025-11-06 06:00:00,72,49,186.29503765856208,P50 percentile cone,0.5,0,92318.86286512583
FUNG-WONG,2025-11-06 06:00:00,72,49,186.29503765856208,P50 covariance ellipse,0.5,0,57248.1112109562
FUNG-WONG,2025-11-06 06:00:00,72,49,186.29503765856208,P90 percentile cone,0.9,1,190371.00455409937
FUNG-WONG,2025-11-06 06:00:00,72,49,186.29503765856208,P90 covariance ellipse,0.9,1,190174.10901091158
FUNG-WONG,2025-11-06 12:00:00,72,51,89.01933205431698,Fixed-radius region,,0,1963.4928890086885
FUNG-WONG,2025-11-06 12:00:00,72,51,89.01933205431698,P50 percentile cone,0.5,1,83797.99371529373
FUNG-WONG,2025-11-06 12:00:00,72,51,89.01933205431698,P50 covariance ellipse,0.5,1,48224.84392758281
FUNG-WONG,2025-11-06 12:00:00,72,51,89.01933205431698,P90 percentile cone,0.9,1,237284.5028384916
FUNG-WONG,2025-11-06 12:00:00,72,51,89.01933205431698,P90 covariance ellipse,0.9,1,160199.46391459552
FUNG-WONG,2025-11-06 18:00:00,72,51,121.19482248638926,Fixed-radius region,,0,1963.4928890086885
FUNG-WONG,2025-11-06 18:00:00,72,51,121.19482248638926,P50 percentile cone,0.5,1,96801.4799671535
FUNG-WONG,2025-11-06 18:00:00,72,51,121.19482248638926,P50 covariance ellipse,0.5,1,60943.58640004751
FUNG-WONG,2025-11-06 18:00:00,72,51,121.19482248638926,P90 percentile cone,0.9,1,363384.19147795474
FUNG-WONG,2025-11-06 18:00:00,72,51,121.19482248638926,P90 covariance ellipse,0.9,1,202450.21186551318
FUNG-WONG,2025-11-07 00:00:00,72,50,70.2903374603506,Fixed-radius region,,0,1963.4928890086885
FUNG-WONG,2025-11-07 00:00:00,72,50,70.2903374603506,P50 percentile cone,0.5,1,43643.55114938455
FUNG-WONG,2025-11-07 00:00:00,72,50,70.2903374603506,P50 covariance ellipse,0.5,0,29075.36754341405
FUNG-WONG,2025-11-07 00:00:00,72,50,70.2903374603506,P90 percentile cone,0.9,1,187430.7142933455
FUNG-WONG,2025-11-07 00:00:00,72,50,70.2903374603506,P90 covariance ellipse,0.9,1,96586.28031164326
FUNG-WONG,2025-11-07 06:00:00,72,51,75.4249428959692,Fixed-radius region,,0,1963.4928890086885
FUNG-WONG,2025-11-07 06:00:00,72,51,75.4249428959692,P50 percentile cone,0.5,1,75692.0625066949
FUNG-WONG,2025-11-07 06:00:00,72,51,75.4249428959692,P50 covariance ellipse,0.5,1,56942.00154172251
FUNG-WONG,2025-11-07 06:00:00,72,51,75.4249428959692,P90 percentile cone,0.9,1,263124.45114635286
FUNG-WONG,2025-11-07 06:00:00,72,51,75.4249428959692,P90 covariance ellipse,0.9,1,189157.23470056747
FUNG-WONG,2025-11-07 12:00:00,72,50,83.9942763845304,Fixed-radius region,,0,1963.4928890086885
FUNG-WONG,2025-11-07 12:00:00,72,50,83.9942763845304,P50 percentile cone,0.5,1,56104.31783093201
FUNG-WONG,2025-11-07 12:00:00,72,50,83.9942763845304,P50 covariance ellipse,0.5,1,34880.99721317453
FUNG-WONG,2025-11-07 12:00:00,72,50,83.9942763845304,P90 percentile cone,0.9,1,177759.56714798033
FUNG-WONG,2025-11-07 12:00:00,72,50,83.9942763845304,P90 covariance ellipse,0.9,1,115872.16462013226
FUNG-WONG,2025-11-07 18:00:00,72,50,148.7712742708588,Fixed-radius region,,0,1963.4928890086885
FUNG-WONG,2025-11-07 18:00:00,72,50,148.7712742708588,P50 percentile cone,0.5,0,67984.23568207875
FUNG-WONG,2025-11-07 18:00:00,72,50,148.7712742708588,P50 covariance ellipse,0.5,0,40674.64620228801
FUNG-WONG,2025-11-07 18:00:00,72,50,148.7712742708588,P90 percentile cone,0.9,1,224892.0535572975
FUNG-WONG,2025-11-07 18:00:00,72,50,148.7712742708588,P90 covariance ellipse,0.9,1,135118.24996898408
FUNG-WONG,2025-11-08 00:00:00,72,50,139.5997624111426,Fixed-radius region,,0,1963.4928890086885
FUNG-WONG,2025-11-08 00:00:00,72,50,139.5997624111426,P50 percentile cone,0.5,1,75513.61758621827
FUNG-WONG,2025-11-08 00:00:00,72,50,139.5997624111426,P50 covariance ellipse,0.5,0,39648.35918952339
FUNG-WONG,2025-11-08 00:00:00,72,50,139.5997624111426,P90 percentile cone,0.9,1,183611.58621002606
FUNG-WONG,2025-11-08 00:00:00,72,50,139.5997624111426,P90 covariance ellipse,0.9,1,131708.99830786328
FUNG-WONG,2025-11-08 06:00:00,72,51,187.84441871297258,Fixed-radius region,,0,1963.4928890086885
FUNG-WONG,2025-11-08 06:00:00,72,51,187.84441871297258,P50 percentile cone,0.5,0,44990.50136962582
FUNG-WONG,2025-11-08 06:00:00,72,51,187.84441871297258,P50 covariance ellipse,0.5,0,36694.58169167325
FUNG-WONG,2025-11-08 06:00:00,72,51,187.84441871297258,P90 percentile cone,0.9,1,180534.84457075922
FUNG-WONG,2025-11-08 06:00:00,72,51,187.84441871297258,P90 covariance ellipse,0.9,1,121896.76185170878
FUNG-WONG,2025-11-08 12:00:00,72,50,179.766923485625,Fixed-radius region,,0,1963.4928890086885
FUNG-WONG,2025-11-08 12:00:00,72,50,179.766923485625,P50 percentile cone,0.5,0,43951.23215448244
FUNG-WONG,2025-11-08 12:00:00,72,50,179.766923485625,P50 covariance ellipse,0.5,0,29139.438803003908
FUNG-WONG,2025-11-08 12:00:00,72,50,179.766923485625,P90 percentile cone,0.9,1,149575.32679327528
FUNG-WONG,2025-11-08 12:00:00,72,50,179.766923485625,P90 covariance ellipse,0.9,1,96799.12042894964
FUNG-WONG,2025-11-08 18:00:00,72,51,232.0339398086084,Fixed-radius region,,0,1963.4928890086885
FUNG-WONG,2025-11-08 18:00:00,72,51,232.0339398086084,P50 percentile cone,0.5,0,59969.842956643384
FUNG-WONG,2025-11-08 18:00:00,72,51,232.0339398086084,P50 covariance ellipse,0.5,0,36368.43964015774
FUNG-WONG,2025-11-08 18:00:00,72,51,232.0339398086084,P90 percentile cone,0.9,1,200267.87300552547
FUNG-WONG,2025-11-08 18:00:00,72,51,232.0339398086084,P90 covariance ellipse,0.9,1,120813.3414078552
FUNG-WONG,2025-11-09 00:00:00,72,51,124.82796028687706,Fixed-radius region,,0,1963.4928890086885
FUNG-WONG,2025-11-09 00:00:00,72,51,124.82796028687706,P50 percentile cone,0.5,1,58029.280257603525
FUNG-WONG,2025-11-09 00:00:00,72,51,124.82796028687706,P50 covariance ellipse,0.5,0,38050.45604889458
FUNG-WONG,2025-11-09 00:00:00,72,51,124.82796028687706,P90 percentile cone,0.9,1,207918.31566576284
FUNG-WONG,2025-11-09 00:00:00,72,51,124.82796028687706,P90 covariance ellipse,0.9,1,126400.87897209966
FUNG-WONG,2025-11-09 06:00:00,72,51,169.2892110238982,Fixed-radius region,,0,1963.4928890086885
FUNG-WONG,2025-11-09 06:00:00,72,51,169.2892110238982,P50 percentile cone,0.5,0,57390.674141361866
FUNG-WONG,2025-11-09 06:00:00,72,51,169.2892110238982,P50 covariance ellipse,0.5,0,43990.04836175131
FUNG-WONG,2025-11-09 06:00:00,72,51,169.2892110238982,P90 percentile cone,0.9,1,170468.65949185455
FUNG-WONG,2025-11-09 06:00:00,72,51,169.2892110238982,P90 covariance ellipse,0.9,0,146131.77754835543
FUNG-WONG,2025-11-09 12:00:00,72,50,235.9825847529865,Fixed-radius region,,0,1963.4928890086885
FUNG-WONG,2025-11-09 12:00:00,72,50,235.9825847529865,P50 percentile cone,0.5,0,80989.89774317424
FUNG-WONG,2025-11-09 12:00:00,72,50,235.9825847529865,P50 covariance ellipse,0.5,0,54473.02167058023
FUNG-WONG,2025-11-09 12:00:00,72,50,235.9825847529865,P90 percentile cone,0.9,1,323231.71233931277
FUNG-WONG,2025-11-09 12:00:00,72,50,235.9825847529865,P90 covariance ellipse,0.9,0,180955.46110090858
FUNG-WONG,2025-11-09 18:00:00,72,44,252.20284667592557,Fixed-radius region,,0,1963.4928890086885
FUNG-WONG,2025-11-09 18:00:00,72,44,252.20284667592557,P50 percentile cone,0.5,0,76956.99746415345
FUNG-WONG,2025-11-09 18:00:00,72,44,252.20284667592557,P50 covariance ellipse,0.5,0,40855.13283369389
FUNG-WONG,2025-11-09 18:00:00,72,44,252.20284667592557,P90 percentile cone,0.9,1,249020.21012688355
FUNG-WONG,2025-11-09 18:00:00,72,44,252.20284667592557,P90 covariance ellipse,0.9,0,135717.81358060284
FUNG-WONG,2025-11-10 00:00:00,72,43,130.39086210673864,Fixed-radius region,,0,1963.4928890086885
FUNG-WONG,2025-11-10 00:00:00,72,43,130.39086210673864,P50 percentile cone,0.5,1,140274.56905717228
FUNG-WONG,2025-11-10 00:00:00,72,43,130.39086210673864,P50 covariance ellipse,0.5,0,57994.92281325007
FUNG-WONG,2025-11-10 00:00:00,72,43,130.39086210673864,P90 percentile cone,0.9,1,621663.5277945189
FUNG-WONG,2025-11-10 00:00:00,72,43,130.39086210673864,P90 covariance ellipse,0.9,0,192654.9634541594
FUNG-WONG,2025-11-10 06:00:00,72,41,107.12836991522212,Fixed-radius region,,0,1963.4928890086885
FUNG-WONG,2025-11-10 06:00:00,72,41,107.12836991522212,P50 percentile cone,0.5,1,66044.05006917784
FUNG-WONG,2025-11-10 06:00:00,72,41,107.12836991522212,P50 covariance ellipse,0.5,1,59380.1772109587
FUNG-WONG,2025-11-10 06:00:00,72,41,107.12836991522212,P90 percentile cone,0.9,1,478566.995216902
FUNG-WONG,2025-11-10 06:00:00,72,41,107.12836991522212,P90 covariance ellipse,0.9,1,197256.67895647394
FUNG-WONG,2025-11-10 12:00:00,72,29,198.12547300069582,Fixed-radius region,,0,1963.4928890086885
FUNG-WONG,2025-11-10 12:00:00,72,29,198.12547300069582,P50 percentile cone,0.5,0,91212.5765664692
FUNG-WONG,2025-11-10 12:00:00,72,29,198.12547300069582,P50 covariance ellipse,0.5,1,91764.7895333141
FUNG-WONG,2025-11-10 12:00:00,72,29,198.12547300069582,P90 percentile cone,0.9,1,658134.9249345927
FUNG-WONG,2025-11-10 12:00:00,72,29,198.12547300069582,P90 covariance ellipse,0.9,1,304836.03247214184
FUNG-WONG,2025-11-10 18:00:00,72,21,382.88283875847924,Fixed-radius region,,0,1963.4928890086885
FUNG-WONG,2025-11-10 18:00:00,72,21,382.88283875847924,P50 percentile cone,0.5,0,85134.09301068909
FUNG-WONG,2025-11-10 18:00:00,72,21,382.88283875847924,P50 covariance ellipse,0.5,0,61817.98102578273
FUNG-WONG,2025-11-10 18:00:00,72,21,382.88283875847924,P90 percentile cone,0.9,0,222136.12517060575
FUNG-WONG,2025-11-10 18:00:00,72,21,382.88283875847924,P90 covariance ellipse,0.9,0,205354.8879387615
GEZANI,2026-02-10 00:00:00,72,46,74.69520020320596,Fixed-radius region,,0,1963.4928890086885
GEZANI,2026-02-10 00:00:00,72,46,74.69520020320596,P50 percentile cone,0.5,1,62121.42417196123
GEZANI,2026-02-10 00:00:00,72,46,74.69520020320596,P50 covariance ellipse,0.5,1,44502.257061527656
GEZANI,2026-02-10 00:00:00,72,46,74.69520020320596,P90 percentile cone,0.9,1,197444.1565707008
GEZANI,2026-02-10 00:00:00,72,46,74.69520020320596,P90 covariance ellipse,0.9,1,147833.2980185882
GEZANI,2026-02-10 06:00:00,72,48,81.79069664928807,Fixed-radius region,,0,1963.4928890086885
GEZANI,2026-02-10 06:00:00,72,48,81.79069664928807,P50 percentile cone,0.5,1,75575.64146103425
GEZANI,2026-02-10 06:00:00,72,48,81.79069664928807,P50 covariance ellipse,0.5,1,40213.58565607504
GEZANI,2026-02-10 06:00:00,72,48,81.79069664928807,P90 percentile cone,0.9,1,143518.41650049607
GEZANI,2026-02-10 06:00:00,72,48,81.79069664928807,P90 covariance ellipse,0.9,1,133586.6399870751
GEZANI,2026-02-10 12:00:00,72,49,100.50698836474282,Fixed-radius region,,0,1963.4928890086885
GEZANI,2026-02-10 12:00:00,72,49,100.50698836474282,P50 percentile cone,0.5,1,47974.70719313944
GEZANI,2026-02-10 12:00:00,72,49,100.50698836474282,P50 covariance ellipse,0.5,0,30279.350168089248
GEZANI,2026-02-10 12:00:00,72,49,100.50698836474282,P90 percentile cone,0.9,1,128031.42093253619
GEZANI,2026-02-10 12:00:00,72,49,100.50698836474282,P90 covariance ellipse,0.9,1,100585.82401830803
GEZANI,2026-02-10 18:00:00,72,49,47.817821349720624,Fixed-radius region,,0,1963.4928890086885
GEZANI,2026-02-10 18:00:00,72,49,47.817821349720624,P50 percentile cone,0.5,1,66229.62834019147
GEZANI,2026-02-10 18:00:00,72,49,47.817821349720624,P50 covariance ellipse,0.5,1,42654.31672880057
GEZANI,2026-02-10 18:00:00,72,49,47.817821349720624,P90 percentile cone,0.9,1,158117.57942951366
GEZANI,2026-02-10 18:00:00,72,49,47.817821349720624,P90 covariance ellipse,0.9,1,141694.57310962662
GEZANI,2026-02-11 00:00:00,72,49,201.68853776520731,Fixed-radius region,,0,1963.4928890086885
GEZANI,2026-02-11 00:00:00,72,49,201.68853776520731,P50 percentile cone,0.5,0,64005.299580056206
GEZANI,2026-02-11 00:00:00,72,49,201.68853776520731,P50 covariance ellipse,0.5,0,37491.16555227996
GEZANI,2026-02-11 00:00:00,72,49,201.68853776520731,P90 percentile cone,0.9,1,148966.8312003921
GEZANI,2026-02-11 00:00:00,72,49,201.68853776520731,P90 covariance ellipse,0.9,1,124542.95615819206
GEZANI,2026-02-11 06:00:00,72,51,147.2969068442938,Fixed-radius region,,0,1963.4928890086885
GEZANI,2026-02-11 06:00:00,72,51,147.2969068442938,P50 percentile cone,0.5,0,62175.31181113797
GEZANI,2026-02-11 06:00:00,72,51,147.2969068442938,P50 covariance ellipse,0.5,0,37185.43547108872
GEZANI,2026-02-11 06:00:00,72,51,147.2969068442938,P90 percentile cone,0.9,1,118307.84198912345
GEZANI,2026-02-11 06:00:00,72,51,147.2969068442938,P90 covariance ellipse,0.9,1,123527.34281203068
GEZANI,2026-02-11 12:00:00,72,51,189.0536471087245,Fixed-radius region,,0,1963.4928890086885
GEZANI,2026-02-11 12:00:00,72,51,189.0536471087245,P50 percentile cone,0.5,0,58833.31339327186
GEZANI,2026-02-11 12:00:00,72,51,189.0536471087245,P50 covariance ellipse,0.5,0,40553.93057973392
GEZANI,2026-02-11 12:00:00,72,51,189.0536471087245,P90 percentile cone,0.9,1,188294.3552884795
GEZANI,2026-02-11 12:00:00,72,51,189.0536471087245,P90 covariance ellipse,0.9,1,134717.2413509298
GEZANI,2026-02-11 18:00:00,72,51,169.4640475794674,Fixed-radius region,,0,1963.4928890086885
GEZANI,2026-02-11 18:00:00,72,51,169.4640475794674,P50 percentile cone,0.5,0,85296.40489148002
GEZANI,2026-02-11 18:00:00,72,51,169.4640475794674,P50 covariance ellipse,0.5,0,50713.752277409294
GEZANI,2026-02-11 18:00:00,72,51,169.4640475794674,P90 percentile cone,0.9,1,293208.062559657
GEZANI,2026-02-11 18:00:00,72,51,169.4640475794674,P90 covariance ellipse,0.9,1,168467.43848748386
GEZANI,2026-02-12 00:00:00,72,51,195.35692240023238,Fixed-radius region,,0,1963.4928890086885
GEZANI,2026-02-12 00:00:00,72,51,195.35692240023238,P50 percentile cone,0.5,0,100753.00130506868
GEZANI,2026-02-12 00:00:00,72,51,195.35692240023238,P50 covariance ellipse,0.5,1,48704.96278844088
GEZANI,2026-02-12 00:00:00,72,51,195.35692240023238,P90 percentile cone,0.9,1,292404.7384508682
GEZANI,2026-02-12 00:00:00,72,51,195.35692240023238,P90 covariance ellipse,0.9,1,161794.38424736523
GEZANI,2026-02-12 06:00:00,72,51,347.94017384747514,Fixed-radius region,,0,1963.4928890086885
GEZANI,2026-02-12 06:00:00,72,51,347.94017384747514,P50 percentile cone,0.5,0,86358.68085933027
GEZANI,2026-02-12 06:00:00,72,51,347.94017384747514,P50 covariance ellipse,0.5,0,54899.100194598504
GEZANI,2026-02-12 06:00:00,72,51,347.94017384747514,P90 percentile cone,0.9,1,399999.80227550433
GEZANI,2026-02-12 06:00:00,72,51,347.94017384747514,P90 covariance ellipse,0.9,1,182370.863320473
GEZANI,2026-02-12 12:00:00,72,51,178.8293764426312,Fixed-radius region,,0,1963.4928890086885
GEZANI,2026-02-12 12:00:00,72,51,178.8293764426312,P50 percentile cone,0.5,0,83003.98859936923
GEZANI,2026-02-12 12:00:00,72,51,178.8293764426312,P50 covariance ellipse,0.5,1,53546.285659921785
GEZANI,2026-02-12 12:00:00,72,51,178.8293764426312,P90 percentile cone,0.9,1,486057.0337067463
GEZANI,2026-02-12 12:00:00,72,51,178.8293764426312,P90 covariance ellipse,0.9,1,177876.91071055844
GEZANI,2026-02-12 18:00:00,72,51,129.50845796845647,Fixed-radius region,,0,1963.4928890086885
GEZANI,2026-02-12 18:00:00,72,51,129.50845796845647,P50 percentile cone,0.5,1,159304.21983659684
GEZANI,2026-02-12 18:00:00,72,51,129.50845796845647,P50 covariance ellipse,0.5,1,70092.83460113566
GEZANI,2026-02-12 18:00:00,72,51,129.50845796845647,P90 percentile cone,0.9,1,616406.8503045483
GEZANI,2026-02-12 18:00:00,72,51,129.50845796845647,P90 covariance ellipse,0.9,1,232843.35651180556
GEZANI,2026-02-13 00:00:00,72,51,210.6238917342031,Fixed-radius region,,0,1963.4928890086885
GEZANI,2026-02-13 00:00:00,72,51,210.6238917342031,P50 percentile cone,0.5,0,123418.2223938196
GEZANI,2026-02-13 00:00:00,72,51,210.6238917342031,P50 covariance ellipse,0.5,1,77454.43179226684
GEZANI,2026-02-13 00:00:00,72,51,210.6238917342031,P90 percentile cone,0.9,1,859200.9023636543
GEZANI,2026-02-13 00:00:00,72,51,210.6238917342031,P90 covariance ellipse,0.9,1,257298.0530442681
GEZANI,2026-02-13 06:00:00,72,51,439.92151352386463,Fixed-radius region,,0,1963.4928890086885
GEZANI,2026-02-13 06:00:00,72,51,439.92151352386463,P50 percentile cone,0.5,0,122830.51309247025
GEZANI,2026-02-13 06:00:00,72,51,439.92151352386463,P50 covariance ellipse,0.5,0,66368.46398081382
GEZANI,2026-02-13 06:00:00,72,51,439.92151352386463,P90 percentile cone,0.9,0,337199.6019325163
GEZANI,2026-02-13 06:00:00,72,51,439.92151352386463,P90 covariance ellipse,0.9,0,220471.26511238533
GEZANI,2026-02-13 12:00:00,72,50,430.5192343678314,Fixed-radius region,,0,1963.4928890086885
GEZANI,2026-02-13 12:00:00,72,50,430.5192343678314,P50 percentile cone,0.5,0,225188.0259960245
GEZANI,2026-02-13 12:00:00,72,50,430.5192343678314,P50 covariance ellipse,0.5,0,84168.67516535748
GEZANI,2026-02-13 12:00:00,72,50,430.5192343678314,P90 percentile cone,0.9,1,588196.4017979566
GEZANI,2026-02-13 12:00:00,72,50,430.5192343678314,P90 covariance ellipse,0.9,1,279602.2867412492
GEZANI,2026-02-13 18:00:00,72,51,181.18518043033382,Fixed-radius region,,0,1963.4928890086885
GEZANI,2026-02-13 18:00:00,72,51,181.18518043033382,P50 percentile cone,0.5,1,413940.2562539467
GEZANI,2026-02-13 18:00:00,72,51,181.18518043033382,P50 covariance ellipse,0.5,1,158545.35674077648
GEZANI,2026-02-13 18:00:00,72,51,181.18518043033382,P90 percentile cone,0.9,1,1312316.6193703308
GEZANI,2026-02-13 18:00:00,72,51,181.18518043033382,P90 covariance ellipse,0.9,1,526676.2748711248
KALMAEGI,2025-11-01 12:00:00,72,50,252.48967124544203,Fixed-radius region,,0,1963.4928890086885
KALMAEGI,2025-11-01 12:00:00,72,50,252.48967124544203,P50 percentile cone,0.5,0,130747.62077912784
KALMAEGI,2025-11-01 12:00:00,72,50,252.48967124544203,P50 covariance ellipse,0.5,1,92649.00974520757
KALMAEGI,2025-11-01 12:00:00,72,50,252.48967124544203,P90 percentile cone,0.9,1,402386.28054654476
KALMAEGI,2025-11-01 12:00:00,72,50,252.48967124544203,P90 covariance ellipse,0.9,1,307773.348436098
KALMAEGI,2025-11-01 18:00:00,72,51,141.0453112901777,Fixed-radius region,,0,1963.4928890086885
KALMAEGI,2025-11-01 18:00:00,72,51,141.0453112901777,P50 percentile cone,0.5,1,103300.21050887495
KALMAEGI,2025-11-01 18:00:00,72,51,141.0453112901777,P50 covariance ellipse,0.5,1,75700.13830015747
KALMAEGI,2025-11-01 18:00:00,72,51,141.0453112901777,P90 percentile cone,0.9,1,381108.0666315979
KALMAEGI,2025-11-01 18:00:00,72,51,141.0453112901777,P90 covariance ellipse,0.9,1,251470.41620615195
KALMAEGI,2025-11-02 00:00:00,72,50,114.11160328704966,Fixed-radius region,,0,1963.4928890086885
KALMAEGI,2025-11-02 00:00:00,72,50,114.11160328704966,P50 percentile cone,0.5,1,156884.72090487927
KALMAEGI,2025-11-02 00:00:00,72,50,114.11160328704966,P50 covariance ellipse,0.5,1,106425.51329529902
KALMAEGI,2025-11-02 00:00:00,72,50,114.11160328704966,P90 percentile cone,0.9,1,604839.2182279432
KALMAEGI,2025-11-02 00:00:00,72,50,114.11160328704966,P90 covariance ellipse,0.9,1,353537.90262846224
KALMAEGI,2025-11-02 12:00:00,72,51,88.44869649120885,Fixed-radius region,,0,1963.4928890086885
KALMAEGI,2025-11-02 12:00:00,72,51,88.44869649120885,P50 percentile cone,0.5,1,128400.34224956759
KALMAEGI,2025-11-02 12:00:00,72,51,88.44869649120885,P50 covariance ellipse,0.5,1,100229.80012057677
KALMAEGI,2025-11-02 12:00:00,72,51,88.44869649120885,P90 percentile cone,0.9,1,523626.80741012015
KALMAEGI,2025-11-02 12:00:00,72,51,88.44869649120885,P90 covariance ellipse,0.9,1,332956.18896548863
KALMAEGI,2025-11-02 18:00:00,72,50,127.78786238360105,Fixed-radius region,,0,1963.4928890086885
KALMAEGI,2025-11-02 18:00:00,72,50,127.78786238360105,P50 percentile cone,0.5,1,139370.6303087807
KALMAEGI,2025-11-02 18:00:00,72,50,127.78786238360105,P50 covariance ellipse,0.5,1,88767.408866862
KALMAEGI,2025-11-02 18:00:00,72,50,127.78786238360105,P90 percentile cone,0.9,1,461232.7596879406
KALMAEGI,2025-11-02 18:00:00,72,50,127.78786238360105,P90 covariance ellipse,0.9,1,294878.94942518236
KALMAEGI,2025-11-03 00:00:00,72,49,109.60423543602447,Fixed-radius region,,0,1963.4928890086885
KALMAEGI,2025-11-03 00:00:00,72,49,109.60423543602447,P50 percentile cone,0.5,1,99648.68929619264
KALMAEGI,2025-11-03 00:00:00,72,49,109.60423543602447,P50 covariance ellipse,0.5,1,58132.867828826864
KALMAEGI,2025-11-03 00:00:00,72,49,109.60423543602447,P90 percentile cone,0.9,1,555046.0099432918
KALMAEGI,2025-11-03 00:00:00,72,49,109.60423543602447,P90 covariance ellipse,0.9,1,193113.20687695363
KALMAEGI,2025-11-03 06:00:00,72,50,125.31607303958283,Fixed-radius region,,0,1963.4928890086885
KALMAEGI,2025-11-03 06:00:00,72,50,125.31607303958283,P50 percentile cone,0.5,1,98477.11836477676
KALMAEGI,2025-11-03 06:00:00,72,50,125.31607303958283,P50 covariance ellipse,0.5,1,56597.26480179101
KALMAEGI,2025-11-03 06:00:00,72,50,125.31607303958283,P90 percentile cone,0.9,1,297716.83768995875
KALMAEGI,2025-11-03 06:00:00,72,50,125.31607303958283,P90 covariance ellipse,0.9,1,188012.04403884916
KALMAEGI,2025-11-03 12:00:00,72,51,186.9276392776094,Fixed-radius region,,0,1963.4928890086885
KALMAEGI,2025-11-03 12:00:00,72,51,186.9276392776094,P50 percentile cone,0.5,0,64558.53280521929
KALMAEGI,2025-11-03 12:00:00,72,51,186.9276392776094,P50 covariance ellipse,0.5,0,42715.73489150527
KALMAEGI,2025-11-03 12:00:00,72,51,186.9276392776094,P90 percentile cone,0.9,1,216249.08237602797
KALMAEGI,2025-11-03 12:00:00,72,51,186.9276392776094,P90 covariance ellipse,0.9,1,141898.59982985174
KALMAEGI,2025-11-03 18:00:00,72,51,149.032404030014,Fixed-radius region,,0,1963.4928890086885
KALMAEGI,2025-11-03 18:00:00,72,51,149.032404030014,P50 percentile cone,0.5,1,105561.22495948563
KALMAEGI,2025-11-03 18:00:00,72,51,149.032404030014,P50 covariance ellipse,0.5,1,62108.6895560313
KALMAEGI,2025-11-03 18:00:00,72,51,149.032404030014,P90 percentile cone,0.9,1,358812.8769435563
KALMAEGI,2025-11-03 18:00:00,72,51,149.032404030014,P90 covariance ellipse,0.9,1,206320.60077281765
KALMAEGI,2025-11-04 00:00:00,72,51,137.77504565350463,Fixed-radius region,,0,1963.4928890086885
KALMAEGI,2025-11-04 00:00:00,72,51,137.77504565350463,P50 percentile cone,0.5,1,118468.22003439625
KALMAEGI,2025-11-04 00:00:00,72,51,137.77504565350463,P50 covariance ellipse,0.5,1,54230.50826603316
KALMAEGI,2025-11-04 00:00:00,72,51,137.77504565350463,P90 percentile cone,0.9,1,297801.30544714443
KALMAEGI,2025-11-04 00:00:00,72,51,137.77504565350463,P90 covariance ellipse,0.9,1,180149.84900895687
KALMAEGI,2025-11-04 06:00:00,72,51,150.3917182960424,Fixed-radius region,,0,1963.4928890086885
KALMAEGI,2025-11-04 06:00:00,72,51,150.3917182960424,P50 percentile cone,0.5,1,112878.9704895445
KALMAEGI,2025-11-04 06:00:00,72,51,150.3917182960424,P50 covariance ellipse,0.5,1,61303.035370130674
KALMAEGI,2025-11-04 06:00:00,72,51,150.3917182960424,P90 percentile cone,0.9,1,306524.62110868766
KALMAEGI,2025-11-04 06:00:00,72,51,150.3917182960424,P90 covariance ellipse,0.9,1,203644.27549791074
KALMAEGI,2025-11-04 12:00:00,72,51,102.14261905212912,Fixed-radius region,,0,1963.4928890086885
KALMAEGI,2025-11-04 12:00:00,72,51,102.14261905212912,P50 percentile cone,0.5,1,64555.16532409682
KALMAEGI,2025-11-04 12:00:00,72,51,102.14261905212912,P50 covariance ellipse,0.5,1,46013.96444328139
KALMAEGI,2025-11-04 12:00:00,72,51,102.14261905212912,P90 percentile cone,0.9,1,279691.0290043841
KALMAEGI,2025-11-04 12:00:00,72,51,102.14261905212912,P90 covariance ellipse,0.9,1,152855.08124128456
KALMAEGI,2025-11-04 18:00:00,72,48,105.8646115486535,Fixed-radius region,,0,1963.4928890086885
KALMAEGI,2025-11-04 18:00:00,72,48,105.8646115486535,P50 percentile cone,0.5,1,72188.6758940324
KALMAEGI,2025-11-04 18:00:00,72,48,105.8646115486535,P50 covariance ellipse,0.5,1,68770.45736107748
KALMAEGI,2025-11-04 18:00:00,72,48,105.8646115486535,P90 percentile cone,0.9,1,421943.52527413267
KALMAEGI,2025-11-04 18:00:00,72,48,105.8646115486535,P90 covariance ellipse,0.9,1,228450.51440601668
KOTO,2025-11-25 12:00:00,72,51,61.05153671129318,Fixed-radius region,,0,1963.4928890086885
KOTO,2025-11-25 12:00:00,72,51,61.05153671129318,P50 percentile cone,0.5,1,89376.5784730863
KOTO,2025-11-25 12:00:00,72,51,61.05153671129318,P50 covariance ellipse,0.5,1,51977.91797133087
KOTO,2025-11-25 12:00:00,72,51,61.05153671129318,P90 percentile cone,0.9,1,258711.92366358367
KOTO,2025-11-25 12:00:00,72,51,61.05153671129318,P90 covariance ellipse,0.9,1,172666.9060227147
KOTO,2025-11-25 18:00:00,72,51,93.55414500463132,Fixed-radius region,,0,1963.4928890086885
KOTO,2025-11-25 18:00:00,72,51,93.55414500463132,P50 percentile cone,0.5,1,50106.00346265392
KOTO,2025-11-25 18:00:00,72,51,93.55414500463132,P50 covariance ellipse,0.5,0,35880.80568705271
KOTO,2025-11-25 18:00:00,72,51,93.55414500463132,P90 percentile cone,0.9,1,195384.19320162202
KOTO,2025-11-25 18:00:00,72,51,93.55414500463132,P90 covariance ellipse,0.9,1,119193.45647901461
KOTO,2025-11-26 00:00:00,72,51,37.503442260733834,Fixed-radius region,,0,1963.4928890086885
KOTO,2025-11-26 00:00:00,72,51,37.503442260733834,P50 percentile cone,0.5,1,78449.10970680584
KOTO,2025-11-26 00:00:00,72,51,37.503442260733834,P50 covariance ellipse,0.5,1,45047.604454624154
KOTO,2025-11-26 00:00:00,72,51,37.503442260733834,P90 percentile cone,0.9,1,194069.95412293152
KOTO,2025-11-26 00:00:00,72,51,37.503442260733834,P90 covariance ellipse,0.9,1,149644.90284518906
KOTO,2025-11-26 06:00:00,72,51,11.338879803605916,Fixed-radius region,,1,1963.4928890086885
KOTO,2025-11-26 06:00:00,72,51,11.338879803605916,P50 percentile cone,0.5,1,58579.033154372366
KOTO,2025-11-26 06:00:00,72,51,11.338879803605916,P50 covariance ellipse,0.5,1,28267.6334729615
KOTO,2025-11-26 06:00:00,72,51,11.338879803605916,P90 percentile cone,0.9,1,157170.15784916925
KOTO,2025-11-26 06:00:00,72,51,11.338879803605916,P90 covariance ellipse,0.9,1,93903.04580980922
KOTO,2025-11-26 12:00:00,72,50,14.706293657149313,Fixed-radius region,,1,1963.4928890086885
KOTO,2025-11-26 12:00:00,72,50,14.706293657149313,P50 percentile cone,0.5,1,59049.009132114086
KOTO,2025-11-26 12:00:00,72,50,14.706293657149313,P50 covariance ellipse,0.5,1,33119.574539471316
KOTO,2025-11-26 12:00:00,72,50,14.706293657149313,P90 percentile cone,0.9,1,198172.0979278574
KOTO,2025-11-26 12:00:00,72,50,14.706293657149313,P90 covariance ellipse,0.9,1,110020.84515338592
KOTO,2025-11-26 18:00:00,72,51,28.100426290328453,Fixed-radius region,,0,1963.4928890086885
KOTO,2025-11-26 18:00:00,72,51,28.100426290328453,P50 percentile cone,0.5,1,63628.840826940694
KOTO,2025-11-26 18:00:00,72,51,28.100426290328453,P50 covariance ellipse,0.5,1,40697.829247033325
KOTO,2025-11-26 18:00:00,72,51,28.100426290328453,P90 percentile cone,0.9,1,202992.96204303048
KOTO,2025-11-26 18:00:00,72,51,28.100426290328453,P90 covariance ellipse,0.9,1,135195.26237664858
KOTO,2025-11-27 00:00:00,72,51,19.92487004446514,Fixed-radius region,,1,1963.4928890086885
KOTO,2025-11-27 00:00:00,72,51,19.92487004446514,P50 percentile cone,0.5,1,54483.74718974499
KOTO,2025-11-27 00:00:00,72,51,19.92487004446514,P50 covariance ellipse,0.5,1,28991.306969872894
KOTO,2025-11-27 00:00:00,72,51,19.92487004446514,P90 percentile cone,0.9,1,145567.47246971683
KOTO,2025-11-27 00:00:00,72,51,19.92487004446514,P90 covariance ellipse,0.9,1,96307.03713072455
KOTO,2025-11-27 06:00:00,72,50,24.19947967920463,Fixed-radius region,,1,1963.4928890086885
KOTO,2025-11-27 06:00:00,72,50,24.19947967920463,P50 percentile cone,0.5,1,53251.05738084628
KOTO,2025-11-27 06:00:00,72,50,24.19947967920463,P50 covariance ellipse,0.5,1,36379.213954320185
KOTO,2025-11-27 06:00:00,72,50,24.19947967920463,P90 percentile cone,0.9,1,167028.62330339273
KOTO,2025-11-27 06:00:00,72,50,24.19947967920463,P90 covariance ellipse,0.9,1,120849.13290477458
KOTO,2025-11-27 12:00:00,72,51,39.63165660863305,Fixed-radius region,,0,1963.4928890086885
KOTO,2025-11-27 12:00:00,72,51,39.63165660863305,P50 percentile cone,0.5,1,52402.86116847653
KOTO,2025-11-27 12:00:00,72,51,39.63165660863305,P50 covariance ellipse,0.5,1,34635.8739297786
KOTO,2025-11-27 12:00:00,72,51,39.63165660863305,P90 percentile cone,0.9,1,152234.89488684523
KOTO,2025-11-27 12:00:00,72,51,39.63165660863305,P90 covariance ellipse,0.9,1,115057.88269830828
KOTO,2025-11-27 18:00:00,72,51,61.398111345960636,Fixed-radius region,,0,1963.4928890086885
KOTO,2025-11-27 18:00:00,72,51,61.398111345960636,P50 percentile cone,0.5,1,63685.33852434268
KOTO,2025-11-27 18:00:00,72,51,61.398111345960636,P50 covariance ellipse,0.5,1,41936.22640387467
KOTO,2025-11-27 18:00:00,72,51,61.398111345960636,P90 percentile cone,0.9,1,172423.2750259643
KOTO,2025-11-27 18:00:00,72,51,61.398111345960636,P90 covariance ellipse,0.9,1,139309.12868458848
KOTO,2025-11-28 00:00:00,72,51,113.0692598424217,Fixed-radius region,,0,1963.4928890086885
KOTO,2025-11-28 00:00:00,72,51,113.0692598424217,P50 percentile cone,0.5,1,67430.90233540582
KOTO,2025-11-28 00:00:00,72,51,113.0692598424217,P50 covariance ellipse,0.5,1,43065.85339594379
KOTO,2025-11-28 00:00:00,72,51,113.0692598424217,P90 percentile cone,0.9,1,155234.4161639189
KOTO,2025-11-28 00:00:00,72,51,113.0692598424217,P90 covariance ellipse,0.9,1,143061.668326286
KOTO,2025-11-28 06:00:00,72,48,93.3524678946316,Fixed-radius region,,0,1963.4928890086885
KOTO,2025-11-28 06:00:00,72,48,93.3524678946316,P50 percentile cone,0.5,1,86070.98259691933
KOTO,2025-11-28 06:00:00,72,48,93.3524678946316,P50 covariance ellipse,0.5,1,58497.19012131707
KOTO,2025-11-28 06:00:00,72,48,93.3524678946316,P90 percentile cone,0.9,1,266485.76372256665
KOTO,2025-11-28 06:00:00,72,48,93.3524678946316,P90 covariance ellipse,0.9,1,194323.4593359706
KOTO,2025-11-28 12:00:00,72,50,66.2926980420456,Fixed-radius region,,0,1963.4928890086885
KOTO,2025-11-28 12:00:00,72,50,66.2926980420456,P50 percentile cone,0.5,1,74691.5228056706
KOTO,2025-11-28 12:00:00,72,50,66.2926980420456,P50 covariance ellipse,0.5,1,52480.05252093196
KOTO,2025-11-28 12:00:00,72,50,66.2926980420456,P90 percentile cone,0.9,1,191216.0530935525
KOTO,2025-11-28 12:00:00,72,50,66.2926980420456,P90 covariance ellipse,0.9,1,174334.9608904482
KOTO,2025-11-28 18:00:00,72,51,29.789602701797236,Fixed-radius region,,0,1963.4928890086885
KOTO,2025-11-28 18:00:00,72,51,29.789602701797236,P50 percentile cone,0.5,1,76197.55000152483
KOTO,2025-11-28 18:00:00,72,51,29.789602701797236,P50 covariance ellipse,0.5,1,48757.47244112828
KOTO,2025-11-28 18:00:00,72,51,29.789602701797236,P90 percentile cone,0.9,1,210524.58047603778
KOTO,2025-11-28 18:00:00,72,51,29.789602701797236,P90 covariance ellipse,0.9,1,161968.81753788033
KOTO,2025-11-29 00:00:00,72,49,19.368053791260085,Fixed-radius region,,1,1963.4928890086885
KOTO,2025-11-29 00:00:00,72,49,19.368053791260085,P50 percentile cone,0.5,1,72783.24004020078
KOTO,2025-11-29 00:00:00,72,49,19.368053791260085,P50 covariance ellipse,0.5,1,45854.261534986115
KOTO,2025-11-29 00:00:00,72,49,19.368053791260085,P90 percentile cone,0.9,1,164814.53073132565
KOTO,2025-11-29 00:00:00,72,49,19.368053791260085,P90 covariance ellipse,0.9,1,152324.55966338326
KOTO,2025-11-29 06:00:00,72,45,97.70371718943275,Fixed-radius region,,0,1963.4928890086885
KOTO,2025-11-29 06:00:00,72,45,97.70371718943275,P50 percentile cone,0.5,1,74647.81906731479
KOTO,2025-11-29 06:00:00,72,45,97.70371718943275,P50 covariance ellipse,0.5,1,64435.320291897566
KOTO,2025-11-29 06:00:00,72,45,97.70371718943275,P90 percentile cone,0.9,1,301472.360838709
KOTO,2025-11-29 06:00:00,72,45,97.70371718943275,P90 covariance ellipse,0.9,1,214049.50078072023
KOTO,2025-11-29 12:00:00,72,44,91.38774579893345,Fixed-radius region,,0,1963.4928890086885
KOTO,2025-11-29 12:00:00,72,44,91.38774579893345,P50 percentile cone,0.5,1,57853.993169768466
KOTO,2025-11-29 12:00:00,72,44,91.38774579893345,P50 covariance ellipse,0.5,1,42996.73979473147
KOTO,2025-11-29 12:00:00,72,44,91.38774579893345,P90 percentile cone,0.9,1,164389.6101757851
KOTO,2025-11-29 12:00:00,72,44,91.38774579893345,P90 covariance ellipse,0.9,1,142832.07791267993
KOTO,2025-11-29 18:00:00,72,45,102.82168707137203,Fixed-radius region,,0,1963.4928890086885
KOTO,2025-11-29 18:00:00,72,45,102.82168707137203,P50 percentile cone,0.5,1,92796.80423042372
KOTO,2025-11-29 18:00:00,72,45,102.82168707137203,P50 covariance ellipse,0.5,1,74952.88017606655
KOTO,2025-11-29 18:00:00,72,45,102.82168707137203,P90 percentile cone,0.9,1,291040.86133873946
KOTO,2025-11-29 18:00:00,72,45,102.82168707137203,P90 covariance ellipse,0.9,1,248988.07844960145
KOTO,2025-11-30 00:00:00,72,42,39.58393515940627,Fixed-radius region,,0,1963.4928890086885
KOTO,2025-11-30 00:00:00,72,42,39.58393515940627,P50 percentile cone,0.5,1,49952.87092183016
KOTO,2025-11-30 00:00:00,72,42,39.58393515940627,P50 covariance ellipse,0.5,1,48674.898711166104
KOTO,2025-11-30 00:00:00,72,42,39.58393515940627,P90 percentile cone,0.9,1,225364.29414135253
KOTO,2025-11-30 00:00:00,72,42,39.58393515940627,P90 covariance ellipse,0.9,1,161694.51354441931
KOTO,2025-11-30 06:00:00,72,43,52.624447719966795,Fixed-radius region,,0,1963.4928890086885
KOTO,2025-11-30 06:00:00,72,43,52.624447719966795,P50 percentile cone,0.5,1,54163.86879427502
KOTO,2025-11-30 06:00:00,72,43,52.624447719966795,P50 covariance ellipse,0.5,1,41020.60325388871
KOTO,2025-11-30 06:00:00,72,43,52.624447719966795,P90 percentile cone,0.9,1,188865.65419370125
KOTO,2025-11-30 06:00:00,72,43,52.624447719966795,P90 covariance ellipse,0.9,1,136267.49441832086
KOTO,2025-11-30 12:00:00,72,36,112.3940127512267,Fixed-radius region,,0,1963.4928890086885
KOTO,2025-11-30 12:00:00,72,36,112.3940127512267,P50 percentile cone,0.5,1,61063.805988988206
KOTO,2025-11-30 12:00:00,72,36,112.3940127512267,P50 covariance ellipse,0.5,1,53225.142366291424
KOTO,2025-11-30 12:00:00,72,36,112.3940127512267,P90 percentile cone,0.9,1,222556.42229372222
KOTO,2025-11-30 12:00:00,72,36,112.3940127512267,P90 covariance ellipse,0.9,1,176810.09578096308
MELISSA,2025-10-23 00:00:00,72,49,191.3809588181073,Fixed-radius region,,0,1963.4928890086885
MELISSA,2025-10-23 00:00:00,72,49,191.3809588181073,P50 percentile cone,0.5,1,161856.57507540795
MELISSA,2025-10-23 00:00:00,72,49,191.3809588181073,P50 covariance ellipse,0.5,0,92398.48920788817
MELISSA,2025-10-23 00:00:00,72,49,191.3809588181073,P90 percentile cone,0.9,1,528297.1123778721
MELISSA,2025-10-23 00:00:00,72,49,191.3809588181073,P90 covariance ellipse,0.9,1,306941.1372248304
MELISSA,2025-10-23 06:00:00,72,50,191.34441454903137,Fixed-radius region,,0,1963.4928890086885
MELISSA,2025-10-23 06:00:00,72,50,191.34441454903137,P50 percentile cone,0.5,1,200356.41603221893
MELISSA,2025-10-23 06:00:00,72,50,191.34441454903137,P50 covariance ellipse,0.5,0,108406.98621227514
MELISSA,2025-10-23 06:00:00,72,50,191.34441454903137,P90 percentile cone,0.9,1,505568.02668070904
MELISSA,2025-10-23 06:00:00,72,50,191.34441454903137,P90 covariance ellipse,0.9,1,360120.21318062366
MELISSA,2025-10-23 12:00:00,72,51,84.21069462046037,Fixed-radius region,,0,1963.4928890086885
MELISSA,2025-10-23 12:00:00,72,51,84.21069462046037,P50 percentile cone,0.5,1,192633.74809914755
MELISSA,2025-10-23 12:00:00,72,51,84.21069462046037,P50 covariance ellipse,0.5,1,86199.77648476127
MELISSA,2025-10-23 12:00:00,72,51,84.21069462046037,P90 percentile cone,0.9,1,653425.1329146986
MELISSA,2025-10-23 12:00:00,72,51,84.21069462046037,P90 covariance ellipse,0.9,1,286349.4592777394
MELISSA,2025-10-23 18:00:00,72,51,86.02929983074445,Fixed-radius region,,0,1963.4928890086885
MELISSA,2025-10-23 18:00:00,72,51,86.02929983074445,P50 percentile cone,0.5,1,177772.1204663446
MELISSA,2025-10-23 18:00:00,72,51,86.02929983074445,P50 covariance ellipse,0.5,1,82498.69732327522
MELISSA,2025-10-23 18:00:00,72,51,86.02929983074445,P90 percentile cone,0.9,1,560390.5230899138
MELISSA,2025-10-23 18:00:00,72,51,86.02929983074445,P90 covariance ellipse,0.9,1,274054.74042979674
MELISSA,2025-10-24 00:00:00,72,51,204.86290029856502,Fixed-radius region,,0,1963.4928890086885
MELISSA,2025-10-24 00:00:00,72,51,204.86290029856502,P50 percentile cone,0.5,1,138924.21434334334
MELISSA,2025-10-24 00:00:00,72,51,204.86290029856502,P50 covariance ellipse,0.5,1,76115.36150021768
MELISSA,2025-10-24 00:00:00,72,51,204.86290029856502,P90 percentile cone,0.9,1,404069.068400709
MELISSA,2025-10-24 00:00:00,72,51,204.86290029856502,P90 covariance ellipse,0.9,1,252849.75782008097
MELISSA,2025-10-24 12:00:00,72,51,41.29713098307888,Fixed-radius region,,0,1963.4928890086885
MELISSA,2025-10-24 12:00:00,72,51,41.29713098307888,P50 percentile cone,0.5,1,78129.29209099419
MELISSA,2025-10-24 12:00:00,72,51,41.29713098307888,P50 covariance ellipse,0.5,1,57959.3208810898
MELISSA,2025-10-24 12:00:00,72,51,41.29713098307888,P90 percentile cone,0.9,1,365372.36333173834
MELISSA,2025-10-24 12:00:00,72,51,41.29713098307888,P90 covariance ellipse,0.9,1,192536.69639548392
MELISSA,2025-10-24 18:00:00,72,51,87.72825468302901,Fixed-radius region,,0,1963.4928890086885
MELISSA,2025-10-24 18:00:00,72,51,87.72825468302901,P50 percentile cone,0.5,1,143601.53177387346
MELISSA,2025-10-24 18:00:00,72,51,87.72825468302901,P50 covariance ellipse,0.5,1,100582.40933981679
MELISSA,2025-10-24 18:00:00,72,51,87.72825468302901,P90 percentile cone,0.9,1,578889.439485045
MELISSA,2025-10-24 18:00:00,72,51,87.72825468302901,P90 covariance ellipse,0.9,1,334127.53143739834
MELISSA,2025-10-25 00:00:00,72,51,143.87749030994584,Fixed-radius region,,0,1963.4928890086885
MELISSA,2025-10-25 00:00:00,72,51,143.87749030994584,P50 percentile cone,0.5,1,105136.10158860263
MELISSA,2025-10-25 00:00:00,72,51,143.87749030994584,P50 covariance ellipse,0.5,1,67709.8896985342
MELISSA,2025-10-25 00:00:00,72,51,143.87749030994584,P90 percentile cone,0.9,1,581644.8636229163
MELISSA,2025-10-25 00:00:00,72,51,143.87749030994584,P90 covariance ellipse,0.9,1,224927.38489128515
MELISSA,2025-10-25 12:00:00,72,50,111.55212382547576,Fixed-radius region,,0,1963.4928890086885
MELISSA,2025-10-25 12:00:00,72,50,111.55212382547576,P50 percentile cone,0.5,1,87950.14479229978
MELISSA,2025-10-25 12:00:00,72,50,111.55212382547576,P50 covariance ellipse,0.5,1,72011.92061651983
MELISSA,2025-10-25 12:00:00,72,50,111.55212382547576,P90 percentile cone,0.9,1,550561.8512370442
MELISSA,2025-10-25 12:00:00,72,50,111.55212382547576,P90 covariance ellipse,0.9,1,239218.4222628156
MELISSA,2025-10-25 18:00:00,72,51,140.8522313497133,Fixed-radius region,,0,1963.4928890086885
MELISSA,2025-10-25 18:00:00,72,51,140.8522313497133,P50 percentile cone,0.5,1,184492.5265943217
MELISSA,2025-10-25 18:00:00,72,51,140.8522313497133,P50 covariance ellipse,0.5,1,94310.67357815338
MELISSA,2025-10-25 18:00:00,72,51,140.8522313497133,P90 percentile cone,0.9,1,674519.7594941147
MELISSA,2025-10-25 18:00:00,72,51,140.8522313497133,P90 covariance ellipse,0.9,1,313293.27620701893
MELISSA,2025-10-26 00:00:00,72,51,76.61157783884877,Fixed-radius region,,0,1963.4928890086885
MELISSA,2025-10-26 00:00:00,72,51,76.61157783884877,P50 percentile cone,0.5,1,116790.68488762026
MELISSA,2025-10-26 00:00:00,72,51,76.61157783884877,P50 covariance ellipse,0.5,1,58556.134513421486
MELISSA,2025-10-26 00:00:00,72,51,76.61157783884877,P90 percentile cone,0.9,1,367573.6743803282
MELISSA,2025-10-26 00:00:00,72,51,76.61157783884877,P90 covariance ellipse,0.9,1,194519.26836813832
MELISSA,2025-10-26 06:00:00,72,51,43.38645691074305,Fixed-radius region,,0,1963.4928890086885
MELISSA,2025-10-26 06:00:00,72,51,43.38645691074305,P50 percentile cone,0.5,1,114162.0611368393
MELISSA,2025-10-26 06:00:00,72,51,43.38645691074305,P50 covariance ellipse,0.5,1,69843.2972818181
MELISSA,2025-10-26 06:00:00,72,51,43.38645691074305,P90 percentile cone,0.9,1,460946.5010375444
MELISSA,2025-10-26 06:00:00,72,51,43.38645691074305,P90 covariance ellipse,0.9,1,232014.41148004166
MELISSA,2025-10-26 12:00:00,72,51,32.89079944912345,Fixed-radius region,,0,1963.4928890086885
MELISSA,2025-10-26 12:00:00,72,51,32.89079944912345,P50 percentile cone,0.5,1,107837.21482865987
MELISSA,2025-10-26 12:00:00,72,51,32.89079944912345,P50 covariance ellipse,0.5,1,77076.29368288793
MELISSA,2025-10-26 12:00:00,72,51,32.89079944912345,P90 percentile cone,0.9,1,478149.3049120659
MELISSA,2025-10-26 12:00:00,72,51,32.89079944912345,P90 covariance ellipse,0.9,1,256041.90543497473
MELISSA,2025-10-26 18:00:00,72,50,58.836476936169475,Fixed-radius region,,0,1963.4928890086885
MELISSA,2025-10-26 18:00:00,72,50,58.836476936169475,P50 percentile cone,0.5,1,198571.80805832052
MELISSA,2025-10-26 18:00:00,72,50,58.836476936169475,P50 covariance ellipse,0.5,1,112586.9081467711
MELISSA,2025-10-26 18:00:00,72,50,58.836476936169475,P90 percentile cone,0.9,1,610601.2772827885
MELISSA,2025-10-26 18:00:00,72,50,58.836476936169475,P90 covariance ellipse,0.9,1,374005.6132892617
MELISSA,2025-10-27 00:00:00,72,51,135.04331186311538,Fixed-radius region,,0,1963.4928890086885
MELISSA,2025-10-27 00:00:00,72,51,135.04331186311538,P50 percentile cone,0.5,1,135066.92856640977
MELISSA,2025-10-27 00:00:00,72,51,135.04331186311538,P50 covariance ellipse,0.5,0,73105.31480811862
MELISSA,2025-10-27 00:00:00,72,51,135.04331186311538,P90 percentile cone,0.9,1,552706.092125588
MELISSA,2025-10-27 00:00:00,72,51,135.04331186311538,P90 covariance ellipse,0.9,1,242850.59914667436
MELISSA,2025-10-27 06:00:00,72,51,188.72879976830745,Fixed-radius region,,0,1963.4928890086885
MELISSA,2025-10-27 06:00:00,72,51,188.72879976830745,P50 percentile cone,0.5,0,85345.91993859097
MELISSA,2025-10-27 06:00:00,72,51,188.72879976830745,P50 covariance ellipse,0.5,0,78851.80332004472
MELISSA,2025-10-27 06:00:00,72,51,188.72879976830745,P90 percentile cone,0.9,1,388216.37406120886
MELISSA,2025-10-27 06:00:00,72,51,188.72879976830745,P90 covariance ellipse,0.9,1,261940.02078138915
MELISSA,2025-10-27 12:00:00,72,51,232.69320915451476,Fixed-radius region,,0,1963.4928890086885
MELISSA,2025-10-27 12:00:00,72,51,232.69320915451476,P50 percentile cone,0.5,0,80822.979818741
MELISSA,2025-10-27 12:00:00,72,51,232.69320915451476,P50 covariance ellipse,0.5,0,65031.86353422734
MELISSA,2025-10-27 12:00:00,72,51,232.69320915451476,P90 percentile cone,0.9,1,456235.1658758243
MELISSA,2025-10-27 12:00:00,72,51,232.69320915451476,P90 covariance ellipse,0.9,1,216031.17453723072
MELISSA,2025-10-27 18:00:00,72,51,155.4565384687582,Fixed-radius region,,0,1963.4928890086885
MELISSA,2025-10-27 18:00:00,72,51,155.4565384687582,P50 percentile cone,0.5,1,89374.51408598041
MELISSA,2025-10-27 18:00:00,72,51,155.4565384687582,P50 covariance ellipse,0.5,0,65252.56920843523
MELISSA,2025-10-27 18:00:00,72,51,155.4565384687582,P90 percentile cone,0.9,1,377681.96473631234
MELISSA,2025-10-27 18:00:00,72,51,155.4565384687582,P90 covariance ellipse,0.9,1,216764.34291708298
MELISSA,2025-10-28 00:00:00,72,51,242.90602646963634,Fixed-radius region,,0,1963.4928890086885
MELISSA,2025-10-28 00:00:00,72,51,242.90602646963634,P50 percentile cone,0.5,0,53551.04818411671
MELISSA,2025-10-28 00:00:00,72,51,242.90602646963634,P50 covariance ellipse,0.5,0,49561.273289380995
MELISSA,2025-10-28 00:00:00,72,51,242.90602646963634,P90 percentile cone,0.9,1,283801.1741219503
MELISSA,2025-10-28 00:00:00,72,51,242.90602646963634,P90 covariance ellipse,0.9,1,164638.9861583853
MELISSA,2025-10-28 06:00:00,72,51,272.34602452539514,Fixed-radius region,,0,1963.4928890086885
MELISSA,2025-10-28 06:00:00,72,51,272.34602452539514,P50 percentile cone,0.5,0,94067.5003303269
MELISSA,2025-10-28 06:00:00,72,51,272.34602452539514,P50 covariance ellipse,0.5,0,63763.407702945144
MELISSA,2025-10-28 06:00:00,72,51,272.34602452539514,P90 percentile cone,0.9,1,301275.46823523415
MELISSA,2025-10-28 06:00:00,72,51,272.34602452539514,P90 covariance ellipse,0.9,1,211817.4554741707
MELISSA,2025-10-28 12:00:00,72,51,217.88992304028667,Fixed-radius region,,0,1963.4928890086885
MELISSA,2025-10-28 12:00:00,72,51,217.88992304028667,P50 percentile cone,0.5,0,100791.00654215956
MELISSA,2025-10-28 12:00:00,72,51,217.88992304028667,P50 covariance ellipse,0.5,0,67264.26493898247
MELISSA,2025-10-28 12:00:00,72,51,217.88992304028667,P90 percentile cone,0.9,1,286186.26334467717
MELISSA,2025-10-28 12:00:00,72,51,217.88992304028667,P90 covariance ellipse,0.9,1,223447.05148275278
MELISSA,2025-10-28 18:00:00,72,51,97.40044055242583,Fixed-radius region,,0,1963.4928890086885
MELISSA,2025-10-28 18:00:00,72,51,97.40044055242583,P50 percentile cone,0.5,1,123810.37664295493
MELISSA,2025-10-28 18:00:00,72,51,97.40044055242583,P50 covariance ellipse,0.5,1,80195.26892530247
MELISSA,2025-10-28 18:00:00,72,51,97.40044055242583,P90 percentile cone,0.9,1,312372.41221023194
MELISSA,2025-10-28 18:00:00,72,51,97.40044055242583,P90 covariance ellipse,0.9,1,266402.9169200097
MELISSA,2025-10-29 00:00:00,72,51,109.73850184684366,Fixed-radius region,,0,1963.4928890086885
MELISSA,2025-10-29 00:00:00,72,51,109.73850184684366,P50 percentile cone,0.5,1,66198.6155920611
MELISSA,2025-10-29 00:00:00,72,51,109.73850184684366,P50 covariance ellipse,0.5,0,64670.69668852866
MELISSA,2025-10-29 00:00:00,72,51,109.73850184684366,P90 percentile cone,0.9,1,333466.46879428066
MELISSA,2025-10-29 00:00:00,72,51,109.73850184684366,P90 covariance ellipse,0.9,1,214831.40424556244
MELISSA,2025-10-29 06:00:00,72,51,148.5086214320373,Fixed-radius region,,0,1963.4928890086885
MELISSA,2025-10-29 06:00:00,72,51,148.5086214320373,P50 percentile cone,0.5,1,102705.12482219393
MELISSA,2025-10-29 06:00:00,72,51,148.5086214320373,P50 covariance ellipse,0.5,1,74158.44718223455
MELISSA,2025-10-29 06:00:00,72,51,148.5086214320373,P90 percentile cone,0.9,1,244081.14361194317
MELISSA,2025-10-29 06:00:00,72,51,148.5086214320373,P90 covariance ellipse,0.9,1,246349.02916788548
NOKAEN,2026-01-15 06:00:00,72,48,157.0302281338232,Fixed-radius region,,0,1963.4928890086885
NOKAEN,2026-01-15 06:00:00,72,48,157.0302281338232,P50 percentile cone,0.5,1,161819.48795532022
NOKAEN,2026-01-15 06:00:00,72,48,157.0302281338232,P50 covariance ellipse,0.5,1,122780.86852757404
NOKAEN,2026-01-15 06:00:00,72,48,157.0302281338232,P90 percentile cone,0.9,1,517904.33711458225
NOKAEN,2026-01-15 06:00:00,72,48,157.0302281338232,P90 covariance ellipse,0.9,1,407869.2166764197
SENYAR,2025-11-26 06:00:00,72,1,725.2593076069516,Fixed-radius region,,0,1963.4928890086885
SENYAR,2025-11-26 06:00:00,72,1,725.2593076069516,P50 percentile cone,0.5,0,1963.4928890086885
SENYAR,2025-11-26 06:00:00,72,1,725.2593076069516,P90 percentile cone,0.9,0,1963.4928890086885
SENYAR,2025-11-26 12:00:00,72,1,165.05599670939438,Fixed-radius region,,0,1963.4928890086885
SENYAR,2025-11-26 12:00:00,72,1,165.05599670939438,P50 percentile cone,0.5,0,1963.4928890086885
SENYAR,2025-11-26 12:00:00,72,1,165.05599670939438,P90 percentile cone,0.9,0,1963.4928890086885
SENYAR,2025-11-26 18:00:00,72,4,198.98104010760983,Fixed-radius region,,0,1963.4928890086885
SENYAR,2025-11-26 18:00:00,72,4,198.98104010760983,P50 percentile cone,0.5,1,676923.4249729682
SENYAR,2025-11-26 18:00:00,72,4,198.98104010760983,P50 covariance ellipse,0.5,1,413240.56848234864
SENYAR,2025-11-26 18:00:00,72,4,198.98104010760983,P90 percentile cone,0.9,1,2281556.598854064
SENYAR,2025-11-26 18:00:00,72,4,198.98104010760983,P90 covariance ellipse,0.9,1,1372755.4543887388
SENYAR,2025-11-27 00:00:00,72,2,144.59643795437918,Fixed-radius region,,0,1963.4928890086885
SENYAR,2025-11-27 00:00:00,72,2,144.59643795437918,P50 percentile cone,0.5,1,322987.09329745825
SENYAR,2025-11-27 00:00:00,72,2,144.59643795437918,P90 percentile cone,0.9,1,323382.90286213526
SENYAR,2025-11-27 06:00:00,72,9,106.10537868920085,Fixed-radius region,,0,1963.4928890086885
SENYAR,2025-11-27 06:00:00,72,9,106.10537868920085,P50 percentile cone,0.5,1,301370.8037688693
SENYAR,2025-11-27 06:00:00,72,9,106.10537868920085,P50 covariance ellipse,0.5,1,183349.9715031191
SENYAR,2025-11-27 06:00:00,72,9,106.10537868920085,P90 percentile cone,0.9,1,750750.074253764
SENYAR,2025-11-27 06:00:00,72,9,106.10537868920085,P90 covariance ellipse,0.9,1,609075.4215330085
SONIA,2025-10-25 12:00:00,72,46,224.55405692578978,Fixed-radius region,,0,1963.4928890086885
SONIA,2025-10-25 12:00:00,72,46,224.55405692578978,P50 percentile cone,0.5,0,78115.18052211327
SONIA,2025-10-25 12:00:00,72,46,224.55405692578978,P50 covariance ellipse,0.5,0,58029.69096709631
SONIA,2025-10-25 12:00:00,72,46,224.55405692578978,P90 percentile cone,0.9,1,305522.7730997445
SONIA,2025-10-25 12:00:00,72,46,224.55405692578978,P90 covariance ellipse,0.9,1,192770.46076122858
SONIA,2025-10-25 18:00:00,72,43,186.85642775836143,Fixed-radius region,,0,1963.4928890086885
SONIA,2025-10-25 18:00:00,72,43,186.85642775836143,P50 percentile cone,0.5,0,69864.08168623771
SONIA,2025-10-25 18:00:00,72,43,186.85642775836143,P50 covariance ellipse,0.5,0,42166.853274261935
SONIA,2025-10-25 18:00:00,72,43,186.85642775836143,P90 percentile cone,0.9,1,242948.9003763842
SONIA,2025-10-25 18:00:00,72,43,186.85642775836143,P90 covariance ellipse,0.9,1,140075.25456476386
SONIA,2025-10-26 00:00:00,72,39,134.64018768311848,Fixed-radius region,,0,1963.4928890086885
SONIA,2025-10-26 00:00:00,72,39,134.64018768311848,P50 percentile cone,0.5,1,69762.29772891781
SONIA,2025-10-26 00:00:00,72,39,134.64018768311848,P50 covariance ellipse,0.5,1,40398.40849271397
SONIA,2025-10-26 00:00:00,72,39,134.64018768311848,P90 percentile cone,0.9,1,218008.7655890646
SONIA,2025-10-26 00:00:00,72,39,134.64018768311848,P90 covariance ellipse,0.9,1,134200.60816068275
SONIA,2025-10-26 06:00:00,72,40,93.78079186496446,Fixed-radius region,,0,1963.4928890086885
SONIA,2025-10-26 06:00:00,72,40,93.78079186496446,P50 percentile cone,0.5,1,62499.98209999594
SONIA,2025-10-26 06:00:00,72,40,93.78079186496446,P50 covariance ellipse,0.5,1,51515.527092185046
SONIA,2025-10-26 06:00:00,72,40,93.78079186496446,P90 percentile cone,0.9,1,236927.00728179904
SONIA,2025-10-26 06:00:00,72,40,93.78079186496446,P90 covariance ellipse,0.9,1,171130.87677046054
SONIA,2025-10-26 12:00:00,72,27,133.32709592121785,Fixed-radius region,,0,1963.4928890086885
SONIA,2025-10-26 12:00:00,72,27,133.32709592121785,P50 percentile cone,0.5,1,62048.130338886716
SONIA,2025-10-26 12:00:00,72,27,133.32709592121785,P50 covariance ellipse,0.5,0,41703.17150481019
SONIA,2025-10-26 12:00:00,72,27,133.32709592121785,P90 percentile cone,0.9,1,148217.0165524466
SONIA,2025-10-26 12:00:00,72,27,133.32709592121785,P90 covariance ellipse,0.9,1,138534.93706773504
SONIA,2025-10-26 18:00:00,72,22,120.19523129513172,Fixed-radius region,,0,1963.4928890086885
SONIA,2025-10-26 18:00:00,72,22,120.19523129513172,P50 percentile cone,0.5,0,33674.88530391377
SONIA,2025-10-26 18:00:00,72,22,120.19523129513172,P50 covariance ellipse,0.5,1,39673.45857326209
SONIA,2025-10-26 18:00:00,72,22,120.19523129513172,P90 percentile cone,0.9,1,184457.1046851467
SONIA,2025-10-26 18:00:00,72,22,120.19523129513172,P90 covariance ellipse,0.9,1,131792.37665586922
DITWAH,2025-11-27 12:00:00,96,38,67.54929696167473,Fixed-radius region,,0,1963.4928890086885
DITWAH,2025-11-27 12:00:00,96,38,67.54929696167473,P50 percentile cone,0.5,1,104797.21442470033
DITWAH,2025-11-27 12:00:00,96,38,67.54929696167473,P50 covariance ellipse,0.5,1,159523.71080543852
DITWAH,2025-11-27 12:00:00,96,38,67.54929696167473,P90 percentile cone,0.9,1,685330.2504198743
DITWAH,2025-11-27 12:00:00,96,38,67.54929696167473,P90 covariance ellipse,0.9,1,529926.2967252728
DITWAH,2025-11-27 18:00:00,96,22,176.04420678689834,Fixed-radius region,,0,1963.4928890086885
DITWAH,2025-11-27 18:00:00,96,22,176.04420678689834,P50 percentile cone,0.5,0,91520.06439972388
DITWAH,2025-11-27 18:00:00,96,22,176.04420678689834,P50 covariance ellipse,0.5,1,98988.80457186923
DITWAH,2025-11-27 18:00:00,96,22,176.04420678689834,P90 percentile cone,0.9,1,549268.6566646682
DITWAH,2025-11-27 18:00:00,96,22,176.04420678689834,P90 covariance ellipse,0.9,1,328833.69098660693
DITWAH,2025-11-28 00:00:00,96,21,93.75171707191565,Fixed-radius region,,0,1963.4928890086885
DITWAH,2025-11-28 00:00:00,96,21,93.75171707191565,P50 percentile cone,0.5,1,183435.8381348508
DITWAH,2025-11-28 00:00:00,96,21,93.75171707191565,P50 covariance ellipse,0.5,1,132054.13831703758
DITWAH,2025-11-28 00:00:00,96,21,93.75171707191565,P90 percentile cone,0.9,1,470659.77970521833
DITWAH,2025-11-28 00:00:00,96,21,93.75171707191565,P90 covariance ellipse,0.9,1,438674.35212150885
DITWAH,2025-11-28 06:00:00,96,14,277.0693742244258,Fixed-radius region,,0,1963.4928890086885
DITWAH,2025-11-28 06:00:00,96,14,277.0693742244258,P50 percentile cone,0.5,1,366589.45235054236
DITWAH,2025-11-28 06:00:00,96,14,277.0693742244258,P50 covariance ellipse,0.5,1,197338.68014625416
DITWAH,2025-11-28 06:00:00,96,14,277.0693742244258,P90 percentile cone,0.9,1,1037491.6922565663
DITWAH,2025-11-28 06:00:00,96,14,277.0693742244258,P90 covariance ellipse,0.9,1,655544.9057858326
DITWAH,2025-11-28 12:00:00,96,25,186.2171560505663,Fixed-radius region,,0,1963.4928890086885
DITWAH,2025-11-28 12:00:00,96,25,186.2171560505663,P50 percentile cone,0.5,1,114057.33134926525
DITWAH,2025-11-28 12:00:00,96,25,186.2171560505663,P50 covariance ellipse,0.5,0,70740.36764213671
DITWAH,2025-11-28 12:00:00,96,25,186.2171560505663,P90 percentile cone,0.9,1,661951.2021902599
DITWAH,2025-11-28 12:00:00,96,25,186.2171560505663,P90 covariance ellipse,0.9,1,234994.4147130748
DITWAH,2025-11-28 18:00:00,96,20,260.3541217655425,Fixed-radius region,,0,1963.4928890086885
DITWAH,2025-11-28 18:00:00,96,20,260.3541217655425,P50 percentile cone,0.5,0,163837.20092518226
DITWAH,2025-11-28 18:00:00,96,20,260.3541217655425,P50 covariance ellipse,0.5,1,115954.18825510211
DITWAH,2025-11-28 18:00:00,96,20,260.3541217655425,P90 percentile cone,0.9,1,689415.0382472562
DITWAH,2025-11-28 18:00:00,96,20,260.3541217655425,P90 covariance ellipse,0.9,1,385191.47568448185
DUDZAI,2026-01-15 06:00:00,96,51,208.36118525575756,Fixed-radius region,,0,1963.4928890086885
DUDZAI,2026-01-15 06:00:00,96,51,208.36118525575756,P50 percentile cone,0.5,1,415188.0042724928
DUDZAI,2026-01-15 06:00:00,96,51,208.36118525575756,P50 covariance ellipse,0.5,1,197638.53015695247
DUDZAI,2026-01-15 06:00:00,96,51,208.36118525575756,P90 percentile cone,0.9,1,1149573.8305749937
DUDZAI,2026-01-15 06:00:00,96,51,208.36118525575756,P90 covariance ellipse,0.9,1,656540.9859606236
FINA,2025-11-18 18:00:00,96,51,141.67062928006558,Fixed-radius region,,0,1963.4928890086885
FINA,2025-11-18 18:00:00,96,51,141.67062928006558,P50 percentile cone,0.5,1,143613.94349409392
FINA,2025-11-18 18:00:00,96,51,141.67062928006558,P50 covariance ellipse,0.5,1,116191.20281467683
FINA,2025-11-18 18:00:00,96,51,141.67062928006558,P90 percentile cone,0.9,1,670864.8136545612
FINA,2025-11-18 18:00:00,96,51,141.67062928006558,P90 covariance ellipse,0.9,1,385978.82100883045
FINA,2025-11-19 00:00:00,96,51,38.409752727254485,Fixed-radius region,,0,1963.4928890086885
FINA,2025-11-19 00:00:00,96,51,38.409752727254485,P50 percentile cone,0.5,1,92825.79439392271
FINA,2025-11-19 00:00:00,96,51,38.409752727254485,P50 covariance ellipse,0.5,1,73317.20958141841
FINA,2025-11-19 00:00:00,96,51,38.409752727254485,P90 percentile cone,0.9,1,254428.97353334862
FINA,2025-11-19 00:00:00,96,51,38.409752727254485,P90 covariance ellipse,0.9,1,243554.4983472587
FINA,2025-11-19 06:00:00,96,51,59.94543270437318,Fixed-radius region,,0,1963.4928890086885
FINA,2025-11-19 06:00:00,96,51,59.94543270437318,P50 percentile cone,0.5,1,111739.08204553713
FINA,2025-11-19 06:00:00,96,51,59.94543270437318,P50 covariance ellipse,0.5,1,79785.92466676337
FINA,2025-11-19 06:00:00,96,51,59.94543270437318,P90 percentile cone,0.9,1,389029.4240759566
FINA,2025-11-19 06:00:00,96,51,59.94543270437318,P90 covariance ellipse,0.9,1,265043.10472708783
FINA,2025-11-19 12:00:00,96,51,52.28141022183653,Fixed-radius region,,0,1963.4928890086885
FINA,2025-11-19 12:00:00,96,51,52.28141022183653,P50 percentile cone,0.5,1,77857.63519395226
FINA,2025-11-19 12:00:00,96,51,52.28141022183653,P50 covariance ellipse,0.5,1,66026.67244860501
FINA,2025-11-19 12:00:00,96,51,52.28141022183653,P90 percentile cone,0.9,1,290577.21610821446
FINA,2025-11-19 12:00:00,96,51,52.28141022183653,P90 covariance ellipse,0.9,1,219335.8582189463
FINA,2025-11-19 18:00:00,96,51,22.963817762578607,Fixed-radius region,,1,1963.4928890086885
FINA,2025-11-19 18:00:00,96,51,22.963817762578607,P50 percentile cone,0.5,1,113520.70420261401
FINA,2025-11-19 18:00:00,96,51,22.963817762578607,P50 covariance ellipse,0.5,1,70668.9591996249
FINA,2025-11-19 18:00:00,96,51,22.963817762578607,P90 percentile cone,0.9,1,320141.35367343045
FINA,2025-11-19 18:00:00,96,51,22.963817762578607,P90 covariance ellipse,0.9,1,234757.20100168264
FINA,2025-11-20 00:00:00,96,51,99.53501842552454,Fixed-radius region,,0,1963.4928890086885
FINA,2025-11-20 00:00:00,96,51,99.53501842552454,P50 percentile cone,0.5,1,72489.76647906161
FINA,2025-11-20 00:00:00,96,51,99.53501842552454,P50 covariance ellipse,0.5,1,76463.17427757563
FINA,2025-11-20 00:00:00,96,51,99.53501842552454,P90 percentile cone,0.9,1,403725.09861276153
FINA,2025-11-20 00:00:00,96,51,99.53501842552454,P90 covariance ellipse,0.9,1,254005.16685694712
FINA,2025-11-20 06:00:00,96,51,127.3993820130375,Fixed-radius region,,0,1963.4928890086885
FINA,2025-11-20 06:00:00,96,51,127.3993820130375,P50 percentile cone,0.5,1,103012.85080025629
FINA,2025-11-20 06:00:00,96,51,127.3993820130375,P50 covariance ellipse,0.5,1,68957.6214875158
FINA,2025-11-20 06:00:00,96,51,127.3993820130375,P90 percentile cone,0.9,1,244960.28530103163
FINA,2025-11-20 06:00:00,96,51,127.3993820130375,P90 covariance ellipse,0.9,1,229072.26017598718
FINA,2025-11-20 12:00:00,96,51,141.13986823305578,Fixed-radius region,,0,1963.4928890086885
FINA,2025-11-20 12:00:00,96,51,141.13986823305578,P50 percentile cone,0.5,1,84391.14456602864
FINA,2025-11-20 12:00:00,96,51,141.13986823305578,P50 covariance ellipse,0.5,1,72400.3600179189
FINA,2025-11-20 12:00:00,96,51,141.13986823305578,P90 percentile cone,0.9,1,211448.80857867902
FINA,2025-11-20 12:00:00,96,51,141.13986823305578,P90 covariance ellipse,0.9,1,240508.79002348447
FINA,2025-11-20 18:00:00,96,51,150.67034920915586,Fixed-radius region,,0,1963.4928890086885
FINA,2025-11-20 18:00:00,96,51,150.67034920915586,P50 percentile cone,0.5,0,68115.90070074564
FINA,2025-11-20 18:00:00,96,51,150.67034920915586,P50 covariance ellipse,0.5,0,52796.173823784164
FINA,2025-11-20 18:00:00,96,51,150.67034920915586,P90 percentile cone,0.9,1,244716.9712188207
FINA,2025-11-20 18:00:00,96,51,150.67034920915586,P90 covariance ellipse,0.9,1,175385.09312778534
FINA,2025-11-21 00:00:00,96,50,151.95452915381927,Fixed-radius region,,0,1963.4928890086885
FINA,2025-11-21 00:00:00,96,50,151.95452915381927,P50 percentile cone,0.5,0,69695.65094291509
FINA,2025-11-21 00:00:00,96,50,151.95452915381927,P50 covariance ellipse,0.5,0,67675.22827520156
FINA,2025-11-21 00:00:00,96,50,151.95452915381927,P90 percentile cone,0.9,1,215443.30802161183
FINA,2025-11-21 00:00:00,96,50,151.95452915381927,P90 covariance ellipse,0.9,1,224812.24213530764
FINA,2025-11-21 06:00:00,96,45,192.5225914629722,Fixed-radius region,,0,1963.4928890086885
FINA,2025-11-21 06:00:00,96,45,192.5225914629722,P50 percentile cone,0.5,0,96890.84554604
FINA,2025-11-21 06:00:00,96,45,192.5225914629722,P50 covariance ellipse,0.5,0,73674.20003146099
FINA,2025-11-21 06:00:00,96,45,192.5225914629722,P90 percentile cone,0.9,1,293980.1353660551
FINA,2025-11-21 06:00:00,96,45,192.5225914629722,P90 covariance ellipse,0.9,1,244740.39495286162
FUNG-WONG,2025-11-05 18:00:00,96,50,244.97205445907738,Fixed-radius region,,0,1963.4928890086885
FUNG-WONG,2025-11-05 18:00:00,96,50,244.97205445907738,P50 percentile cone,0.5,0,149915.52717923545
FUNG-WONG,2025-11-05 18:00:00,96,50,244.97205445907738,P50 covariance ellipse,0.5,1,74488.29075983264
FUNG-WONG,2025-11-05 18:00:00,96,50,244.97205445907738,P90 percentile cone,0.9,1,479320.1272824402
FUNG-WONG,2025-11-05 18:00:00,96,50,244.97205445907738,P90 covariance ellipse,0.9,1,247444.74581522672
FUNG-WONG,2025-11-06 00:00:00,96,47,224.77851347560764,Fixed-radius region,,0,1963.4928890086885
FUNG-WONG,2025-11-06 00:00:00,96,47,224.77851347560764,P50 percentile cone,0.5,0,85490.25965015983
FUNG-WONG,2025-11-06 00:00:00,96,47,224.77851347560764,P50 covariance ellipse,0.5,0,61164.315011517596
FUNG-WONG,2025-11-06 00:00:00,96,47,224.77851347560764,P90 percentile cone,0.9,1,370059.1570042985
FUNG-WONG,2025-11-06 00:00:00,96,47,224.77851347560764,P90 covariance ellipse,0.9,1,203183.4564413011
FUNG-WONG,2025-11-06 06:00:00,96,49,123.00987651295455,Fixed-radius region,,0,1963.4928890086885
FUNG-WONG,2025-11-06 06:00:00,96,49,123.00987651295455,P50 percentile cone,0.5,1,138639.40837757365
FUNG-WONG,2025-11-06 06:00:00,96,49,123.00987651295455,P50 covariance ellipse,0.5,1,73969.11744195735
FUNG-WONG,2025-11-06 06:00:00,96,49,123.00987651295455,P90 percentile cone,0.9,1,339735.7691749538
FUNG-WONG,2025-11-06 06:00:00,96,49,123.00987651295455,P90 covariance ellipse,0.9,1,245720.0893844609
FUNG-WONG,2025-11-06 12:00:00,96,51,76.77852362105742,Fixed-radius region,,0,1963.4928890086885
FUNG-WONG,2025-11-06 12:00:00,96,51,76.77852362105742,P50 percentile cone,0.5,1,105027.2304405876
FUNG-WONG,2025-11-06 12:00:00,96,51,76.77852362105742,P50 covariance ellipse,0.5,1,63279.11521372108
FUNG-WONG,2025-11-06 12:00:00,96,51,76.77852362105742,P90 percentile cone,0.9,1,344184.7740836056
FUNG-WONG,2025-11-06 12:00:00,96,51,76.77852362105742,P90 covariance ellipse,0.9,1,210208.67064807436
FUNG-WONG,2025-11-06 18:00:00,96,51,127.52442359479747,Fixed-radius region,,0,1963.4928890086885
FUNG-WONG,2025-11-06 18:00:00,96,51,127.52442359479747,P50 percentile cone,0.5,1,98785.32948131383
FUNG-WONG,2025-11-06 18:00:00,96,51,127.52442359479747,P50 covariance ellipse,0.5,0,75036.2689535816
FUNG-WONG,2025-11-06 18:00:00,96,51,127.52442359479747,P90 percentile cone,0.9,1,585184.3626115753
FUNG-WONG,2025-11-06 18:00:00,96,51,127.52442359479747,P90 covariance ellipse,0.9,1,249265.08997242703
FUNG-WONG,2025-11-07 00:00:00,96,51,79.36292112894428,Fixed-radius region,,0,1963.4928890086885
FUNG-WONG,2025-11-07 00:00:00,96,51,79.36292112894428,P50 percentile cone,0.5,1,92446.1070974201
FUNG-WONG,2025-11-07 00:00:00,96,51,79.36292112894428,P50 covariance ellipse,0.5,1,51017.54191837559
FUNG-WONG,2025-11-07 00:00:00,96,51,79.36292112894428,P90 percentile cone,0.9,1,285325.476280637
FUNG-WONG,2025-11-07 00:00:00,96,51,79.36292112894428,P90 covariance ellipse,0.9,1,169476.60583074554
FUNG-WONG,2025-11-07 06:00:00,96,51,151.8118009248239,Fixed-radius region,,0,1963.4928890086885
FUNG-WONG,2025-11-07 06:00:00,96,51,151.8118009248239,P50 percentile cone,0.5,1,93352.56496846778
FUNG-WONG,2025-11-07 06:00:00,96,51,151.8118009248239,P50 covariance ellipse,0.5,0,83121.05401307768
FUNG-WONG,2025-11-07 06:00:00,96,51,151.8118009248239,P90 percentile cone,0.9,1,324736.24144442444
FUNG-WONG,2025-11-07 06:00:00,96,51,151.8118009248239,P90 covariance ellipse,0.9,1,276122.16460269265
FUNG-WONG,2025-11-07 12:00:00,96,50,184.7722883543765,Fixed-radius region,,0,1963.4928890086885
FUNG-WONG,2025-11-07 12:00:00,96,50,184.7722883543765,P50 percentile cone,0.5,0,81307.15701889113
FUNG-WONG,2025-11-07 12:00:00,96,50,184.7722883543765,P50 covariance ellipse,0.5,1,60852.92382153556
FUNG-WONG,2025-11-07 12:00:00,96,50,184.7722883543765,P90 percentile cone,0.9,1,391872.88246371166
FUNG-WONG,2025-11-07 12:00:00,96,50,184.7722883543765,P90 covariance ellipse,0.9,1,202149.03729879938
FUNG-WONG,2025-11-07 18:00:00,96,51,262.3053932063555,Fixed-radius region,,0,1963.4928890086885
FUNG-WONG,2025-11-07 18:00:00,96,51,262.3053932063555,P50 percentile cone,0.5,0,108159.57506711902
FUNG-WONG,2025-11-07 18:00:00,96,51,262.3053932063555,P50 covariance ellipse,0.5,0,70737.20857470384
FUNG-WONG,2025-11-07 18:00:00,96,51,262.3053932063555,P90 percentile cone,0.9,1,326828.3394708497
FUNG-WONG,2025-11-07 18:00:00,96,51,262.3053932063555,P90 covariance ellipse,0.9,1,234983.92051821586
FUNG-WONG,2025-11-08 00:00:00,96,50,220.03589056459754,Fixed-radius region,,0,1963.4928890086885
FUNG-WONG,2025-11-08 00:00:00,96,50,220.03589056459754,P50 percentile cone,0.5,0,128539.56478816544
FUNG-WONG,2025-11-08 00:00:00,96,50,220.03589056459754,P50 covariance ellipse,0.5,0,82984.13999439217
FUNG-WONG,2025-11-08 00:00:00,96,50,220.03589056459754,P90 percentile cone,0.9,1,366569.37888719153
FUNG-WONG,2025-11-08 00:00:00,96,50,220.03589056459754,P90 covariance ellipse,0.9,1,275667.3460774373
FUNG-WONG,2025-11-08 06:00:00,96,51,273.8839918943481,Fixed-radius region,,0,1963.4928890086885
FUNG-WONG,2025-11-08 06:00:00,96,51,273.8839918943481,P50 percentile cone,0.5,0,120987.0007301038
FUNG-WONG,2025-11-08 06:00:00,96,51,273.8839918943481,P50 covariance ellipse,0.5,0,82922.5855359649
FUNG-WONG,2025-11-08 06:00:00,96,51,273.8839918943481,P90 percentile cone,0.9,1,329181.2967732853
FUNG-WONG,2025-11-08 06:00:00,96,51,273.8839918943481,P90 covariance ellipse,0.9,0,275462.8665926222
FUNG-WONG,2025-11-08 12:00:00,96,50,293.0756570201697,Fixed-radius region,,0,1963.4928890086885
FUNG-WONG,2025-11-08 12:00:00,96,50,293.0756570201697,P50 percentile cone,0.5,0,147660.28520410924
FUNG-WONG,2025-11-08 12:00:00,96,50,293.0756570201697,P50 covariance ellipse,0.5,0,70474.14686646593
FUNG-WONG,2025-11-08 12:00:00,96,50,293.0756570201697,P90 percentile cone,0.9,1,506439.53798644396
FUNG-WONG,2025-11-08 12:00:00,96,50,293.0756570201697,P90 covariance ellipse,0.9,0,234110.04843893132
FUNG-WONG,2025-11-08 18:00:00,96,50,408.09136041478365,Fixed-radius region,,0,1963.4928890086885
FUNG-WONG,2025-11-08 18:00:00,96,50,408.09136041478365,P50 percentile cone,0.5,0,140131.75221628376
FUNG-WONG,2025-11-08 18:00:00,96,50,408.09136041478365,P50 covariance ellipse,0.5,0,72153.91058994214
FUNG-WONG,2025-11-08 18:00:00,96,50,408.09136041478365,P90 percentile cone,0.9,0,480463.5657361373
FUNG-WONG,2025-11-08 18:00:00,96,50,408.09136041478365,P90 covariance ellipse,0.9,0,239690.10274471957
FUNG-WONG,2025-11-09 00:00:00,96,47,196.8082751695717,Fixed-radius region,,0,1963.4928890086885
FUNG-WONG,2025-11-09 00:00:00,96,47,196.8082751695717,P50 percentile cone,0.5,1,198541.7336532344
FUNG-WONG,2025-11-09 00:00:00,96,47,196.8082751695717,P50 covariance ellipse,0.5,0,89309.54221013247
FUNG-WONG,2025-11-09 00:00:00,96,47,196.8082751695717,P90 percentile cone,0.9,1,633261.0994510652
FUNG-WONG,2025-11-09 00:00:00,96,47,196.8082751695717,P90 covariance ellipse,0.9,1,296679.87740936776
FUNG-WONG,2025-11-09 06:00:00,96,39,333.785255604671,Fixed-radius region,,0,1963.4928890086885
FUNG-WONG,2025-11-09 06:00:00,96,39,333.785255604671,P50 percentile cone,0.5,0,212975.52288830007
FUNG-WONG,2025-11-09 06:00:00,96,39,333.785255604671,P50 covariance ellipse,0.5,0,117532.10769515327
FUNG-WONG,2025-11-09 06:00:00,96,39,333.785255604671,P90 percentile cone,0.9,1,572281.0209585482
FUNG-WONG,2025-11-09 06:00:00,96,39,333.785255604671,P90 covariance ellipse,0.9,1,390433.2106038567
FUNG-WONG,2025-11-09 12:00:00,96,32,420.3495384236677,Fixed-radius region,,0,1963.4928890086885
FUNG-WONG,2025-11-09 12:00:00,96,32,420.3495384236677,P50 percentile cone,0.5,0,143041.11396526446
FUNG-WONG,2025-11-09 12:00:00,96,32,420.3495384236677,P50 covariance ellipse,0.5,0,105028.48700059578
FUNG-WONG,2025-11-09 12:00:00,96,32,420.3495384236677,P90 percentile cone,0.9,1,654636.7221663902
FUNG-WONG,2025-11-09 12:00:00,96,32,420.3495384236677,P90 covariance ellipse,0.9,1,348897.0817307912
FUNG-WONG,2025-11-09 18:00:00,96,30,328.44756772748667,Fixed-radius region,,0,1963.4928890086885
FUNG-WONG,2025-11-09 18:00:00,96,30,328.44756772748667,P50 percentile cone,0.5,0,85983.42440784328
FUNG-WONG,2025-11-09 18:00:00,96,30,328.44756772748667,P50 covariance ellipse,0.5,0,47501.72049896926
FUNG-WONG,2025-11-09 18:00:00,96,30,328.44756772748667,P90 percentile cone,0.9,1,359418.63155166066
FUNG-WONG,2025-11-09 18:00:00,96,30,328.44756772748667,P90 covariance ellipse,0.9,1,157797.2998810129
GEZANI,2026-02-10 00:00:00,96,46,183.34095928601457,Fixed-radius region,,0,1963.4928890086885
GEZANI,2026-02-10 00:00:00,96,46,183.34095928601457,P50 percentile cone,0.5,0,95207.18298401189
GEZANI,2026-02-10 00:00:00,96,46,183.34095928601457,P50 covariance ellipse,0.5,0,74652.03850705209
GEZANI,2026-02-10 00:00:00,96,46,183.34095928601457,P90 percentile cone,0.9,1,247388.13646161504
GEZANI,2026-02-10 00:00:00,96,46,183.34095928601457,P90 covariance ellipse,0.9,1,247988.7040571895
GEZANI,2026-02-10 06:00:00,96,48,121.30516894658045,Fixed-radius region,,0,1963.4928890086885
GEZANI,2026-02-10 06:00:00,96,48,121.30516894658045,P50 percentile cone,0.5,1,122045.70310299039
GEZANI,2026-02-10 06:00:00,96,48,121.30516894658045,P50 covariance ellipse,0.5,1,70755.54257899807
GEZANI,2026-02-10 06:00:00,96,48,121.30516894658045,P90 percentile cone,0.9,1,360362.3823559398
GEZANI,2026-02-10 06:00:00,96,48,121.30516894658045,P90 covariance ellipse,0.9,1,235044.82476217268
GEZANI,2026-02-10 12:00:00,96,49,223.19885741986687,Fixed-radius region,,0,1963.4928890086885
GEZANI,2026-02-10 12:00:00,96,49,223.19885741986687,P50 percentile cone,0.5,0,92368.78537128711
GEZANI,2026-02-10 12:00:00,96,49,223.19885741986687,P50 covariance ellipse,0.5,0,65317.862603949885
GEZANI,2026-02-10 12:00:00,96,49,223.19885741986687,P90 percentile cone,0.9,1,389359.2023648694
GEZANI,2026-02-10 12:00:00,96,49,223.19885741986687,P90 covariance ellipse,0.9,1,216981.2428820537
GEZANI,2026-02-10 18:00:00,96,49,157.35794591304645,Fixed-radius region,,0,1963.4928890086885
GEZANI,2026-02-10 18:00:00,96,49,157.35794591304645,P50 percentile cone,0.5,1,116811.34842854307
GEZANI,2026-02-10 18:00:00,96,49,157.35794591304645,P50 covariance ellipse,0.5,1,76735.72891556691
GEZANI,2026-02-10 18:00:00,96,49,157.35794591304645,P90 percentile cone,0.9,1,448508.43884374906
GEZANI,2026-02-10 18:00:00,96,49,157.35794591304645,P90 covariance ellipse,0.9,1,254910.57376628224
GEZANI,2026-02-11 00:00:00,96,49,380.00192607993915,Fixed-radius region,,0,1963.4928890086885
GEZANI,2026-02-11 00:00:00,96,49,380.00192607993915,P50 percentile cone,0.5,0,131256.00538790328
GEZANI,2026-02-11 00:00:00,96,49,380.00192607993915,P50 covariance ellipse,0.5,0,85604.3706208514
GEZANI,2026-02-11 00:00:00,96,49,380.00192607993915,P90 percentile cone,0.9,1,534627.6722593401
GEZANI,2026-02-11 00:00:00,96,49,380.00192607993915,P90 covariance ellipse,0.9,1,284371.56381055654
GEZANI,2026-02-11 06:00:00,96,51,246.4402363808791,Fixed-radius region,,0,1963.4928890086885
GEZANI,2026-02-11 06:00:00,96,51,246.4402363808791,P50 percentile cone,0.5,0,159240.04910965828
GEZANI,2026-02-11 06:00:00,96,51,246.4402363808791,P50 covariance ellipse,0.5,0,98484.81271713952
GEZANI,2026-02-11 06:00:00,96,51,246.4402363808791,P90 percentile cone,0.9,1,664318.8406658105
GEZANI,2026-02-11 06:00:00,96,51,246.4402363808791,P90 covariance ellipse,0.9,1,327159.4662847859
GEZANI,2026-02-11 12:00:00,96,51,255.85398146375647,Fixed-radius region,,0,1963.4928890086885
GEZANI,2026-02-11 12:00:00,96,51,255.85398146375647,P50 percentile cone,0.5,0,139352.85410177274
GEZANI,2026-02-11 12:00:00,96,51,255.85398146375647,P50 covariance ellipse,0.5,1,83559.93468512132
GEZANI,2026-02-11 12:00:00,96,51,255.85398146375647,P90 percentile cone,0.9,1,599749.0811755635
GEZANI,2026-02-11 12:00:00,96,51,255.85398146375647,P90 covariance ellipse,0.9,1,277580.09463745746
GEZANI,2026-02-11 18:00:00,96,51,198.52693537102084,Fixed-radius region,,0,1963.4928890086885
GEZANI,2026-02-11 18:00:00,96,51,198.52693537102084,P50 percentile cone,0.5,1,296838.4436353275
GEZANI,2026-02-11 18:00:00,96,51,198.52693537102084,P50 covariance ellipse,0.5,0,156977.26108371397
GEZANI,2026-02-11 18:00:00,96,51,198.52693537102084,P90 percentile cone,0.9,1,1252891.0331896548
GEZANI,2026-02-11 18:00:00,96,51,198.52693537102084,P90 covariance ellipse,0.9,1,521467.17385245796
GEZANI,2026-02-12 00:00:00,96,51,269.7695103114711,Fixed-radius region,,0,1963.4928890086885
GEZANI,2026-02-12 00:00:00,96,51,269.7695103114711,P50 percentile cone,0.5,1,332630.0708357581
GEZANI,2026-02-12 00:00:00,96,51,269.7695103114711,P50 covariance ellipse,0.5,1,120165.77526532012
GEZANI,2026-02-12 00:00:00,96,51,269.7695103114711,P90 percentile cone,0.9,1,1165160.2330879096
GEZANI,2026-02-12 00:00:00,96,51,269.7695103114711,P90 covariance ellipse,0.9,1,399182.0648977877
GEZANI,2026-02-12 06:00:00,96,48,561.3460430902248,Fixed-radius region,,0,1963.4928890086885
GEZANI,2026-02-12 06:00:00,96,48,561.3460430902248,P50 percentile cone,0.5,0,249693.2928133671
GEZANI,2026-02-12 06:00:00,96,48,561.3460430902248,P50 covariance ellipse,0.5,0,156210.50479668027
GEZANI,2026-02-12 06:00:00,96,48,561.3460430902248,P90 percentile cone,0.9,1,1291017.8195086594
GEZANI,2026-02-12 06:00:00,96,48,561.3460430902248,P90 covariance ellipse,0.9,1,518920.0646006292
GEZANI,2026-02-12 12:00:00,96,51,345.08031594476415,Fixed-radius region,,0,1963.4928890086885
GEZANI,2026-02-12 12:00:00,96,51,345.08031594476415,P50 percentile cone,0.5,0,148234.72286818048
GEZANI,2026-02-12 12:00:00,96,51,345.08031594476415,P50 covariance ellipse,0.5,1,180374.5355521526
GEZANI,2026-02-12 12:00:00,96,51,345.08031594476415,P90 percentile cone,0.9,1,1461411.739776115
GEZANI,2026-02-12 12:00:00,96,51,345.08031594476415,P90 covariance ellipse,0.9,1,599191.237252955
GEZANI,2026-02-12 18:00:00,96,51,215.31032900069732,Fixed-radius region,,0,1963.4928890086885
GEZANI,2026-02-12 18:00:00,96,51,215.31032900069732,P50 percentile cone,0.5,1,650374.929373319
GEZANI,2026-02-12 18:00:00,96,51,215.31032900069732,P50 covariance ellipse,0.5,1,319946.03320502164
GEZANI,2026-02-12 18:00:00,96,51,215.31032900069732,P90 percentile cone,0.9,1,2129185.603484007
GEZANI,2026-02-12 18:00:00,96,51,215.31032900069732,P90 covariance ellipse,0.9,1,1062837.7165515262
GEZANI,2026-02-13 00:00:00,96,51,413.8947037117229,Fixed-radius region,,0,1963.4928890086885
GEZANI,2026-02-13 00:00:00,96,51,413.8947037117229,P50 percentile cone,0.5,0,446551.22285459377
GEZANI,2026-02-13 00:00:00,96,51,413.8947037117229,P50 covariance ellipse,0.5,0,264420.55560744926
GEZANI,2026-02-13 00:00:00,96,51,413.8947037117229,P90 percentile cone,0.9,1,3494427.8435360277
GEZANI,2026-02-13 00:00:00,96,51,413.8947037117229,P90 covariance ellipse,0.9,1,878386.0725381117
GEZANI,2026-02-13 06:00:00,96,50,1080.975459214602,Fixed-radius region,,0,1963.4928890086885
GEZANI,2026-02-13 06:00:00,96,50,1080.975459214602,P50 percentile cone,0.5,0,401546.44688104256
GEZANI,2026-02-13 06:00:00,96,50,1080.975459214602,P50 covariance ellipse,0.5,0,234253.9357377824
GEZANI,2026-02-13 06:00:00,96,50,1080.975459214602,P90 percentile cone,0.9,0,1135398.402420328
GEZANI,2026-02-13 06:00:00,96,50,1080.975459214602,P90 covariance ellipse,0.9,0,778174.730465278
GEZANI,2026-02-13 12:00:00,96,46,868.1269066408566,Fixed-radius region,,0,1963.4928890086885
GEZANI,2026-02-13 12:00:00,96,46,868.1269066408566,P50 percentile cone,0.5,0,579166.0175185754
GEZANI,2026-02-13 12:00:00,96,46,868.1269066408566,P50 covariance ellipse,0.5,0,308859.8535902481
GEZANI,2026-02-13 12:00:00,96,46,868.1269066408566,P90 percentile cone,0.9,0,1964452.5221440129
GEZANI,2026-02-13 12:00:00,96,46,868.1269066408566,P90 covariance ellipse,0.9,1,1026010.2250242424
GEZANI,2026-02-13 18:00:00,96,51,447.76639403431506,Fixed-radius region,,0,1963.4928890086885
GEZANI,2026-02-13 18:00:00,96,51,447.76639403431506,P50 percentile cone,0.5,0,461427.9643508858
GEZANI,2026-02-13 18:00:00,96,51,447.76639403431506,P50 covariance ellipse,0.5,1,302152.61054392526
GEZANI,2026-02-13 18:00:00,96,51,447.76639403431506,P90 percentile cone,0.9,1,2614187.3548579966
GEZANI,2026-02-13 18:00:00,96,51,447.76639403431506,P90 covariance ellipse,0.9,1,1003729.2459094246
KALMAEGI,2025-11-01 12:00:00,96,50,362.98787644602857,Fixed-radius region,,0,1963.4928890086885
KALMAEGI,2025-11-01 12:00:00,96,50,362.98787644602857,P50 percentile cone,0.5,0,231528.53835865352
KALMAEGI,2025-11-01 12:00:00,96,50,362.98787644602857,P50 covariance ellipse,0.5,0,153615.85294328266
KALMAEGI,2025-11-01 12:00:00,96,50,362.98787644602857,P90 percentile cone,0.9,1,904198.1400651145
KALMAEGI,2025-11-01 12:00:00,96,50,362.98787644602857,P90 covariance ellipse,0.9,1,510300.8177123761
KALMAEGI,2025-11-01 18:00:00,96,51,238.71150761018737,Fixed-radius region,,0,1963.4928890086885
KALMAEGI,2025-11-01 18:00:00,96,51,238.71150761018737,P50 percentile cone,0.5,1,209381.67200905553
KALMAEGI,2025-11-01 18:00:00,96,51,238.71150761018737,P50 covariance ellipse,0.5,1,89239.95625852444
KALMAEGI,2025-11-01 18:00:00,96,51,238.71150761018737,P90 percentile cone,0.9,1,736203.5775665874
KALMAEGI,2025-11-01 18:00:00,96,51,238.71150761018737,P90 covariance ellipse,0.9,1,296448.7178817116
KALMAEGI,2025-11-02 00:00:00,96,50,364.40680823882496,Fixed-radius region,,0,1963.4928890086885
KALMAEGI,2025-11-02 00:00:00,96,50,364.40680823882496,P50 percentile cone,0.5,0,198754.23581576045
KALMAEGI,2025-11-02 00:00:00,96,50,364.40680823882496,P50 covariance ellipse,0.5,1,158445.59083680433
KALMAEGI,2025-11-02 00:00:00,96,50,364.40680823882496,P90 percentile cone,0.9,1,923904.5876886207
KALMAEGI,2025-11-02 00:00:00,96,50,364.40680823882496,P90 covariance ellipse,0.9,1,526344.8597118078
KALMAEGI,2025-11-02 12:00:00,96,50,222.8179946963863,Fixed-radius region,,0,1963.4928890086885
KALMAEGI,2025-11-02 12:00:00,96,50,222.8179946963863,P50 percentile cone,0.5,0,137709.0841595724
KALMAEGI,2025-11-02 12:00:00,96,50,222.8179946963863,P50 covariance ellipse,0.5,1,129197.27273091505
KALMAEGI,2025-11-02 12:00:00,96,50,222.8179946963863,P90 percentile cone,0.9,1,646322.0869756744
KALMAEGI,2025-11-02 12:00:00,96,50,222.8179946963863,P90 covariance ellipse,0.9,1,429184.05006765155
KALMAEGI,2025-11-02 18:00:00,96,50,212.88181063153667,Fixed-radius region,,0,1963.4928890086885
KALMAEGI,2025-11-02 18:00:00,96,50,212.88181063153667,P50 percentile cone,0.5,1,164629.7952664924
KALMAEGI,2025-11-02 18:00:00,96,50,212.88181063153667,P50 covariance ellipse,0.5,1,118537.0759911251
KALMAEGI,2025-11-02 18:00:00,96,50,212.88181063153667,P90 percentile cone,0.9,1,534074.1688534195
KALMAEGI,2025-11-02 18:00:00,96,50,212.88181063153667,P90 covariance ellipse,0.9,1,393771.6430207166
KALMAEGI,2025-11-03 00:00:00,96,49,153.24529630599324,Fixed-radius region,,0,1963.4928890086885
KALMAEGI,2025-11-03 00:00:00,96,49,153.24529630599324,P50 percentile cone,0.5,1,164722.57688113555
KALMAEGI,2025-11-03 00:00:00,96,49,153.24529630599324,P50 covariance ellipse,0.5,1,99546.18964056662
KALMAEGI,2025-11-03 00:00:00,96,49,153.24529630599324,P90 percentile cone,0.9,1,545238.4042066659
KALMAEGI,2025-11-03 00:00:00,96,49,153.24529630599324,P90 covariance ellipse,0.9,1,330685.2841059835
KALMAEGI,2025-11-03 06:00:00,96,50,127.56609395705303,Fixed-radius region,,0,1963.4928890086885
KALMAEGI,2025-11-03 06:00:00,96,50,127.56609395705303,P50 percentile cone,0.5,1,115504.81693949914
KALMAEGI,2025-11-03 06:00:00,96,50,127.56609395705303,P50 covariance ellipse,0.5,1,84049.26752400283
KALMAEGI,2025-11-03 06:00:00,96,50,127.56609395705303,P90 percentile cone,0.9,1,338419.8092558025
KALMAEGI,2025-11-03 06:00:00,96,50,127.56609395705303,P90 covariance ellipse,0.9,1,279205.62314268894
KALMAEGI,2025-11-03 12:00:00,96,51,140.62442707695817,Fixed-radius region,,0,1963.4928890086885
KALMAEGI,2025-11-03 12:00:00,96,51,140.62442707695817,P50 percentile cone,0.5,1,108529.11666197341
KALMAEGI,2025-11-03 12:00:00,96,51,140.62442707695817,P50 covariance ellipse,0.5,1,89793.24916877072
KALMAEGI,2025-11-03 12:00:00,96,51,140.62442707695817,P90 percentile cone,0.9,1,402847.2076526631
KALMAEGI,2025-11-03 12:00:00,96,51,140.62442707695817,P90 covariance ellipse,0.9,1,298286.7171449607
KALMAEGI,2025-11-03 18:00:00,96,50,98.06387327788227,Fixed-radius region,,0,1963.4928890086885
KALMAEGI,2025-11-03 18:00:00,96,50,98.06387327788227,P50 percentile cone,0.5,1,157043.471924085
KALMAEGI,2025-11-03 18:00:00,96,50,98.06387327788227,P50 covariance ellipse,0.5,1,113646.41441249728
KALMAEGI,2025-11-03 18:00:00,96,50,98.06387327788227,P90 percentile cone,0.9,1,504022.66103288956
KALMAEGI,2025-11-03 18:00:00,96,50,98.06387327788227,P90 covariance ellipse,0.9,1,377525.2169200867
KOTO,2025-11-25 12:00:00,96,46,58.56630862571066,Fixed-radius region,,0,1963.4928890086885
KOTO,2025-11-25 12:00:00,96,46,58.56630862571066,P50 percentile cone,0.5,1,115663.36944891466
KOTO,2025-11-25 12:00:00,96,46,58.56630862571066,P50 covariance ellipse,0.5,1,83485.24390718353
KOTO,2025-11-25 12:00:00,96,46,58.56630862571066,P90 percentile cone,0.9,1,387405.243099101
KOTO,2025-11-25 12:00:00,96,46,58.56630862571066,P90 covariance ellipse,0.9,1,277331.9772437969
KOTO,2025-11-25 18:00:00,96,50,92.09500347955161,Fixed-radius region,,0,1963.4928890086885
KOTO,2025-11-25 18:00:00,96,50,92.09500347955161,P50 percentile cone,0.5,1,84767.90929434371
KOTO,2025-11-25 18:00:00,96,50,92.09500347955161,P50 covariance ellipse,0.5,1,69725.02079645301
KOTO,2025-11-25 18:00:00,96,50,92.09500347955161,P90 percentile cone,0.9,1,293782.42924025963
KOTO,2025-11-25 18:00:00,96,50,92.09500347955161,P90 covariance ellipse,0.9,1,231621.50550034284
KOTO,2025-11-26 00:00:00,96,47,59.72434956989223,Fixed-radius region,,0,1963.4928890086885
KOTO,2025-11-26 00:00:00,96,47,59.72434956989223,P50 percentile cone,0.5,1,106804.26995596127
KOTO,2025-11-26 00:00:00,96,47,59.72434956989223,P50 covariance ellipse,0.5,1,70720.60874681723
KOTO,2025-11-26 00:00:00,96,47,59.72434956989223,P90 percentile cone,0.9,1,344468.46843882225
KOTO,2025-11-26 00:00:00,96,47,59.72434956989223,P90 covariance ellipse,0.9,1,234928.77708358906
KOTO,2025-11-26 06:00:00,96,51,95.91773471924644,Fixed-radius region,,0,1963.4928890086885
KOTO,2025-11-26 06:00:00,96,51,95.91773471924644,P50 percentile cone,0.5,1,76153.4372264761
KOTO,2025-11-26 06:00:00,96,51,95.91773471924644,P50 covariance ellipse,0.5,1,65166.975871254836
KOTO,2025-11-26 06:00:00,96,51,95.91773471924644,P90 percentile cone,0.9,1,313409.80618883565
KOTO,2025-11-26 06:00:00,96,51,95.91773471924644,P90 covariance ellipse,0.9,1,216480.00800556826
KOTO,2025-11-26 12:00:00,96,51,86.26258978088748,Fixed-radius region,,0,1963.4928890086885
KOTO,2025-11-26 12:00:00,96,51,86.26258978088748,P50 percentile cone,0.5,1,120253.63593690548
KOTO,2025-11-26 12:00:00,96,51,86.26258978088748,P50 covariance ellipse,0.5,1,86672.47055793874
KOTO,2025-11-26 12:00:00,96,51,86.26258978088748,P90 percentile cone,0.9,1,326999.4768670541
KOTO,2025-11-26 12:00:00,96,51,86.26258978088748,P90 covariance ellipse,0.9,1,287919.7149997144
KOTO,2025-11-26 18:00:00,96,51,76.9683112124219,Fixed-radius region,,0,1963.4928890086885
KOTO,2025-11-26 18:00:00,96,51,76.9683112124219,P50 percentile cone,0.5,1,155198.8854489089
KOTO,2025-11-26 18:00:00,96,51,76.9683112124219,P50 covariance ellipse,0.5,1,103228.89191473792
KOTO,2025-11-26 18:00:00,96,51,76.9683112124219,P90 percentile cone,0.9,1,427405.18688230636
KOTO,2025-11-26 18:00:00,96,51,76.9683112124219,P90 covariance ellipse,0.9,1,342918.9562556587
KOTO,2025-11-27 00:00:00,96,50,97.63414619442298,Fixed-radius region,,0,1963.4928890086885
KOTO,2025-11-27 00:00:00,96,50,97.63414619442298,P50 percentile cone,0.5,1,84840.31346557292
KOTO,2025-11-27 00:00:00,96,50,97.63414619442298,P50 covariance ellipse,0.5,1,56611.38211434264
KOTO,2025-11-27 00:00:00,96,50,97.63414619442298,P90 percentile cone,0.9,1,253075.25377127223
KOTO,2025-11-27 00:00:00,96,50,97.63414619442298,P90 covariance ellipse,0.9,1,188058.94073603873
KOTO,2025-11-27 06:00:00,96,50,79.4231863154305,Fixed-radius region,,0,1963.4928890086885
KOTO,2025-11-27 06:00:00,96,50,79.4231863154305,P50 percentile cone,0.5,1,100844.19778083559
KOTO,2025-11-27 06:00:00,96,50,79.4231863154305,P50 covariance ellipse,0.5,1,71599.94080518922
KOTO,2025-11-27 06:00:00,96,50,79.4231863154305,P90 percentile cone,0.9,1,327708.05471180385
KOTO,2025-11-27 06:00:00,96,50,79.4231863154305,P90 covariance ellipse,0.9,1,237849.8549530301
KOTO,2025-11-27 12:00:00,96,50,151.83436826783498,Fixed-radius region,,0,1963.4928890086885
KOTO,2025-11-27 12:00:00,96,50,151.83436826783498,P50 percentile cone,0.5,1,99244.67349689487
KOTO,2025-11-27 12:00:00,96,50,151.83436826783498,P50 covariance ellipse,0.5,1,77929.40186413503
KOTO,2025-11-27 12:00:00,96,50,151.83436826783498,P90 percentile cone,0.9,1,328580.29344784183
KOTO,2025-11-27 12:00:00,96,50,151.83436826783498,P90 covariance ellipse,0.9,1,258875.86947023773
KOTO,2025-11-27 18:00:00,96,50,112.08622357489482,Fixed-radius region,,0,1963.4928890086885
KOTO,2025-11-27 18:00:00,96,50,112.08622357489482,P50 percentile cone,0.5,1,103642.32762349665
KOTO,2025-11-27 18:00:00,96,50,112.08622357489482,P50 covariance ellipse,0.5,1,101074.01774279427
KOTO,2025-11-27 18:00:00,96,50,112.08622357489482,P90 percentile cone,0.9,1,514039.5119513912
KOTO,2025-11-27 18:00:00,96,50,112.08622357489482,P90 covariance ellipse,0.9,1,335760.619202932
KOTO,2025-11-28 00:00:00,96,50,37.77022198797868,Fixed-radius region,,0,1963.4928890086885
KOTO,2025-11-28 00:00:00,96,50,37.77022198797868,P50 percentile cone,0.5,1,114941.00206328504
KOTO,2025-11-28 00:00:00,96,50,37.77022198797868,P50 covariance ellipse,0.5,1,100366.6693425928
KOTO,2025-11-28 00:00:00,96,50,37.77022198797868,P90 percentile cone,0.9,1,377125.9048072235
KOTO,2025-11-28 00:00:00,96,50,37.77022198797868,P90 covariance ellipse,0.9,1,333410.8586794291
KOTO,2025-11-28 06:00:00,96,41,59.423629983862675,Fixed-radius region,,0,1963.4928890086885
KOTO,2025-11-28 06:00:00,96,41,59.423629983862675,P50 percentile cone,0.5,1,163325.70832383877
KOTO,2025-11-28 06:00:00,96,41,59.423629983862675,P50 covariance ellipse,0.5,1,123596.95166162089
KOTO,2025-11-28 06:00:00,96,41,59.423629983862675,P90 percentile cone,0.9,1,682382.3022755927
KOTO,2025-11-28 06:00:00,96,41,59.423629983862675,P90 covariance ellipse,0.9,1,410580.18616717367
KOTO,2025-11-28 12:00:00,96,43,108.8873957669646,Fixed-radius region,,0,1963.4928890086885
KOTO,2025-11-28 12:00:00,96,43,108.8873957669646,P50 percentile cone,0.5,1,152757.05532712935
KOTO,2025-11-28 12:00:00,96,43,108.8873957669646,P50 covariance ellipse,0.5,1,104411.18054823432
KOTO,2025-11-28 12:00:00,96,43,108.8873957669646,P90 percentile cone,0.9,1,355957.1516513577
KOTO,2025-11-28 12:00:00,96,43,108.8873957669646,P90 covariance ellipse,0.9,1,346846.43408353644
KOTO,2025-11-28 18:00:00,96,40,103.36973660310099,Fixed-radius region,,0,1963.4928890086885
KOTO,2025-11-28 18:00:00,96,40,103.36973660310099,P50 percentile cone,0.5,1,121255.55140688087
KOTO,2025-11-28 18:00:00,96,40,103.36973660310099,P50 covariance ellipse,0.5,1,105537.74954409488
KOTO,2025-11-28 18:00:00,96,40,103.36973660310099,P90 percentile cone,0.9,1,458920.39426044945
KOTO,2025-11-28 18:00:00,96,40,103.36973660310099,P90 covariance ellipse,0.9,1,350588.81528171466
KOTO,2025-11-29 00:00:00,96,37,11.20715115670672,Fixed-radius region,,1,1963.4928890086885
KOTO,2025-11-29 00:00:00,96,37,11.20715115670672,P50 percentile cone,0.5,1,136634.04812190772
KOTO,2025-11-29 00:00:00,96,37,11.20715115670672,P50 covariance ellipse,0.5,1,82735.47989510292
KOTO,2025-11-29 00:00:00,96,37,11.20715115670672,P90 percentile cone,0.9,1,331338.60000030743
KOTO,2025-11-29 00:00:00,96,37,11.20715115670672,P90 covariance ellipse,0.9,1,274841.31510753086
KOTO,2025-11-29 06:00:00,96,37,89.21762212952764,Fixed-radius region,,0,1963.4928890086885
KOTO,2025-11-29 06:00:00,96,37,89.21762212952764,P50 percentile cone,0.5,1,153112.93468445068
KOTO,2025-11-29 06:00:00,96,37,89.21762212952764,P50 covariance ellipse,0.5,1,132814.7882702315
KOTO,2025-11-29 06:00:00,96,37,89.21762212952764,P90 percentile cone,0.9,1,483657.6900979806
KOTO,2025-11-29 06:00:00,96,37,89.21762212952764,P90 covariance ellipse,0.9,1,441201.17657139845
KOTO,2025-11-29 12:00:00,96,27,27.85758022448264,Fixed-radius region,,0,1963.4928890086885
KOTO,2025-11-29 12:00:00,96,27,27.85758022448264,P50 percentile cone,0.5,1,273709.37949415646
KOTO,2025-11-29 12:00:00,96,27,27.85758022448264,P50 covariance ellipse,0.5,1,153035.73438149074
KOTO,2025-11-29 12:00:00,96,27,27.85758022448264,P90 percentile cone,0.9,1,657361.999378327
KOTO,2025-11-29 12:00:00,96,27,27.85758022448264,P90 covariance ellipse,0.9,1,508373.70556359383
MELISSA,2025-10-23 00:00:00,96,50,217.201017683779,Fixed-radius region,,0,1963.4928890086885
MELISSA,2025-10-23 00:00:00,96,50,217.201017683779,P50 percentile cone,0.5,1,215574.91559606924
MELISSA,2025-10-23 00:00:00,96,50,217.201017683779,P50 covariance ellipse,0.5,0,111616.17301354917
MELISSA,2025-10-23 00:00:00,96,50,217.201017683779,P90 percentile cone,0.9,1,666799.4411903408
MELISSA,2025-10-23 00:00:00,96,50,217.201017683779,P90 covariance ellipse,0.9,1,370780.9009775176
MELISSA,2025-10-23 06:00:00,96,50,185.36855453346462,Fixed-radius region,,0,1963.4928890086885
MELISSA,2025-10-23 06:00:00,96,50,185.36855453346462,P50 percentile cone,0.5,1,225875.52221850597
MELISSA,2025-10-23 06:00:00,96,50,185.36855453346462,P50 covariance ellipse,0.5,1,137953.02685014604
MELISSA,2025-10-23 06:00:00,96,50,185.36855453346462,P90 percentile cone,0.9,1,623968.0468420604
MELISSA,2025-10-23 06:00:00,96,50,185.36855453346462,P90 covariance ellipse,0.9,1,458270.03566825064
MELISSA,2025-10-23 12:00:00,96,50,63.55694416468406,Fixed-radius region,,0,1963.4928890086885
MELISSA,2025-10-23 12:00:00,96,50,63.55694416468406,P50 percentile cone,0.5,1,169867.48172077403
MELISSA,2025-10-23 12:00:00,96,50,63.55694416468406,P50 covariance ellipse,0.5,1,108924.98132039883
MELISSA,2025-10-23 12:00:00,96,50,63.55694416468406,P90 percentile cone,0.9,1,829405.832188544
MELISSA,2025-10-23 12:00:00,96,50,63.55694416468406,P90 covariance ellipse,0.9,1,361840.95568331395
MELISSA,2025-10-23 18:00:00,96,47,87.67980057627935,Fixed-radius region,,0,1963.4928890086885
MELISSA,2025-10-23 18:00:00,96,47,87.67980057627935,P50 percentile cone,0.5,1,209917.29391330032
MELISSA,2025-10-23 18:00:00,96,47,87.67980057627935,P50 covariance ellipse,0.5,1,102197.9474494974
MELISSA,2025-10-23 18:00:00,96,47,87.67980057627935,P90 percentile cone,0.9,1,648280.2381836212
MELISSA,2025-10-23 18:00:00,96,47,87.67980057627935,P90 covariance ellipse,0.9,1,339494.23287230765
MELISSA,2025-10-24 00:00:00,96,51,180.84970280765722,Fixed-radius region,,0,1963.4928890086885
MELISSA,2025-10-24 00:00:00,96,51,180.84970280765722,P50 percentile cone,0.5,1,155023.65234859273
MELISSA,2025-10-24 00:00:00,96,51,180.84970280765722,P50 covariance ellipse,0.5,1,114911.73420182978
MELISSA,2025-10-24 00:00:00,96,51,180.84970280765722,P90 percentile cone,0.9,1,548687.0107851585
MELISSA,2025-10-24 00:00:00,96,51,180.84970280765722,P90 covariance ellipse,0.9,1,381728.5182772873
MELISSA,2025-10-24 12:00:00,96,51,53.05748379716257,Fixed-radius region,,0,1963.4928890086885
MELISSA,2025-10-24 12:00:00,96,51,53.05748379716257,P50 percentile cone,0.5,1,116352.52631960646
MELISSA,2025-10-24 12:00:00,96,51,53.05748379716257,P50 covariance ellipse,0.5,1,95578.11493011592
MELISSA,2025-10-24 12:00:00,96,51,53.05748379716257,P90 percentile cone,0.9,1,907724.3941806686
MELISSA,2025-10-24 12:00:00,96,51,53.05748379716257,P90 covariance ellipse,0.9,1,317503.6252427253
MELISSA,2025-10-24 18:00:00,96,50,75.53152860238131,Fixed-radius region,,0,1963.4928890086885
MELISSA,2025-10-24 18:00:00,96,50,75.53152860238131,P50 percentile cone,0.5,1,157875.41828490546
MELISSA,2025-10-24 18:00:00,96,50,75.53152860238131,P50 covariance ellipse,0.5,1,139496.9056698411
MELISSA,2025-10-24 18:00:00,96,50,75.53152860238131,P90 percentile cone,0.9,1,925307.2073056237
MELISSA,2025-10-24 18:00:00,96,50,75.53152860238131,P90 covariance ellipse,0.9,1,463398.69009449723
MELISSA,2025-10-25 00:00:00,96,50,120.63435229458507,Fixed-radius region,,0,1963.4928890086885
MELISSA,2025-10-25 00:00:00,96,50,120.63435229458507,P50 percentile cone,0.5,1,232099.69412552033
MELISSA,2025-10-25 00:00:00,96,50,120.63435229458507,P50 covariance ellipse,0.5,1,137691.4876357076
MELISSA,2025-10-25 00:00:00,96,50,120.63435229458507,P90 percentile cone,0.9,1,989919.7329135925
MELISSA,2025-10-25 00:00:00,96,50,120.63435229458507,P90 covariance ellipse,0.9,1,457401.2212038929
MELISSA,2025-10-25 12:00:00,96,50,166.60636798198857,Fixed-radius region,,0,1963.4928890086885
MELISSA,2025-10-25 12:00:00,96,50,166.60636798198857,P50 percentile cone,0.5,1,195956.82998354879
MELISSA,2025-10-25 12:00:00,96,50,166.60636798198857,P50 covariance ellipse,0.5,1,160209.06224179844
MELISSA,2025-10-25 12:00:00,96,50,166.60636798198857,P90 percentile cone,0.9,1,907821.0933432302
MELISSA,2025-10-25 12:00:00,96,50,166.60636798198857,P90 covariance ellipse,0.9,1,532202.9849165883
MELISSA,2025-10-25 18:00:00,96,50,169.65570719747754,Fixed-radius region,,0,1963.4928890086885
MELISSA,2025-10-25 18:00:00,96,50,169.65570719747754,P50 percentile cone,0.5,1,357760.72874629765
MELISSA,2025-10-25 18:00:00,96,50,169.65570719747754,P50 covariance ellipse,0.5,1,233606.62275352987
MELISSA,2025-10-25 18:00:00,96,50,169.65570719747754,P90 percentile cone,0.9,1,1817422.241935962
MELISSA,2025-10-25 18:00:00,96,50,169.65570719747754,P90 covariance ellipse,0.9,1,776024.403276704
MELISSA,2025-10-26 00:00:00,96,50,167.06735512439909,Fixed-radius region,,0,1963.4928890086885
MELISSA,2025-10-26 00:00:00,96,50,167.06735512439909,P50 percentile cone,0.5,1,260280.8197947878
MELISSA,2025-10-26 00:00:00,96,50,167.06735512439909,P50 covariance ellipse,0.5,0,129300.85510292223
MELISSA,2025-10-26 00:00:00,96,50,167.06735512439909,P90 percentile cone,0.9,1,934336.9975313736
MELISSA,2025-10-26 00:00:00,96,50,167.06735512439909,P90 covariance ellipse,0.9,1,429528.14325935725
MELISSA,2025-10-26 06:00:00,96,50,229.29696082673988,Fixed-radius region,,0,1963.4928890086885
MELISSA,2025-10-26 06:00:00,96,50,229.29696082673988,P50 percentile cone,0.5,1,259338.2057096998
MELISSA,2025-10-26 06:00:00,96,50,229.29696082673988,P50 covariance ellipse,0.5,0,138165.0512924085
MELISSA,2025-10-26 06:00:00,96,50,229.29696082673988,P90 percentile cone,0.9,1,949077.3353207217
MELISSA,2025-10-26 06:00:00,96,50,229.29696082673988,P90 covariance ellipse,0.9,0,458974.3656198052
MELISSA,2025-10-26 12:00:00,96,50,165.12565841355547,Fixed-radius region,,0,1963.4928890086885
MELISSA,2025-10-26 12:00:00,96,50,165.12565841355547,P50 percentile cone,0.5,1,252427.198633628
MELISSA,2025-10-26 12:00:00,96,50,165.12565841355547,P50 covariance ellipse,0.5,0,177335.60711594968
MELISSA,2025-10-26 12:00:00,96,50,165.12565841355547,P90 percentile cone,0.9,1,1365887.7273085685
MELISSA,2025-10-26 12:00:00,96,50,165.12565841355547,P90 covariance ellipse,0.9,1,589096.1355023804
MELISSA,2025-10-26 18:00:00,96,50,218.42230984227632,Fixed-radius region,,0,1963.4928890086885
MELISSA,2025-10-26 18:00:00,96,50,218.42230984227632,P50 percentile cone,0.5,1,357779.170412486
MELISSA,2025-10-26 18:00:00,96,50,218.42230984227632,P50 covariance ellipse,0.5,0,218615.10950019094
MELISSA,2025-10-26 18:00:00,96,50,218.42230984227632,P90 percentile cone,0.9,1,1644534.632950949
MELISSA,2025-10-26 18:00:00,96,50,218.42230984227632,P90 covariance ellipse,0.9,1,726223.6742155612
MELISSA,2025-10-27 00:00:00,96,51,346.63857903763113,Fixed-radius region,,0,1963.4928890086885
MELISSA,2025-10-27 00:00:00,96,51,346.63857903763113,P50 percentile cone,0.5,0,262052.29960944928
MELISSA,2025-10-27 00:00:00,96,51,346.63857903763113,P50 covariance ellipse,0.5,0,134650.44763193434
MELISSA,2025-10-27 00:00:00,96,51,346.63857903763113,P90 percentile cone,0.9,1,666682.6150670294
MELISSA,2025-10-27 00:00:00,96,51,346.63857903763113,P90 covariance ellipse,0.9,0,447299.10497768206
MELISSA,2025-10-27 06:00:00,96,51,522.7904981104417,Fixed-radius region,,0,1963.4928890086885
MELISSA,2025-10-27 06:00:00,96,51,522.7904981104417,P50 percentile cone,0.5,0,176927.38986291474
MELISSA,2025-10-27 06:00:00,96,51,522.7904981104417,P50 covariance ellipse,0.5,0,146323.4377978877
MELISSA,2025-10-27 06:00:00,96,51,522.7904981104417,P90 percentile cone,0.9,0,707735.2314408665
MELISSA,2025-10-27 06:00:00,96,51,522.7904981104417,P90 covariance ellipse,0.9,1,486075.9389613064
MELISSA,2025-10-27 12:00:00,96,51,499.6720049799585,Fixed-radius region,,0,1963.4928890086885
MELISSA,2025-10-27 12:00:00,96,51,499.6720049799585,P50 percentile cone,0.5,0,216391.3621390919
MELISSA,2025-10-27 12:00:00,96,51,499.6720049799585,P50 covariance ellipse,0.5,0,196836.59476104972
MELISSA,2025-10-27 12:00:00,96,51,499.6720049799585,P90 percentile cone,0.9,1,1595952.715854022
MELISSA,2025-10-27 12:00:00,96,51,499.6720049799585,P90 covariance ellipse,0.9,1,653877.0142386896
MELISSA,2025-10-27 18:00:00,96,51,321.6735166455101,Fixed-radius region,,0,1963.4928890086885
MELISSA,2025-10-27 18:00:00,96,51,321.6735166455101,P50 percentile cone,0.5,0,232153.3054973917
MELISSA,2025-10-27 18:00:00,96,51,321.6735166455101,P50 covariance ellipse,0.5,1,208367.34038860322
MELISSA,2025-10-27 18:00:00,96,51,321.6735166455101,P90 percentile cone,0.9,1,795096.5064518601
MELISSA,2025-10-27 18:00:00,96,51,321.6735166455101,P90 covariance ellipse,0.9,1,692181.3220938592
MELISSA,2025-10-28 00:00:00,96,51,351.90528496831337,Fixed-radius region,,0,1963.4928890086885
MELISSA,2025-10-28 00:00:00,96,51,351.90528496831337,P50 percentile cone,0.5,0,189969.253387702
MELISSA,2025-10-28 00:00:00,96,51,351.90528496831337,P50 covariance ellipse,0.5,0,196686.04661461283
MELISSA,2025-10-28 00:00:00,96,51,351.90528496831337,P90 percentile cone,0.9,1,924807.36341081
MELISSA,2025-10-28 00:00:00,96,51,351.90528496831337,P90 covariance ellipse,0.9,1,653376.9041214077
MELISSA,2025-10-28 06:00:00,96,51,442.86979824808276,Fixed-radius region,,0,1963.4928890086885
MELISSA,2025-10-28 06:00:00,96,51,442.86979824808276,P50 percentile cone,0.5,0,253333.70441382952
MELISSA,2025-10-28 06:00:00,96,51,442.86979824808276,P50 covariance ellipse,0.5,0,255230.4969560242
MELISSA,2025-10-28 06:00:00,96,51,442.86979824808276,P90 percentile cone,0.9,1,1119278.9356563012
MELISSA,2025-10-28 06:00:00,96,51,442.86979824808276,P90 covariance ellipse,0.9,1,847857.3585102801
NOKAEN,2026-01-15 06:00:00,96,43,246.15130364142513,Fixed-radius region,,0,1963.4928890086885
NOKAEN,2026-01-15 06:00:00,96,43,246.15130364142513,P50 percentile cone,0.5,1,291933.58527217974
NOKAEN,2026-01-15 06:00:00,96,43,246.15130364142513,P50 covariance ellipse,0.5,1,230866.5880424984
NOKAEN,2026-01-15 06:00:00,96,43,246.15130364142513,P90 percentile cone,0.9,1,995158.3863936663
NOKAEN,2026-01-15 06:00:00,96,43,246.15130364142513,P90 covariance ellipse,0.9,1,766922.2049891622
SONIA,2025-10-25 12:00:00,96,25,216.2401247243208,Fixed-radius region,,0,1963.4928890086885
SONIA,2025-10-25 12:00:00,96,25,216.2401247243208,P50 percentile cone,0.5,0,108808.8876262548
SONIA,2025-10-25 12:00:00,96,25,216.2401247243208,P50 covariance ellipse,0.5,1,75643.70825102973
SONIA,2025-10-25 12:00:00,96,25,216.2401247243208,P90 percentile cone,0.9,1,383882.63593955635
SONIA,2025-10-25 12:00:00,96,25,216.2401247243208,P90 covariance ellipse,0.9,1,251282.9596405586
SONIA,2025-10-25 18:00:00,96,20,147.06681627345884,Fixed-radius region,,0,1963.4928890086885
SONIA,2025-10-25 18:00:00,96,20,147.06681627345884,P50 percentile cone,0.5,0,66589.76955936445
SONIA,2025-10-25 18:00:00,96,20,147.06681627345884,P50 covariance ellipse,0.5,1,59048.0140742596
SONIA,2025-10-25 18:00:00,96,20,147.06681627345884,P90 percentile cone,0.9,1,279086.15368706244
SONIA,2025-10-25 18:00:00,96,20,147.06681627345884,P90 covariance ellipse,0.9,1,196153.2569005873
