marker,cyclone_id,forecast_time,horizon_h,member_count,estimator,predicted_vw_exposure,realized_vw_exposure,absolute_error
REAL_HUMANITARIAN_GEOSPATIAL_DATA,DITWAH,2025-11-27 12:00:00,6,51,Deterministic mean-track,596407.5226435204,0.0,596407.5226435204
REAL_HUMANITARIAN_GEOSPATIAL_DATA,DITWAH,2025-11-27 12:00:00,6,51,P90 envelope,7529032.632272897,0.0,7529032.632272897
REAL_HUMANITARIAN_GEOSPATIAL_DATA,DITWAH,2025-11-27 12:00:00,6,51,Ensemble probability-weighted,387066.4498008803,0.0,387066.4498008803
REAL_HUMANITARIAN_GEOSPATIAL_DATA,DITWAH,2025-11-27 18:00:00,6,51,Deterministic mean-track,0.0,358713.77724457503,358713.77724457503
REAL_HUMANITARIAN_GEOSPATIAL_DATA,DITWAH,2025-11-27 18:00:00,6,51,P90 envelope,7619640.841520053,358713.77724457503,7260927.064275478
REAL_HUMANITARIAN_GEOSPATIAL_DATA,DITWAH,2025-11-27 18:00:00,6,51,Ensemble probability-weighted,59886.514650327794,358713.77724457503,298827.26259424724
REAL_HUMANITARIAN_GEOSPATIAL_DATA,DITWAH,2025-11-28 00:00:00,6,51,Deterministic mean-track,0.0,358713.77724457503,358713.77724457503
REAL_HUMANITARIAN_GEOSPATIAL_DATA,DITWAH,2025-11-28 00:00:00,6,51,P90 envelope,4688239.2467345735,358713.77724457503,4329525.469489998
REAL_HUMANITARIAN_GEOSPATIAL_DATA,DITWAH,2025-11-28 00:00:00,6,51,Ensemble probability-weighted,109451.03370361535,358713.77724457503,249262.74354095967
REAL_HUMANITARIAN_GEOSPATIAL_DATA,DITWAH,2025-11-28 06:00:00,6,51,Deterministic mean-track,0.0,0.0,0.0
REAL_HUMANITARIAN_GEOSPATIAL_DATA,DITWAH,2025-11-28 06:00:00,6,51,P90 envelope,5374902.197647665,0.0,5374902.197647665
REAL_HUMANITARIAN_GEOSPATIAL_DATA,DITWAH,2025-11-28 06:00:00,6,51,Ensemble probability-weighted,86868.77427767022,0.0,86868.77427767022
REAL_HUMANITARIAN_GEOSPATIAL_DATA,DITWAH,2025-11-28 12:00:00,6,51,Deterministic mean-track,105791.64677767342,105791.64677767342,0.0
REAL_HUMANITARIAN_GEOSPATIAL_DATA,DITWAH,2025-11-28 12:00:00,6,51,P90 envelope,4317469.07118329,105791.64677767342,4211677.424405617
REAL_HUMANITARIAN_GEOSPATIAL_DATA,DITWAH,2025-11-28 12:00:00,6,51,Ensemble probability-weighted,68757.33721767418,105791.64677767342,37034.30955999924
REAL_HUMANITARIAN_GEOSPATIAL_DATA,DITWAH,2025-11-28 18:00:00,6,51,Deterministic mean-track,105791.64677767342,0.0,105791.64677767342
REAL_HUMANITARIAN_GEOSPATIAL_DATA,DITWAH,2025-11-28 18:00:00,6,51,P90 envelope,2290707.9973384547,0.0,2290707.9973384547
REAL_HUMANITARIAN_GEOSPATIAL_DATA,DITWAH,2025-11-28 18:00:00,6,51,Ensemble probability-weighted,29544.389637515706,0.0,29544.389637515706
REAL_HUMANITARIAN_GEOSPATIAL_DATA,DITWAH,2025-11-29 00:00:00,6,51,Deterministic mean-track,0.0,0.0,0.0
REAL_HUMANITARIAN_GEOSPATIAL_DATA,DITWAH,2025-11-29 00:00:00,6,51,P90 envelope,1033044.1968454169,0.0,1033044.1968454169
REAL_HUMANITARIAN_GEOSPATIAL_DATA,DITWAH,2025-11-29 00:00:00,6,51,Ensemble probability-weighted,23739.021873293685,0.0,23739.021873293685
REAL_HUMANITARIAN_GEOSPATIAL_DATA,DITWAH,2025-11-29 06:00:00,6,51,Deterministic mean-track,0.0,0.0,0.0
REAL_HUMANITARIAN_GEOSPATIAL_DATA,DITWAH,2025-11-29 06:00:00,6,51,P90 envelope,2759888.4250206826,0.0,2759888.4250206826
REAL_HUMANITARIAN_GEOSPATIAL_DATA,DITWAH,2025-11-29 06:00:00,6,51,Ensemble probability-weighted,45169.453467956424,0.0,45169.453467956424
REAL_HUMANITARIAN_GEOSPATIAL_DATA,DITWAH,2025-11-29 12:00:00,6,51,Deterministic mean-track,0.0,0.0,0.0
REAL_HUMANITARIAN_GEOSPATIAL_DATA,DITWAH,2025-11-29 12:00:00,6,51,P90 envelope,330713.40212078224,0.0,330713.40212078224
REAL_HUMANITARIAN_GEOSPATIAL_DATA,DITWAH,2025-11-29 12:00:00,6,51,Ensemble probability-weighted,149.28096990491824,0.0,149.28096990491824
REAL_HUMANITARIAN_GEOSPATIAL_DATA,DITWAH,2025-11-29 18:00:00,6,51,Deterministic mean-track,0.0,0.0,0.0
REAL_HUMANITARIAN_GEOSPATIAL_DATA,DITWAH,2025-11-29 18:00:00,6,51,P90 envelope,211.8674163818359,0.0,211.8674163818359
REAL_HUMANITARIAN_GEOSPATIAL_DATA,DITWAH,2025-11-29 18:00:00,6,51,Ensemble probability-weighted,0.0,0.0,0.0
REAL_HUMANITARIAN_GEOSPATIAL_DATA,DITWAH,2025-11-30 00:00:00,6,51,Deterministic mean-track,0.0,0.0,0.0
REAL_HUMANITARIAN_GEOSPATIAL_DATA,DITWAH,2025-11-30 00:00:00,6,51,P90 envelope,211.8674163818359,0.0,211.8674163818359
REAL_HUMANITARIAN_GEOSPATIAL_DATA,DITWAH,2025-11-30 00:00:00,6,51,Ensemble probability-weighted,0.0,0.0,0.0
REAL_HUMANITARIAN_GEOSPATIAL_DATA,DITWAH,2025-11-30 06:00:00,6,51,Deterministic mean-track,0.0,0.0,0.0
REAL_HUMANITARIAN_GEOSPATIAL_DATA,DITWAH,2025-11-30 06:00:00,6,51,P90 envelope,90372.25162857774,0.0,90372.25162857774
REAL_HUMANITARIAN_GEOSPATIAL_DATA,DITWAH,2025-11-30 06:00:00,6,51,Ensemble probability-weighted,0.0,0.0,0.0
REAL_HUMANITARIAN_GEOSPATIAL_DATA,DITWAH,2025-11-30 12:00:00,6,49,Deterministic mean-track,0.0,0.0,0.0
REAL_HUMANITARIAN_GEOSPATIAL_DATA,DITWAH,2025-11-30 12:00:00,6,49,P90 envelope,90372.25162857774,0.0,90372.25162857774
REAL_HUMANITARIAN_GEOSPATIAL_DATA,DITWAH,2025-11-30 12:00:00,6,49,Ensemble probability-weighted,0.0,0.0,0.0
REAL_HUMANITARIAN_GEOSPATIAL_DATA,DITWAH,2025-11-30 18:00:00,6,46,Deterministic mean-track,0.0,0.0,0.0
REAL_HUMANITARIAN_GEOSPATIAL_DATA,DITWAH,2025-11-30 18:00:00,6,46,P90 envelope,5379155.280819117,0.0,5379155.280819117
REAL_HUMANITARIAN_GEOSPATIAL_DATA,DITWAH,2025-11-30 18:00:00,6,46,Ensemble probability-weighted,0.0,0.0,0.0
REAL_HUMANITARIAN_GEOSPATIAL_DATA,DITWAH,2025-12-01 00:00:00,6,31,Deterministic mean-track,0.0,0.0,0.0
REAL_HUMANITARIAN_GEOSPATIAL_DATA,DITWAH,2025-12-01 00:00:00,6,31,P90 envelope,6725441.000823498,0.0,6725441.000823498
REAL_HUMANITARIAN_GEOSPATIAL_DATA,DITWAH,2025-12-01 00:00:00,6,31,Ensemble probability-weighted,0.0,0.0,0.0
REAL_HUMANITARIAN_GEOSPATIAL_DATA,DITWAH,2025-12-01 06:00:00,6,24,Deterministic mean-track,0.0,0.0,0.0
REAL_HUMANITARIAN_GEOSPATIAL_DATA,DITWAH,2025-12-01 06:00:00,6,24,P90 envelope,5379155.280819117,0.0,5379155.280819117
REAL_HUMANITARIAN_GEOSPATIAL_DATA,DITWAH,2025-12-01 06:00:00,6,24,Ensemble probability-weighted,0.0,0.0,0.0
REAL_HUMANITARIAN_GEOSPATIAL_DATA,DITWAH,2025-12-01 12:00:00,6,9,Deterministic mean-track,0.0,0.0,0.0
REAL_HUMANITARIAN_GEOSPATIAL_DATA,DITWAH,2025-12-01 12:00:00,6,9,P90 envelope,0.0,0.0,0.0
REAL_HUMANITARIAN_GEOSPATIAL_DATA,DITWAH,2025-12-01 12:00:00,6,9,Ensemble probability-weighted,0.0,0.0,0.0
REAL_HUMANITARIAN_GEOSPATIAL_DATA,DITWAH,2025-12-01 18:00:00,6,8,Deterministic mean-track,0.0,0.0,0.0
REAL_HUMANITARIAN_GEOSPATIAL_DATA,DITWAH,2025-12-01 18:00:00,6,8,P90 envelope,6815813.2524520755,0.0,6815813.2524520755
REAL_HUMANITARIAN_GEOSPATIAL_DATA,DITWAH,2025-12-01 18:00:00,6,8,Ensemble probability-weighted,0.0,0.0,0.0
REAL_HUMANITARIAN_GEOSPATIAL_DATA,DITWAH,2025-12-02 00:00:00,6,1,Deterministic mean-track,0.0,0.0,0.0
REAL_HUMANITARIAN_GEOSPATIAL_DATA,DITWAH,2025-12-02 00:00:00,6,1,P90 envelope,5379155.280819117,0.0,5379155.280819117
REAL_HUMANITARIAN_GEOSPATIAL_DATA,DITWAH,2025-12-02 00:00:00,6,1,Ensemble probability-weighted,0.0,0.0,0.0
REAL_HUMANITARIAN_GEOSPATIAL_DATA,DITWAH,2025-12-02 06:00:00,6,2,Deterministic mean-track,0.0,0.0,0.0
REAL_HUMANITARIAN_GEOSPATIAL_DATA,DITWAH,2025-12-02 06:00:00,6,2,P90 envelope,5469527.532447695,0.0,5469527.532447695
REAL_HUMANITARIAN_GEOSPATIAL_DATA,DITWAH,2025-12-02 06:00:00,6,2,Ensemble probability-weighted,45186.12581428887,0.0,45186.12581428887
REAL_HUMANITARIAN_GEOSPATIAL_DATA,DITWAH,2025-12-02 12:00:00,6,11,Deterministic mean-track,90372.25162857774,90372.25162857774,0.0
REAL_HUMANITARIAN_GEOSPATIAL_DATA,DITWAH,2025-12-02 12:00:00,6,11,P90 envelope,8269520.739648335,90372.25162857774,8179148.488019757
REAL_HUMANITARIAN_GEOSPATIAL_DATA,DITWAH,2025-12-02 12:00:00,6,11,Ensemble probability-weighted,41078.29619480806,90372.25162857774,49293.955433769675
REAL_HUMANITARIAN_GEOSPATIAL_DATA,DUDZAI,2026-01-15 06:00:00,6,51,Deterministic mean-track,0.0,0.0,0.0
REAL_HUMANITARIAN_GEOSPATIAL_DATA,DUDZAI,2026-01-15 06:00:00,6,51,P90 envelope,0.0,0.0,0.0
REAL_HUMANITARIAN_GEOSPATIAL_DATA,DUDZAI,2026-01-15 06:00:00,6,51,Ensemble probability-weighted,0.0,0.0,0.0
REAL_HUMANITARIAN_GEOSPATIAL_DATA,FINA,2025-11-18 18:00:00,6,51,Deterministic mean-track,0.0,0.0,0.0
REAL_HUMANITARIAN_GEOSPATIAL_DATA,FINA,2025-11-18 18:00:00,6,51,P90 envelope,0.0,0.0,0.0
REAL_HUMANITARIAN_GEOSPATIAL_DATA,FINA,2025-11-18 18:00:00,6,51,Ensemble probability-weighted,0.0,0.0,0.0
REAL_HUMANITARIAN_GEOSPATIAL_DATA,FINA,2025-11-19 00:00:00,6,51,Deterministic mean-track,0.0,0.0,0.0
REAL_HUMANITARIAN_GEOSPATIAL_DATA,FINA,2025-11-19 00:00:00,6,51,P90 envelope,0.0,0.0,0.0
REAL_HUMANITARIAN_GEOSPATIAL_DATA,FINA,2025-11-19 00:00:00,6,51,Ensemble probability-weighted,0.0,0.0,0.0
REAL_HUMANITARIAN_GEOSPATIAL_DATA,FINA,2025-11-19 06:00:00,6,51,Deterministic mean-track,0.0,0.0,0.0
REAL_HUMANITARIAN_GEOSPATIAL_DATA,FINA,2025-11-19 06:00:00,6,51,P90 envelope,0.0,0.0,0.0
REAL_HUMANITARIAN_GEOSPATIAL_DATA,FINA,2025-11-19 06:00:00,6,51,Ensemble probability-weighted,0.0,0.0,0.0
REAL_HUMANITARIAN_GEOSPATIAL_DATA,FINA,2025-11-19 12:00:00,6,51,Deterministic mean-track,0.0,0.0,0.0
REAL_HUMANITARIAN_GEOSPATIAL_DATA,FINA,2025-11-19 12:00:00,6,51,P90 envelope,0.0,0.0,0.0
REAL_HUMANITARIAN_GEOSPATIAL_DATA,FINA,2025-11-19 12:00:00,6,51,Ensemble probability-weighted,0.0,0.0,0.0
REAL_HUMANITARIAN_GEOSPATIAL_DATA,FINA,2025-11-19 18:00:00,6,51,Deterministic mean-track,0.0,0.0,0.0
REAL_HUMANITARIAN_GEOSPATIAL_DATA,FINA,2025-11-19 18:00:00,6,51,P90 envelope,0.0,0.0,0.0
REAL_HUMANITARIAN_GEOSPATIAL_DATA,FINA,2025-11-19 18:00:00,6,51,Ensemble probability-weighted,0.0,0.0,0.0
REAL_HUMANITARIAN_GEOSPATIAL_DATA,FINA,2025-11-20 00:00:00,6,51,Deterministic mean-track,0.0,0.0,0.0
REAL_HUMANITARIAN_GEOSPATIAL_DATA,FINA,2025-11-20 00:00:00,6,51,P90 envelope,0.0,0.0,0.0
REAL_HUMANITARIAN_GEOSPATIAL_DATA,FINA,2025-11-20 00:00:00,6,51,Ensemble probability-weighted,0.0,0.0,0.0
REAL_HUMANITARIAN_GEOSPATIAL_DATA,FINA,2025-11-20 06:00:00,6,51,Deterministic mean-track,0.0,0.0,0.0
REAL_HUMANITARIAN_GEOSPATIAL_DATA,FINA,2025-11-20 06:00:00,6,51,P90 envelope,0.3487557721055054,0.0,0.3487557721055054
REAL_HUMANITARIAN_GEOSPATIAL_DATA,FINA,2025-11-20 06:00:00,6,51,Ensemble probability-weighted,0.0,0.0,0.0
REAL_HUMANITARIAN_GEOSPATIAL_DATA,FINA,2025-11-20 12:00:00,6,51,Deterministic mean-track,0.0,0.0,0.0
REAL_HUMANITARIAN_GEOSPATIAL_DATA,FINA,2025-11-20 12:00:00,6,51,P90 envelope,0.0,0.0,0.0
REAL_HUMANITARIAN_GEOSPATIAL_DATA,FINA,2025-11-20 12:00:00,6,51,Ensemble probability-weighted,0.0,0.0,0.0
REAL_HUMANITARIAN_GEOSPATIAL_DATA,FINA,2025-11-20 18:00:00,6,51,Deterministic mean-track,0.0,0.0,0.0
REAL_HUMANITARIAN_GEOSPATIAL_DATA,FINA,2025-11-20 18:00:00,6,51,P90 envelope,80.6247598575745,0.0,80.6247598575745
REAL_HUMANITARIAN_GEOSPATIAL_DATA,FINA,2025-11-20 18:00:00,6,51,Ensemble probability-weighted,0.0,0.0,0.0
REAL_HUMANITARIAN_GEOSPATIAL_DATA,FINA,2025-11-21 00:00:00,6,51,Deterministic mean-track,0.0,0.0,0.0
REAL_HUMANITARIAN_GEOSPATIAL_DATA,FINA,2025-11-21 00:00:00,6,51,P90 envelope,83.66799207752669,0.0,83.66799207752669
REAL_HUMANITARIAN_GEOSPATIAL_DATA,FINA,2025-11-21 00:00:00,6,51,Ensemble probability-weighted,1.5808776442661667,0.0,1.5808776442661667
REAL_HUMANITARIAN_GEOSPATIAL_DATA,FINA,2025-11-21 06:00:00,6,51,Deterministic mean-track,0.0,0.0,0.0
REAL_HUMANITARIAN_GEOSPATIAL_DATA,FINA,2025-11-21 06:00:00,6,51,P90 envelope,99.96066464055623,0.0,99.96066464055623
REAL_HUMANITARIAN_GEOSPATIAL_DATA,FINA,2025-11-21 06:00:00,6,51,Ensemble probability-weighted,7.039565217053415,0.0,7.039565217053415
REAL_HUMANITARIAN_GEOSPATIAL_DATA,FINA,2025-11-21 12:00:00,6,51,Deterministic mean-track,0.0,0.0,0.0
REAL_HUMANITARIAN_GEOSPATIAL_DATA,FINA,2025-11-21 12:00:00,6,51,P90 envelope,2784.380081595136,0.0,2784.380081595136
REAL_HUMANITARIAN_GEOSPATIAL_DATA,FINA,2025-11-21 12:00:00,6,51,Ensemble probability-weighted,53.530743142232595,0.0,53.530743142232595
REAL_HUMANITARIAN_GEOSPATIAL_DATA,FINA,2025-11-21 18:00:00,6,51,Deterministic mean-track,0.0,0.0,0.0
REAL_HUMANITARIAN_GEOSPATIAL_DATA,FINA,2025-11-21 18:00:00,6,51,P90 envelope,2703.755321737561,0.0,2703.755321737561
REAL_HUMANITARIAN_GEOSPATIAL_DATA,FINA,2025-11-21 18:00:00,6,51,Ensemble probability-weighted,211.9668856755774,0.0,211.9668856755774
REAL_HUMANITARIAN_GEOSPATIAL_DATA,FINA,2025-11-22 00:00:00,6,51,Deterministic mean-track,2684.4194169545794,0.0,2684.4194169545794
REAL_HUMANITARIAN_GEOSPATIAL_DATA,FINA,2025-11-22 00:00:00,6,51,P90 envelope,21976.838007954295,0.0,21976.838007954295
REAL_HUMANITARIAN_GEOSPATIAL_DATA,FINA,2025-11-22 00:00:00,6,51,Ensemble probability-weighted,965.0746280520585,0.0,965.0746280520585
REAL_HUMANITARIAN_GEOSPATIAL_DATA,FINA,2025-11-22 06:00:00,6,51,Deterministic mean-track,878.2537354137279,878.2537354137279,0.0
REAL_HUMANITARIAN_GEOSPATIAL_DATA,FINA,2025-11-22 06:00:00,6,51,P90 envelope,31225.55741010654,878.2537354137279,30347.303674692812
REAL_HUMANITARIAN_GEOSPATIAL_DATA,FINA,2025-11-22 06:00:00,6,51,Ensemble probability-weighted,674.1879243492981,878.2537354137279,204.0658110644298
REAL_HUMANITARIAN_GEOSPATIAL_DATA,FINA,2025-11-22 12:00:00,6,51,Deterministic mean-track,0.0,0.0,0.0
REAL_HUMANITARIAN_GEOSPATIAL_DATA,FINA,2025-11-22 12:00:00,6,51,P90 envelope,10143.311250485775,0.0,10143.311250485775
REAL_HUMANITARIAN_GEOSPATIAL_DATA,FINA,2025-11-22 12:00:00,6,51,Ensemble probability-weighted,704.1995036755363,0.0,704.1995036755363
REAL_HUMANITARIAN_GEOSPATIAL_DATA,FINA,2025-11-22 18:00:00,6,51,Deterministic mean-track,0.045440356770996004,0.045440356770996004,0.0
REAL_HUMANITARIAN_GEOSPATIAL_DATA,FINA,2025-11-22 18:00:00,6,51,P90 envelope,10143.311250485775,0.045440356770996004,10143.265810129004
REAL_HUMANITARIAN_GEOSPATIAL_DATA,FINA,2025-11-22 18:00:00,6,51,Ensemble probability-weighted,34.544385318477005,0.045440356770996004,34.49894496170601
REAL_HUMANITARIAN_GEOSPATIAL_DATA,FINA,2025-11-23 00:00:00,6,51,Deterministic mean-track,0.0,0.0,0.0
REAL_HUMANITARIAN_GEOSPATIAL_DATA,FINA,2025-11-23 00:00:00,6,51,P90 envelope,6.616474335161904,0.0,6.616474335161904
REAL_HUMANITARIAN_GEOSPATIAL_DATA,FINA,2025-11-23 00:00:00,6,51,Ensemble probability-weighted,0.00534592432599953,0.0,0.00534592432599953
REAL_HUMANITARIAN_GEOSPATIAL_DATA,FINA,2025-11-23 06:00:00,6,51,Deterministic mean-track,0.0,0.0,0.0
REAL_HUMANITARIAN_GEOSPATIAL_DATA,FINA,2025-11-23 06:00:00,6,51,P90 envelope,718.1629696526456,0.0,718.1629696526456
REAL_HUMANITARIAN_GEOSPATIAL_DATA,FINA,2025-11-23 06:00:00,6,51,Ensemble probability-weighted,0.0008909873876665883,0.0,0.0008909873876665883
REAL_HUMANITARIAN_GEOSPATIAL_DATA,FINA,2025-11-23 12:00:00,6,51,Deterministic mean-track,0.0,0.0,0.0
REAL_HUMANITARIAN_GEOSPATIAL_DATA,FINA,2025-11-23 12:00:00,6,51,P90 envelope,7.249170327358108,0.0,7.249170327358108
REAL_HUMANITARIAN_GEOSPATIAL_DATA,FINA,2025-11-23 12:00:00,6,51,Ensemble probability-weighted,0.0,0.0,0.0
REAL_HUMANITARIAN_GEOSPATIAL_DATA,FINA,2025-11-23 18:00:00,6,51,Deterministic mean-track,0.0,0.1337494378194607,0.1337494378194607
REAL_HUMANITARIAN_GEOSPATIAL_DATA,FINA,2025-11-23 18:00:00,6,51,P90 envelope,7.253437336798918,0.1337494378194607,7.119687898979457
REAL_HUMANITARIAN_GEOSPATIAL_DATA,FINA,2025-11-23 18:00:00,6,51,Ensemble probability-weighted,0.0,0.1337494378194607,0.1337494378194607
REAL_HUMANITARIAN_GEOSPATIAL_DATA,FINA,2025-11-24 00:00:00,6,51,Deterministic mean-track,0.0,0.0,0.0
REAL_HUMANITARIAN_GEOSPATIAL_DATA,FINA,2025-11-24 00:00:00,6,51,P90 envelope,15.758070878128784,0.0,15.758070878128784
REAL_HUMANITARIAN_GEOSPATIAL_DATA,FINA,2025-11-24 00:00:00,6,51,Ensemble probability-weighted,0.034092993953980175,0.0,0.034092993953980175
REAL_HUMANITARIAN_GEOSPATIAL_DATA,FINA,2025-11-24 06:00:00,6,51,Deterministic mean-track,0.0,0.0,0.0
REAL_HUMANITARIAN_GEOSPATIAL_DATA,FINA,2025-11-24 06:00:00,6,51,P90 envelope,145.1990696546724,0.0,145.1990696546724
REAL_HUMANITARIAN_GEOSPATIAL_DATA,FINA,2025-11-24 06:00:00,6,51,Ensemble probability-weighted,0.6367954994788064,0.0,0.6367954994788064
REAL_HUMANITARIAN_GEOSPATIAL_DATA,FINA,2025-11-24 12:00:00,6,51,Deterministic mean-track,0.0,0.0,0.0
REAL_HUMANITARIAN_GEOSPATIAL_DATA,FINA,2025-11-24 12:00:00,6,51,P90 envelope,23.276384446197827,0.0,23.276384446197827
REAL_HUMANITARIAN_GEOSPATIAL_DATA,FINA,2025-11-24 12:00:00,6,51,Ensemble probability-weighted,0.29818707405853556,0.0,0.29818707405853556
REAL_HUMANITARIAN_GEOSPATIAL_DATA,FINA,2025-11-24 18:00:00,6,51,Deterministic mean-track,2.4670042423476874,8.062700479216785,5.595696236869097
REAL_HUMANITARIAN_GEOSPATIAL_DATA,FINA,2025-11-24 18:00:00,6,51,P90 envelope,132.5904063772993,8.062700479216785,124.52770589808252
REAL_HUMANITARIAN_GEOSPATIAL_DATA,FINA,2025-11-24 18:00:00,6,51,Ensemble probability-weighted,0.7439761623903838,8.062700479216785,7.318724316826401
REAL_HUMANITARIAN_GEOSPATIAL_DATA,FINA,2025-11-25 00:00:00,6,51,Deterministic mean-track,0.0,0.0,0.0
REAL_HUMANITARIAN_GEOSPATIAL_DATA,FINA,2025-11-25 00:00:00,6,51,P90 envelope,148.94486383345674,0.0,148.94486383345674
REAL_HUMANITARIAN_GEOSPATIAL_DATA,FINA,2025-11-25 00:00:00,6,51,Ensemble probability-weighted,1.590371485843027,0.0,1.590371485843027
REAL_HUMANITARIAN_GEOSPATIAL_DATA,FUNG-WONG,2025-11-05 18:00:00,6,50,Deterministic mean-track,0.0,0.0,0.0
REAL_HUMANITARIAN_GEOSPATIAL_DATA,FUNG-WONG,2025-11-05 18:00:00,6,50,P90 envelope,493.99999625235796,0.0,493.99999625235796
REAL_HUMANITARIAN_GEOSPATIAL_DATA,FUNG-WONG,2025-11-05 18:00:00,6,50,Ensemble probability-weighted,20.177011453211307,0.0,20.177011453211307
REAL_HUMANITARIAN_GEOSPATIAL_DATA,FUNG-WONG,2025-11-06 00:00:00,6,50,Deterministic mean-track,95.0377455949783,95.0377455949783,0.0
REAL_HUMANITARIAN_GEOSPATIAL_DATA,FUNG-WONG,2025-11-06 00:00:00,6,50,P90 envelope,4189.499975942075,95.0377455949783,4094.462230347097
REAL_HUMANITARIAN_GEOSPATIAL_DATA,FUNG-WONG,2025-11-06 00:00:00,6,50,Ensemble probability-weighted,7.979245013147594,95.0377455949783,87.05850058183071
REAL_HUMANITARIAN_GEOSPATIAL_DATA,FUNG-WONG,2025-11-06 06:00:00,6,51,Deterministic mean-track,0.0,0.0,0.0
REAL_HUMANITARIAN_GEOSPATIAL_DATA,FUNG-WONG,2025-11-06 06:00:00,6,51,P90 envelope,4152.406393222511,0.0,4152.406393222511
REAL_HUMANITARIAN_GEOSPATIAL_DATA,FUNG-WONG,2025-11-06 06:00:00,6,51,Ensemble probability-weighted,5.590455623234018,0.0,5.590455623234018
REAL_HUMANITARIAN_GEOSPATIAL_DATA,FUNG-WONG,2025-11-06 12:00:00,6,51,Deterministic mean-track,0.0,0.0,0.0
REAL_HUMANITARIAN_GEOSPATIAL_DATA,FUNG-WONG,2025-11-06 12:00:00,6,51,P90 envelope,4057.368647627533,0.0,4057.368647627533
REAL_HUMANITARIAN_GEOSPATIAL_DATA,FUNG-WONG,2025-11-06 12:00:00,6,51,Ensemble probability-weighted,0.0,0.0,0.0
REAL_HUMANITARIAN_GEOSPATIAL_DATA,FUNG-WONG,2025-11-06 18:00:00,6,51,Deterministic mean-track,0.0,0.0,0.0
REAL_HUMANITARIAN_GEOSPATIAL_DATA,FUNG-WONG,2025-11-06 18:00:00,6,51,P90 envelope,0.0,0.0,0.0
REAL_HUMANITARIAN_GEOSPATIAL_DATA,FUNG-WONG,2025-11-06 18:00:00,6,51,Ensemble probability-weighted,72.46078391548465,0.0,72.46078391548465
REAL_HUMANITARIAN_GEOSPATIAL_DATA,FUNG-WONG,2025-11-07 00:00:00,6,51,Deterministic mean-track,0.0,0.0,0.0
REAL_HUMANITARIAN_GEOSPATIAL_DATA,FUNG-WONG,2025-11-07 00:00:00,6,51,P90 envelope,0.0,0.0,0.0
REAL_HUMANITARIAN_GEOSPATIAL_DATA,FUNG-WONG,2025-11-07 00:00:00,6,51,Ensemble probability-weighted,0.0,0.0,0.0
REAL_HUMANITARIAN_GEOSPATIAL_DATA,FUNG-WONG,2025-11-07 06:00:00,6,51,Deterministic mean-track,0.0,0.0,0.0
REAL_HUMANITARIAN_GEOSPATIAL_DATA,FUNG-WONG,2025-11-07 06:00:00,6,51,P90 envelope,0.0,0.0,0.0
REAL_HUMANITARIAN_GEOSPATIAL_DATA,FUNG-WONG,2025-11-07 06:00:00,6,51,Ensemble probability-weighted,0.0,0.0,0.0
REAL_HUMANITARIAN_GEOSPATIAL_DATA,FUNG-WONG,2025-11-07 12:00:00,6,51,Deterministic mean-track,0.0,0.0,0.0
REAL_HUMANITARIAN_GEOSPATIAL_DATA,FUNG-WONG,2025-11-07 12:00:00,6,51,P90 envelope,0.0,0.0,0.0
REAL_HUMANITARIAN_GEOSPATIAL_DATA,FUNG-WONG,2025-11-07 12:00:00,6,51,Ensemble probability-weighted,0.0,0.0,0.0
REAL_HUMANITARIAN_GEOSPATIAL_DATA,FUNG-WONG,2025-11-07 18:00:00,6,51,Deterministic mean-track,0.0,0.0,0.0
REAL_HUMANITARIAN_GEOSPATIAL_DATA,FUNG-WONG,2025-11-07 18:00:00,6,51,P90 envelope,0.0,0.0,0.0
REAL_HUMANITARIAN_GEOSPATIAL_DATA,FUNG-WONG,2025-11-07 18:00:00,6,51,Ensemble probability-weighted,0.0,0.0,0.0
REAL_HUMANITARIAN_GEOSPATIAL_DATA,FUNG-WONG,2025-11-08 00:00:00,6,51,Deterministic mean-track,0.0,0.0,0.0
REAL_HUMANITARIAN_GEOSPATIAL_DATA,FUNG-WONG,2025-11-08 00:00:00,6,51,P90 envelope,0.0,0.0,0.0
REAL_HUMANITARIAN_GEOSPATIAL_DATA,FUNG-WONG,2025-11-08 00:00:00,6,51,Ensemble probability-weighted,0.0,0.0,0.0
REAL_HUMANITARIAN_GEOSPATIAL_DATA,FUNG-WONG,2025-11-08 06:00:00,6,51,Deterministic mean-track,0.0,0.0,0.0
REAL_HUMANITARIAN_GEOSPATIAL_DATA,FUNG-WONG,2025-11-08 06:00:00,6,51,P90 envelope,0.0,0.0,0.0
REAL_HUMANITARIAN_GEOSPATIAL_DATA,FUNG-WONG,2025-11-08 06:00:00,6,51,Ensemble probability-weighted,0.0,0.0,0.0
REAL_HUMANITARIAN_GEOSPATIAL_DATA,FUNG-WONG,2025-11-08 12:00:00,6,51,Deterministic mean-track,0.0,0.0,0.0
REAL_HUMANITARIAN_GEOSPATIAL_DATA,FUNG-WONG,2025-11-08 12:00:00,6,51,P90 envelope,0.0,0.0,0.0
REAL_HUMANITARIAN_GEOSPATIAL_DATA,FUNG-WONG,2025-11-08 12:00:00,6,51,Ensemble probability-weighted,0.0,0.0,0.0
REAL_HUMANITARIAN_GEOSPATIAL_DATA,FUNG-WONG,2025-11-08 18:00:00,6,51,Deterministic mean-track,0.0,0.0,0.0
REAL_HUMANITARIAN_GEOSPATIAL_DATA,FUNG-WONG,2025-11-08 18:00:00,6,51,P90 envelope,773474.5061429731,0.0,773474.5061429731
REAL_HUMANITARIAN_GEOSPATIAL_DATA,FUNG-WONG,2025-11-08 18:00:00,6,51,Ensemble probability-weighted,4442.223292081963,0.0,4442.223292081963
REAL_HUMANITARIAN_GEOSPATIAL_DATA,FUNG-WONG,2025-11-09 00:00:00,6,51,Deterministic mean-track,0.0,0.0,0.0
REAL_HUMANITARIAN_GEOSPATIAL_DATA,FUNG-WONG,2025-11-09 00:00:00,6,51,P90 envelope,226926.8901047413,0.0,226926.8901047413
REAL_HUMANITARIAN_GEOSPATIAL_DATA,FUNG-WONG,2025-11-09 00:00:00,6,51,Ensemble probability-weighted,778.6604419257125,0.0,778.6604419257125
REAL_HUMANITARIAN_GEOSPATIAL_DATA,FUNG-WONG,2025-11-09 06:00:00,6,51,Deterministic mean-track,257.2674131095409,0.0,257.2674131095409
REAL_HUMANITARIAN_GEOSPATIAL_DATA,FUNG-WONG,2025-11-09 06:00:00,6,51,P90 envelope,870306.6705730135,0.0,870306.6705730135
REAL_HUMANITARIAN_GEOSPATIAL_DATA,FUNG-WONG,2025-11-09 06:00:00,6,51,Ensemble probability-weighted,19246.75874988177,0.0,19246.75874988177
REAL_HUMANITARIAN_GEOSPATIAL_DATA,FUNG-WONG,2025-11-09 12:00:00,6,51,Deterministic mean-track,262280.98083442403,262280.98083442403,0.0
REAL_HUMANITARIAN_GEOSPATIAL_DATA,FUNG-WONG,2025-11-09 12:00:00,6,51,P90 envelope,1334108.5292552118,262280.98083442403,1071827.5484207878
REAL_HUMANITARIAN_GEOSPATIAL_DATA,FUNG-WONG,2025-11-09 12:00:00,6,51,Ensemble probability-weighted,123698.04189933493,262280.98083442403,138582.9389350891
REAL_HUMANITARIAN_GEOSPATIAL_DATA,FUNG-WONG,2025-11-09 18:00:00,6,51,Deterministic mean-track,0.0,0.0,0.0
REAL_HUMANITARIAN_GEOSPATIAL_DATA,FUNG-WONG,2025-11-09 18:00:00,6,51,P90 envelope,276137.5776743288,0.0,276137.5776743288
REAL_HUMANITARIAN_GEOSPATIAL_DATA,FUNG-WONG,2025-11-09 18:00:00,6,51,Ensemble probability-weighted,271.69797725303505,0.0,271.69797725303505
REAL_HUMANITARIAN_GEOSPATIAL_DATA,FUNG-WONG,2025-11-10 00:00:00,6,51,Deterministic mean-track,0.0,0.0,0.0
REAL_HUMANITARIAN_GEOSPATIAL_DATA,FUNG-WONG,2025-11-10 00:00:00,6,51,P90 envelope,13856.596839904787,0.0,13856.596839904787
REAL_HUMANITARIAN_GEOSPATIAL_DATA,FUNG-WONG,2025-11-10 00:00:00,6,51,Ensemble probability-weighted,271.69797725303505,0.0,271.69797725303505
REAL_HUMANITARIAN_GEOSPATIAL_DATA,FUNG-WONG,2025-11-10 06:00:00,6,51,Deterministic mean-track,0.0,0.0,0.0
REAL_HUMANITARIAN_GEOSPATIAL_DATA,FUNG-WONG,2025-11-10 06:00:00,6,51,P90 envelope,0.0,0.0,0.0
REAL_HUMANITARIAN_GEOSPATIAL_DATA,FUNG-WONG,2025-11-10 06:00:00,6,51,Ensemble probability-weighted,0.0,0.0,0.0
REAL_HUMANITARIAN_GEOSPATIAL_DATA,FUNG-WONG,2025-11-10 12:00:00,6,51,Deterministic mean-track,0.0,0.0,0.0
REAL_HUMANITARIAN_GEOSPATIAL_DATA,FUNG-WONG,2025-11-10 12:00:00,6,51,P90 envelope,0.0,0.0,0.0
REAL_HUMANITARIAN_GEOSPATIAL_DATA,FUNG-WONG,2025-11-10 12:00:00,6,51,Ensemble probability-weighted,0.0,0.0,0.0
REAL_HUMANITARIAN_GEOSPATIAL_DATA,FUNG-WONG,2025-11-10 18:00:00,6,51,Deterministic mean-track,0.0,0.0,0.0
REAL_HUMANITARIAN_GEOSPATIAL_DATA,FUNG-WONG,2025-11-10 18:00:00,6,51,P90 envelope,0.0,0.0,0.0
REAL_HUMANITARIAN_GEOSPATIAL_DATA,FUNG-WONG,2025-11-10 18:00:00,6,51,Ensemble probability-weighted,0.0,0.0,0.0
REAL_HUMANITARIAN_GEOSPATIAL_DATA,FUNG-WONG,2025-11-11 00:00:00,6,51,Deterministic mean-track,0.0,0.0,0.0
REAL_HUMANITARIAN_GEOSPATIAL_DATA,FUNG-WONG,2025-11-11 00:00:00,6,51,P90 envelope,0.0,0.0,0.0
REAL_HUMANITARIAN_GEOSPATIAL_DATA,FUNG-WONG,2025-11-11 00:00:00,6,51,Ensemble probability-weighted,0.0,0.0,0.0
REAL_HUMANITARIAN_GEOSPATIAL_DATA,FUNG-WONG,2025-11-11 06:00:00,6,51,Deterministic mean-track,0.0,0.0,0.0
REAL_HUMANITARIAN_GEOSPATIAL_DATA,FUNG-WONG,2025-11-11 06:00:00,6,51,P90 envelope,0.0,0.0,0.0
REAL_HUMANITARIAN_GEOSPATIAL_DATA,FUNG-WONG,2025-11-11 06:00:00,6,51,Ensemble probability-weighted,0.0,0.0,0.0
REAL_HUMANITARIAN_GEOSPATIAL_DATA,FUNG-WONG,2025-11-11 12:00:00,6,51,Deterministic mean-track,0.0,0.0,0.0
REAL_HUMANITARIAN_GEOSPATIAL_DATA,FUNG-WONG,2025-11-11 12:00:00,6,51,P90 envelope,0.0,0.0,0.0
REAL_HUMANITARIAN_GEOSPATIAL_DATA,FUNG-WONG,2025-11-11 12:00:00,6,51,Ensemble probability-weighted,0.0,0.0,0.0
REAL_HUMANITARIAN_GEOSPATIAL_DATA,FUNG-WONG,2025-11-11 18:00:00,6,51,Deterministic mean-track,0.0,0.0,0.0
REAL_HUMANITARIAN_GEOSPATIAL_DATA,FUNG-WONG,2025-11-11 18:00:00,6,51,P90 envelope,0.0,0.0,0.0
REAL_HUMANITARIAN_GEOSPATIAL_DATA,FUNG-WONG,2025-11-11 18:00:00,6,51,Ensemble probability-weighted,0.0,0.0,0.0
REAL_HUMANITARIAN_GEOSPATIAL_DATA,FUNG-WONG,2025-11-12 00:00:00,6,51,Deterministic mean-track,0.0,0.0,0.0
REAL_HUMANITARIAN_GEOSPATIAL_DATA,FUNG-WONG,2025-11-12 00:00:00,6,51,P90 envelope,0.0,0.0,0.0
REAL_HUMANITARIAN_GEOSPATIAL_DATA,FUNG-WONG,2025-11-12 00:00:00,6,51,Ensemble probability-weighted,0.0,0.0,0.0
REAL_HUMANITARIAN_GEOSPATIAL_DATA,FUNG-WONG,2025-11-12 06:00:00,6,51,Deterministic mean-track,0.0,0.0,0.0
REAL_HUMANITARIAN_GEOSPATIAL_DATA,FUNG-WONG,2025-11-12 06:00:00,6,51,P90 envelope,1818143.748997049,0.0,1818143.748997049
REAL_HUMANITARIAN_GEOSPATIAL_DATA,FUNG-WONG,2025-11-12 06:00:00,6,51,Ensemble probability-weighted,5163.913634163494,0.0,5163.913634163494
REAL_HUMANITARIAN_GEOSPATIAL_DATA,FUNG-WONG,2025-11-12 12:00:00,6,20,Deterministic mean-track,0.0,0.0,0.0
REAL_HUMANITARIAN_GEOSPATIAL_DATA,FUNG-WONG,2025-11-12 12:00:00,6,20,P90 envelope,5392731.057614274,0.0,5392731.057614274
REAL_HUMANITARIAN_GEOSPATIAL_DATA,FUNG-WONG,2025-11-12 12:00:00,6,20,Ensemble probability-weighted,207415.89505250286,0.0,207415.89505250286
REAL_HUMANITARIAN_GEOSPATIAL_DATA,FUNG-WONG,2025-11-12 18:00:00,6,8,Deterministic mean-track,396.0176171660423,396.0176171660423,0.0
REAL_HUMANITARIAN_GEOSPATIAL_DATA,FUNG-WONG,2025-11-12 18:00:00,6,8,P90 envelope,7399.377772753122,396.0176171660423,7003.36015558708
REAL_HUMANITARIAN_GEOSPATIAL_DATA,FUNG-WONG,2025-11-12 18:00:00,6,8,Ensemble probability-weighted,49.50220214575529,396.0176171660423,346.51541502028704
REAL_HUMANITARIAN_GEOSPATIAL_DATA,FUNG-WONG,2025-11-13 00:00:00,6,6,Deterministic mean-track,0.0,0.0,0.0
REAL_HUMANITARIAN_GEOSPATIAL_DATA,FUNG-WONG,2025-11-13 00:00:00,6,6,P90 envelope,24864.023878035143,0.0,24864.023878035143
REAL_HUMANITARIAN_GEOSPATIAL_DATA,FUNG-WONG,2025-11-13 00:00:00,6,6,Ensemble probability-weighted,0.0,0.0,0.0
REAL_HUMANITARIAN_GEOSPATIAL_DATA,FUNG-WONG,2025-11-13 06:00:00,6,1,Deterministic mean-track,0.0,0.0,0.0
REAL_HUMANITARIAN_GEOSPATIAL_DATA,FUNG-WONG,2025-11-13 06:00:00,6,1,P90 envelope,0.0,0.0,0.0
REAL_HUMANITARIAN_GEOSPATIAL_DATA,FUNG-WONG,2025-11-13 06:00:00,6,1,Ensemble probability-weighted,0.0,0.0,0.0
REAL_HUMANITARIAN_GEOSPATIAL_DATA,GEZANI,2026-02-10 00:00:00,6,51,Deterministic mean-track,0.0,0.0,0.0
REAL_HUMANITARIAN_GEOSPATIAL_DATA,GEZANI,2026-02-10 00:00:00,6,51,P90 envelope,0.0,0.0,0.0
REAL_HUMANITARIAN_GEOSPATIAL_DATA,GEZANI,2026-02-10 00:00:00,6,51,Ensemble probability-weighted,0.0,0.0,0.0
REAL_HUMANITARIAN_GEOSPATIAL_DATA,GEZANI,2026-02-10 06:00:00,6,51,Deterministic mean-track,0.0,0.0,0.0
REAL_HUMANITARIAN_GEOSPATIAL_DATA,GEZANI,2026-02-10 06:00:00,6,51,P90 envelope,303624.6960663272,0.0,303624.6960663272
REAL_HUMANITARIAN_GEOSPATIAL_DATA,GEZANI,2026-02-10 06:00:00,6,51,Ensemble probability-weighted,16780.785558426487,0.0,16780.785558426487
REAL_HUMANITARIAN_GEOSPATIAL_DATA,GEZANI,2026-02-10 12:00:00,6,51,Deterministic mean-track,0.0,0.0,0.0
REAL_HUMANITARIAN_GEOSPATIAL_DATA,GEZANI,2026-02-10 12:00:00,6,51,P90 envelope,660389.8161837982,0.0,660389.8161837982
REAL_HUMANITARIAN_GEOSPATIAL_DATA,GEZANI,2026-02-10 12:00:00,6,51,Ensemble probability-weighted,22159.66011326157,0.0,22159.66011326157
REAL_HUMANITARIAN_GEOSPATIAL_DATA,GEZANI,2026-02-10 18:00:00,6,51,Deterministic mean-track,196633.9171153314,0.0,196633.9171153314
REAL_HUMANITARIAN_GEOSPATIAL_DATA,GEZANI,2026-02-10 18:00:00,6,51,P90 envelope,2958084.7468982614,0.0,2958084.7468982614
REAL_HUMANITARIAN_GEOSPATIAL_DATA,GEZANI,2026-02-10 18:00:00,6,51,Ensemble probability-weighted,54741.156473752475,0.0,54741.156473752475
REAL_HUMANITARIAN_GEOSPATIAL_DATA,GEZANI,2026-02-11 00:00:00,6,46,Deterministic mean-track,0.0,0.0,0.0
REAL_HUMANITARIAN_GEOSPATIAL_DATA,GEZANI,2026-02-11 00:00:00,6,46,P90 envelope,1067547.7530778171,0.0,1067547.7530778171
REAL_HUMANITARIAN_GEOSPATIAL_DATA,GEZANI,2026-02-11 00:00:00,6,46,Ensemble probability-weighted,7225.228804460223,0.0,7225.228804460223
REAL_HUMANITARIAN_GEOSPATIAL_DATA,GEZANI,2026-02-11 06:00:00,6,51,Deterministic mean-track,0.0,0.0,0.0
REAL_HUMANITARIAN_GEOSPATIAL_DATA,GEZANI,2026-02-11 06:00:00,6,51,P90 envelope,183064.81898922997,0.0,183064.81898922997
REAL_HUMANITARIAN_GEOSPATIAL_DATA,GEZANI,2026-02-11 06:00:00,6,51,Ensemble probability-weighted,3621.462215806032,0.0,3621.462215806032
REAL_HUMANITARIAN_GEOSPATIAL_DATA,GEZANI,2026-02-11 12:00:00,6,51,Deterministic mean-track,0.47040051221847534,0.0,0.47040051221847534
REAL_HUMANITARIAN_GEOSPATIAL_DATA,GEZANI,2026-02-11 12:00:00,6,51,P90 envelope,25282.972256779223,0.0,25282.972256779223
REAL_HUMANITARIAN_GEOSPATIAL_DATA,GEZANI,2026-02-11 12:00:00,6,51,Ensemble probability-weighted,278.162544578935,0.0,278.162544578935
REAL_HUMANITARIAN_GEOSPATIAL_DATA,GEZANI,2026-02-11 18:00:00,6,51,Deterministic mean-track,0.0,0.0,0.0
REAL_HUMANITARIAN_GEOSPATIAL_DATA,GEZANI,2026-02-11 18:00:00,6,51,P90 envelope,0.0,0.0,0.0
REAL_HUMANITARIAN_GEOSPATIAL_DATA,GEZANI,2026-02-11 18:00:00,6,51,Ensemble probability-weighted,0.0,0.0,0.0
REAL_HUMANITARIAN_GEOSPATIAL_DATA,GEZANI,2026-02-12 00:00:00,6,51,Deterministic mean-track,0.0,0.0,0.0
REAL_HUMANITARIAN_GEOSPATIAL_DATA,GEZANI,2026-02-12 00:00:00,6,51,P90 envelope,0.0,0.0,0.0
REAL_HUMANITARIAN_GEOSPATIAL_DATA,GEZANI,2026-02-12 00:00:00,6,51,Ensemble probability-weighted,0.0,0.0,0.0
REAL_HUMANITARIAN_GEOSPATIAL_DATA,GEZANI,2026-02-12 06:00:00,6,51,Deterministic mean-track,0.0,0.0,0.0
REAL_HUMANITARIAN_GEOSPATIAL_DATA,GEZANI,2026-02-12 06:00:00,6,51,P90 envelope,0.0,0.0,0.0
REAL_HUMANITARIAN_GEOSPATIAL_DATA,GEZANI,2026-02-12 06:00:00,6,51,Ensemble probability-weighted,0.0,0.0,0.0
REAL_HUMANITARIAN_GEOSPATIAL_DATA,GEZANI,2026-02-12 12:00:00,6,51,Deterministic mean-track,0.0,0.0,0.0
REAL_HUMANITARIAN_GEOSPATIAL_DATA,GEZANI,2026-02-12 12:00:00,6,51,P90 envelope,0.0,0.0,0.0
REAL_HUMANITARIAN_GEOSPATIAL_DATA,GEZANI,2026-02-12 12:00:00,6,51,Ensemble probability-weighted,0.0,0.0,0.0
REAL_HUMANITARIAN_GEOSPATIAL_DATA,GEZANI,2026-02-12 18:00:00,6,51,Deterministic mean-track,0.0,0.0,0.0
REAL_HUMANITARIAN_GEOSPATIAL_DATA,GEZANI,2026-02-12 18:00:00,6,51,P90 envelope,0.0,0.0,0.0
REAL_HUMANITARIAN_GEOSPATIAL_DATA,GEZANI,2026-02-12 18:00:00,6,51,Ensemble probability-weighted,0.0,0.0,0.0
REAL_HUMANITARIAN_GEOSPATIAL_DATA,GEZANI,2026-02-13 00:00:00,6,51,Deterministic mean-track,0.0,0.0,0.0
REAL_HUMANITARIAN_GEOSPATIAL_DATA,GEZANI,2026-02-13 00:00:00,6,51,P90 envelope,0.0,0.0,0.0
REAL_HUMANITARIAN_GEOSPATIAL_DATA,GEZANI,2026-02-13 00:00:00,6,51,Ensemble probability-weighted,0.0,0.0,0.0
REAL_HUMANITARIAN_GEOSPATIAL_DATA,GEZANI,2026-02-13 06:00:00,6,51,Deterministic mean-track,0.0,0.0,0.0
REAL_HUMANITARIAN_GEOSPATIAL_DATA,GEZANI,2026-02-13 06:00:00,6,51,P90 envelope,88451.38569498056,0.0,88451.38569498056
REAL_HUMANITARIAN_GEOSPATIAL_DATA,GEZANI,2026-02-13 06:00:00,6,51,Ensemble probability-weighted,0.0,0.0,0.0
REAL_HUMANITARIAN_GEOSPATIAL_DATA,GEZANI,2026-02-13 12:00:00,6,51,Deterministic mean-track,0.0,0.0,0.0
REAL_HUMANITARIAN_GEOSPATIAL_DATA,GEZANI,2026-02-13 12:00:00,6,51,P90 envelope,311119.4990557286,0.0,311119.4990557286
REAL_HUMANITARIAN_GEOSPATIAL_DATA,GEZANI,2026-02-13 12:00:00,6,51,Ensemble probability-weighted,6100.382334426051,0.0,6100.382334426051
REAL_HUMANITARIAN_GEOSPATIAL_DATA,GEZANI,2026-02-13 18:00:00,6,51,Deterministic mean-track,0.0,0.0,0.0
REAL_HUMANITARIAN_GEOSPATIAL_DATA,GEZANI,2026-02-13 18:00:00,6,51,P90 envelope,690475.5454413584,0.0,690475.5454413584
REAL_HUMANITARIAN_GEOSPATIAL_DATA,GEZANI,2026-02-13 18:00:00,6,51,Ensemble probability-weighted,12325.152013649526,0.0,12325.152013649526
REAL_HUMANITARIAN_GEOSPATIAL_DATA,KALMAEGI,2025-11-01 12:00:00,6,49,Deterministic mean-track,0.0,0.0,0.0
REAL_HUMANITARIAN_GEOSPATIAL_DATA,KALMAEGI,2025-11-01 12:00:00,6,49,P90 envelope,0.0,0.0,0.0
REAL_HUMANITARIAN_GEOSPATIAL_DATA,KALMAEGI,2025-11-01 12:00:00,6,49,Ensemble probability-weighted,0.0,0.0,0.0
REAL_HUMANITARIAN_GEOSPATIAL_DATA,KALMAEGI,2025-11-01 18:00:00,6,51,Deterministic mean-track,0.0,0.0,0.0
REAL_HUMANITARIAN_GEOSPATIAL_DATA,KALMAEGI,2025-11-01 18:00:00,6,51,P90 envelope,0.0,0.0,0.0
REAL_HUMANITARIAN_GEOSPATIAL_DATA,KALMAEGI,2025-11-01 18:00:00,6,51,Ensemble probability-weighted,0.0,0.0,0.0
REAL_HUMANITARIAN_GEOSPATIAL_DATA,KALMAEGI,2025-11-02 00:00:00,6,51,Deterministic mean-track,0.0,0.0,0.0
REAL_HUMANITARIAN_GEOSPATIAL_DATA,KALMAEGI,2025-11-02 00:00:00,6,51,P90 envelope,0.0,0.0,0.0
REAL_HUMANITARIAN_GEOSPATIAL_DATA,KALMAEGI,2025-11-02 00:00:00,6,51,Ensemble probability-weighted,0.0,0.0,0.0
REAL_HUMANITARIAN_GEOSPATIAL_DATA,KALMAEGI,2025-11-02 12:00:00,6,51,Deterministic mean-track,0.0,0.0,0.0
REAL_HUMANITARIAN_GEOSPATIAL_DATA,KALMAEGI,2025-11-02 12:00:00,6,51,P90 envelope,0.0,0.0,0.0
REAL_HUMANITARIAN_GEOSPATIAL_DATA,KALMAEGI,2025-11-02 12:00:00,6,51,Ensemble probability-weighted,0.0,0.0,0.0
REAL_HUMANITARIAN_GEOSPATIAL_DATA,KALMAEGI,2025-11-02 18:00:00,6,51,Deterministic mean-track,0.0,0.0,0.0
REAL_HUMANITARIAN_GEOSPATIAL_DATA,KALMAEGI,2025-11-02 18:00:00,6,51,P90 envelope,0.0,0.0,0.0
REAL_HUMANITARIAN_GEOSPATIAL_DATA,KALMAEGI,2025-11-02 18:00:00,6,51,Ensemble probability-weighted,0.0,0.0,0.0
REAL_HUMANITARIAN_GEOSPATIAL_DATA,KALMAEGI,2025-11-03 00:00:00,6,51,Deterministic mean-track,0.0,0.0,0.0
REAL_HUMANITARIAN_GEOSPATIAL_DATA,KALMAEGI,2025-11-03 00:00:00,6,51,P90 envelope,101689.69155758966,0.0,101689.69155758966
REAL_HUMANITARIAN_GEOSPATIAL_DATA,KALMAEGI,2025-11-03 00:00:00,6,51,Ensemble probability-weighted,0.0,0.0,0.0
REAL_HUMANITARIAN_GEOSPATIAL_DATA,KALMAEGI,2025-11-03 06:00:00,6,51,Deterministic mean-track,0.0,4609.988884359599,4609.988884359599
REAL_HUMANITARIAN_GEOSPATIAL_DATA,KALMAEGI,2025-11-03 06:00:00,6,51,P90 envelope,1717079.7853377932,4609.988884359599,1712469.7964534336
REAL_HUMANITARIAN_GEOSPATIAL_DATA,KALMAEGI,2025-11-03 06:00:00,6,51,Ensemble probability-weighted,1695.120563380859,4609.988884359599,2914.86832097874
REAL_HUMANITARIAN_GEOSPATIAL_DATA,KALMAEGI,2025-11-03 12:00:00,6,51,Deterministic mean-track,0.0,0.0,0.0
REAL_HUMANITARIAN_GEOSPATIAL_DATA,KALMAEGI,2025-11-03 12:00:00,6,51,P90 envelope,3216404.1563900043,0.0,3216404.1563900043
REAL_HUMANITARIAN_GEOSPATIAL_DATA,KALMAEGI,2025-11-03 12:00:00,6,51,Ensemble probability-weighted,76437.07151835391,0.0,76437.07151835391
REAL_HUMANITARIAN_GEOSPATIAL_DATA,KALMAEGI,2025-11-03 18:00:00,6,51,Deterministic mean-track,0.0,942031.4169349069,942031.4169349069
REAL_HUMANITARIAN_GEOSPATIAL_DATA,KALMAEGI,2025-11-03 18:00:00,6,51,P90 envelope,5135452.656347814,942031.4169349069,4193421.239412907
REAL_HUMANITARIAN_GEOSPATIAL_DATA,KALMAEGI,2025-11-03 18:00:00,6,51,Ensemble probability-weighted,269837.9678961824,942031.4169349069,672193.4490387244
REAL_HUMANITARIAN_GEOSPATIAL_DATA,KALMAEGI,2025-11-04 00:00:00,6,51,Deterministic mean-track,0.0,0.0,0.0
REAL_HUMANITARIAN_GEOSPATIAL_DATA,KALMAEGI,2025-11-04 00:00:00,6,51,P90 envelope,2921607.9455636875,0.0,2921607.9455636875
REAL_HUMANITARIAN_GEOSPATIAL_DATA,KALMAEGI,2025-11-04 00:00:00,6,51,Ensemble probability-weighted,175740.75578646967,0.0,175740.75578646967
REAL_HUMANITARIAN_GEOSPATIAL_DATA,KALMAEGI,2025-11-04 06:00:00,6,51,Deterministic mean-track,0.0,0.0,0.0
REAL_HUMANITARIAN_GEOSPATIAL_DATA,KALMAEGI,2025-11-04 06:00:00,6,51,P90 envelope,1067868.126111982,0.0,1067868.126111982
REAL_HUMANITARIAN_GEOSPATIAL_DATA,KALMAEGI,2025-11-04 06:00:00,6,51,Ensemble probability-weighted,5561.636271568195,0.0,5561.636271568195
REAL_HUMANITARIAN_GEOSPATIAL_DATA,KALMAEGI,2025-11-04 12:00:00,6,51,Deterministic mean-track,0.0,0.0,0.0
REAL_HUMANITARIAN_GEOSPATIAL_DATA,KALMAEGI,2025-11-04 12:00:00,6,51,P90 envelope,80634.41141946428,0.0,80634.41141946428
REAL_HUMANITARIAN_GEOSPATIAL_DATA,KALMAEGI,2025-11-04 12:00:00,6,51,Ensemble probability-weighted,5868.036839822748,0.0,5868.036839822748
REAL_HUMANITARIAN_GEOSPATIAL_DATA,KALMAEGI,2025-11-04 18:00:00,6,51,Deterministic mean-track,16329.919994425032,0.0,16329.919994425032
REAL_HUMANITARIAN_GEOSPATIAL_DATA,KALMAEGI,2025-11-04 18:00:00,6,51,P90 envelope,92861.04899039128,0.0,92861.04899039128
REAL_HUMANITARIAN_GEOSPATIAL_DATA,KALMAEGI,2025-11-04 18:00:00,6,51,Ensemble probability-weighted,4463.652762595455,0.0,4463.652762595455
REAL_HUMANITARIAN_GEOSPATIAL_DATA,KALMAEGI,2025-11-05 00:00:00,6,51,Deterministic mean-track,0.0,0.0,0.0
REAL_HUMANITARIAN_GEOSPATIAL_DATA,KALMAEGI,2025-11-05 00:00:00,6,51,P90 envelope,0.0,0.0,0.0
REAL_HUMANITARIAN_GEOSPATIAL_DATA,KALMAEGI,2025-11-05 00:00:00,6,51,Ensemble probability-weighted,0.0,0.0,0.0
REAL_HUMANITARIAN_GEOSPATIAL_DATA,KALMAEGI,2025-11-05 06:00:00,6,51,Deterministic mean-track,0.0,0.0,0.0
REAL_HUMANITARIAN_GEOSPATIAL_DATA,KALMAEGI,2025-11-05 06:00:00,6,51,P90 envelope,0.0,0.0,0.0
REAL_HUMANITARIAN_GEOSPATIAL_DATA,KALMAEGI,2025-11-05 06:00:00,6,51,Ensemble probability-weighted,0.0,0.0,0.0
REAL_HUMANITARIAN_GEOSPATIAL_DATA,KALMAEGI,2025-11-05 12:00:00,6,51,Deterministic mean-track,0.0,0.0,0.0
REAL_HUMANITARIAN_GEOSPATIAL_DATA,KALMAEGI,2025-11-05 12:00:00,6,51,P90 envelope,0.0,0.0,0.0
REAL_HUMANITARIAN_GEOSPATIAL_DATA,KALMAEGI,2025-11-05 12:00:00,6,51,Ensemble probability-weighted,0.0,0.0,0.0
REAL_HUMANITARIAN_GEOSPATIAL_DATA,KALMAEGI,2025-11-05 18:00:00,6,51,Deterministic mean-track,0.0,0.0,0.0
REAL_HUMANITARIAN_GEOSPATIAL_DATA,KALMAEGI,2025-11-05 18:00:00,6,51,P90 envelope,0.0,0.0,0.0
REAL_HUMANITARIAN_GEOSPATIAL_DATA,KALMAEGI,2025-11-05 18:00:00,6,51,Ensemble probability-weighted,0.0,0.0,0.0
REAL_HUMANITARIAN_GEOSPATIAL_DATA,KALMAEGI,2025-11-06 00:00:00,6,51,Deterministic mean-track,0.0,0.0,0.0
REAL_HUMANITARIAN_GEOSPATIAL_DATA,KALMAEGI,2025-11-06 00:00:00,6,51,P90 envelope,0.0,0.0,0.0
REAL_HUMANITARIAN_GEOSPATIAL_DATA,KALMAEGI,2025-11-06 00:00:00,6,51,Ensemble probability-weighted,0.0,0.0,0.0
REAL_HUMANITARIAN_GEOSPATIAL_DATA,KALMAEGI,2025-11-06 06:00:00,6,51,Deterministic mean-track,0.0,0.0,0.0
REAL_HUMANITARIAN_GEOSPATIAL_DATA,KALMAEGI,2025-11-06 06:00:00,6,51,P90 envelope,1026364.1396576758,0.0,1026364.1396576758
REAL_HUMANITARIAN_GEOSPATIAL_DATA,KALMAEGI,2025-11-06 06:00:00,6,51,Ensemble probability-weighted,55091.44680938295,0.0,55091.44680938295
REAL_HUMANITARIAN_GEOSPATIAL_DATA,KALMAEGI,2025-11-06 12:00:00,6,51,Deterministic mean-track,36706.45281651377,0.0,36706.45281651377
REAL_HUMANITARIAN_GEOSPATIAL_DATA,KALMAEGI,2025-11-06 12:00:00,6,51,P90 envelope,846617.6796586905,0.0,846617.6796586905
REAL_HUMANITARIAN_GEOSPATIAL_DATA,KALMAEGI,2025-11-06 12:00:00,6,51,Ensemble probability-weighted,34970.76103055635,0.0,34970.76103055635
REAL_HUMANITARIAN_GEOSPATIAL_DATA,KALMAEGI,2025-11-06 18:00:00,6,51,Deterministic mean-track,326774.7899977583,0.0,326774.7899977583
REAL_HUMANITARIAN_GEOSPATIAL_DATA,KALMAEGI,2025-11-06 18:00:00,6,51,P90 envelope,1839962.630040688,0.0,1839962.630040688
REAL_HUMANITARIAN_GEOSPATIAL_DATA,KALMAEGI,2025-11-06 18:00:00,6,51,Ensemble probability-weighted,89530.20244976353,0.0,89530.20244976353
REAL_HUMANITARIAN_GEOSPATIAL_DATA,KALMAEGI,2025-11-07 00:00:00,6,51,Deterministic mean-track,0.0,0.0,0.0
REAL_HUMANITARIAN_GEOSPATIAL_DATA,KALMAEGI,2025-11-07 00:00:00,6,51,P90 envelope,3073607.4386009327,0.0,3073607.4386009327
REAL_HUMANITARIAN_GEOSPATIAL_DATA,KALMAEGI,2025-11-07 00:00:00,6,51,Ensemble probability-weighted,139151.43562066983,0.0,139151.43562066983
REAL_HUMANITARIAN_GEOSPATIAL_DATA,KALMAEGI,2025-11-07 06:00:00,6,51,Deterministic mean-track,0.0,0.0,0.0
REAL_HUMANITARIAN_GEOSPATIAL_DATA,KALMAEGI,2025-11-07 06:00:00,6,51,P90 envelope,4374616.979443801,0.0,4374616.979443801
REAL_HUMANITARIAN_GEOSPATIAL_DATA,KALMAEGI,2025-11-07 06:00:00,6,51,Ensemble probability-weighted,114493.89325131499,0.0,114493.89325131499
REAL_HUMANITARIAN_GEOSPATIAL_DATA,KOTO,2025-11-25 12:00:00,6,51,Deterministic mean-track,0.0,0.0,0.0
REAL_HUMANITARIAN_GEOSPATIAL_DATA,KOTO,2025-11-25 12:00:00,6,51,P90 envelope,52485.72412046604,0.0,52485.72412046604
REAL_HUMANITARIAN_GEOSPATIAL_DATA,KOTO,2025-11-25 12:00:00,6,51,Ensemble probability-weighted,597.0866112942058,0.0,597.0866112942058
REAL_HUMANITARIAN_GEOSPATIAL_DATA,KOTO,2025-11-25 18:00:00,6,50,Deterministic mean-track,0.0,0.0,0.0
REAL_HUMANITARIAN_GEOSPATIAL_DATA,KOTO,2025-11-25 18:00:00,6,50,P90 envelope,0.0,0.0,0.0
REAL_HUMANITARIAN_GEOSPATIAL_DATA,KOTO,2025-11-25 18:00:00,6,50,Ensemble probability-weighted,0.0,0.0,0.0
REAL_HUMANITARIAN_GEOSPATIAL_DATA,KOTO,2025-11-26 00:00:00,6,51,Deterministic mean-track,0.0,0.0,0.0
REAL_HUMANITARIAN_GEOSPATIAL_DATA,KOTO,2025-11-26 00:00:00,6,51,P90 envelope,0.0,0.0,0.0
REAL_HUMANITARIAN_GEOSPATIAL_DATA,KOTO,2025-11-26 00:00:00,6,51,Ensemble probability-weighted,0.0,0.0,0.0
REAL_HUMANITARIAN_GEOSPATIAL_DATA,KOTO,2025-11-26 06:00:00,6,51,Deterministic mean-track,0.0,0.0,0.0
REAL_HUMANITARIAN_GEOSPATIAL_DATA,KOTO,2025-11-26 06:00:00,6,51,P90 envelope,0.0,0.0,0.0
REAL_HUMANITARIAN_GEOSPATIAL_DATA,KOTO,2025-11-26 06:00:00,6,51,Ensemble probability-weighted,0.0,0.0,0.0
REAL_HUMANITARIAN_GEOSPATIAL_DATA,KOTO,2025-11-26 12:00:00,6,51,Deterministic mean-track,0.0,0.0,0.0
REAL_HUMANITARIAN_GEOSPATIAL_DATA,KOTO,2025-11-26 12:00:00,6,51,P90 envelope,0.0,0.0,0.0
REAL_HUMANITARIAN_GEOSPATIAL_DATA,KOTO,2025-11-26 12:00:00,6,51,Ensemble probability-weighted,0.0,0.0,0.0
REAL_HUMANITARIAN_GEOSPATIAL_DATA,KOTO,2025-11-26 18:00:00,6,51,Deterministic mean-track,0.0,0.0,0.0
REAL_HUMANITARIAN_GEOSPATIAL_DATA,KOTO,2025-11-26 18:00:00,6,51,P90 envelope,0.0,0.0,0.0
REAL_HUMANITARIAN_GEOSPATIAL_DATA,KOTO,2025-11-26 18:00:00,6,51,Ensemble probability-weighted,0.0,0.0,0.0
REAL_HUMANITARIAN_GEOSPATIAL_DATA,KOTO,2025-11-27 00:00:00,6,51,Deterministic mean-track,0.0,0.0,0.0
REAL_HUMANITARIAN_GEOSPATIAL_DATA,KOTO,2025-11-27 00:00:00,6,51,P90 envelope,0.0,0.0,0.0
REAL_HUMANITARIAN_GEOSPATIAL_DATA,KOTO,2025-11-27 00:00:00,6,51,Ensemble probability-weighted,0.0,0.0,0.0
REAL_HUMANITARIAN_GEOSPATIAL_DATA,KOTO,2025-11-27 06:00:00,6,51,Deterministic mean-track,0.0,0.0,0.0
REAL_HUMANITARIAN_GEOSPATIAL_DATA,KOTO,2025-11-27 06:00:00,6,51,P90 envelope,0.0,0.0,0.0
REAL_HUMANITARIAN_GEOSPATIAL_DATA,KOTO,2025-11-27 06:00:00,6,51,Ensemble probability-weighted,0.0,0.0,0.0
REAL_HUMANITARIAN_GEOSPATIAL_DATA,KOTO,2025-11-27 12:00:00,6,51,Deterministic mean-track,0.0,0.0,0.0
REAL_HUMANITARIAN_GEOSPATIAL_DATA,KOTO,2025-11-27 12:00:00,6,51,P90 envelope,0.0,0.0,0.0
REAL_HUMANITARIAN_GEOSPATIAL_DATA,KOTO,2025-11-27 12:00:00,6,51,Ensemble probability-weighted,0.0,0.0,0.0
REAL_HUMANITARIAN_GEOSPATIAL_DATA,KOTO,2025-11-27 18:00:00,6,51,Deterministic mean-track,0.0,0.0,0.0
REAL_HUMANITARIAN_GEOSPATIAL_DATA,KOTO,2025-11-27 18:00:00,6,51,P90 envelope,0.0,0.0,0.0
REAL_HUMANITARIAN_GEOSPATIAL_DATA,KOTO,2025-11-27 18:00:00,6,51,Ensemble probability-weighted,0.0,0.0,0.0
REAL_HUMANITARIAN_GEOSPATIAL_DATA,KOTO,2025-11-28 00:00:00,6,51,Deterministic mean-track,0.0,0.0,0.0
REAL_HUMANITARIAN_GEOSPATIAL_DATA,KOTO,2025-11-28 00:00:00,6,51,P90 envelope,0.0,0.0,0.0
REAL_HUMANITARIAN_GEOSPATIAL_DATA,KOTO,2025-11-28 00:00:00,6,51,Ensemble probability-weighted,0.0,0.0,0.0
REAL_HUMANITARIAN_GEOSPATIAL_DATA,KOTO,2025-11-28 06:00:00,6,51,Deterministic mean-track,0.0,0.0,0.0
REAL_HUMANITARIAN_GEOSPATIAL_DATA,KOTO,2025-11-28 06:00:00,6,51,P90 envelope,0.0,0.0,0.0
REAL_HUMANITARIAN_GEOSPATIAL_DATA,KOTO,2025-11-28 06:00:00,6,51,Ensemble probability-weighted,0.0,0.0,0.0
REAL_HUMANITARIAN_GEOSPATIAL_DATA,KOTO,2025-11-28 12:00:00,6,51,Deterministic mean-track,0.0,0.0,0.0
REAL_HUMANITARIAN_GEOSPATIAL_DATA,KOTO,2025-11-28 12:00:00,6,51,P90 envelope,0.0,0.0,0.0
REAL_HUMANITARIAN_GEOSPATIAL_DATA,KOTO,2025-11-28 12:00:00,6,51,Ensemble probability-weighted,0.0,0.0,0.0
REAL_HUMANITARIAN_GEOSPATIAL_DATA,KOTO,2025-11-28 18:00:00,6,51,Deterministic mean-track,0.0,0.0,0.0
REAL_HUMANITARIAN_GEOSPATIAL_DATA,KOTO,2025-11-28 18:00:00,6,51,P90 envelope,0.0,0.0,0.0
REAL_HUMANITARIAN_GEOSPATIAL_DATA,KOTO,2025-11-28 18:00:00,6,51,Ensemble probability-weighted,0.0,0.0,0.0
REAL_HUMANITARIAN_GEOSPATIAL_DATA,KOTO,2025-11-29 00:00:00,6,51,Deterministic mean-track,0.0,0.0,0.0
REAL_HUMANITARIAN_GEOSPATIAL_DATA,KOTO,2025-11-29 00:00:00,6,51,P90 envelope,0.0,0.0,0.0
REAL_HUMANITARIAN_GEOSPATIAL_DATA,KOTO,2025-11-29 00:00:00,6,51,Ensemble probability-weighted,0.0,0.0,0.0
REAL_HUMANITARIAN_GEOSPATIAL_DATA,KOTO,2025-11-29 06:00:00,6,51,Deterministic mean-track,0.0,0.0,0.0
REAL_HUMANITARIAN_GEOSPATIAL_DATA,KOTO,2025-11-29 06:00:00,6,51,P90 envelope,0.0,0.0,0.0
REAL_HUMANITARIAN_GEOSPATIAL_DATA,KOTO,2025-11-29 06:00:00,6,51,Ensemble probability-weighted,0.0,0.0,0.0
REAL_HUMANITARIAN_GEOSPATIAL_DATA,KOTO,2025-11-29 12:00:00,6,51,Deterministic mean-track,0.0,0.0,0.0
REAL_HUMANITARIAN_GEOSPATIAL_DATA,KOTO,2025-11-29 12:00:00,6,51,P90 envelope,0.0,0.0,0.0
REAL_HUMANITARIAN_GEOSPATIAL_DATA,KOTO,2025-11-29 12:00:00,6,51,Ensemble probability-weighted,0.0,0.0,0.0
REAL_HUMANITARIAN_GEOSPATIAL_DATA,KOTO,2025-11-29 18:00:00,6,51,Deterministic mean-track,0.0,0.0,0.0
REAL_HUMANITARIAN_GEOSPATIAL_DATA,KOTO,2025-11-29 18:00:00,6,51,P90 envelope,0.0,0.0,0.0
REAL_HUMANITARIAN_GEOSPATIAL_DATA,KOTO,2025-11-29 18:00:00,6,51,Ensemble probability-weighted,0.0,0.0,0.0
REAL_HUMANITARIAN_GEOSPATIAL_DATA,KOTO,2025-11-30 00:00:00,6,51,Deterministic mean-track,0.0,0.0,0.0
REAL_HUMANITARIAN_GEOSPATIAL_DATA,KOTO,2025-11-30 00:00:00,6,51,P90 envelope,0.0,0.0,0.0
REAL_HUMANITARIAN_GEOSPATIAL_DATA,KOTO,2025-11-30 00:00:00,6,51,Ensemble probability-weighted,0.0,0.0,0.0
REAL_HUMANITARIAN_GEOSPATIAL_DATA,KOTO,2025-11-30 06:00:00,6,51,Deterministic mean-track,0.0,0.0,0.0
REAL_HUMANITARIAN_GEOSPATIAL_DATA,KOTO,2025-11-30 06:00:00,6,51,P90 envelope,0.0,0.0,0.0
REAL_HUMANITARIAN_GEOSPATIAL_DATA,KOTO,2025-11-30 06:00:00,6,51,Ensemble probability-weighted,0.0,0.0,0.0
REAL_HUMANITARIAN_GEOSPATIAL_DATA,KOTO,2025-11-30 12:00:00,6,51,Deterministic mean-track,0.0,0.0,0.0
REAL_HUMANITARIAN_GEOSPATIAL_DATA,KOTO,2025-11-30 12:00:00,6,51,P90 envelope,0.0,0.0,0.0
REAL_HUMANITARIAN_GEOSPATIAL_DATA,KOTO,2025-11-30 12:00:00,6,51,Ensemble probability-weighted,0.0,0.0,0.0
REAL_HUMANITARIAN_GEOSPATIAL_DATA,KOTO,2025-11-30 18:00:00,6,51,Deterministic mean-track,0.0,0.0,0.0
REAL_HUMANITARIAN_GEOSPATIAL_DATA,KOTO,2025-11-30 18:00:00,6,51,P90 envelope,0.0,0.0,0.0
REAL_HUMANITARIAN_GEOSPATIAL_DATA,KOTO,2025-11-30 18:00:00,6,51,Ensemble probability-weighted,0.0,0.0,0.0
REAL_HUMANITARIAN_GEOSPATIAL_DATA,KOTO,2025-12-01 00:00:00,6,51,Deterministic mean-track,0.0,0.0,0.0
REAL_HUMANITARIAN_GEOSPATIAL_DATA,KOTO,2025-12-01 00:00:00,6,51,P90 envelope,0.0,0.0,0.0
REAL_HUMANITARIAN_GEOSPATIAL_DATA,KOTO,2025-12-01 00:00:00,6,51,Ensemble probability-weighted,0.0,0.0,0.0
REAL_HUMANITARIAN_GEOSPATIAL_DATA,KOTO,2025-12-01 06:00:00,6,39,Deterministic mean-track,0.0,0.0,0.0
REAL_HUMANITARIAN_GEOSPATIAL_DATA,KOTO,2025-12-01 06:00:00,6,39,P90 envelope,0.0,0.0,0.0
REAL_HUMANITARIAN_GEOSPATIAL_DATA,KOTO,2025-12-01 06:00:00,6,39,Ensemble probability-weighted,0.0,0.0,0.0
REAL_HUMANITARIAN_GEOSPATIAL_DATA,KOTO,2025-12-01 12:00:00,6,30,Deterministic mean-track,0.0,0.0,0.0
REAL_HUMANITARIAN_GEOSPATIAL_DATA,KOTO,2025-12-01 12:00:00,6,30,P90 envelope,0.0,0.0,0.0
REAL_HUMANITARIAN_GEOSPATIAL_DATA,KOTO,2025-12-01 12:00:00,6,30,Ensemble probability-weighted,0.0,0.0,0.0
REAL_HUMANITARIAN_GEOSPATIAL_DATA,KOTO,2025-12-01 18:00:00,6,8,Deterministic mean-track,0.0,0.0,0.0
REAL_HUMANITARIAN_GEOSPATIAL_DATA,KOTO,2025-12-01 18:00:00,6,8,P90 envelope,0.0,0.0,0.0
REAL_HUMANITARIAN_GEOSPATIAL_DATA,KOTO,2025-12-01 18:00:00,6,8,Ensemble probability-weighted,0.0,0.0,0.0
REAL_HUMANITARIAN_GEOSPATIAL_DATA,KOTO,2025-12-02 00:00:00,6,9,Deterministic mean-track,0.0,0.0,0.0
REAL_HUMANITARIAN_GEOSPATIAL_DATA,KOTO,2025-12-02 00:00:00,6,9,P90 envelope,0.0,0.0,0.0
REAL_HUMANITARIAN_GEOSPATIAL_DATA,KOTO,2025-12-02 00:00:00,6,9,Ensemble probability-weighted,0.0,0.0,0.0
REAL_HUMANITARIAN_GEOSPATIAL_DATA,KOTO,2025-12-02 06:00:00,6,7,Deterministic mean-track,0.0,0.0,0.0
REAL_HUMANITARIAN_GEOSPATIAL_DATA,KOTO,2025-12-02 06:00:00,6,7,P90 envelope,0.0,0.0,0.0
REAL_HUMANITARIAN_GEOSPATIAL_DATA,KOTO,2025-12-02 06:00:00,6,7,Ensemble probability-weighted,0.0,0.0,0.0
REAL_HUMANITARIAN_GEOSPATIAL_DATA,KOTO,2025-12-02 12:00:00,6,7,Deterministic mean-track,0.0,0.0,0.0
REAL_HUMANITARIAN_GEOSPATIAL_DATA,KOTO,2025-12-02 12:00:00,6,7,P90 envelope,0.0,0.0,0.0
REAL_HUMANITARIAN_GEOSPATIAL_DATA,KOTO,2025-12-02 12:00:00,6,7,Ensemble probability-weighted,0.0,0.0,0.0
REAL_HUMANITARIAN_GEOSPATIAL_DATA,KOTO,2025-12-02 18:00:00,6,1,Deterministic mean-track,0.0,0.0,0.0
REAL_HUMANITARIAN_GEOSPATIAL_DATA,KOTO,2025-12-02 18:00:00,6,1,P90 envelope,0.0,0.0,0.0
REAL_HUMANITARIAN_GEOSPATIAL_DATA,KOTO,2025-12-02 18:00:00,6,1,Ensemble probability-weighted,0.0,0.0,0.0
REAL_HUMANITARIAN_GEOSPATIAL_DATA,KOTO,2025-12-03 00:00:00,6,2,Deterministic mean-track,300426.3011463586,0.0,300426.3011463586
REAL_HUMANITARIAN_GEOSPATIAL_DATA,KOTO,2025-12-03 00:00:00,6,2,P90 envelope,300426.3011463586,0.0,300426.3011463586
REAL_HUMANITARIAN_GEOSPATIAL_DATA,KOTO,2025-12-03 00:00:00,6,2,Ensemble probability-weighted,150213.1505731793,0.0,150213.1505731793
REAL_HUMANITARIAN_GEOSPATIAL_DATA,KOTO,2025-12-03 06:00:00,6,1,Deterministic mean-track,2769.9623827934274,0.0,2769.9623827934274
REAL_HUMANITARIAN_GEOSPATIAL_DATA,KOTO,2025-12-03 06:00:00,6,1,P90 envelope,2769.9623827934274,0.0,2769.9623827934274
REAL_HUMANITARIAN_GEOSPATIAL_DATA,KOTO,2025-12-03 06:00:00,6,1,Ensemble probability-weighted,2769.9623827934274,0.0,2769.9623827934274
REAL_HUMANITARIAN_GEOSPATIAL_DATA,MELISSA,2025-10-23 00:00:00,6,50,Deterministic mean-track,0.0,0.0,0.0
REAL_HUMANITARIAN_GEOSPATIAL_DATA,MELISSA,2025-10-23 00:00:00,6,50,P90 envelope,0.0,0.0,0.0
REAL_HUMANITARIAN_GEOSPATIAL_DATA,MELISSA,2025-10-23 00:00:00,6,50,Ensemble probability-weighted,0.0,0.0,0.0
REAL_HUMANITARIAN_GEOSPATIAL_DATA,MELISSA,2025-10-23 06:00:00,6,50,Deterministic mean-track,0.0,0.0,0.0
REAL_HUMANITARIAN_GEOSPATIAL_DATA,MELISSA,2025-10-23 06:00:00,6,50,P90 envelope,0.0,0.0,0.0
REAL_HUMANITARIAN_GEOSPATIAL_DATA,MELISSA,2025-10-23 06:00:00,6,50,Ensemble probability-weighted,0.0,0.0,0.0
REAL_HUMANITARIAN_GEOSPATIAL_DATA,MELISSA,2025-10-23 12:00:00,6,50,Deterministic mean-track,0.0,0.0,0.0
REAL_HUMANITARIAN_GEOSPATIAL_DATA,MELISSA,2025-10-23 12:00:00,6,50,P90 envelope,0.0,0.0,0.0
REAL_HUMANITARIAN_GEOSPATIAL_DATA,MELISSA,2025-10-23 12:00:00,6,50,Ensemble probability-weighted,0.0,0.0,0.0
REAL_HUMANITARIAN_GEOSPATIAL_DATA,MELISSA,2025-10-23 18:00:00,6,51,Deterministic mean-track,0.0,0.0,0.0
REAL_HUMANITARIAN_GEOSPATIAL_DATA,MELISSA,2025-10-23 18:00:00,6,51,P90 envelope,1.1892035901546478,0.0,1.1892035901546478
REAL_HUMANITARIAN_GEOSPATIAL_DATA,MELISSA,2025-10-23 18:00:00,6,51,Ensemble probability-weighted,0.0,0.0,0.0
REAL_HUMANITARIAN_GEOSPATIAL_DATA,MELISSA,2025-10-24 00:00:00,6,51,Deterministic mean-track,0.0,0.0,0.0
REAL_HUMANITARIAN_GEOSPATIAL_DATA,MELISSA,2025-10-24 00:00:00,6,51,P90 envelope,1.1892035901546478,0.0,1.1892035901546478
REAL_HUMANITARIAN_GEOSPATIAL_DATA,MELISSA,2025-10-24 00:00:00,6,51,Ensemble probability-weighted,0.0,0.0,0.0
REAL_HUMANITARIAN_GEOSPATIAL_DATA,MELISSA,2025-10-24 12:00:00,6,51,Deterministic mean-track,0.0,0.0,0.0
REAL_HUMANITARIAN_GEOSPATIAL_DATA,MELISSA,2025-10-24 12:00:00,6,51,P90 envelope,0.0,0.0,0.0
REAL_HUMANITARIAN_GEOSPATIAL_DATA,MELISSA,2025-10-24 12:00:00,6,51,Ensemble probability-weighted,0.0,0.0,0.0
REAL_HUMANITARIAN_GEOSPATIAL_DATA,MELISSA,2025-10-24 18:00:00,6,51,Deterministic mean-track,0.0,0.0,0.0
REAL_HUMANITARIAN_GEOSPATIAL_DATA,MELISSA,2025-10-24 18:00:00,6,51,P90 envelope,1.1892035901546478,0.0,1.1892035901546478
REAL_HUMANITARIAN_GEOSPATIAL_DATA,MELISSA,2025-10-24 18:00:00,6,51,Ensemble probability-weighted,0.0,0.0,0.0
REAL_HUMANITARIAN_GEOSPATIAL_DATA,MELISSA,2025-10-25 00:00:00,6,51,Deterministic mean-track,0.0,0.0,0.0
REAL_HUMANITARIAN_GEOSPATIAL_DATA,MELISSA,2025-10-25 00:00:00,6,51,P90 envelope,1.1892035901546478,0.0,1.1892035901546478
REAL_HUMANITARIAN_GEOSPATIAL_DATA,MELISSA,2025-10-25 00:00:00,6,51,Ensemble probability-weighted,0.0,0.0,0.0
REAL_HUMANITARIAN_GEOSPATIAL_DATA,MELISSA,2025-10-25 12:00:00,6,51,Deterministic mean-track,0.0,0.0,0.0
REAL_HUMANITARIAN_GEOSPATIAL_DATA,MELISSA,2025-10-25 12:00:00,6,51,P90 envelope,1.1892035901546478,0.0,1.1892035901546478
REAL_HUMANITARIAN_GEOSPATIAL_DATA,MELISSA,2025-10-25 12:00:00,6,51,Ensemble probability-weighted,0.0,0.0,0.0
REAL_HUMANITARIAN_GEOSPATIAL_DATA,MELISSA,2025-10-25 18:00:00,6,51,Deterministic mean-track,0.0,0.0,0.0
REAL_HUMANITARIAN_GEOSPATIAL_DATA,MELISSA,2025-10-25 18:00:00,6,51,P90 envelope,1.1892035901546478,0.0,1.1892035901546478
REAL_HUMANITARIAN_GEOSPATIAL_DATA,MELISSA,2025-10-25 18:00:00,6,51,Ensemble probability-weighted,0.0,0.0,0.0
REAL_HUMANITARIAN_GEOSPATIAL_DATA,MELISSA,2025-10-26 00:00:00,6,51,Deterministic mean-track,0.0,0.0,0.0
REAL_HUMANITARIAN_GEOSPATIAL_DATA,MELISSA,2025-10-26 00:00:00,6,51,P90 envelope,1.1892035901546478,0.0,1.1892035901546478
REAL_HUMANITARIAN_GEOSPATIAL_DATA,MELISSA,2025-10-26 00:00:00,6,51,Ensemble probability-weighted,0.0,0.0,0.0
REAL_HUMANITARIAN_GEOSPATIAL_DATA,MELISSA,2025-10-26 06:00:00,6,51,Deterministic mean-track,0.0,0.0,0.0
REAL_HUMANITARIAN_GEOSPATIAL_DATA,MELISSA,2025-10-26 06:00:00,6,51,P90 envelope,1.1892035901546478,0.0,1.1892035901546478
REAL_HUMANITARIAN_GEOSPATIAL_DATA,MELISSA,2025-10-26 06:00:00,6,51,Ensemble probability-weighted,0.0233177174540127,0.0,0.0233177174540127
REAL_HUMANITARIAN_GEOSPATIAL_DATA,MELISSA,2025-10-26 12:00:00,6,51,Deterministic mean-track,0.0,0.0,0.0
REAL_HUMANITARIAN_GEOSPATIAL_DATA,MELISSA,2025-10-26 12:00:00,6,51,P90 envelope,441247.7216568223,0.0,441247.7216568223
REAL_HUMANITARIAN_GEOSPATIAL_DATA,MELISSA,2025-10-26 12:00:00,6,51,Ensemble probability-weighted,0.0,0.0,0.0
REAL_HUMANITARIAN_GEOSPATIAL_DATA,MELISSA,2025-10-26 18:00:00,6,51,Deterministic mean-track,0.0,0.0,0.0
REAL_HUMANITARIAN_GEOSPATIAL_DATA,MELISSA,2025-10-26 18:00:00,6,51,P90 envelope,510227.3873951259,0.0,510227.3873951259
REAL_HUMANITARIAN_GEOSPATIAL_DATA,MELISSA,2025-10-26 18:00:00,6,51,Ensemble probability-weighted,0.0,0.0,0.0
REAL_HUMANITARIAN_GEOSPATIAL_DATA,MELISSA,2025-10-27 00:00:00,6,51,Deterministic mean-track,0.0,0.0,0.0
REAL_HUMANITARIAN_GEOSPATIAL_DATA,MELISSA,2025-10-27 00:00:00,6,51,P90 envelope,1.1002470697276294,0.0,1.1002470697276294
REAL_HUMANITARIAN_GEOSPATIAL_DATA,MELISSA,2025-10-27 00:00:00,6,51,Ensemble probability-weighted,0.002895871962548471,0.0,0.002895871962548471
REAL_HUMANITARIAN_GEOSPATIAL_DATA,MELISSA,2025-10-27 06:00:00,6,51,Deterministic mean-track,0.0,0.0,0.0
REAL_HUMANITARIAN_GEOSPATIAL_DATA,MELISSA,2025-10-27 06:00:00,6,51,P90 envelope,1.1002470697276294,0.0,1.1002470697276294
REAL_HUMANITARIAN_GEOSPATIAL_DATA,MELISSA,2025-10-27 06:00:00,6,51,Ensemble probability-weighted,0.009632133814853196,0.0,0.009632133814853196
REAL_HUMANITARIAN_GEOSPATIAL_DATA,MELISSA,2025-10-27 12:00:00,6,51,Deterministic mean-track,0.0,0.0,0.0
REAL_HUMANITARIAN_GEOSPATIAL_DATA,MELISSA,2025-10-27 12:00:00,6,51,P90 envelope,1.1002470697276294,0.0,1.1002470697276294
REAL_HUMANITARIAN_GEOSPATIAL_DATA,MELISSA,2025-10-27 12:00:00,6,51,Ensemble probability-weighted,0.019264267629706393,0.0,0.019264267629706393
REAL_HUMANITARIAN_GEOSPATIAL_DATA,MELISSA,2025-10-27 18:00:00,6,51,Deterministic mean-track,0.0,0.0,0.0
REAL_HUMANITARIAN_GEOSPATIAL_DATA,MELISSA,2025-10-27 18:00:00,6,51,P90 envelope,1.2479365398176014,0.0,1.2479365398176014
REAL_HUMANITARIAN_GEOSPATIAL_DATA,MELISSA,2025-10-27 18:00:00,6,51,Ensemble probability-weighted,0.0,0.0,0.0
REAL_HUMANITARIAN_GEOSPATIAL_DATA,MELISSA,2025-10-28 00:00:00,6,51,Deterministic mean-track,0.0,0.0,0.0
REAL_HUMANITARIAN_GEOSPATIAL_DATA,MELISSA,2025-10-28 00:00:00,6,51,P90 envelope,149877.22521640296,0.0,149877.22521640296
REAL_HUMANITARIAN_GEOSPATIAL_DATA,MELISSA,2025-10-28 00:00:00,6,51,Ensemble probability-weighted,0.035824014421771556,0.0,0.035824014421771556
REAL_HUMANITARIAN_GEOSPATIAL_DATA,MELISSA,2025-10-28 06:00:00,6,51,Deterministic mean-track,0.0,0.0,0.0
REAL_HUMANITARIAN_GEOSPATIAL_DATA,MELISSA,2025-10-28 06:00:00,6,51,P90 envelope,660102.323160869,0.0,660102.323160869
REAL_HUMANITARIAN_GEOSPATIAL_DATA,MELISSA,2025-10-28 06:00:00,6,51,Ensemble probability-weighted,8816.278469269317,0.0,8816.278469269317
REAL_HUMANITARIAN_GEOSPATIAL_DATA,MELISSA,2025-10-28 12:00:00,6,51,Deterministic mean-track,0.0,149876.12496933324,149876.12496933324
REAL_HUMANITARIAN_GEOSPATIAL_DATA,MELISSA,2025-10-28 12:00:00,6,51,P90 envelope,1300117.1689534911,149876.12496933324,1150241.043984158
REAL_HUMANITARIAN_GEOSPATIAL_DATA,MELISSA,2025-10-28 12:00:00,6,51,Ensemble probability-weighted,20946.5538823616,149876.12496933324,128929.57108697164
REAL_HUMANITARIAN_GEOSPATIAL_DATA,MELISSA,2025-10-28 18:00:00,6,51,Deterministic mean-track,84508.7490922212,84508.7490922212,0.0
REAL_HUMANITARIAN_GEOSPATIAL_DATA,MELISSA,2025-10-28 18:00:00,6,51,P90 envelope,1301115.8254063926,84508.7490922212,1216607.0763141713
REAL_HUMANITARIAN_GEOSPATIAL_DATA,MELISSA,2025-10-28 18:00:00,6,51,Ensemble probability-weighted,14913.308663333155,84508.7490922212,69595.44042888805
REAL_HUMANITARIAN_GEOSPATIAL_DATA,MELISSA,2025-10-29 00:00:00,6,51,Deterministic mean-track,0.0,0.0,0.0
REAL_HUMANITARIAN_GEOSPATIAL_DATA,MELISSA,2025-10-29 00:00:00,6,51,P90 envelope,1037876.601531673,0.0,1037876.601531673
REAL_HUMANITARIAN_GEOSPATIAL_DATA,MELISSA,2025-10-29 00:00:00,6,51,Ensemble probability-weighted,19.5929736280266,0.0,19.5929736280266
REAL_HUMANITARIAN_GEOSPATIAL_DATA,MELISSA,2025-10-29 06:00:00,6,51,Deterministic mean-track,0.0,141187.0859000455,141187.0859000455
REAL_HUMANITARIAN_GEOSPATIAL_DATA,MELISSA,2025-10-29 06:00:00,6,51,P90 envelope,1516114.5382566946,141187.0859000455,1374927.452356649
REAL_HUMANITARIAN_GEOSPATIAL_DATA,MELISSA,2025-10-29 06:00:00,6,51,Ensemble probability-weighted,60626.089432135996,141187.0859000455,80560.9964679095
REAL_HUMANITARIAN_GEOSPATIAL_DATA,MELISSA,2025-10-29 12:00:00,6,51,Deterministic mean-track,0.0,0.0,0.0
REAL_HUMANITARIAN_GEOSPATIAL_DATA,MELISSA,2025-10-29 12:00:00,6,51,P90 envelope,170725.3317312028,0.0,170725.3317312028
REAL_HUMANITARIAN_GEOSPATIAL_DATA,MELISSA,2025-10-29 12:00:00,6,51,Ensemble probability-weighted,15911.628630823863,0.0,15911.628630823863
REAL_HUMANITARIAN_GEOSPATIAL_DATA,MELISSA,2025-10-29 18:00:00,6,51,Deterministic mean-track,703.6239812339189,0.0,703.6239812339189
REAL_HUMANITARIAN_GEOSPATIAL_DATA,MELISSA,2025-10-29 18:00:00,6,51,P90 envelope,2364.831055232324,0.0,2364.831055232324
REAL_HUMANITARIAN_GEOSPATIAL_DATA,MELISSA,2025-10-29 18:00:00,6,51,Ensemble probability-weighted,131.81208380663253,0.0,131.81208380663253
REAL_HUMANITARIAN_GEOSPATIAL_DATA,MELISSA,2025-10-30 00:00:00,6,51,Deterministic mean-track,0.0,0.0,0.0
REAL_HUMANITARIAN_GEOSPATIAL_DATA,MELISSA,2025-10-30 00:00:00,6,51,P90 envelope,0.0,0.0,0.0
REAL_HUMANITARIAN_GEOSPATIAL_DATA,MELISSA,2025-10-30 00:00:00,6,51,Ensemble probability-weighted,0.0,0.0,0.0
REAL_HUMANITARIAN_GEOSPATIAL_DATA,MELISSA,2025-10-30 06:00:00,6,51,Deterministic mean-track,0.0,0.0,0.0
REAL_HUMANITARIAN_GEOSPATIAL_DATA,MELISSA,2025-10-30 06:00:00,6,51,P90 envelope,0.0,0.0,0.0
REAL_HUMANITARIAN_GEOSPATIAL_DATA,MELISSA,2025-10-30 06:00:00,6,51,Ensemble probability-weighted,0.0,0.0,0.0
REAL_HUMANITARIAN_GEOSPATIAL_DATA,MELISSA,2025-10-30 12:00:00,6,51,Deterministic mean-track,0.0,0.0,0.0
REAL_HUMANITARIAN_GEOSPATIAL_DATA,MELISSA,2025-10-30 12:00:00,6,51,P90 envelope,0.0,0.0,0.0
REAL_HUMANITARIAN_GEOSPATIAL_DATA,MELISSA,2025-10-30 12:00:00,6,51,Ensemble probability-weighted,0.0,0.0,0.0
REAL_HUMANITARIAN_GEOSPATIAL_DATA,MELISSA,2025-10-30 18:00:00,6,51,Deterministic mean-track,0.0,0.0,0.0
REAL_HUMANITARIAN_GEOSPATIAL_DATA,MELISSA,2025-10-30 18:00:00,6,51,P90 envelope,0.0,0.0,0.0
REAL_HUMANITARIAN_GEOSPATIAL_DATA,MELISSA,2025-10-30 18:00:00,6,51,Ensemble probability-weighted,0.0,0.0,0.0
REAL_HUMANITARIAN_GEOSPATIAL_DATA,MELISSA,2025-10-31 00:00:00,6,51,Deterministic mean-track,0.0,0.0,0.0
REAL_HUMANITARIAN_GEOSPATIAL_DATA,MELISSA,2025-10-31 00:00:00,6,51,P90 envelope,0.0,0.0,0.0
REAL_HUMANITARIAN_GEOSPATIAL_DATA,MELISSA,2025-10-31 00:00:00,6,51,Ensemble probability-weighted,0.0,0.0,0.0
REAL_HUMANITARIAN_GEOSPATIAL_DATA,MELISSA,2025-10-31 12:00:00,6,51,Deterministic mean-track,0.0,0.0,0.0
REAL_HUMANITARIAN_GEOSPATIAL_DATA,MELISSA,2025-10-31 12:00:00,6,51,P90 envelope,0.0,0.0,0.0
REAL_HUMANITARIAN_GEOSPATIAL_DATA,MELISSA,2025-10-31 12:00:00,6,51,Ensemble probability-weighted,0.0,0.0,0.0
REAL_HUMANITARIAN_GEOSPATIAL_DATA,MONTHA,2025-10-27 00:00:00,6,51,Deterministic mean-track,0.0,0.0,0.0
REAL_HUMANITARIAN_GEOSPATIAL_DATA,MONTHA,2025-10-27 00:00:00,6,51,P90 envelope,0.0,0.0,0.0
REAL_HUMANITARIAN_GEOSPATIAL_DATA,MONTHA,2025-10-27 00:00:00,6,51,Ensemble probability-weighted,0.0,0.0,0.0
REAL_HUMANITARIAN_GEOSPATIAL_DATA,MONTHA,2025-10-27 06:00:00,6,51,Deterministic mean-track,0.0,0.0,0.0
REAL_HUMANITARIAN_GEOSPATIAL_DATA,MONTHA,2025-10-27 06:00:00,6,51,P90 envelope,0.0,0.0,0.0
REAL_HUMANITARIAN_GEOSPATIAL_DATA,MONTHA,2025-10-27 06:00:00,6,51,Ensemble probability-weighted,0.0,0.0,0.0
REAL_HUMANITARIAN_GEOSPATIAL_DATA,MONTHA,2025-10-27 12:00:00,6,50,Deterministic mean-track,0.0,0.0,0.0
REAL_HUMANITARIAN_GEOSPATIAL_DATA,MONTHA,2025-10-27 12:00:00,6,50,P90 envelope,0.0,0.0,0.0
REAL_HUMANITARIAN_GEOSPATIAL_DATA,MONTHA,2025-10-27 12:00:00,6,50,Ensemble probability-weighted,0.0,0.0,0.0
REAL_HUMANITARIAN_GEOSPATIAL_DATA,MONTHA,2025-10-27 18:00:00,6,51,Deterministic mean-track,0.0,0.0,0.0
REAL_HUMANITARIAN_GEOSPATIAL_DATA,MONTHA,2025-10-27 18:00:00,6,51,P90 envelope,0.0,0.0,0.0
REAL_HUMANITARIAN_GEOSPATIAL_DATA,MONTHA,2025-10-27 18:00:00,6,51,Ensemble probability-weighted,0.0,0.0,0.0
REAL_HUMANITARIAN_GEOSPATIAL_DATA,MONTHA,2025-10-28 00:00:00,6,51,Deterministic mean-track,0.0,0.0,0.0
REAL_HUMANITARIAN_GEOSPATIAL_DATA,MONTHA,2025-10-28 00:00:00,6,51,P90 envelope,0.0,0.0,0.0
REAL_HUMANITARIAN_GEOSPATIAL_DATA,MONTHA,2025-10-28 00:00:00,6,51,Ensemble probability-weighted,0.0,0.0,0.0
REAL_HUMANITARIAN_GEOSPATIAL_DATA,MONTHA,2025-10-28 06:00:00,6,51,Deterministic mean-track,0.0,0.0,0.0
REAL_HUMANITARIAN_GEOSPATIAL_DATA,MONTHA,2025-10-28 06:00:00,6,51,P90 envelope,3177209.0268615717,0.0,3177209.0268615717
REAL_HUMANITARIAN_GEOSPATIAL_DATA,MONTHA,2025-10-28 06:00:00,6,51,Ensemble probability-weighted,13215.104701268325,0.0,13215.104701268325
REAL_HUMANITARIAN_GEOSPATIAL_DATA,MONTHA,2025-10-28 12:00:00,6,51,Deterministic mean-track,0.0,0.0,0.0
REAL_HUMANITARIAN_GEOSPATIAL_DATA,MONTHA,2025-10-28 12:00:00,6,51,P90 envelope,5688716.445955338,0.0,5688716.445955338
REAL_HUMANITARIAN_GEOSPATIAL_DATA,MONTHA,2025-10-28 12:00:00,6,51,Ensemble probability-weighted,263404.484486524,0.0,263404.484486524
REAL_HUMANITARIAN_GEOSPATIAL_DATA,MONTHA,2025-10-28 18:00:00,6,51,Deterministic mean-track,0.0,0.0,0.0
REAL_HUMANITARIAN_GEOSPATIAL_DATA,MONTHA,2025-10-28 18:00:00,6,51,P90 envelope,10470597.003073521,0.0,10470597.003073521
REAL_HUMANITARIAN_GEOSPATIAL_DATA,MONTHA,2025-10-28 18:00:00,6,51,Ensemble probability-weighted,822116.1984738654,0.0,822116.1984738654
REAL_HUMANITARIAN_GEOSPATIAL_DATA,MONTHA,2025-10-29 00:00:00,6,51,Deterministic mean-track,0.0,0.0,0.0
REAL_HUMANITARIAN_GEOSPATIAL_DATA,MONTHA,2025-10-29 00:00:00,6,51,P90 envelope,5146764.32026487,0.0,5146764.32026487
REAL_HUMANITARIAN_GEOSPATIAL_DATA,MONTHA,2025-10-29 00:00:00,6,51,Ensemble probability-weighted,132847.46136617643,0.0,132847.46136617643
REAL_HUMANITARIAN_GEOSPATIAL_DATA,MONTHA,2025-10-29 06:00:00,6,51,Deterministic mean-track,0.0,224466.3344891651,224466.3344891651
REAL_HUMANITARIAN_GEOSPATIAL_DATA,MONTHA,2025-10-29 06:00:00,6,51,P90 envelope,4122608.7651708014,224466.3344891651,3898142.4306816366
REAL_HUMANITARIAN_GEOSPATIAL_DATA,MONTHA,2025-10-29 06:00:00,6,51,Ensemble probability-weighted,122982.91862147673,224466.3344891651,101483.41586768838
REAL_HUMANITARIAN_GEOSPATIAL_DATA,MONTHA,2025-10-29 12:00:00,6,51,Deterministic mean-track,0.0,0.0,0.0
REAL_HUMANITARIAN_GEOSPATIAL_DATA,MONTHA,2025-10-29 12:00:00,6,51,P90 envelope,2450418.0841125525,0.0,2450418.0841125525
REAL_HUMANITARIAN_GEOSPATIAL_DATA,MONTHA,2025-10-29 12:00:00,6,51,Ensemble probability-weighted,69800.49212076029,0.0,69800.49212076029
REAL_HUMANITARIAN_GEOSPATIAL_DATA,NOKAEN,2026-01-15 06:00:00,6,50,Deterministic mean-track,0.0,0.0,0.0
REAL_HUMANITARIAN_GEOSPATIAL_DATA,NOKAEN,2026-01-15 06:00:00,6,50,P90 envelope,0.0,0.0,0.0
REAL_HUMANITARIAN_GEOSPATIAL_DATA,NOKAEN,2026-01-15 06:00:00,6,50,Ensemble probability-weighted,0.0,0.0,0.0
REAL_HUMANITARIAN_GEOSPATIAL_DATA,PENHA,2026-02-05 00:00:00,6,51,Deterministic mean-track,0.0,0.0,0.0
REAL_HUMANITARIAN_GEOSPATIAL_DATA,PENHA,2026-02-05 00:00:00,6,51,P90 envelope,0.0,0.0,0.0
REAL_HUMANITARIAN_GEOSPATIAL_DATA,PENHA,2026-02-05 00:00:00,6,51,Ensemble probability-weighted,306.9803951219017,0.0,306.9803951219017
REAL_HUMANITARIAN_GEOSPATIAL_DATA,PENHA,2026-02-05 06:00:00,6,49,Deterministic mean-track,0.0,0.0,0.0
REAL_HUMANITARIAN_GEOSPATIAL_DATA,PENHA,2026-02-05 06:00:00,6,49,P90 envelope,1212752.797135476,0.0,1212752.797135476
REAL_HUMANITARIAN_GEOSPATIAL_DATA,PENHA,2026-02-05 06:00:00,6,49,Ensemble probability-weighted,20902.416302268015,0.0,20902.416302268015
REAL_HUMANITARIAN_GEOSPATIAL_DATA,PENHA,2026-02-05 12:00:00,6,47,Deterministic mean-track,0.0,0.0,0.0
REAL_HUMANITARIAN_GEOSPATIAL_DATA,PENHA,2026-02-05 12:00:00,6,47,P90 envelope,1410568.9334514698,0.0,1410568.9334514698
REAL_HUMANITARIAN_GEOSPATIAL_DATA,PENHA,2026-02-05 12:00:00,6,47,Ensemble probability-weighted,20206.723017001405,0.0,20206.723017001405
REAL_HUMANITARIAN_GEOSPATIAL_DATA,SENYAR,2025-11-26 06:00:00,6,34,Deterministic mean-track,0.0,0.0,0.0
REAL_HUMANITARIAN_GEOSPATIAL_DATA,SENYAR,2025-11-26 06:00:00,6,34,P90 envelope,5085191.7575242845,0.0,5085191.7575242845
REAL_HUMANITARIAN_GEOSPATIAL_DATA,SENYAR,2025-11-26 06:00:00,6,34,Ensemble probability-weighted,117570.8367519803,0.0,117570.8367519803
REAL_HUMANITARIAN_GEOSPATIAL_DATA,SENYAR,2025-11-26 12:00:00,6,21,Deterministic mean-track,0.0,0.0,0.0
REAL_HUMANITARIAN_GEOSPATIAL_DATA,SENYAR,2025-11-26 12:00:00,6,21,P90 envelope,8797620.11234318,0.0,8797620.11234318
REAL_HUMANITARIAN_GEOSPATIAL_DATA,SENYAR,2025-11-26 12:00:00,6,21,Ensemble probability-weighted,79398.80050895263,0.0,79398.80050895263
REAL_HUMANITARIAN_GEOSPATIAL_DATA,SENYAR,2025-11-26 18:00:00,6,34,Deterministic mean-track,2095.011895384639,0.0,2095.011895384639
REAL_HUMANITARIAN_GEOSPATIAL_DATA,SENYAR,2025-11-26 18:00:00,6,34,P90 envelope,11051188.514246032,0.0,11051188.514246032
REAL_HUMANITARIAN_GEOSPATIAL_DATA,SENYAR,2025-11-26 18:00:00,6,34,Ensemble probability-weighted,36594.10235210488,0.0,36594.10235210488
REAL_HUMANITARIAN_GEOSPATIAL_DATA,SENYAR,2025-11-27 00:00:00,6,33,Deterministic mean-track,0.0,0.0,0.0
REAL_HUMANITARIAN_GEOSPATIAL_DATA,SENYAR,2025-11-27 00:00:00,6,33,P90 envelope,4932325.571304236,0.0,4932325.571304236
REAL_HUMANITARIAN_GEOSPATIAL_DATA,SENYAR,2025-11-27 00:00:00,6,33,Ensemble probability-weighted,28910.341798506863,0.0,28910.341798506863
REAL_HUMANITARIAN_GEOSPATIAL_DATA,SENYAR,2025-11-27 06:00:00,6,22,Deterministic mean-track,0.0,0.0,0.0
REAL_HUMANITARIAN_GEOSPATIAL_DATA,SENYAR,2025-11-27 06:00:00,6,22,P90 envelope,5708703.676344473,0.0,5708703.676344473
REAL_HUMANITARIAN_GEOSPATIAL_DATA,SENYAR,2025-11-27 06:00:00,6,22,Ensemble probability-weighted,70227.69709057108,0.0,70227.69709057108
REAL_HUMANITARIAN_GEOSPATIAL_DATA,SENYAR,2025-11-27 12:00:00,6,40,Deterministic mean-track,0.0,252621.73772629394,252621.73772629394
REAL_HUMANITARIAN_GEOSPATIAL_DATA,SENYAR,2025-11-27 12:00:00,6,40,P90 envelope,4439715.077715367,252621.73772629394,4187093.339989073
REAL_HUMANITARIAN_GEOSPATIAL_DATA,SENYAR,2025-11-27 12:00:00,6,40,Ensemble probability-weighted,154083.99880059413,252621.73772629394,98537.73892569981
REAL_HUMANITARIAN_GEOSPATIAL_DATA,SENYAR,2025-11-27 18:00:00,6,23,Deterministic mean-track,186188.13329595342,160424.85205629456,25763.281239658856
REAL_HUMANITARIAN_GEOSPATIAL_DATA,SENYAR,2025-11-27 18:00:00,6,23,P90 envelope,1292121.7974585122,160424.85205629456,1131696.9454022176
REAL_HUMANITARIAN_GEOSPATIAL_DATA,SENYAR,2025-11-27 18:00:00,6,23,Ensemble probability-weighted,23098.557214813976,160424.85205629456,137326.2948414806
REAL_HUMANITARIAN_GEOSPATIAL_DATA,SONIA,2025-10-25 12:00:00,6,50,Deterministic mean-track,0.0,0.0,0.0
REAL_HUMANITARIAN_GEOSPATIAL_DATA,SONIA,2025-10-25 12:00:00,6,50,P90 envelope,0.0,0.0,0.0
REAL_HUMANITARIAN_GEOSPATIAL_DATA,SONIA,2025-10-25 12:00:00,6,50,Ensemble probability-weighted,0.0,0.0,0.0
REAL_HUMANITARIAN_GEOSPATIAL_DATA,SONIA,2025-10-25 18:00:00,6,49,Deterministic mean-track,0.0,0.0,0.0
REAL_HUMANITARIAN_GEOSPATIAL_DATA,SONIA,2025-10-25 18:00:00,6,49,P90 envelope,0.0,0.0,0.0
REAL_HUMANITARIAN_GEOSPATIAL_DATA,SONIA,2025-10-25 18:00:00,6,49,Ensemble probability-weighted,0.0,0.0,0.0
REAL_HUMANITARIAN_GEOSPATIAL_DATA,SONIA,2025-10-26 00:00:00,6,51,Deterministic mean-track,0.0,0.0,0.0
REAL_HUMANITARIAN_GEOSPATIAL_DATA,SONIA,2025-10-26 00:00:00,6,51,P90 envelope,0.0,0.0,0.0
REAL_HUMANITARIAN_GEOSPATIAL_DATA,SONIA,2025-10-26 00:00:00,6,51,Ensemble probability-weighted,0.0,0.0,0.0
REAL_HUMANITARIAN_GEOSPATIAL_DATA,SONIA,2025-10-26 06:00:00,6,49,Deterministic mean-track,0.0,0.0,0.0
REAL_HUMANITARIAN_GEOSPATIAL_DATA,SONIA,2025-10-26 06:00:00,6,49,P90 envelope,0.0,0.0,0.0
REAL_HUMANITARIAN_GEOSPATIAL_DATA,SONIA,2025-10-26 06:00:00,6,49,Ensemble probability-weighted,0.0,0.0,0.0
REAL_HUMANITARIAN_GEOSPATIAL_DATA,SONIA,2025-10-26 12:00:00,6,51,Deterministic mean-track,0.0,0.0,0.0
REAL_HUMANITARIAN_GEOSPATIAL_DATA,SONIA,2025-10-26 12:00:00,6,51,P90 envelope,0.0,0.0,0.0
REAL_HUMANITARIAN_GEOSPATIAL_DATA,SONIA,2025-10-26 12:00:00,6,51,Ensemble probability-weighted,0.0,0.0,0.0
REAL_HUMANITARIAN_GEOSPATIAL_DATA,SONIA,2025-10-26 18:00:00,6,51,Deterministic mean-track,0.0,0.0,0.0
REAL_HUMANITARIAN_GEOSPATIAL_DATA,SONIA,2025-10-26 18:00:00,6,51,P90 envelope,0.0,0.0,0.0
REAL_HUMANITARIAN_GEOSPATIAL_DATA,SONIA,2025-10-26 18:00:00,6,51,Ensemble probability-weighted,0.0,0.0,0.0
REAL_HUMANITARIAN_GEOSPATIAL_DATA,SONIA,2025-10-27 00:00:00,6,51,Deterministic mean-track,0.0,0.0,0.0
REAL_HUMANITARIAN_GEOSPATIAL_DATA,SONIA,2025-10-27 00:00:00,6,51,P90 envelope,0.0,0.0,0.0
REAL_HUMANITARIAN_GEOSPATIAL_DATA,SONIA,2025-10-27 00:00:00,6,51,Ensemble probability-weighted,0.0,0.0,0.0
REAL_HUMANITARIAN_GEOSPATIAL_DATA,SONIA,2025-10-27 06:00:00,6,51,Deterministic mean-track,0.0,0.0,0.0
REAL_HUMANITARIAN_GEOSPATIAL_DATA,SONIA,2025-10-27 06:00:00,6,51,P90 envelope,0.0,0.0,0.0
REAL_HUMANITARIAN_GEOSPATIAL_DATA,SONIA,2025-10-27 06:00:00,6,51,Ensemble probability-weighted,0.0,0.0,0.0
REAL_HUMANITARIAN_GEOSPATIAL_DATA,SONIA,2025-10-27 12:00:00,6,51,Deterministic mean-track,0.0,0.0,0.0
REAL_HUMANITARIAN_GEOSPATIAL_DATA,SONIA,2025-10-27 12:00:00,6,51,P90 envelope,0.0,0.0,0.0
REAL_HUMANITARIAN_GEOSPATIAL_DATA,SONIA,2025-10-27 12:00:00,6,51,Ensemble probability-weighted,0.0,0.0,0.0
REAL_HUMANITARIAN_GEOSPATIAL_DATA,SONIA,2025-10-27 18:00:00,6,51,Deterministic mean-track,0.0,0.0,0.0
REAL_HUMANITARIAN_GEOSPATIAL_DATA,SONIA,2025-10-27 18:00:00,6,51,P90 envelope,0.0,0.0,0.0
REAL_HUMANITARIAN_GEOSPATIAL_DATA,SONIA,2025-10-27 18:00:00,6,51,Ensemble probability-weighted,0.0,0.0,0.0
REAL_HUMANITARIAN_GEOSPATIAL_DATA,SONIA,2025-10-28 00:00:00,6,46,Deterministic mean-track,0.0,0.0,0.0
REAL_HUMANITARIAN_GEOSPATIAL_DATA,SONIA,2025-10-28 00:00:00,6,46,P90 envelope,0.0,0.0,0.0
REAL_HUMANITARIAN_GEOSPATIAL_DATA,SONIA,2025-10-28 00:00:00,6,46,Ensemble probability-weighted,0.0,0.0,0.0
REAL_HUMANITARIAN_GEOSPATIAL_DATA,SONIA,2025-10-28 06:00:00,6,46,Deterministic mean-track,0.0,0.0,0.0
REAL_HUMANITARIAN_GEOSPATIAL_DATA,SONIA,2025-10-28 06:00:00,6,46,P90 envelope,0.0,0.0,0.0
REAL_HUMANITARIAN_GEOSPATIAL_DATA,SONIA,2025-10-28 06:00:00,6,46,Ensemble probability-weighted,0.0,0.0,0.0
REAL_HUMANITARIAN_GEOSPATIAL_DATA,SONIA,2025-10-28 12:00:00,6,40,Deterministic mean-track,0.0,0.0,0.0
REAL_HUMANITARIAN_GEOSPATIAL_DATA,SONIA,2025-10-28 12:00:00,6,40,P90 envelope,0.0,0.0,0.0
REAL_HUMANITARIAN_GEOSPATIAL_DATA,SONIA,2025-10-28 12:00:00,6,40,Ensemble probability-weighted,0.0,0.0,0.0
REAL_HUMANITARIAN_GEOSPATIAL_DATA,SONIA,2025-10-28 18:00:00,6,11,Deterministic mean-track,0.0,0.0,0.0
REAL_HUMANITARIAN_GEOSPATIAL_DATA,SONIA,2025-10-28 18:00:00,6,11,P90 envelope,0.0,0.0,0.0
REAL_HUMANITARIAN_GEOSPATIAL_DATA,SONIA,2025-10-28 18:00:00,6,11,Ensemble probability-weighted,0.0,0.0,0.0
REAL_HUMANITARIAN_GEOSPATIAL_DATA,SONIA,2025-10-29 06:00:00,6,1,Deterministic mean-track,0.0,0.0,0.0
REAL_HUMANITARIAN_GEOSPATIAL_DATA,SONIA,2025-10-29 06:00:00,6,1,P90 envelope,0.0,0.0,0.0
REAL_HUMANITARIAN_GEOSPATIAL_DATA,SONIA,2025-10-29 06:00:00,6,1,Ensemble probability-weighted,0.0,0.0,0.0
REAL_HUMANITARIAN_GEOSPATIAL_DATA,DITWAH,2025-11-27 12:00:00,12,50,Deterministic mean-track,596407.5226435204,358713.77724457503,237693.74539894535
REAL_HUMANITARIAN_GEOSPATIAL_DATA,DITWAH,2025-11-27 12:00:00,12,50,P90 envelope,8297149.8645290695,358713.77724457503,7938436.087284494
REAL_HUMANITARIAN_GEOSPATIAL_DATA,DITWAH,2025-11-27 12:00:00,12,50,Ensemble probability-weighted,276925.38363731257,358713.77724457503,81788.39360726246
REAL_HUMANITARIAN_GEOSPATIAL_DATA,DITWAH,2025-11-27 18:00:00,12,51,Deterministic mean-track,0.0,358713.77724457503,358713.77724457503
REAL_HUMANITARIAN_GEOSPATIAL_DATA,DITWAH,2025-11-27 18:00:00,12,51,P90 envelope,7339230.492862678,358713.77724457503,6980516.715618103
REAL_HUMANITARIAN_GEOSPATIAL_DATA,DITWAH,2025-11-27 18:00:00,12,51,Ensemble probability-weighted,81808.25520484618,358713.77724457503,276905.5220397288
REAL_HUMANITARIAN_GEOSPATIAL_DATA,DITWAH,2025-11-28 00:00:00,12,51,Deterministic mean-track,358713.77724457503,0.0,358713.77724457503
REAL_HUMANITARIAN_GEOSPATIAL_DATA,DITWAH,2025-11-28 00:00:00,12,51,P90 envelope,5121681.521998379,0.0,5121681.521998379
REAL_HUMANITARIAN_GEOSPATIAL_DATA,DITWAH,2025-11-28 00:00:00,12,51,Ensemble probability-weighted,71838.62260230641,0.0,71838.62260230641
REAL_HUMANITARIAN_GEOSPATIAL_DATA,DITWAH,2025-11-28 06:00:00,12,51,Deterministic mean-track,0.0,105791.64677767342,105791.64677767342
REAL_HUMANITARIAN_GEOSPATIAL_DATA,DITWAH,2025-11-28 06:00:00,12,51,P90 envelope,4391325.76112907,105791.64677767342,4285534.114351396
REAL_HUMANITARIAN_GEOSPATIAL_DATA,DITWAH,2025-11-28 06:00:00,12,51,Ensemble probability-weighted,55406.70761787476,105791.64677767342,50384.93915979866
REAL_HUMANITARIAN_GEOSPATIAL_DATA,DITWAH,2025-11-28 12:00:00,12,51,Deterministic mean-track,0.0,0.0,0.0
REAL_HUMANITARIAN_GEOSPATIAL_DATA,DITWAH,2025-11-28 12:00:00,12,51,P90 envelope,1601843.9283205394,0.0,1601843.9283205394
REAL_HUMANITARIAN_GEOSPATIAL_DATA,DITWAH,2025-11-28 12:00:00,12,51,Ensemble probability-weighted,33234.448590478074,0.0,33234.448590478074
REAL_HUMANITARIAN_GEOSPATIAL_DATA,DITWAH,2025-11-28 18:00:00,12,50,Deterministic mean-track,0.0,0.0,0.0
REAL_HUMANITARIAN_GEOSPATIAL_DATA,DITWAH,2025-11-28 18:00:00,12,50,P90 envelope,3613333.3763782186,0.0,3613333.3763782186
REAL_HUMANITARIAN_GEOSPATIAL_DATA,DITWAH,2025-11-28 18:00:00,12,50,Ensemble probability-weighted,23738.948900899035,0.0,23738.948900899035
REAL_HUMANITARIAN_GEOSPATIAL_DATA,DITWAH,2025-11-29 00:00:00,12,51,Deterministic mean-track,0.0,0.0,0.0
REAL_HUMANITARIAN_GEOSPATIAL_DATA,DITWAH,2025-11-29 00:00:00,12,51,P90 envelope,2759888.4250206826,0.0,2759888.4250206826
REAL_HUMANITARIAN_GEOSPATIAL_DATA,DITWAH,2025-11-29 00:00:00,12,51,Ensemble probability-weighted,302.716202876147,0.0,302.716202876147
REAL_HUMANITARIAN_GEOSPATIAL_DATA,DITWAH,2025-11-29 06:00:00,12,51,Deterministic mean-track,0.0,0.0,0.0
REAL_HUMANITARIAN_GEOSPATIAL_DATA,DITWAH,2025-11-29 06:00:00,12,51,P90 envelope,2759888.4250206826,0.0,2759888.4250206826
REAL_HUMANITARIAN_GEOSPATIAL_DATA,DITWAH,2025-11-29 06:00:00,12,51,Ensemble probability-weighted,24.92557839786305,0.0,24.92557839786305
REAL_HUMANITARIAN_GEOSPATIAL_DATA,DITWAH,2025-11-29 12:00:00,12,51,Deterministic mean-track,0.0,0.0,0.0
REAL_HUMANITARIAN_GEOSPATIAL_DATA,DITWAH,2025-11-29 12:00:00,12,51,P90 envelope,90584.11904495957,0.0,90584.11904495957
REAL_HUMANITARIAN_GEOSPATIAL_DATA,DITWAH,2025-11-29 12:00:00,12,51,Ensemble probability-weighted,1772.004933893681,0.0,1772.004933893681
REAL_HUMANITARIAN_GEOSPATIAL_DATA,DITWAH,2025-11-29 18:00:00,12,51,Deterministic mean-track,0.0,0.0,0.0
REAL_HUMANITARIAN_GEOSPATIAL_DATA,DITWAH,2025-11-29 18:00:00,12,51,P90 envelope,5861892.271597672,0.0,5861892.271597672
REAL_HUMANITARIAN_GEOSPATIAL_DATA,DITWAH,2025-11-29 18:00:00,12,51,Ensemble probability-weighted,8860.024669468407,0.0,8860.024669468407
REAL_HUMANITARIAN_GEOSPATIAL_DATA,DITWAH,2025-11-30 00:00:00,12,50,Deterministic mean-track,0.0,0.0,0.0
REAL_HUMANITARIAN_GEOSPATIAL_DATA,DITWAH,2025-11-30 00:00:00,12,50,P90 envelope,90372.25162857774,0.0,90372.25162857774
REAL_HUMANITARIAN_GEOSPATIAL_DATA,DITWAH,2025-11-30 00:00:00,12,50,Ensemble probability-weighted,109390.5506489539,0.0,109390.5506489539
REAL_HUMANITARIAN_GEOSPATIAL_DATA,DITWAH,2025-11-30 06:00:00,12,51,Deterministic mean-track,0.0,0.0,0.0
REAL_HUMANITARIAN_GEOSPATIAL_DATA,DITWAH,2025-11-30 06:00:00,12,51,P90 envelope,5469527.532447695,0.0,5469527.532447695
REAL_HUMANITARIAN_GEOSPATIAL_DATA,DITWAH,2025-11-30 06:00:00,12,51,Ensemble probability-weighted,0.0,0.0,0.0
REAL_HUMANITARIAN_GEOSPATIAL_DATA,DITWAH,2025-11-30 12:00:00,12,49,Deterministic mean-track,0.0,0.0,0.0
REAL_HUMANITARIAN_GEOSPATIAL_DATA,DITWAH,2025-11-30 12:00:00,12,49,P90 envelope,6815813.2524520755,0.0,6815813.2524520755
REAL_HUMANITARIAN_GEOSPATIAL_DATA,DITWAH,2025-11-30 12:00:00,12,49,Ensemble probability-weighted,0.0,0.0,0.0
REAL_HUMANITARIAN_GEOSPATIAL_DATA,DITWAH,2025-11-30 18:00:00,12,45,Deterministic mean-track,0.0,0.0,0.0
REAL_HUMANITARIAN_GEOSPATIAL_DATA,DITWAH,2025-11-30 18:00:00,12,45,P90 envelope,6725441.000823498,0.0,6725441.000823498
REAL_HUMANITARIAN_GEOSPATIAL_DATA,DITWAH,2025-11-30 18:00:00,12,45,Ensemble probability-weighted,59834.9208890836,0.0,59834.9208890836
REAL_HUMANITARIAN_GEOSPATIAL_DATA,DITWAH,2025-12-01 00:00:00,12,29,Deterministic mean-track,0.0,0.0,0.0
REAL_HUMANITARIAN_GEOSPATIAL_DATA,DITWAH,2025-12-01 00:00:00,12,29,P90 envelope,0.0,0.0,0.0
REAL_HUMANITARIAN_GEOSPATIAL_DATA,DITWAH,2025-12-01 00:00:00,12,29,Ensemble probability-weighted,0.0,0.0,0.0
REAL_HUMANITARIAN_GEOSPATIAL_DATA,DITWAH,2025-12-01 06:00:00,12,22,Deterministic mean-track,0.0,0.0,0.0
REAL_HUMANITARIAN_GEOSPATIAL_DATA,DITWAH,2025-12-01 06:00:00,12,22,P90 envelope,5469527.532447695,0.0,5469527.532447695
REAL_HUMANITARIAN_GEOSPATIAL_DATA,DITWAH,2025-12-01 06:00:00,12,22,Ensemble probability-weighted,0.0,0.0,0.0
REAL_HUMANITARIAN_GEOSPATIAL_DATA,DITWAH,2025-12-01 12:00:00,12,10,Deterministic mean-track,0.0,0.0,0.0
REAL_HUMANITARIAN_GEOSPATIAL_DATA,DITWAH,2025-12-01 12:00:00,12,10,P90 envelope,90372.25162857774,0.0,90372.25162857774
REAL_HUMANITARIAN_GEOSPATIAL_DATA,DITWAH,2025-12-01 12:00:00,12,10,Ensemble probability-weighted,0.0,0.0,0.0
REAL_HUMANITARIAN_GEOSPATIAL_DATA,DITWAH,2025-12-01 18:00:00,12,2,Deterministic mean-track,0.0,0.0,0.0
REAL_HUMANITARIAN_GEOSPATIAL_DATA,DITWAH,2025-12-01 18:00:00,12,2,P90 envelope,6725441.000823498,0.0,6725441.000823498
REAL_HUMANITARIAN_GEOSPATIAL_DATA,DITWAH,2025-12-01 18:00:00,12,2,Ensemble probability-weighted,0.0,0.0,0.0
REAL_HUMANITARIAN_GEOSPATIAL_DATA,DITWAH,2025-12-02 00:00:00,12,4,Deterministic mean-track,0.0,0.0,0.0
REAL_HUMANITARIAN_GEOSPATIAL_DATA,DITWAH,2025-12-02 00:00:00,12,4,P90 envelope,5469527.532447695,0.0,5469527.532447695
REAL_HUMANITARIAN_GEOSPATIAL_DATA,DITWAH,2025-12-02 00:00:00,12,4,Ensemble probability-weighted,0.0,0.0,0.0
REAL_HUMANITARIAN_GEOSPATIAL_DATA,DITWAH,2025-12-02 06:00:00,12,3,Deterministic mean-track,90372.25162857774,90372.25162857774,0.0
REAL_HUMANITARIAN_GEOSPATIAL_DATA,DITWAH,2025-12-02 06:00:00,12,3,P90 envelope,2890365.4588292176,90372.25162857774,2799993.20720064
REAL_HUMANITARIAN_GEOSPATIAL_DATA,DITWAH,2025-12-02 06:00:00,12,3,Ensemble probability-weighted,30124.083876192577,90372.25162857774,60248.16775238516
REAL_HUMANITARIAN_GEOSPATIAL_DATA,DUDZAI,2026-01-15 06:00:00,12,51,Deterministic mean-track,0.0,0.0,0.0
REAL_HUMANITARIAN_GEOSPATIAL_DATA,DUDZAI,2026-01-15 06:00:00,12,51,P90 envelope,0.0,0.0,0.0
REAL_HUMANITARIAN_GEOSPATIAL_DATA,DUDZAI,2026-01-15 06:00:00,12,51,Ensemble probability-weighted,0.0,0.0,0.0
REAL_HUMANITARIAN_GEOSPATIAL_DATA,FINA,2025-11-18 18:00:00,12,51,Deterministic mean-track,0.0,0.0,0.0
REAL_HUMANITARIAN_GEOSPATIAL_DATA,FINA,2025-11-18 18:00:00,12,51,P90 envelope,0.0,0.0,0.0
REAL_HUMANITARIAN_GEOSPATIAL_DATA,FINA,2025-11-18 18:00:00,12,51,Ensemble probability-weighted,0.0,0.0,0.0
REAL_HUMANITARIAN_GEOSPATIAL_DATA,FINA,2025-11-19 00:00:00,12,51,Deterministic mean-track,0.0,0.0,0.0
REAL_HUMANITARIAN_GEOSPATIAL_DATA,FINA,2025-11-19 00:00:00,12,51,P90 envelope,0.0,0.0,0.0
REAL_HUMANITARIAN_GEOSPATIAL_DATA,FINA,2025-11-19 00:00:00,12,51,Ensemble probability-weighted,0.0,0.0,0.0
REAL_HUMANITARIAN_GEOSPATIAL_DATA,FINA,2025-11-19 06:00:00,12,51,Deterministic mean-track,0.0,0.0,0.0
REAL_HUMANITARIAN_GEOSPATIAL_DATA,FINA,2025-11-19 06:00:00,12,51,P90 envelope,0.0,0.0,0.0
REAL_HUMANITARIAN_GEOSPATIAL_DATA,FINA,2025-11-19 06:00:00,12,51,Ensemble probability-weighted,0.0,0.0,0.0
REAL_HUMANITARIAN_GEOSPATIAL_DATA,FINA,2025-11-19 12:00:00,12,51,Deterministic mean-track,0.0,0.0,0.0
REAL_HUMANITARIAN_GEOSPATIAL_DATA,FINA,2025-11-19 12:00:00,12,51,P90 envelope,0.0,0.0,0.0
REAL_HUMANITARIAN_GEOSPATIAL_DATA,FINA,2025-11-19 12:00:00,12,51,Ensemble probability-weighted,0.0,0.0,0.0
REAL_HUMANITARIAN_GEOSPATIAL_DATA,FINA,2025-11-19 18:00:00,12,51,Deterministic mean-track,0.0,0.0,0.0
REAL_HUMANITARIAN_GEOSPATIAL_DATA,FINA,2025-11-19 18:00:00,12,51,P90 envelope,80.6247598575745,0.0,80.6247598575745
REAL_HUMANITARIAN_GEOSPATIAL_DATA,FINA,2025-11-19 18:00:00,12,51,Ensemble probability-weighted,0.0,0.0,0.0
REAL_HUMANITARIAN_GEOSPATIAL_DATA,FINA,2025-11-20 00:00:00,12,51,Deterministic mean-track,0.0,0.0,0.0
REAL_HUMANITARIAN_GEOSPATIAL_DATA,FINA,2025-11-20 00:00:00,12,51,P90 envelope,0.0,0.0,0.0
REAL_HUMANITARIAN_GEOSPATIAL_DATA,FINA,2025-11-20 00:00:00,12,51,Ensemble probability-weighted,0.0,0.0,0.0
REAL_HUMANITARIAN_GEOSPATIAL_DATA,FINA,2025-11-20 06:00:00,12,51,Deterministic mean-track,0.0,0.0,0.0
REAL_HUMANITARIAN_GEOSPATIAL_DATA,FINA,2025-11-20 06:00:00,12,51,P90 envelope,84.0167478496322,0.0,84.0167478496322
REAL_HUMANITARIAN_GEOSPATIAL_DATA,FINA,2025-11-20 06:00:00,12,51,Ensemble probability-weighted,0.0,0.0,0.0
REAL_HUMANITARIAN_GEOSPATIAL_DATA,FINA,2025-11-20 12:00:00,12,51,Deterministic mean-track,0.0,0.0,0.0
REAL_HUMANITARIAN_GEOSPATIAL_DATA,FINA,2025-11-20 12:00:00,12,51,P90 envelope,83.66799207752669,0.0,83.66799207752669
REAL_HUMANITARIAN_GEOSPATIAL_DATA,FINA,2025-11-20 12:00:00,12,51,Ensemble probability-weighted,0.0,0.0,0.0
REAL_HUMANITARIAN_GEOSPATIAL_DATA,FINA,2025-11-20 18:00:00,12,51,Deterministic mean-track,0.0,0.0,0.0
REAL_HUMANITARIAN_GEOSPATIAL_DATA,FINA,2025-11-20 18:00:00,12,51,P90 envelope,83.66799207752669,0.0,83.66799207752669
REAL_HUMANITARIAN_GEOSPATIAL_DATA,FINA,2025-11-20 18:00:00,12,51,Ensemble probability-weighted,3.281097728530458,0.0,3.281097728530458
REAL_HUMANITARIAN_GEOSPATIAL_DATA,FINA,2025-11-21 00:00:00,12,51,Deterministic mean-track,0.0,0.0,0.0
REAL_HUMANITARIAN_GEOSPATIAL_DATA,FINA,2025-11-21 00:00:00,12,51,P90 envelope,90.66892209713555,0.0,90.66892209713555
REAL_HUMANITARIAN_GEOSPATIAL_DATA,FINA,2025-11-21 00:00:00,12,51,Ensemble probability-weighted,1.640548864265229,0.0,1.640548864265229
REAL_HUMANITARIAN_GEOSPATIAL_DATA,FINA,2025-11-21 06:00:00,12,51,Deterministic mean-track,3.0432322199521806,0.0,3.0432322199521806
REAL_HUMANITARIAN_GEOSPATIAL_DATA,FINA,2025-11-21 06:00:00,12,51,P90 envelope,3086.7915548021138,0.0,3086.7915548021138
REAL_HUMANITARIAN_GEOSPATIAL_DATA,FINA,2025-11-21 06:00:00,12,51,Ensemble probability-weighted,106.32162181975991,0.0,106.32162181975991
REAL_HUMANITARIAN_GEOSPATIAL_DATA,FINA,2025-11-21 12:00:00,12,51,Deterministic mean-track,0.0,0.0,0.0
REAL_HUMANITARIAN_GEOSPATIAL_DATA,FINA,2025-11-21 12:00:00,12,51,P90 envelope,3803.6803239724577,0.0,3803.6803239724577
REAL_HUMANITARIAN_GEOSPATIAL_DATA,FINA,2025-11-21 12:00:00,12,51,Ensemble probability-weighted,526.9655121930232,0.0,526.9655121930232
REAL_HUMANITARIAN_GEOSPATIAL_DATA,FINA,2025-11-21 18:00:00,12,51,Deterministic mean-track,2684.4194169545794,0.0,2684.4194169545794
REAL_HUMANITARIAN_GEOSPATIAL_DATA,FINA,2025-11-21 18:00:00,12,51,P90 envelope,31239.517354781146,0.0,31239.517354781146
REAL_HUMANITARIAN_GEOSPATIAL_DATA,FINA,2025-11-21 18:00:00,12,51,Ensemble probability-weighted,1601.9076045453296,0.0,1601.9076045453296
REAL_HUMANITARIAN_GEOSPATIAL_DATA,FINA,2025-11-22 00:00:00,12,51,Deterministic mean-track,0.0,878.2537354137279,878.2537354137279
REAL_HUMANITARIAN_GEOSPATIAL_DATA,FINA,2025-11-22 00:00:00,12,51,P90 envelope,31225.60285046331,878.2537354137279,30347.349115049583
REAL_HUMANITARIAN_GEOSPATIAL_DATA,FINA,2025-11-22 00:00:00,12,51,Ensemble probability-weighted,511.73480297701707,878.2537354137279,366.5189324367108
REAL_HUMANITARIAN_GEOSPATIAL_DATA,FINA,2025-11-22 06:00:00,12,51,Deterministic mean-track,0.0,0.0,0.0
REAL_HUMANITARIAN_GEOSPATIAL_DATA,FINA,2025-11-22 06:00:00,12,51,P90 envelope,28479.498449315888,0.0,28479.498449315888
REAL_HUMANITARIAN_GEOSPATIAL_DATA,FINA,2025-11-22 06:00:00,12,51,Ensemble probability-weighted,1063.1877060866375,0.0,1063.1877060866375
REAL_HUMANITARIAN_GEOSPATIAL_DATA,FINA,2025-11-22 12:00:00,12,51,Deterministic mean-track,0.045440356770996004,0.045440356770996004,0.0
REAL_HUMANITARIAN_GEOSPATIAL_DATA,FINA,2025-11-22 12:00:00,12,51,P90 envelope,10309.868567092493,0.045440356770996004,10309.823126735722
REAL_HUMANITARIAN_GEOSPATIAL_DATA,FINA,2025-11-22 12:00:00,12,51,Ensemble probability-weighted,51.765046797177554,0.045440356770996004,51.71960644040656
REAL_HUMANITARIAN_GEOSPATIAL_DATA,FINA,2025-11-22 18:00:00,12,51,Deterministic mean-track,0.0,0.0,0.0
REAL_HUMANITARIAN_GEOSPATIAL_DATA,FINA,2025-11-22 18:00:00,12,51,P90 envelope,9271.628549050438,0.0,9271.628549050438
REAL_HUMANITARIAN_GEOSPATIAL_DATA,FINA,2025-11-22 18:00:00,12,51,Ensemble probability-weighted,17.228680365189543,0.0,17.228680365189543
REAL_HUMANITARIAN_GEOSPATIAL_DATA,FINA,2025-11-23 00:00:00,12,51,Deterministic mean-track,0.0,0.0,0.0
REAL_HUMANITARIAN_GEOSPATIAL_DATA,FINA,2025-11-23 00:00:00,12,51,P90 envelope,718.1629696526456,0.0,718.1629696526456
REAL_HUMANITARIAN_GEOSPATIAL_DATA,FINA,2025-11-23 00:00:00,12,51,Ensemble probability-weighted,0.1297347908855275,0.0,0.1297347908855275
REAL_HUMANITARIAN_GEOSPATIAL_DATA,FINA,2025-11-23 06:00:00,12,51,Deterministic mean-track,0.0,0.0,0.0
REAL_HUMANITARIAN_GEOSPATIAL_DATA,FINA,2025-11-23 06:00:00,12,51,P90 envelope,718.2512787336941,0.0,718.2512787336941
REAL_HUMANITARIAN_GEOSPATIAL_DATA,FINA,2025-11-23 06:00:00,12,51,Ensemble probability-weighted,0.05056462662841845,0.0,0.05056462662841845
REAL_HUMANITARIAN_GEOSPATIAL_DATA,FINA,2025-11-23 12:00:00,12,51,Deterministic mean-track,0.0,0.1337494378194607,0.1337494378194607
REAL_HUMANITARIAN_GEOSPATIAL_DATA,FINA,2025-11-23 12:00:00,12,51,P90 envelope,718.2512787336941,0.1337494378194607,718.1175292958746
REAL_HUMANITARIAN_GEOSPATIAL_DATA,FINA,2025-11-23 12:00:00,12,51,Ensemble probability-weighted,0.00786761398938004,0.1337494378194607,0.12588182383008065
REAL_HUMANITARIAN_GEOSPATIAL_DATA,FINA,2025-11-23 18:00:00,12,51,Deterministic mean-track,0.0,0.0,0.0
REAL_HUMANITARIAN_GEOSPATIAL_DATA,FINA,2025-11-23 18:00:00,12,51,P90 envelope,15.758070878128784,0.0,15.758070878128784
REAL_HUMANITARIAN_GEOSPATIAL_DATA,FINA,2025-11-23 18:00:00,12,51,Ensemble probability-weighted,0.034277095127899726,0.0,0.034277095127899726
REAL_HUMANITARIAN_GEOSPATIAL_DATA,FINA,2025-11-24 00:00:00,12,51,Deterministic mean-track,0.0,0.0,0.0
REAL_HUMANITARIAN_GEOSPATIAL_DATA,FINA,2025-11-24 00:00:00,12,51,P90 envelope,23.276384446197827,0.0,23.276384446197827
REAL_HUMANITARIAN_GEOSPATIAL_DATA,FINA,2025-11-24 00:00:00,12,51,Ensemble probability-weighted,0.502167754855959,0.0,0.502167754855959
REAL_HUMANITARIAN_GEOSPATIAL_DATA,FINA,2025-11-24 06:00:00,12,51,Deterministic mean-track,2.4670042423476874,0.0,2.4670042423476874
REAL_HUMANITARIAN_GEOSPATIAL_DATA,FINA,2025-11-24 06:00:00,12,51,P90 envelope,148.94486383345674,0.0,148.94486383345674
REAL_HUMANITARIAN_GEOSPATIAL_DATA,FINA,2025-11-24 06:00:00,12,51,Ensemble probability-weighted,1.0468742725875118,0.0,1.0468742725875118
REAL_HUMANITARIAN_GEOSPATIAL_DATA,FINA,2025-11-24 12:00:00,12,51,Deterministic mean-track,2.4670042423476874,8.062700479216785,5.595696236869097
REAL_HUMANITARIAN_GEOSPATIAL_DATA,FINA,2025-11-24 12:00:00,12,51,P90 envelope,148.94486383345674,8.062700479216785,140.88216335423996
REAL_HUMANITARIAN_GEOSPATIAL_DATA,FINA,2025-11-24 12:00:00,12,51,Ensemble probability-weighted,5.729016528885548,8.062700479216785,2.3336839503312365
REAL_HUMANITARIAN_GEOSPATIAL_DATA,FINA,2025-11-24 18:00:00,12,51,Deterministic mean-track,2.4670042423476874,0.0,2.4670042423476874
REAL_HUMANITARIAN_GEOSPATIAL_DATA,FINA,2025-11-24 18:00:00,12,51,P90 envelope,148.94486383345674,0.0,148.94486383345674
REAL_HUMANITARIAN_GEOSPATIAL_DATA,FINA,2025-11-24 18:00:00,12,51,Ensemble probability-weighted,12.506145270075088,0.0,12.506145270075088
REAL_HUMANITARIAN_GEOSPATIAL_DATA,FUNG-WONG,2025-11-05 18:00:00,12,49,Deterministic mean-track,0.0,95.0377455949783,95.0377455949783
REAL_HUMANITARIAN_GEOSPATIAL_DATA,FUNG-WONG,2025-11-05 18:00:00,12,49,P90 envelope,493.99999625235796,95.0377455949783,398.9622506573796
REAL_HUMANITARIAN_GEOSPATIAL_DATA,FUNG-WONG,2025-11-05 18:00:00,12,49,Ensemble probability-weighted,0.7570118922360088,95.0377455949783,94.2807337027423
REAL_HUMANITARIAN_GEOSPATIAL_DATA,FUNG-WONG,2025-11-06 00:00:00,12,48,Deterministic mean-track,0.0,0.0,0.0
REAL_HUMANITARIAN_GEOSPATIAL_DATA,FUNG-WONG,2025-11-06 00:00:00,12,48,P90 envelope,493.99999625235796,0.0,493.99999625235796
REAL_HUMANITARIAN_GEOSPATIAL_DATA,FUNG-WONG,2025-11-06 00:00:00,12,48,Ensemble probability-weighted,4.732689039781688,0.0,4.732689039781688
REAL_HUMANITARIAN_GEOSPATIAL_DATA,FUNG-WONG,2025-11-06 06:00:00,12,51,Deterministic mean-track,0.0,0.0,0.0
REAL_HUMANITARIAN_GEOSPATIAL_DATA,FUNG-WONG,2025-11-06 06:00:00,12,51,P90 envelope,456.9064135327935,0.0,456.9064135327935
REAL_HUMANITARIAN_GEOSPATIAL_DATA,FUNG-WONG,2025-11-06 06:00:00,12,51,Ensemble probability-weighted,0.0,0.0,0.0
REAL_HUMANITARIAN_GEOSPATIAL_DATA,FUNG-WONG,2025-11-06 12:00:00,12,51,Deterministic mean-track,0.0,0.0,0.0
REAL_HUMANITARIAN_GEOSPATIAL_DATA,FUNG-WONG,2025-11-06 12:00:00,12,51,P90 envelope,0.0,0.0,0.0
REAL_HUMANITARIAN_GEOSPATIAL_DATA,FUNG-WONG,2025-11-06 12:00:00,12,51,Ensemble probability-weighted,0.0,0.0,0.0
REAL_HUMANITARIAN_GEOSPATIAL_DATA,FUNG-WONG,2025-11-06 18:00:00,12,51,Deterministic mean-track,0.0,0.0,0.0
REAL_HUMANITARIAN_GEOSPATIAL_DATA,FUNG-WONG,2025-11-06 18:00:00,12,51,P90 envelope,0.0,0.0,0.0
REAL_HUMANITARIAN_GEOSPATIAL_DATA,FUNG-WONG,2025-11-06 18:00:00,12,51,Ensemble probability-weighted,0.0,0.0,0.0
REAL_HUMANITARIAN_GEOSPATIAL_DATA,FUNG-WONG,2025-11-07 00:00:00,12,51,Deterministic mean-track,0.0,0.0,0.0
REAL_HUMANITARIAN_GEOSPATIAL_DATA,FUNG-WONG,2025-11-07 00:00:00,12,51,P90 envelope,0.0,0.0,0.0
REAL_HUMANITARIAN_GEOSPATIAL_DATA,FUNG-WONG,2025-11-07 00:00:00,12,51,Ensemble probability-weighted,0.0,0.0,0.0
REAL_HUMANITARIAN_GEOSPATIAL_DATA,FUNG-WONG,2025-11-07 06:00:00,12,51,Deterministic mean-track,0.0,0.0,0.0
REAL_HUMANITARIAN_GEOSPATIAL_DATA,FUNG-WONG,2025-11-07 06:00:00,12,51,P90 envelope,0.0,0.0,0.0
REAL_HUMANITARIAN_GEOSPATIAL_DATA,FUNG-WONG,2025-11-07 06:00:00,12,51,Ensemble probability-weighted,0.0,0.0,0.0
REAL_HUMANITARIAN_GEOSPATIAL_DATA,FUNG-WONG,2025-11-07 12:00:00,12,50,Deterministic mean-track,0.0,0.0,0.0
REAL_HUMANITARIAN_GEOSPATIAL_DATA,FUNG-WONG,2025-11-07 12:00:00,12,50,P90 envelope,0.0,0.0,0.0
REAL_HUMANITARIAN_GEOSPATIAL_DATA,FUNG-WONG,2025-11-07 12:00:00,12,50,Ensemble probability-weighted,0.0,0.0,0.0
REAL_HUMANITARIAN_GEOSPATIAL_DATA,FUNG-WONG,2025-11-07 18:00:00,12,51,Deterministic mean-track,0.0,0.0,0.0
REAL_HUMANITARIAN_GEOSPATIAL_DATA,FUNG-WONG,2025-11-07 18:00:00,12,51,P90 envelope,0.0,0.0,0.0
REAL_HUMANITARIAN_GEOSPATIAL_DATA,FUNG-WONG,2025-11-07 18:00:00,12,51,Ensemble probability-weighted,0.0,0.0,0.0
REAL_HUMANITARIAN_GEOSPATIAL_DATA,FUNG-WONG,2025-11-08 00:00:00,12,51,Deterministic mean-track,0.0,0.0,0.0
REAL_HUMANITARIAN_GEOSPATIAL_DATA,FUNG-WONG,2025-11-08 00:00:00,12,51,P90 envelope,0.0,0.0,0.0
REAL_HUMANITARIAN_GEOSPATIAL_DATA,FUNG-WONG,2025-11-08 00:00:00,12,51,Ensemble probability-weighted,0.0,0.0,0.0
REAL_HUMANITARIAN_GEOSPATIAL_DATA,FUNG-WONG,2025-11-08 06:00:00,12,50,Deterministic mean-track,0.0,0.0,0.0
REAL_HUMANITARIAN_GEOSPATIAL_DATA,FUNG-WONG,2025-11-08 06:00:00,12,50,P90 envelope,76312.03905659902,0.0,76312.03905659902
REAL_HUMANITARIAN_GEOSPATIAL_DATA,FUNG-WONG,2025-11-08 06:00:00,12,50,Ensemble probability-weighted,0.0,0.0,0.0
REAL_HUMANITARIAN_GEOSPATIAL_DATA,FUNG-WONG,2025-11-08 12:00:00,12,51,Deterministic mean-track,0.0,0.0,0.0
REAL_HUMANITARIAN_GEOSPATIAL_DATA,FUNG-WONG,2025-11-08 12:00:00,12,51,P90 envelope,93181.3959873319,0.0,93181.3959873319
REAL_HUMANITARIAN_GEOSPATIAL_DATA,FUNG-WONG,2025-11-08 12:00:00,12,51,Ensemble probability-weighted,3131.1449724096888,0.0,3131.1449724096888
REAL_HUMANITARIAN_GEOSPATIAL_DATA,FUNG-WONG,2025-11-08 18:00:00,12,51,Deterministic mean-track,0.0,0.0,0.0
REAL_HUMANITARIAN_GEOSPATIAL_DATA,FUNG-WONG,2025-11-08 18:00:00,12,51,P90 envelope,498851.6767636244,0.0,498851.6767636244
REAL_HUMANITARIAN_GEOSPATIAL_DATA,FUNG-WONG,2025-11-08 18:00:00,12,51,Ensemble probability-weighted,5099.592620864227,0.0,5099.592620864227
REAL_HUMANITARIAN_GEOSPATIAL_DATA,FUNG-WONG,2025-11-09 00:00:00,12,51,Deterministic mean-track,0.0,0.0,0.0
REAL_HUMANITARIAN_GEOSPATIAL_DATA,FUNG-WONG,2025-11-09 00:00:00,12,51,P90 envelope,870306.6705730135,0.0,870306.6705730135
REAL_HUMANITARIAN_GEOSPATIAL_DATA,FUNG-WONG,2025-11-09 00:00:00,12,51,Ensemble probability-weighted,19226.580913559454,0.0,19226.580913559454
REAL_HUMANITARIAN_GEOSPATIAL_DATA,FUNG-WONG,2025-11-09 06:00:00,12,51,Deterministic mean-track,262280.98083442403,262280.98083442403,0.0
REAL_HUMANITARIAN_GEOSPATIAL_DATA,FUNG-WONG,2025-11-09 06:00:00,12,51,P90 envelope,3777159.9632073613,262280.98083442403,3514878.9823729373
REAL_HUMANITARIAN_GEOSPATIAL_DATA,FUNG-WONG,2025-11-09 06:00:00,12,51,Ensemble probability-weighted,120401.57446551634,262280.98083442403,141879.4063689077
REAL_HUMANITARIAN_GEOSPATIAL_DATA,FUNG-WONG,2025-11-09 12:00:00,12,51,Deterministic mean-track,0.0,0.0,0.0
REAL_HUMANITARIAN_GEOSPATIAL_DATA,FUNG-WONG,2025-11-09 12:00:00,12,51,P90 envelope,262280.98083442403,0.0,262280.98083442403
REAL_HUMANITARIAN_GEOSPATIAL_DATA,FUNG-WONG,2025-11-09 12:00:00,12,51,Ensemble probability-weighted,5142.764330086746,0.0,5142.764330086746
REAL_HUMANITARIAN_GEOSPATIAL_DATA,FUNG-WONG,2025-11-09 18:00:00,12,51,Deterministic mean-track,0.0,0.0,0.0
REAL_HUMANITARIAN_GEOSPATIAL_DATA,FUNG-WONG,2025-11-09 18:00:00,12,51,P90 envelope,0.0,0.0,0.0
REAL_HUMANITARIAN_GEOSPATIAL_DATA,FUNG-WONG,2025-11-09 18:00:00,12,51,Ensemble probability-weighted,271.69797725303505,0.0,271.69797725303505
REAL_HUMANITARIAN_GEOSPATIAL_DATA,FUNG-WONG,2025-11-10 00:00:00,12,51,Deterministic mean-track,0.0,0.0,0.0
REAL_HUMANITARIAN_GEOSPATIAL_DATA,FUNG-WONG,2025-11-10 00:00:00,12,51,P90 envelope,0.0,0.0,0.0
REAL_HUMANITARIAN_GEOSPATIAL_DATA,FUNG-WONG,2025-11-10 00:00:00,12,51,Ensemble probability-weighted,0.0,0.0,0.0
REAL_HUMANITARIAN_GEOSPATIAL_DATA,FUNG-WONG,2025-11-10 06:00:00,12,51,Deterministic mean-track,0.0,0.0,0.0
REAL_HUMANITARIAN_GEOSPATIAL_DATA,FUNG-WONG,2025-11-10 06:00:00,12,51,P90 envelope,0.0,0.0,0.0
REAL_HUMANITARIAN_GEOSPATIAL_DATA,FUNG-WONG,2025-11-10 06:00:00,12,51,Ensemble probability-weighted,0.0,0.0,0.0
REAL_HUMANITARIAN_GEOSPATIAL_DATA,FUNG-WONG,2025-11-10 12:00:00,12,51,Deterministic mean-track,0.0,0.0,0.0
REAL_HUMANITARIAN_GEOSPATIAL_DATA,FUNG-WONG,2025-11-10 12:00:00,12,51,P90 envelope,0.0,0.0,0.0
REAL_HUMANITARIAN_GEOSPATIAL_DATA,FUNG-WONG,2025-11-10 12:00:00,12,51,Ensemble probability-weighted,0.0,0.0,0.0
REAL_HUMANITARIAN_GEOSPATIAL_DATA,FUNG-WONG,2025-11-10 18:00:00,12,51,Deterministic mean-track,0.0,0.0,0.0
REAL_HUMANITARIAN_GEOSPATIAL_DATA,FUNG-WONG,2025-11-10 18:00:00,12,51,P90 envelope,0.0,0.0,0.0
REAL_HUMANITARIAN_GEOSPATIAL_DATA,FUNG-WONG,2025-11-10 18:00:00,12,51,Ensemble probability-weighted,0.0,0.0,0.0
REAL_HUMANITARIAN_GEOSPATIAL_DATA,FUNG-WONG,2025-11-11 00:00:00,12,51,Deterministic mean-track,0.0,0.0,0.0
REAL_HUMANITARIAN_GEOSPATIAL_DATA,FUNG-WONG,2025-11-11 00:00:00,12,51,P90 envelope,0.0,0.0,0.0
REAL_HUMANITARIAN_GEOSPATIAL_DATA,FUNG-WONG,2025-11-11 00:00:00,12,51,Ensemble probability-weighted,0.0,0.0,0.0
REAL_HUMANITARIAN_GEOSPATIAL_DATA,FUNG-WONG,2025-11-11 06:00:00,12,51,Deterministic mean-track,0.0,0.0,0.0
REAL_HUMANITARIAN_GEOSPATIAL_DATA,FUNG-WONG,2025-11-11 06:00:00,12,51,P90 envelope,0.0,0.0,0.0
REAL_HUMANITARIAN_GEOSPATIAL_DATA,FUNG-WONG,2025-11-11 06:00:00,12,51,Ensemble probability-weighted,0.0,0.0,0.0
REAL_HUMANITARIAN_GEOSPATIAL_DATA,FUNG-WONG,2025-11-11 12:00:00,12,51,Deterministic mean-track,0.0,0.0,0.0
REAL_HUMANITARIAN_GEOSPATIAL_DATA,FUNG-WONG,2025-11-11 12:00:00,12,51,P90 envelope,0.0,0.0,0.0
REAL_HUMANITARIAN_GEOSPATIAL_DATA,FUNG-WONG,2025-11-11 12:00:00,12,51,Ensemble probability-weighted,0.0,0.0,0.0
REAL_HUMANITARIAN_GEOSPATIAL_DATA,FUNG-WONG,2025-11-11 18:00:00,12,49,Deterministic mean-track,0.0,0.0,0.0
REAL_HUMANITARIAN_GEOSPATIAL_DATA,FUNG-WONG,2025-11-11 18:00:00,12,49,P90 envelope,1783390.8948718174,0.0,1783390.8948718174
REAL_HUMANITARIAN_GEOSPATIAL_DATA,FUNG-WONG,2025-11-11 18:00:00,12,49,Ensemble probability-weighted,105141.28801289681,0.0,105141.28801289681
REAL_HUMANITARIAN_GEOSPATIAL_DATA,FUNG-WONG,2025-11-12 00:00:00,12,49,Deterministic mean-track,0.0,0.0,0.0
REAL_HUMANITARIAN_GEOSPATIAL_DATA,FUNG-WONG,2025-11-12 00:00:00,12,49,P90 envelope,1818143.748997049,0.0,1818143.748997049
REAL_HUMANITARIAN_GEOSPATIAL_DATA,FUNG-WONG,2025-11-12 00:00:00,12,49,Ensemble probability-weighted,8323.055363430663,0.0,8323.055363430663
REAL_HUMANITARIAN_GEOSPATIAL_DATA,FUNG-WONG,2025-11-12 06:00:00,12,31,Deterministic mean-track,0.0,0.0,0.0
REAL_HUMANITARIAN_GEOSPATIAL_DATA,FUNG-WONG,2025-11-12 06:00:00,12,31,P90 envelope,657463.0203029639,0.0,657463.0203029639
REAL_HUMANITARIAN_GEOSPATIAL_DATA,FUNG-WONG,2025-11-12 06:00:00,12,31,Ensemble probability-weighted,7785.596232202752,0.0,7785.596232202752
REAL_HUMANITARIAN_GEOSPATIAL_DATA,FUNG-WONG,2025-11-12 12:00:00,12,26,Deterministic mean-track,396.0176171660423,396.0176171660423,0.0
REAL_HUMANITARIAN_GEOSPATIAL_DATA,FUNG-WONG,2025-11-12 12:00:00,12,26,P90 envelope,7399.377772753122,396.0176171660423,7003.36015558708
REAL_HUMANITARIAN_GEOSPATIAL_DATA,FUNG-WONG,2025-11-12 12:00:00,12,26,Ensemble probability-weighted,168.33596063677507,396.0176171660423,227.68165652926726
REAL_HUMANITARIAN_GEOSPATIAL_DATA,FUNG-WONG,2025-11-12 18:00:00,12,8,Deterministic mean-track,0.0,0.0,0.0
REAL_HUMANITARIAN_GEOSPATIAL_DATA,FUNG-WONG,2025-11-12 18:00:00,12,8,P90 envelope,16174.042646957567,0.0,16174.042646957567
REAL_HUMANITARIAN_GEOSPATIAL_DATA,FUNG-WONG,2025-11-12 18:00:00,12,8,Ensemble probability-weighted,49.120253687957316,0.0,49.120253687957316
REAL_HUMANITARIAN_GEOSPATIAL_DATA,FUNG-WONG,2025-11-13 00:00:00,12,4,Deterministic mean-track,0.0,0.0,0.0
REAL_HUMANITARIAN_GEOSPATIAL_DATA,FUNG-WONG,2025-11-13 00:00:00,12,4,P90 envelope,312910.7703223417,0.0,312910.7703223417
REAL_HUMANITARIAN_GEOSPATIAL_DATA,FUNG-WONG,2025-11-13 00:00:00,12,4,Ensemble probability-weighted,0.0,0.0,0.0
REAL_HUMANITARIAN_GEOSPATIAL_DATA,FUNG-WONG,2025-11-13 06:00:00,12,1,Deterministic mean-track,0.0,0.0,0.0
REAL_HUMANITARIAN_GEOSPATIAL_DATA,FUNG-WONG,2025-11-13 06:00:00,12,1,P90 envelope,0.0,0.0,0.0
REAL_HUMANITARIAN_GEOSPATIAL_DATA,FUNG-WONG,2025-11-13 06:00:00,12,1,Ensemble probability-weighted,0.0,0.0,0.0
REAL_HUMANITARIAN_GEOSPATIAL_DATA,GEZANI,2026-02-10 00:00:00,12,51,Deterministic mean-track,0.0,0.0,0.0
REAL_HUMANITARIAN_GEOSPATIAL_DATA,GEZANI,2026-02-10 00:00:00,12,51,P90 envelope,298977.5063920243,0.0,298977.5063920243
REAL_HUMANITARIAN_GEOSPATIAL_DATA,GEZANI,2026-02-10 00:00:00,12,51,Ensemble probability-weighted,5563.221397421228,0.0,5563.221397421228
REAL_HUMANITARIAN_GEOSPATIAL_DATA,GEZANI,2026-02-10 06:00:00,12,51,Deterministic mean-track,0.0,0.0,0.0
REAL_HUMANITARIAN_GEOSPATIAL_DATA,GEZANI,2026-02-10 06:00:00,12,51,P90 envelope,1483052.6321098744,0.0,1483052.6321098744
REAL_HUMANITARIAN_GEOSPATIAL_DATA,GEZANI,2026-02-10 06:00:00,12,51,Ensemble probability-weighted,54895.36533535781,0.0,54895.36533535781
REAL_HUMANITARIAN_GEOSPATIAL_DATA,GEZANI,2026-02-10 12:00:00,12,51,Deterministic mean-track,0.0,0.0,0.0
REAL_HUMANITARIAN_GEOSPATIAL_DATA,GEZANI,2026-02-10 12:00:00,12,51,P90 envelope,2830333.7876403895,0.0,2830333.7876403895
REAL_HUMANITARIAN_GEOSPATIAL_DATA,GEZANI,2026-02-10 12:00:00,12,51,Ensemble probability-weighted,67772.13455926903,0.0,67772.13455926903
REAL_HUMANITARIAN_GEOSPATIAL_DATA,GEZANI,2026-02-10 18:00:00,12,49,Deterministic mean-track,106256.44446456454,0.0,106256.44446456454
REAL_HUMANITARIAN_GEOSPATIAL_DATA,GEZANI,2026-02-10 18:00:00,12,49,P90 envelope,2738304.1129619987,0.0,2738304.1129619987
REAL_HUMANITARIAN_GEOSPATIAL_DATA,GEZANI,2026-02-10 18:00:00,12,49,Ensemble probability-weighted,35576.6402068688,0.0,35576.6402068688
REAL_HUMANITARIAN_GEOSPATIAL_DATA,GEZANI,2026-02-11 00:00:00,12,49,Deterministic mean-track,11100.275929478465,0.0,11100.275929478465
REAL_HUMANITARIAN_GEOSPATIAL_DATA,GEZANI,2026-02-11 00:00:00,12,49,P90 envelope,163067.4383148976,0.0,163067.4383148976
REAL_HUMANITARIAN_GEOSPATIAL_DATA,GEZANI,2026-02-11 00:00:00,12,49,Ensemble probability-weighted,3234.381682675741,0.0,3234.381682675741
REAL_HUMANITARIAN_GEOSPATIAL_DATA,GEZANI,2026-02-11 06:00:00,12,51,Deterministic mean-track,0.0,0.0,0.0
REAL_HUMANITARIAN_GEOSPATIAL_DATA,GEZANI,2026-02-11 06:00:00,12,51,P90 envelope,25282.972256779223,0.0,25282.972256779223
REAL_HUMANITARIAN_GEOSPATIAL_DATA,GEZANI,2026-02-11 06:00:00,12,51,Ensemble probability-weighted,0.09223539455264222,0.0,0.09223539455264222
REAL_HUMANITARIAN_GEOSPATIAL_DATA,GEZANI,2026-02-11 12:00:00,12,51,Deterministic mean-track,0.0,0.0,0.0
REAL_HUMANITARIAN_GEOSPATIAL_DATA,GEZANI,2026-02-11 12:00:00,12,51,P90 envelope,0.0,0.0,0.0
REAL_HUMANITARIAN_GEOSPATIAL_DATA,GEZANI,2026-02-11 12:00:00,12,51,Ensemble probability-weighted,0.0,0.0,0.0
REAL_HUMANITARIAN_GEOSPATIAL_DATA,GEZANI,2026-02-11 18:00:00,12,51,Deterministic mean-track,0.0,0.0,0.0
REAL_HUMANITARIAN_GEOSPATIAL_DATA,GEZANI,2026-02-11 18:00:00,12,51,P90 envelope,0.0,0.0,0.0
REAL_HUMANITARIAN_GEOSPATIAL_DATA,GEZANI,2026-02-11 18:00:00,12,51,Ensemble probability-weighted,0.0,0.0,0.0
REAL_HUMANITARIAN_GEOSPATIAL_DATA,GEZANI,2026-02-12 00:00:00,12,51,Deterministic mean-track,0.0,0.0,0.0
REAL_HUMANITARIAN_GEOSPATIAL_DATA,GEZANI,2026-02-12 00:00:00,12,51,P90 envelope,0.0,0.0,0.0
REAL_HUMANITARIAN_GEOSPATIAL_DATA,GEZANI,2026-02-12 00:00:00,12,51,Ensemble probability-weighted,0.0,0.0,0.0
REAL_HUMANITARIAN_GEOSPATIAL_DATA,GEZANI,2026-02-12 06:00:00,12,51,Deterministic mean-track,0.0,0.0,0.0
REAL_HUMANITARIAN_GEOSPATIAL_DATA,GEZANI,2026-02-12 06:00:00,12,51,P90 envelope,0.0,0.0,0.0
REAL_HUMANITARIAN_GEOSPATIAL_DATA,GEZANI,2026-02-12 06:00:00,12,51,Ensemble probability-weighted,0.0,0.0,0.0
REAL_HUMANITARIAN_GEOSPATIAL_DATA,GEZANI,2026-02-12 12:00:00,12,51,Deterministic mean-track,0.0,0.0,0.0
REAL_HUMANITARIAN_GEOSPATIAL_DATA,GEZANI,2026-02-12 12:00:00,12,51,P90 envelope,0.0,0.0,0.0
REAL_HUMANITARIAN_GEOSPATIAL_DATA,GEZANI,2026-02-12 12:00:00,12,51,Ensemble probability-weighted,0.0,0.0,0.0
REAL_HUMANITARIAN_GEOSPATIAL_DATA,GEZANI,2026-02-12 18:00:00,12,51,Deterministic mean-track,0.0,0.0,0.0
REAL_HUMANITARIAN_GEOSPATIAL_DATA,GEZANI,2026-02-12 18:00:00,12,51,P90 envelope,0.0,0.0,0.0
REAL_HUMANITARIAN_GEOSPATIAL_DATA,GEZANI,2026-02-12 18:00:00,12,51,Ensemble probability-weighted,0.0,0.0,0.0
REAL_HUMANITARIAN_GEOSPATIAL_DATA,GEZANI,2026-02-13 00:00:00,12,51,Deterministic mean-track,0.0,0.0,0.0
REAL_HUMANITARIAN_GEOSPATIAL_DATA,GEZANI,2026-02-13 00:00:00,12,51,P90 envelope,0.0,0.0,0.0
REAL_HUMANITARIAN_GEOSPATIAL_DATA,GEZANI,2026-02-13 00:00:00,12,51,Ensemble probability-weighted,0.0,0.0,0.0
REAL_HUMANITARIAN_GEOSPATIAL_DATA,GEZANI,2026-02-13 06:00:00,12,51,Deterministic mean-track,0.0,0.0,0.0
REAL_HUMANITARIAN_GEOSPATIAL_DATA,GEZANI,2026-02-13 06:00:00,12,51,P90 envelope,311119.4990557286,0.0,311119.4990557286
REAL_HUMANITARIAN_GEOSPATIAL_DATA,GEZANI,2026-02-13 06:00:00,12,51,Ensemble probability-weighted,5203.022687940033,0.0,5203.022687940033
REAL_HUMANITARIAN_GEOSPATIAL_DATA,GEZANI,2026-02-13 12:00:00,12,50,Deterministic mean-track,0.0,0.0,0.0
REAL_HUMANITARIAN_GEOSPATIAL_DATA,GEZANI,2026-02-13 12:00:00,12,50,P90 envelope,676043.5058122454,0.0,676043.5058122454
REAL_HUMANITARIAN_GEOSPATIAL_DATA,GEZANI,2026-02-13 12:00:00,12,50,Ensemble probability-weighted,34050.03464227496,0.0,34050.03464227496
REAL_HUMANITARIAN_GEOSPATIAL_DATA,GEZANI,2026-02-13 18:00:00,12,51,Deterministic mean-track,0.0,0.0,0.0
REAL_HUMANITARIAN_GEOSPATIAL_DATA,GEZANI,2026-02-13 18:00:00,12,51,P90 envelope,467807.43208061036,0.0,467807.43208061036
REAL_HUMANITARIAN_GEOSPATIAL_DATA,GEZANI,2026-02-13 18:00:00,12,51,Ensemble probability-weighted,29945.252582986202,0.0,29945.252582986202
REAL_HUMANITARIAN_GEOSPATIAL_DATA,KALMAEGI,2025-11-01 12:00:00,12,51,Deterministic mean-track,0.0,0.0,0.0
REAL_HUMANITARIAN_GEOSPATIAL_DATA,KALMAEGI,2025-11-01 12:00:00,12,51,P90 envelope,0.0,0.0,0.0
REAL_HUMANITARIAN_GEOSPATIAL_DATA,KALMAEGI,2025-11-01 12:00:00,12,51,Ensemble probability-weighted,0.0,0.0,0.0
REAL_HUMANITARIAN_GEOSPATIAL_DATA,KALMAEGI,2025-11-01 18:00:00,12,51,Deterministic mean-track,0.0,0.0,0.0
REAL_HUMANITARIAN_GEOSPATIAL_DATA,KALMAEGI,2025-11-01 18:00:00,12,51,P90 envelope,0.0,0.0,0.0
REAL_HUMANITARIAN_GEOSPATIAL_DATA,KALMAEGI,2025-11-01 18:00:00,12,51,Ensemble probability-weighted,0.0,0.0,0.0
REAL_HUMANITARIAN_GEOSPATIAL_DATA,KALMAEGI,2025-11-02 00:00:00,12,51,Deterministic mean-track,0.0,0.0,0.0
REAL_HUMANITARIAN_GEOSPATIAL_DATA,KALMAEGI,2025-11-02 00:00:00,12,51,P90 envelope,0.0,0.0,0.0
REAL_HUMANITARIAN_GEOSPATIAL_DATA,KALMAEGI,2025-11-02 00:00:00,12,51,Ensemble probability-weighted,0.0,0.0,0.0
REAL_HUMANITARIAN_GEOSPATIAL_DATA,KALMAEGI,2025-11-02 12:00:00,12,51,Deterministic mean-track,0.0,0.0,0.0
REAL_HUMANITARIAN_GEOSPATIAL_DATA,KALMAEGI,2025-11-02 12:00:00,12,51,P90 envelope,0.0,0.0,0.0
REAL_HUMANITARIAN_GEOSPATIAL_DATA,KALMAEGI,2025-11-02 12:00:00,12,51,Ensemble probability-weighted,0.0,0.0,0.0
REAL_HUMANITARIAN_GEOSPATIAL_DATA,KALMAEGI,2025-11-02 18:00:00,12,51,Deterministic mean-track,0.0,0.0,0.0
REAL_HUMANITARIAN_GEOSPATIAL_DATA,KALMAEGI,2025-11-02 18:00:00,12,51,P90 envelope,101689.69155758966,0.0,101689.69155758966
REAL_HUMANITARIAN_GEOSPATIAL_DATA,KALMAEGI,2025-11-02 18:00:00,12,51,Ensemble probability-weighted,90.39193890901174,0.0,90.39193890901174
REAL_HUMANITARIAN_GEOSPATIAL_DATA,KALMAEGI,2025-11-03 00:00:00,12,51,Deterministic mean-track,4609.988884359599,4609.988884359599,0.0
REAL_HUMANITARIAN_GEOSPATIAL_DATA,KALMAEGI,2025-11-03 00:00:00,12,51,P90 envelope,2561421.1861389303,4609.988884359599,2556811.1972545707
REAL_HUMANITARIAN_GEOSPATIAL_DATA,KALMAEGI,2025-11-03 00:00:00,12,51,Ensemble probability-weighted,5951.906125501743,4609.988884359599,1341.9172411421441
REAL_HUMANITARIAN_GEOSPATIAL_DATA,KALMAEGI,2025-11-03 06:00:00,12,51,Deterministic mean-track,0.0,0.0,0.0
REAL_HUMANITARIAN_GEOSPATIAL_DATA,KALMAEGI,2025-11-03 06:00:00,12,51,P90 envelope,5997641.689822632,0.0,5997641.689822632
REAL_HUMANITARIAN_GEOSPATIAL_DATA,KALMAEGI,2025-11-03 06:00:00,12,51,Ensemble probability-weighted,95306.23113850801,0.0,95306.23113850801
REAL_HUMANITARIAN_GEOSPATIAL_DATA,KALMAEGI,2025-11-03 12:00:00,12,51,Deterministic mean-track,0.0,942031.4169349069,942031.4169349069
REAL_HUMANITARIAN_GEOSPATIAL_DATA,KALMAEGI,2025-11-03 12:00:00,12,51,P90 envelope,5968344.259523781,942031.4169349069,5026312.8425888745
REAL_HUMANITARIAN_GEOSPATIAL_DATA,KALMAEGI,2025-11-03 12:00:00,12,51,Ensemble probability-weighted,262465.13912472787,942031.4169349069,679566.2778101789
REAL_HUMANITARIAN_GEOSPATIAL_DATA,KALMAEGI,2025-11-03 18:00:00,12,51,Deterministic mean-track,0.0,0.0,0.0
REAL_HUMANITARIAN_GEOSPATIAL_DATA,KALMAEGI,2025-11-03 18:00:00,12,51,P90 envelope,3502341.2314479435,0.0,3502341.2314479435
REAL_HUMANITARIAN_GEOSPATIAL_DATA,KALMAEGI,2025-11-03 18:00:00,12,51,Ensemble probability-weighted,94051.02711693177,0.0,94051.02711693177
REAL_HUMANITARIAN_GEOSPATIAL_DATA,KALMAEGI,2025-11-04 00:00:00,12,51,Deterministic mean-track,0.0,0.0,0.0
REAL_HUMANITARIAN_GEOSPATIAL_DATA,KALMAEGI,2025-11-04 00:00:00,12,51,P90 envelope,1288377.5641021112,0.0,1288377.5641021112
REAL_HUMANITARIAN_GEOSPATIAL_DATA,KALMAEGI,2025-11-04 00:00:00,12,51,Ensemble probability-weighted,5168.937235271342,0.0,5168.937235271342
REAL_HUMANITARIAN_GEOSPATIAL_DATA,KALMAEGI,2025-11-04 06:00:00,12,51,Deterministic mean-track,0.0,0.0,0.0
REAL_HUMANITARIAN_GEOSPATIAL_DATA,KALMAEGI,2025-11-04 06:00:00,12,51,P90 envelope,257558.9572929443,0.0,257558.9572929443
REAL_HUMANITARIAN_GEOSPATIAL_DATA,KALMAEGI,2025-11-04 06:00:00,12,51,Ensemble probability-weighted,3764.2876205798602,0.0,3764.2876205798602
REAL_HUMANITARIAN_GEOSPATIAL_DATA,KALMAEGI,2025-11-04 12:00:00,12,51,Deterministic mean-track,0.0,0.0,0.0
REAL_HUMANITARIAN_GEOSPATIAL_DATA,KALMAEGI,2025-11-04 12:00:00,12,51,P90 envelope,92861.04899039128,0.0,92861.04899039128
REAL_HUMANITARIAN_GEOSPATIAL_DATA,KALMAEGI,2025-11-04 12:00:00,12,51,Ensemble probability-weighted,4201.52833151244,0.0,4201.52833151244
REAL_HUMANITARIAN_GEOSPATIAL_DATA,KALMAEGI,2025-11-04 18:00:00,12,51,Deterministic mean-track,0.0,0.0,0.0
REAL_HUMANITARIAN_GEOSPATIAL_DATA,KALMAEGI,2025-11-04 18:00:00,12,51,P90 envelope,0.0,0.0,0.0
REAL_HUMANITARIAN_GEOSPATIAL_DATA,KALMAEGI,2025-11-04 18:00:00,12,51,Ensemble probability-weighted,536.873176368867,0.0,536.873176368867
REAL_HUMANITARIAN_GEOSPATIAL_DATA,KALMAEGI,2025-11-05 00:00:00,12,51,Deterministic mean-track,0.0,0.0,0.0
REAL_HUMANITARIAN_GEOSPATIAL_DATA,KALMAEGI,2025-11-05 00:00:00,12,51,P90 envelope,0.0,0.0,0.0
REAL_HUMANITARIAN_GEOSPATIAL_DATA,KALMAEGI,2025-11-05 00:00:00,12,51,Ensemble probability-weighted,0.0,0.0,0.0
REAL_HUMANITARIAN_GEOSPATIAL_DATA,KALMAEGI,2025-11-05 06:00:00,12,51,Deterministic mean-track,0.0,0.0,0.0
REAL_HUMANITARIAN_GEOSPATIAL_DATA,KALMAEGI,2025-11-05 06:00:00,12,51,P90 envelope,0.0,0.0,0.0
REAL_HUMANITARIAN_GEOSPATIAL_DATA,KALMAEGI,2025-11-05 06:00:00,12,51,Ensemble probability-weighted,0.0,0.0,0.0
REAL_HUMANITARIAN_GEOSPATIAL_DATA,KALMAEGI,2025-11-05 12:00:00,12,51,Deterministic mean-track,0.0,0.0,0.0
REAL_HUMANITARIAN_GEOSPATIAL_DATA,KALMAEGI,2025-11-05 12:00:00,12,51,P90 envelope,0.0,0.0,0.0
REAL_HUMANITARIAN_GEOSPATIAL_DATA,KALMAEGI,2025-11-05 12:00:00,12,51,Ensemble probability-weighted,0.0,0.0,0.0
REAL_HUMANITARIAN_GEOSPATIAL_DATA,KALMAEGI,2025-11-05 18:00:00,12,51,Deterministic mean-track,0.0,0.0,0.0
REAL_HUMANITARIAN_GEOSPATIAL_DATA,KALMAEGI,2025-11-05 18:00:00,12,51,P90 envelope,0.0,0.0,0.0
REAL_HUMANITARIAN_GEOSPATIAL_DATA,KALMAEGI,2025-11-05 18:00:00,12,51,Ensemble probability-weighted,0.0,0.0,0.0
REAL_HUMANITARIAN_GEOSPATIAL_DATA,KALMAEGI,2025-11-06 00:00:00,12,51,Deterministic mean-track,0.0,0.0,0.0
REAL_HUMANITARIAN_GEOSPATIAL_DATA,KALMAEGI,2025-11-06 00:00:00,12,51,P90 envelope,551799.4107574817,0.0,551799.4107574817
REAL_HUMANITARIAN_GEOSPATIAL_DATA,KALMAEGI,2025-11-06 00:00:00,12,51,Ensemble probability-weighted,104014.46741033172,0.0,104014.46741033172
REAL_HUMANITARIAN_GEOSPATIAL_DATA,KALMAEGI,2025-11-06 06:00:00,12,51,Deterministic mean-track,0.0,0.0,0.0
REAL_HUMANITARIAN_GEOSPATIAL_DATA,KALMAEGI,2025-11-06 06:00:00,12,51,P90 envelope,3089259.02769645,0.0,3089259.02769645
REAL_HUMANITARIAN_GEOSPATIAL_DATA,KALMAEGI,2025-11-06 06:00:00,12,51,Ensemble probability-weighted,43222.78223261695,0.0,43222.78223261695
REAL_HUMANITARIAN_GEOSPATIAL_DATA,KALMAEGI,2025-11-06 12:00:00,12,51,Deterministic mean-track,0.0,0.0,0.0
REAL_HUMANITARIAN_GEOSPATIAL_DATA,KALMAEGI,2025-11-06 12:00:00,12,51,P90 envelope,747908.9180223269,0.0,747908.9180223269
REAL_HUMANITARIAN_GEOSPATIAL_DATA,KALMAEGI,2025-11-06 12:00:00,12,51,Ensemble probability-weighted,31207.144394131894,0.0,31207.144394131894
REAL_HUMANITARIAN_GEOSPATIAL_DATA,KALMAEGI,2025-11-06 18:00:00,12,51,Deterministic mean-track,0.0,0.0,0.0
REAL_HUMANITARIAN_GEOSPATIAL_DATA,KALMAEGI,2025-11-06 18:00:00,12,51,P90 envelope,3423213.815978788,0.0,3423213.815978788
REAL_HUMANITARIAN_GEOSPATIAL_DATA,KALMAEGI,2025-11-06 18:00:00,12,51,Ensemble probability-weighted,174795.89121402783,0.0,174795.89121402783
REAL_HUMANITARIAN_GEOSPATIAL_DATA,KALMAEGI,2025-11-07 00:00:00,12,46,Deterministic mean-track,489321.60226631135,0.0,489321.60226631135
REAL_HUMANITARIAN_GEOSPATIAL_DATA,KALMAEGI,2025-11-07 00:00:00,12,46,P90 envelope,4839248.693927283,0.0,4839248.693927283
REAL_HUMANITARIAN_GEOSPATIAL_DATA,KALMAEGI,2025-11-07 00:00:00,12,46,Ensemble probability-weighted,139464.7686991982,0.0,139464.7686991982
REAL_HUMANITARIAN_GEOSPATIAL_DATA,KALMAEGI,2025-11-07 06:00:00,12,45,Deterministic mean-track,534379.7341580391,0.0,534379.7341580391
REAL_HUMANITARIAN_GEOSPATIAL_DATA,KALMAEGI,2025-11-07 06:00:00,12,45,P90 envelope,4602264.312225667,0.0,4602264.312225667
REAL_HUMANITARIAN_GEOSPATIAL_DATA,KALMAEGI,2025-11-07 06:00:00,12,45,Ensemble probability-weighted,172368.29287449323,0.0,172368.29287449323
REAL_HUMANITARIAN_GEOSPATIAL_DATA,KOTO,2025-11-25 12:00:00,12,51,Deterministic mean-track,0.0,0.0,0.0
REAL_HUMANITARIAN_GEOSPATIAL_DATA,KOTO,2025-11-25 12:00:00,12,51,P90 envelope,0.0,0.0,0.0
REAL_HUMANITARIAN_GEOSPATIAL_DATA,KOTO,2025-11-25 12:00:00,12,51,Ensemble probability-weighted,0.0,0.0,0.0
REAL_HUMANITARIAN_GEOSPATIAL_DATA,KOTO,2025-11-25 18:00:00,12,51,Deterministic mean-track,0.0,0.0,0.0
REAL_HUMANITARIAN_GEOSPATIAL_DATA,KOTO,2025-11-25 18:00:00,12,51,P90 envelope,0.0,0.0,0.0
REAL_HUMANITARIAN_GEOSPATIAL_DATA,KOTO,2025-11-25 18:00:00,12,51,Ensemble probability-weighted,0.0,0.0,0.0
REAL_HUMANITARIAN_GEOSPATIAL_DATA,KOTO,2025-11-26 00:00:00,12,51,Deterministic mean-track,0.0,0.0,0.0
REAL_HUMANITARIAN_GEOSPATIAL_DATA,KOTO,2025-11-26 00:00:00,12,51,P90 envelope,0.0,0.0,0.0
REAL_HUMANITARIAN_GEOSPATIAL_DATA,KOTO,2025-11-26 00:00:00,12,51,Ensemble probability-weighted,0.0,0.0,0.0
REAL_HUMANITARIAN_GEOSPATIAL_DATA,KOTO,2025-11-26 06:00:00,12,50,Deterministic mean-track,0.0,0.0,0.0
REAL_HUMANITARIAN_GEOSPATIAL_DATA,KOTO,2025-11-26 06:00:00,12,50,P90 envelope,0.0,0.0,0.0
REAL_HUMANITARIAN_GEOSPATIAL_DATA,KOTO,2025-11-26 06:00:00,12,50,Ensemble probability-weighted,0.0,0.0,0.0
REAL_HUMANITARIAN_GEOSPATIAL_DATA,KOTO,2025-11-26 12:00:00,12,51,Deterministic mean-track,0.0,0.0,0.0
REAL_HUMANITARIAN_GEOSPATIAL_DATA,KOTO,2025-11-26 12:00:00,12,51,P90 envelope,0.0,0.0,0.0
REAL_HUMANITARIAN_GEOSPATIAL_DATA,KOTO,2025-11-26 12:00:00,12,51,Ensemble probability-weighted,0.0,0.0,0.0
REAL_HUMANITARIAN_GEOSPATIAL_DATA,KOTO,2025-11-26 18:00:00,12,51,Deterministic mean-track,0.0,0.0,0.0
REAL_HUMANITARIAN_GEOSPATIAL_DATA,KOTO,2025-11-26 18:00:00,12,51,P90 envelope,0.0,0.0,0.0
REAL_HUMANITARIAN_GEOSPATIAL_DATA,KOTO,2025-11-26 18:00:00,12,51,Ensemble probability-weighted,0.0,0.0,0.0
REAL_HUMANITARIAN_GEOSPATIAL_DATA,KOTO,2025-11-27 00:00:00,12,51,Deterministic mean-track,0.0,0.0,0.0
REAL_HUMANITARIAN_GEOSPATIAL_DATA,KOTO,2025-11-27 00:00:00,12,51,P90 envelope,0.0,0.0,0.0
REAL_HUMANITARIAN_GEOSPATIAL_DATA,KOTO,2025-11-27 00:00:00,12,51,Ensemble probability-weighted,0.0,0.0,0.0
REAL_HUMANITARIAN_GEOSPATIAL_DATA,KOTO,2025-11-27 06:00:00,12,51,Deterministic mean-track,0.0,0.0,0.0
REAL_HUMANITARIAN_GEOSPATIAL_DATA,KOTO,2025-11-27 06:00:00,12,51,P90 envelope,0.0,0.0,0.0
REAL_HUMANITARIAN_GEOSPATIAL_DATA,KOTO,2025-11-27 06:00:00,12,51,Ensemble probability-weighted,0.0,0.0,0.0
REAL_HUMANITARIAN_GEOSPATIAL_DATA,KOTO,2025-11-27 12:00:00,12,51,Deterministic mean-track,0.0,0.0,0.0
REAL_HUMANITARIAN_GEOSPATIAL_DATA,KOTO,2025-11-27 12:00:00,12,51,P90 envelope,0.0,0.0,0.0
REAL_HUMANITARIAN_GEOSPATIAL_DATA,KOTO,2025-11-27 12:00:00,12,51,Ensemble probability-weighted,0.0,0.0,0.0
REAL_HUMANITARIAN_GEOSPATIAL_DATA,KOTO,2025-11-27 18:00:00,12,51,Deterministic mean-track,0.0,0.0,0.0
REAL_HUMANITARIAN_GEOSPATIAL_DATA,KOTO,2025-11-27 18:00:00,12,51,P90 envelope,0.0,0.0,0.0
REAL_HUMANITARIAN_GEOSPATIAL_DATA,KOTO,2025-11-27 18:00:00,12,51,Ensemble probability-weighted,0.0,0.0,0.0
REAL_HUMANITARIAN_GEOSPATIAL_DATA,KOTO,2025-11-28 00:00:00,12,51,Deterministic mean-track,0.0,0.0,0.0
REAL_HUMANITARIAN_GEOSPATIAL_DATA,KOTO,2025-11-28 00:00:00,12,51,P90 envelope,0.0,0.0,0.0
REAL_HUMANITARIAN_GEOSPATIAL_DATA,KOTO,2025-11-28 00:00:00,12,51,Ensemble probability-weighted,0.0,0.0,0.0
REAL_HUMANITARIAN_GEOSPATIAL_DATA,KOTO,2025-11-28 06:00:00,12,51,Deterministic mean-track,0.0,0.0,0.0
REAL_HUMANITARIAN_GEOSPATIAL_DATA,KOTO,2025-11-28 06:00:00,12,51,P90 envelope,0.0,0.0,0.0
REAL_HUMANITARIAN_GEOSPATIAL_DATA,KOTO,2025-11-28 06:00:00,12,51,Ensemble probability-weighted,0.0,0.0,0.0
REAL_HUMANITARIAN_GEOSPATIAL_DATA,KOTO,2025-11-28 12:00:00,12,51,Deterministic mean-track,0.0,0.0,0.0
REAL_HUMANITARIAN_GEOSPATIAL_DATA,KOTO,2025-11-28 12:00:00,12,51,P90 envelope,0.0,0.0,0.0
REAL_HUMANITARIAN_GEOSPATIAL_DATA,KOTO,2025-11-28 12:00:00,12,51,Ensemble probability-weighted,0.0,0.0,0.0
REAL_HUMANITARIAN_GEOSPATIAL_DATA,KOTO,2025-11-28 18:00:00,12,51,Deterministic mean-track,0.0,0.0,0.0
REAL_HUMANITARIAN_GEOSPATIAL_DATA,KOTO,2025-11-28 18:00:00,12,51,P90 envelope,0.0,0.0,0.0
REAL_HUMANITARIAN_GEOSPATIAL_DATA,KOTO,2025-11-28 18:00:00,12,51,Ensemble probability-weighted,0.0,0.0,0.0
REAL_HUMANITARIAN_GEOSPATIAL_DATA,KOTO,2025-11-29 00:00:00,12,51,Deterministic mean-track,0.0,0.0,0.0
REAL_HUMANITARIAN_GEOSPATIAL_DATA,KOTO,2025-11-29 00:00:00,12,51,P90 envelope,0.0,0.0,0.0
REAL_HUMANITARIAN_GEOSPATIAL_DATA,KOTO,2025-11-29 00:00:00,12,51,Ensemble probability-weighted,0.0,0.0,0.0
REAL_HUMANITARIAN_GEOSPATIAL_DATA,KOTO,2025-11-29 06:00:00,12,51,Deterministic mean-track,0.0,0.0,0.0
REAL_HUMANITARIAN_GEOSPATIAL_DATA,KOTO,2025-11-29 06:00:00,12,51,P90 envelope,0.0,0.0,0.0
REAL_HUMANITARIAN_GEOSPATIAL_DATA,KOTO,2025-11-29 06:00:00,12,51,Ensemble probability-weighted,0.0,0.0,0.0
REAL_HUMANITARIAN_GEOSPATIAL_DATA,KOTO,2025-11-29 12:00:00,12,51,Deterministic mean-track,0.0,0.0,0.0
REAL_HUMANITARIAN_GEOSPATIAL_DATA,KOTO,2025-11-29 12:00:00,12,51,P90 envelope,0.0,0.0,0.0
REAL_HUMANITARIAN_GEOSPATIAL_DATA,KOTO,2025-11-29 12:00:00,12,51,Ensemble probability-weighted,0.0,0.0,0.0
REAL_HUMANITARIAN_GEOSPATIAL_DATA,KOTO,2025-11-29 18:00:00,12,51,Deterministic mean-track,0.0,0.0,0.0
REAL_HUMANITARIAN_GEOSPATIAL_DATA,KOTO,2025-11-29 18:00:00,12,51,P90 envelope,0.0,0.0,0.0
REAL_HUMANITARIAN_GEOSPATIAL_DATA,KOTO,2025-11-29 18:00:00,12,51,Ensemble probability-weighted,0.0,0.0,0.0
REAL_HUMANITARIAN_GEOSPATIAL_DATA,KOTO,2025-11-30 00:00:00,12,51,Deterministic mean-track,0.0,0.0,0.0
REAL_HUMANITARIAN_GEOSPATIAL_DATA,KOTO,2025-11-30 00:00:00,12,51,P90 envelope,0.0,0.0,0.0
REAL_HUMANITARIAN_GEOSPATIAL_DATA,KOTO,2025-11-30 00:00:00,12,51,Ensemble probability-weighted,0.0,0.0,0.0
REAL_HUMANITARIAN_GEOSPATIAL_DATA,KOTO,2025-11-30 06:00:00,12,51,Deterministic mean-track,0.0,0.0,0.0
REAL_HUMANITARIAN_GEOSPATIAL_DATA,KOTO,2025-11-30 06:00:00,12,51,P90 envelope,0.0,0.0,0.0
REAL_HUMANITARIAN_GEOSPATIAL_DATA,KOTO,2025-11-30 06:00:00,12,51,Ensemble probability-weighted,0.0,0.0,0.0
REAL_HUMANITARIAN_GEOSPATIAL_DATA,KOTO,2025-11-30 12:00:00,12,51,Deterministic mean-track,0.0,0.0,0.0
REAL_HUMANITARIAN_GEOSPATIAL_DATA,KOTO,2025-11-30 12:00:00,12,51,P90 envelope,0.0,0.0,0.0
REAL_HUMANITARIAN_GEOSPATIAL_DATA,KOTO,2025-11-30 12:00:00,12,51,Ensemble probability-weighted,0.0,0.0,0.0
REAL_HUMANITARIAN_GEOSPATIAL_DATA,KOTO,2025-11-30 18:00:00,12,51,Deterministic mean-track,0.0,0.0,0.0
REAL_HUMANITARIAN_GEOSPATIAL_DATA,KOTO,2025-11-30 18:00:00,12,51,P90 envelope,0.0,0.0,0.0
REAL_HUMANITARIAN_GEOSPATIAL_DATA,KOTO,2025-11-30 18:00:00,12,51,Ensemble probability-weighted,0.0,0.0,0.0
REAL_HUMANITARIAN_GEOSPATIAL_DATA,KOTO,2025-12-01 00:00:00,12,51,Deterministic mean-track,0.0,0.0,0.0
REAL_HUMANITARIAN_GEOSPATIAL_DATA,KOTO,2025-12-01 00:00:00,12,51,P90 envelope,0.0,0.0,0.0
REAL_HUMANITARIAN_GEOSPATIAL_DATA,KOTO,2025-12-01 00:00:00,12,51,Ensemble probability-weighted,0.0,0.0,0.0
REAL_HUMANITARIAN_GEOSPATIAL_DATA,KOTO,2025-12-01 06:00:00,12,36,Deterministic mean-track,0.0,0.0,0.0
REAL_HUMANITARIAN_GEOSPATIAL_DATA,KOTO,2025-12-01 06:00:00,12,36,P90 envelope,0.0,0.0,0.0
REAL_HUMANITARIAN_GEOSPATIAL_DATA,KOTO,2025-12-01 06:00:00,12,36,Ensemble probability-weighted,0.0,0.0,0.0
REAL_HUMANITARIAN_GEOSPATIAL_DATA,KOTO,2025-12-01 12:00:00,12,29,Deterministic mean-track,0.0,0.0,0.0
REAL_HUMANITARIAN_GEOSPATIAL_DATA,KOTO,2025-12-01 12:00:00,12,29,P90 envelope,0.0,0.0,0.0
REAL_HUMANITARIAN_GEOSPATIAL_DATA,KOTO,2025-12-01 12:00:00,12,29,Ensemble probability-weighted,0.0,0.0,0.0
REAL_HUMANITARIAN_GEOSPATIAL_DATA,KOTO,2025-12-01 18:00:00,12,8,Deterministic mean-track,0.0,0.0,0.0
REAL_HUMANITARIAN_GEOSPATIAL_DATA,KOTO,2025-12-01 18:00:00,12,8,P90 envelope,0.0,0.0,0.0
REAL_HUMANITARIAN_GEOSPATIAL_DATA,KOTO,2025-12-01 18:00:00,12,8,Ensemble probability-weighted,0.0,0.0,0.0
REAL_HUMANITARIAN_GEOSPATIAL_DATA,KOTO,2025-12-02 00:00:00,12,7,Deterministic mean-track,0.0,0.0,0.0
REAL_HUMANITARIAN_GEOSPATIAL_DATA,KOTO,2025-12-02 00:00:00,12,7,P90 envelope,0.0,0.0,0.0
REAL_HUMANITARIAN_GEOSPATIAL_DATA,KOTO,2025-12-02 00:00:00,12,7,Ensemble probability-weighted,0.0,0.0,0.0
REAL_HUMANITARIAN_GEOSPATIAL_DATA,KOTO,2025-12-02 06:00:00,12,8,Deterministic mean-track,0.0,0.0,0.0
REAL_HUMANITARIAN_GEOSPATIAL_DATA,KOTO,2025-12-02 06:00:00,12,8,P90 envelope,0.0,0.0,0.0
REAL_HUMANITARIAN_GEOSPATIAL_DATA,KOTO,2025-12-02 06:00:00,12,8,Ensemble probability-weighted,0.0,0.0,0.0
REAL_HUMANITARIAN_GEOSPATIAL_DATA,KOTO,2025-12-02 12:00:00,12,6,Deterministic mean-track,0.0,0.0,0.0
REAL_HUMANITARIAN_GEOSPATIAL_DATA,KOTO,2025-12-02 12:00:00,12,6,P90 envelope,557149.1509764192,0.0,557149.1509764192
REAL_HUMANITARIAN_GEOSPATIAL_DATA,KOTO,2025-12-02 12:00:00,12,6,Ensemble probability-weighted,0.0,0.0,0.0
REAL_HUMANITARIAN_GEOSPATIAL_DATA,KOTO,2025-12-02 18:00:00,12,1,Deterministic mean-track,300426.3011463586,0.0,300426.3011463586
REAL_HUMANITARIAN_GEOSPATIAL_DATA,KOTO,2025-12-02 18:00:00,12,1,P90 envelope,300426.3011463586,0.0,300426.3011463586
REAL_HUMANITARIAN_GEOSPATIAL_DATA,KOTO,2025-12-02 18:00:00,12,1,Ensemble probability-weighted,300426.3011463586,0.0,300426.3011463586
REAL_HUMANITARIAN_GEOSPATIAL_DATA,MELISSA,2025-10-23 00:00:00,12,48,Deterministic mean-track,0.0,0.0,0.0
REAL_HUMANITARIAN_GEOSPATIAL_DATA,MELISSA,2025-10-23 00:00:00,12,48,P90 envelope,0.0,0.0,0.0
REAL_HUMANITARIAN_GEOSPATIAL_DATA,MELISSA,2025-10-23 00:00:00,12,48,Ensemble probability-weighted,0.0,0.0,0.0
REAL_HUMANITARIAN_GEOSPATIAL_DATA,MELISSA,2025-10-23 06:00:00,12,51,Deterministic mean-track,0.0,0.0,0.0
REAL_HUMANITARIAN_GEOSPATIAL_DATA,MELISSA,2025-10-23 06:00:00,12,51,P90 envelope,1.1892035901546478,0.0,1.1892035901546478
REAL_HUMANITARIAN_GEOSPATIAL_DATA,MELISSA,2025-10-23 06:00:00,12,51,Ensemble probability-weighted,0.0,0.0,0.0
REAL_HUMANITARIAN_GEOSPATIAL_DATA,MELISSA,2025-10-23 12:00:00,12,51,Deterministic mean-track,0.0,0.0,0.0
REAL_HUMANITARIAN_GEOSPATIAL_DATA,MELISSA,2025-10-23 12:00:00,12,51,P90 envelope,0.0,0.0,0.0
REAL_HUMANITARIAN_GEOSPATIAL_DATA,MELISSA,2025-10-23 12:00:00,12,51,Ensemble probability-weighted,0.0,0.0,0.0
REAL_HUMANITARIAN_GEOSPATIAL_DATA,MELISSA,2025-10-23 18:00:00,12,49,Deterministic mean-track,0.0,0.0,0.0
REAL_HUMANITARIAN_GEOSPATIAL_DATA,MELISSA,2025-10-23 18:00:00,12,49,P90 envelope,0.0,0.0,0.0
REAL_HUMANITARIAN_GEOSPATIAL_DATA,MELISSA,2025-10-23 18:00:00,12,49,Ensemble probability-weighted,0.0,0.0,0.0
REAL_HUMANITARIAN_GEOSPATIAL_DATA,MELISSA,2025-10-24 00:00:00,12,51,Deterministic mean-track,0.0,0.0,0.0
REAL_HUMANITARIAN_GEOSPATIAL_DATA,MELISSA,2025-10-24 00:00:00,12,51,P90 envelope,0.0,0.0,0.0
REAL_HUMANITARIAN_GEOSPATIAL_DATA,MELISSA,2025-10-24 00:00:00,12,51,Ensemble probability-weighted,0.0,0.0,0.0
REAL_HUMANITARIAN_GEOSPATIAL_DATA,MELISSA,2025-10-24 12:00:00,12,51,Deterministic mean-track,0.0,0.0,0.0
REAL_HUMANITARIAN_GEOSPATIAL_DATA,MELISSA,2025-10-24 12:00:00,12,51,P90 envelope,1.1892035901546478,0.0,1.1892035901546478
REAL_HUMANITARIAN_GEOSPATIAL_DATA,MELISSA,2025-10-24 12:00:00,12,51,Ensemble probability-weighted,0.0,0.0,0.0
REAL_HUMANITARIAN_GEOSPATIAL_DATA,MELISSA,2025-10-24 18:00:00,12,51,Deterministic mean-track,0.0,0.0,0.0
REAL_HUMANITARIAN_GEOSPATIAL_DATA,MELISSA,2025-10-24 18:00:00,12,51,P90 envelope,1.1892035901546478,0.0,1.1892035901546478
REAL_HUMANITARIAN_GEOSPATIAL_DATA,MELISSA,2025-10-24 18:00:00,12,51,Ensemble probability-weighted,0.0,0.0,0.0
REAL_HUMANITARIAN_GEOSPATIAL_DATA,MELISSA,2025-10-25 00:00:00,12,51,Deterministic mean-track,0.0,0.0,0.0
REAL_HUMANITARIAN_GEOSPATIAL_DATA,MELISSA,2025-10-25 00:00:00,12,51,P90 envelope,1.1892035901546478,0.0,1.1892035901546478
REAL_HUMANITARIAN_GEOSPATIAL_DATA,MELISSA,2025-10-25 00:00:00,12,51,Ensemble probability-weighted,0.0,0.0,0.0
REAL_HUMANITARIAN_GEOSPATIAL_DATA,MELISSA,2025-10-25 12:00:00,12,50,Deterministic mean-track,0.0,0.0,0.0
REAL_HUMANITARIAN_GEOSPATIAL_DATA,MELISSA,2025-10-25 12:00:00,12,50,P90 envelope,1.2130097076296806,0.0,1.2130097076296806
REAL_HUMANITARIAN_GEOSPATIAL_DATA,MELISSA,2025-10-25 12:00:00,12,50,Ensemble probability-weighted,0.0,0.0,0.0
REAL_HUMANITARIAN_GEOSPATIAL_DATA,MELISSA,2025-10-25 18:00:00,12,51,Deterministic mean-track,0.0,0.0,0.0
REAL_HUMANITARIAN_GEOSPATIAL_DATA,MELISSA,2025-10-25 18:00:00,12,51,P90 envelope,441247.1364546946,0.0,441247.1364546946
REAL_HUMANITARIAN_GEOSPATIAL_DATA,MELISSA,2025-10-25 18:00:00,12,51,Ensemble probability-weighted,0.0,0.0,0.0
REAL_HUMANITARIAN_GEOSPATIAL_DATA,MELISSA,2025-10-26 00:00:00,12,51,Deterministic mean-track,0.0,0.0,0.0
REAL_HUMANITARIAN_GEOSPATIAL_DATA,MELISSA,2025-10-26 00:00:00,12,51,P90 envelope,1.1892035901546478,0.0,1.1892035901546478
REAL_HUMANITARIAN_GEOSPATIAL_DATA,MELISSA,2025-10-26 00:00:00,12,51,Ensemble probability-weighted,0.0233177174540127,0.0,0.0233177174540127
REAL_HUMANITARIAN_GEOSPATIAL_DATA,MELISSA,2025-10-26 06:00:00,12,51,Deterministic mean-track,0.0,0.0,0.0
REAL_HUMANITARIAN_GEOSPATIAL_DATA,MELISSA,2025-10-26 06:00:00,12,51,P90 envelope,951473.3108401129,0.0,951473.3108401129
REAL_HUMANITARIAN_GEOSPATIAL_DATA,MELISSA,2025-10-26 06:00:00,12,51,Ensemble probability-weighted,0.0,0.0,0.0
REAL_HUMANITARIAN_GEOSPATIAL_DATA,MELISSA,2025-10-26 12:00:00,12,51,Deterministic mean-track,0.0,0.0,0.0
REAL_HUMANITARIAN_GEOSPATIAL_DATA,MELISSA,2025-10-26 12:00:00,12,51,P90 envelope,951473.3108401129,0.0,951473.3108401129
REAL_HUMANITARIAN_GEOSPATIAL_DATA,MELISSA,2025-10-26 12:00:00,12,51,Ensemble probability-weighted,0.002895871962548471,0.0,0.002895871962548471
REAL_HUMANITARIAN_GEOSPATIAL_DATA,MELISSA,2025-10-26 18:00:00,12,51,Deterministic mean-track,0.0,0.0,0.0
REAL_HUMANITARIAN_GEOSPATIAL_DATA,MELISSA,2025-10-26 18:00:00,12,51,P90 envelope,660102.8143996935,0.0,660102.8143996935
REAL_HUMANITARIAN_GEOSPATIAL_DATA,MELISSA,2025-10-26 18:00:00,12,51,Ensemble probability-weighted,0.002895871962548471,0.0,0.002895871962548471
REAL_HUMANITARIAN_GEOSPATIAL_DATA,MELISSA,2025-10-27 00:00:00,12,51,Deterministic mean-track,0.0,0.0,0.0
REAL_HUMANITARIAN_GEOSPATIAL_DATA,MELISSA,2025-10-27 00:00:00,12,51,P90 envelope,1.1002470697276294,0.0,1.1002470697276294
REAL_HUMANITARIAN_GEOSPATIAL_DATA,MELISSA,2025-10-27 00:00:00,12,51,Ensemble probability-weighted,0.009632133814853196,0.0,0.009632133814853196
REAL_HUMANITARIAN_GEOSPATIAL_DATA,MELISSA,2025-10-27 06:00:00,12,51,Deterministic mean-track,0.0,0.0,0.0
REAL_HUMANITARIAN_GEOSPATIAL_DATA,MELISSA,2025-10-27 06:00:00,12,51,P90 envelope,1.2479365398176014,0.0,1.2479365398176014
REAL_HUMANITARIAN_GEOSPATIAL_DATA,MELISSA,2025-10-27 06:00:00,12,51,Ensemble probability-weighted,0.014837210103138989,0.0,0.014837210103138989
REAL_HUMANITARIAN_GEOSPATIAL_DATA,MELISSA,2025-10-27 12:00:00,12,51,Deterministic mean-track,0.0,0.0,0.0
REAL_HUMANITARIAN_GEOSPATIAL_DATA,MELISSA,2025-10-27 12:00:00,12,51,P90 envelope,1.2479365398176014,0.0,1.2479365398176014
REAL_HUMANITARIAN_GEOSPATIAL_DATA,MELISSA,2025-10-27 12:00:00,12,51,Ensemble probability-weighted,0.021573471955443714,0.0,0.021573471955443714
REAL_HUMANITARIAN_GEOSPATIAL_DATA,MELISSA,2025-10-27 18:00:00,12,51,Deterministic mean-track,0.0,0.0,0.0
REAL_HUMANITARIAN_GEOSPATIAL_DATA,MELISSA,2025-10-27 18:00:00,12,51,P90 envelope,149877.22521640296,0.0,149877.22521640296
REAL_HUMANITARIAN_GEOSPATIAL_DATA,MELISSA,2025-10-27 18:00:00,12,51,Ensemble probability-weighted,0.035824014421771556,0.0,0.035824014421771556
REAL_HUMANITARIAN_GEOSPATIAL_DATA,MELISSA,2025-10-28 00:00:00,12,51,Deterministic mean-track,0.0,0.0,0.0
REAL_HUMANITARIAN_GEOSPATIAL_DATA,MELISSA,2025-10-28 00:00:00,12,51,P90 envelope,660102.323160869,0.0,660102.323160869
REAL_HUMANITARIAN_GEOSPATIAL_DATA,MELISSA,2025-10-28 00:00:00,12,51,Ensemble probability-weighted,8816.33817596002,0.0,8816.33817596002
REAL_HUMANITARIAN_GEOSPATIAL_DATA,MELISSA,2025-10-28 06:00:00,12,51,Deterministic mean-track,149876.12496933324,149876.12496933324,0.0
REAL_HUMANITARIAN_GEOSPATIAL_DATA,MELISSA,2025-10-28 06:00:00,12,51,P90 envelope,858185.0942428531,149876.12496933324,708308.9692735199
REAL_HUMANITARIAN_GEOSPATIAL_DATA,MELISSA,2025-10-28 06:00:00,12,51,Ensemble probability-weighted,38242.55427552902,149876.12496933324,111633.57069380421
REAL_HUMANITARIAN_GEOSPATIAL_DATA,MELISSA,2025-10-28 12:00:00,12,51,Deterministic mean-track,0.0,84508.7490922212,84508.7490922212
REAL_HUMANITARIAN_GEOSPATIAL_DATA,MELISSA,2025-10-28 12:00:00,12,51,P90 envelope,1498717.617128657,84508.7490922212,1414208.8680364357
REAL_HUMANITARIAN_GEOSPATIAL_DATA,MELISSA,2025-10-28 12:00:00,12,51,Ensemble probability-weighted,13450.860635690238,84508.7490922212,71057.88845653096
REAL_HUMANITARIAN_GEOSPATIAL_DATA,MELISSA,2025-10-28 18:00:00,12,51,Deterministic mean-track,0.0,0.0,0.0
REAL_HUMANITARIAN_GEOSPATIAL_DATA,MELISSA,2025-10-28 18:00:00,12,51,P90 envelope,1851693.5933255437,0.0,1851693.5933255437
REAL_HUMANITARIAN_GEOSPATIAL_DATA,MELISSA,2025-10-28 18:00:00,12,51,Ensemble probability-weighted,45220.09674826458,0.0,45220.09674826458
REAL_HUMANITARIAN_GEOSPATIAL_DATA,MELISSA,2025-10-29 00:00:00,12,51,Deterministic mean-track,0.0,141187.0859000455,141187.0859000455
REAL_HUMANITARIAN_GEOSPATIAL_DATA,MELISSA,2025-10-29 00:00:00,12,51,P90 envelope,1917368.8960485652,141187.0859000455,1776181.8101485197
REAL_HUMANITARIAN_GEOSPATIAL_DATA,MELISSA,2025-10-29 00:00:00,12,51,Ensemble probability-weighted,53666.398782936754,141187.0859000455,87520.68711710874
REAL_HUMANITARIAN_GEOSPATIAL_DATA,MELISSA,2025-10-29 06:00:00,12,51,Deterministic mean-track,0.0,0.0,0.0
REAL_HUMANITARIAN_GEOSPATIAL_DATA,MELISSA,2025-10-29 06:00:00,12,51,P90 envelope,171075.95455822235,0.0,171075.95455822235
REAL_HUMANITARIAN_GEOSPATIAL_DATA,MELISSA,2025-10-29 06:00:00,12,51,Ensemble probability-weighted,3878.623624943145,0.0,3878.623624943145
REAL_HUMANITARIAN_GEOSPATIAL_DATA,MELISSA,2025-10-29 12:00:00,12,51,Deterministic mean-track,0.0,0.0,0.0
REAL_HUMANITARIAN_GEOSPATIAL_DATA,MELISSA,2025-10-29 12:00:00,12,51,P90 envelope,1877.827458013315,0.0,1877.827458013315
REAL_HUMANITARIAN_GEOSPATIAL_DATA,MELISSA,2025-10-29 12:00:00,12,51,Ensemble probability-weighted,1023.6277985839203,0.0,1023.6277985839203
REAL_HUMANITARIAN_GEOSPATIAL_DATA,MELISSA,2025-10-29 18:00:00,12,51,Deterministic mean-track,0.0,0.0,0.0
REAL_HUMANITARIAN_GEOSPATIAL_DATA,MELISSA,2025-10-29 18:00:00,12,51,P90 envelope,364.4405098573769,0.0,364.4405098573769
REAL_HUMANITARIAN_GEOSPATIAL_DATA,MELISSA,2025-10-29 18:00:00,12,51,Ensemble probability-weighted,14.25877070487202,0.0,14.25877070487202
REAL_HUMANITARIAN_GEOSPATIAL_DATA,MELISSA,2025-10-30 00:00:00,12,51,Deterministic mean-track,0.0,0.0,0.0
REAL_HUMANITARIAN_GEOSPATIAL_DATA,MELISSA,2025-10-30 00:00:00,12,51,P90 envelope,0.0,0.0,0.0
REAL_HUMANITARIAN_GEOSPATIAL_DATA,MELISSA,2025-10-30 00:00:00,12,51,Ensemble probability-weighted,0.0,0.0,0.0
REAL_HUMANITARIAN_GEOSPATIAL_DATA,MELISSA,2025-10-30 06:00:00,12,51,Deterministic mean-track,0.0,0.0,0.0
REAL_HUMANITARIAN_GEOSPATIAL_DATA,MELISSA,2025-10-30 06:00:00,12,51,P90 envelope,0.0,0.0,0.0
REAL_HUMANITARIAN_GEOSPATIAL_DATA,MELISSA,2025-10-30 06:00:00,12,51,Ensemble probability-weighted,0.0,0.0,0.0
REAL_HUMANITARIAN_GEOSPATIAL_DATA,MELISSA,2025-10-30 12:00:00,12,51,Deterministic mean-track,0.0,0.0,0.0
REAL_HUMANITARIAN_GEOSPATIAL_DATA,MELISSA,2025-10-30 12:00:00,12,51,P90 envelope,0.0,0.0,0.0
REAL_HUMANITARIAN_GEOSPATIAL_DATA,MELISSA,2025-10-30 12:00:00,12,51,Ensemble probability-weighted,0.0,0.0,0.0
REAL_HUMANITARIAN_GEOSPATIAL_DATA,MELISSA,2025-10-30 18:00:00,12,51,Deterministic mean-track,0.0,0.0,0.0
REAL_HUMANITARIAN_GEOSPATIAL_DATA,MELISSA,2025-10-30 18:00:00,12,51,P90 envelope,0.0,0.0,0.0
REAL_HUMANITARIAN_GEOSPATIAL_DATA,MELISSA,2025-10-30 18:00:00,12,51,Ensemble probability-weighted,0.0,0.0,0.0
REAL_HUMANITARIAN_GEOSPATIAL_DATA,MELISSA,2025-10-31 00:00:00,12,51,Deterministic mean-track,0.0,0.0,0.0
REAL_HUMANITARIAN_GEOSPATIAL_DATA,MELISSA,2025-10-31 00:00:00,12,51,P90 envelope,0.0,0.0,0.0
REAL_HUMANITARIAN_GEOSPATIAL_DATA,MELISSA,2025-10-31 00:00:00,12,51,Ensemble probability-weighted,0.0,0.0,0.0
REAL_HUMANITARIAN_GEOSPATIAL_DATA,MELISSA,2025-10-31 12:00:00,12,51,Deterministic mean-track,0.0,0.0,0.0
REAL_HUMANITARIAN_GEOSPATIAL_DATA,MELISSA,2025-10-31 12:00:00,12,51,P90 envelope,0.0,0.0,0.0
REAL_HUMANITARIAN_GEOSPATIAL_DATA,MELISSA,2025-10-31 12:00:00,12,51,Ensemble probability-weighted,0.0,0.0,0.0
REAL_HUMANITARIAN_GEOSPATIAL_DATA,MONTHA,2025-10-27 00:00:00,12,51,Deterministic mean-track,0.0,0.0,0.0
REAL_HUMANITARIAN_GEOSPATIAL_DATA,MONTHA,2025-10-27 00:00:00,12,51,P90 envelope,0.0,0.0,0.0
REAL_HUMANITARIAN_GEOSPATIAL_DATA,MONTHA,2025-10-27 00:00:00,12,51,Ensemble probability-weighted,0.0,0.0,0.0
REAL_HUMANITARIAN_GEOSPATIAL_DATA,MONTHA,2025-10-27 06:00:00,12,51,Deterministic mean-track,0.0,0.0,0.0
REAL_HUMANITARIAN_GEOSPATIAL_DATA,MONTHA,2025-10-27 06:00:00,12,51,P90 envelope,0.0,0.0,0.0
REAL_HUMANITARIAN_GEOSPATIAL_DATA,MONTHA,2025-10-27 06:00:00,12,51,Ensemble probability-weighted,0.0,0.0,0.0
REAL_HUMANITARIAN_GEOSPATIAL_DATA,MONTHA,2025-10-27 12:00:00,12,51,Deterministic mean-track,0.0,0.0,0.0
REAL_HUMANITARIAN_GEOSPATIAL_DATA,MONTHA,2025-10-27 12:00:00,12,51,P90 envelope,0.0,0.0,0.0
REAL_HUMANITARIAN_GEOSPATIAL_DATA,MONTHA,2025-10-27 12:00:00,12,51,Ensemble probability-weighted,0.0,0.0,0.0
REAL_HUMANITARIAN_GEOSPATIAL_DATA,MONTHA,2025-10-27 18:00:00,12,51,Deterministic mean-track,0.0,0.0,0.0
REAL_HUMANITARIAN_GEOSPATIAL_DATA,MONTHA,2025-10-27 18:00:00,12,51,P90 envelope,0.0,0.0,0.0
REAL_HUMANITARIAN_GEOSPATIAL_DATA,MONTHA,2025-10-27 18:00:00,12,51,Ensemble probability-weighted,0.0,0.0,0.0
REAL_HUMANITARIAN_GEOSPATIAL_DATA,MONTHA,2025-10-28 00:00:00,12,51,Deterministic mean-track,0.0,0.0,0.0
REAL_HUMANITARIAN_GEOSPATIAL_DATA,MONTHA,2025-10-28 00:00:00,12,51,P90 envelope,2840223.8569792295,0.0,2840223.8569792295
REAL_HUMANITARIAN_GEOSPATIAL_DATA,MONTHA,2025-10-28 00:00:00,12,51,Ensemble probability-weighted,0.0,0.0,0.0
REAL_HUMANITARIAN_GEOSPATIAL_DATA,MONTHA,2025-10-28 06:00:00,12,51,Deterministic mean-track,0.0,0.0,0.0
REAL_HUMANITARIAN_GEOSPATIAL_DATA,MONTHA,2025-10-28 06:00:00,12,51,P90 envelope,7650093.271597159,0.0,7650093.271597159
REAL_HUMANITARIAN_GEOSPATIAL_DATA,MONTHA,2025-10-28 06:00:00,12,51,Ensemble probability-weighted,337839.207373401,0.0,337839.207373401
REAL_HUMANITARIAN_GEOSPATIAL_DATA,MONTHA,2025-10-28 12:00:00,12,51,Deterministic mean-track,0.0,0.0,0.0
REAL_HUMANITARIAN_GEOSPATIAL_DATA,MONTHA,2025-10-28 12:00:00,12,51,P90 envelope,7981195.315005793,0.0,7981195.315005793
REAL_HUMANITARIAN_GEOSPATIAL_DATA,MONTHA,2025-10-28 12:00:00,12,51,Ensemble probability-weighted,679365.0188722754,0.0,679365.0188722754
REAL_HUMANITARIAN_GEOSPATIAL_DATA,MONTHA,2025-10-28 18:00:00,12,51,Deterministic mean-track,0.0,0.0,0.0
REAL_HUMANITARIAN_GEOSPATIAL_DATA,MONTHA,2025-10-28 18:00:00,12,51,P90 envelope,5659044.78991314,0.0,5659044.78991314
REAL_HUMANITARIAN_GEOSPATIAL_DATA,MONTHA,2025-10-28 18:00:00,12,51,Ensemble probability-weighted,32511.097312597696,0.0,32511.097312597696
REAL_HUMANITARIAN_GEOSPATIAL_DATA,MONTHA,2025-10-29 00:00:00,12,51,Deterministic mean-track,0.0,224466.3344891651,224466.3344891651
REAL_HUMANITARIAN_GEOSPATIAL_DATA,MONTHA,2025-10-29 00:00:00,12,51,P90 envelope,5384018.035536279,224466.3344891651,5159551.701047114
REAL_HUMANITARIAN_GEOSPATIAL_DATA,MONTHA,2025-10-29 00:00:00,12,51,Ensemble probability-weighted,190224.22579516514,224466.3344891651,34242.108693999966
REAL_HUMANITARIAN_GEOSPATIAL_DATA,MONTHA,2025-10-29 06:00:00,12,51,Deterministic mean-track,0.0,0.0,0.0
REAL_HUMANITARIAN_GEOSPATIAL_DATA,MONTHA,2025-10-29 06:00:00,12,51,P90 envelope,4479817.795168964,0.0,4479817.795168964
REAL_HUMANITARIAN_GEOSPATIAL_DATA,MONTHA,2025-10-29 06:00:00,12,51,Ensemble probability-weighted,218546.4057560963,0.0,218546.4057560963
REAL_HUMANITARIAN_GEOSPATIAL_DATA,NOKAEN,2026-01-15 06:00:00,12,50,Deterministic mean-track,0.0,0.0,0.0
REAL_HUMANITARIAN_GEOSPATIAL_DATA,NOKAEN,2026-01-15 06:00:00,12,50,P90 envelope,0.0,0.0,0.0
REAL_HUMANITARIAN_GEOSPATIAL_DATA,NOKAEN,2026-01-15 06:00:00,12,50,Ensemble probability-weighted,0.0,0.0,0.0
REAL_HUMANITARIAN_GEOSPATIAL_DATA,PENHA,2026-02-05 00:00:00,12,49,Deterministic mean-track,15656.000151216987,0.0,15656.000151216987
REAL_HUMANITARIAN_GEOSPATIAL_DATA,PENHA,2026-02-05 00:00:00,12,49,P90 envelope,597077.3437452764,0.0,597077.3437452764
REAL_HUMANITARIAN_GEOSPATIAL_DATA,PENHA,2026-02-05 00:00:00,12,49,Ensemble probability-weighted,11322.450644003498,0.0,11322.450644003498
REAL_HUMANITARIAN_GEOSPATIAL_DATA,PENHA,2026-02-05 06:00:00,12,47,Deterministic mean-track,0.0,0.0,0.0
REAL_HUMANITARIAN_GEOSPATIAL_DATA,PENHA,2026-02-05 06:00:00,12,47,P90 envelope,6501033.769200624,0.0,6501033.769200624
REAL_HUMANITARIAN_GEOSPATIAL_DATA,PENHA,2026-02-05 06:00:00,12,47,Ensemble probability-weighted,39265.476891156526,0.0,39265.476891156526
REAL_HUMANITARIAN_GEOSPATIAL_DATA,PENHA,2026-02-05 12:00:00,12,47,Deterministic mean-track,0.0,0.0,0.0
REAL_HUMANITARIAN_GEOSPATIAL_DATA,PENHA,2026-02-05 12:00:00,12,47,P90 envelope,6222727.133309096,0.0,6222727.133309096
REAL_HUMANITARIAN_GEOSPATIAL_DATA,PENHA,2026-02-05 12:00:00,12,47,Ensemble probability-weighted,56639.68579693812,0.0,56639.68579693812
REAL_HUMANITARIAN_GEOSPATIAL_DATA,SENYAR,2025-11-26 06:00:00,12,22,Deterministic mean-track,0.0,0.0,0.0
REAL_HUMANITARIAN_GEOSPATIAL_DATA,SENYAR,2025-11-26 06:00:00,12,22,P90 envelope,9768187.281449901,0.0,9768187.281449901
REAL_HUMANITARIAN_GEOSPATIAL_DATA,SENYAR,2025-11-26 06:00:00,12,22,Ensemble probability-weighted,141173.92849307196,0.0,141173.92849307196
REAL_HUMANITARIAN_GEOSPATIAL_DATA,SENYAR,2025-11-26 12:00:00,12,17,Deterministic mean-track,0.0,0.0,0.0
REAL_HUMANITARIAN_GEOSPATIAL_DATA,SENYAR,2025-11-26 12:00:00,12,17,P90 envelope,6447217.165534167,0.0,6447217.165534167
REAL_HUMANITARIAN_GEOSPATIAL_DATA,SENYAR,2025-11-26 12:00:00,12,17,Ensemble probability-weighted,60384.76982285689,0.0,60384.76982285689
REAL_HUMANITARIAN_GEOSPATIAL_DATA,SENYAR,2025-11-26 18:00:00,12,28,Deterministic mean-track,1015442.3250619685,0.0,1015442.3250619685
REAL_HUMANITARIAN_GEOSPATIAL_DATA,SENYAR,2025-11-26 18:00:00,12,28,P90 envelope,9849486.014248291,0.0,9849486.014248291
REAL_HUMANITARIAN_GEOSPATIAL_DATA,SENYAR,2025-11-26 18:00:00,12,28,Ensemble probability-weighted,55051.009266663066,0.0,55051.009266663066
REAL_HUMANITARIAN_GEOSPATIAL_DATA,SENYAR,2025-11-27 00:00:00,12,22,Deterministic mean-track,0.0,0.0,0.0
REAL_HUMANITARIAN_GEOSPATIAL_DATA,SENYAR,2025-11-27 00:00:00,12,22,P90 envelope,4646743.371368582,0.0,4646743.371368582
REAL_HUMANITARIAN_GEOSPATIAL_DATA,SENYAR,2025-11-27 00:00:00,12,22,Ensemble probability-weighted,37694.479118702555,0.0,37694.479118702555
REAL_HUMANITARIAN_GEOSPATIAL_DATA,SENYAR,2025-11-27 06:00:00,12,25,Deterministic mean-track,126309.02655220056,252621.73772629394,126312.71117409338
REAL_HUMANITARIAN_GEOSPATIAL_DATA,SENYAR,2025-11-27 06:00:00,12,25,P90 envelope,4782631.486617086,252621.73772629394,4530009.748890793
REAL_HUMANITARIAN_GEOSPATIAL_DATA,SENYAR,2025-11-27 06:00:00,12,25,Ensemble probability-weighted,93330.98046423,252621.73772629394,159290.75726206394
REAL_HUMANITARIAN_GEOSPATIAL_DATA,SENYAR,2025-11-27 12:00:00,12,33,Deterministic mean-track,0.0,160424.85205629456,160424.85205629456
REAL_HUMANITARIAN_GEOSPATIAL_DATA,SENYAR,2025-11-27 12:00:00,12,33,P90 envelope,4782631.486617086,160424.85205629456,4622206.634560792
REAL_HUMANITARIAN_GEOSPATIAL_DATA,SENYAR,2025-11-27 12:00:00,12,33,Ensemble probability-weighted,96358.84209175227,160424.85205629456,64066.00996454229
REAL_HUMANITARIAN_GEOSPATIAL_DATA,SENYAR,2025-11-27 18:00:00,12,23,Deterministic mean-track,0.0,134215.69563942042,134215.69563942042
REAL_HUMANITARIAN_GEOSPATIAL_DATA,SENYAR,2025-11-27 18:00:00,12,23,P90 envelope,343180.54826496897,134215.69563942042,208964.85262554855
REAL_HUMANITARIAN_GEOSPATIAL_DATA,SENYAR,2025-11-27 18:00:00,12,23,Ensemble probability-weighted,46025.57279981158,134215.69563942042,88190.12283960884
REAL_HUMANITARIAN_GEOSPATIAL_DATA,SONIA,2025-10-25 12:00:00,12,50,Deterministic mean-track,0.0,0.0,0.0
REAL_HUMANITARIAN_GEOSPATIAL_DATA,SONIA,2025-10-25 12:00:00,12,50,P90 envelope,0.0,0.0,0.0
REAL_HUMANITARIAN_GEOSPATIAL_DATA,SONIA,2025-10-25 12:00:00,12,50,Ensemble probability-weighted,0.0,0.0,0.0
REAL_HUMANITARIAN_GEOSPATIAL_DATA,SONIA,2025-10-25 18:00:00,12,49,Deterministic mean-track,0.0,0.0,0.0
REAL_HUMANITARIAN_GEOSPATIAL_DATA,SONIA,2025-10-25 18:00:00,12,49,P90 envelope,0.0,0.0,0.0
REAL_HUMANITARIAN_GEOSPATIAL_DATA,SONIA,2025-10-25 18:00:00,12,49,Ensemble probability-weighted,0.0,0.0,0.0
REAL_HUMANITARIAN_GEOSPATIAL_DATA,SONIA,2025-10-26 00:00:00,12,51,Deterministic mean-track,0.0,0.0,0.0
REAL_HUMANITARIAN_GEOSPATIAL_DATA,SONIA,2025-10-26 00:00:00,12,51,P90 envelope,0.0,0.0,0.0
REAL_HUMANITARIAN_GEOSPATIAL_DATA,SONIA,2025-10-26 00:00:00,12,51,Ensemble probability-weighted,0.0,0.0,0.0
REAL_HUMANITARIAN_GEOSPATIAL_DATA,SONIA,2025-10-26 06:00:00,12,50,Deterministic mean-track,0.0,0.0,0.0
REAL_HUMANITARIAN_GEOSPATIAL_DATA,SONIA,2025-10-26 06:00:00,12,50,P90 envelope,0.0,0.0,0.0
REAL_HUMANITARIAN_GEOSPATIAL_DATA,SONIA,2025-10-26 06:00:00,12,50,Ensemble probability-weighted,0.0,0.0,0.0
REAL_HUMANITARIAN_GEOSPATIAL_DATA,SONIA,2025-10-26 12:00:00,12,51,Deterministic mean-track,0.0,0.0,0.0
REAL_HUMANITARIAN_GEOSPATIAL_DATA,SONIA,2025-10-26 12:00:00,12,51,P90 envelope,0.0,0.0,0.0
REAL_HUMANITARIAN_GEOSPATIAL_DATA,SONIA,2025-10-26 12:00:00,12,51,Ensemble probability-weighted,0.0,0.0,0.0
REAL_HUMANITARIAN_GEOSPATIAL_DATA,SONIA,2025-10-26 18:00:00,12,51,Deterministic mean-track,0.0,0.0,0.0
REAL_HUMANITARIAN_GEOSPATIAL_DATA,SONIA,2025-10-26 18:00:00,12,51,P90 envelope,0.0,0.0,0.0
REAL_HUMANITARIAN_GEOSPATIAL_DATA,SONIA,2025-10-26 18:00:00,12,51,Ensemble probability-weighted,0.0,0.0,0.0
REAL_HUMANITARIAN_GEOSPATIAL_DATA,SONIA,2025-10-27 00:00:00,12,51,Deterministic mean-track,0.0,0.0,0.0
REAL_HUMANITARIAN_GEOSPATIAL_DATA,SONIA,2025-10-27 00:00:00,12,51,P90 envelope,0.0,0.0,0.0
REAL_HUMANITARIAN_GEOSPATIAL_DATA,SONIA,2025-10-27 00:00:00,12,51,Ensemble probability-weighted,0.0,0.0,0.0
REAL_HUMANITARIAN_GEOSPATIAL_DATA,SONIA,2025-10-27 06:00:00,12,51,Deterministic mean-track,0.0,0.0,0.0
REAL_HUMANITARIAN_GEOSPATIAL_DATA,SONIA,2025-10-27 06:00:00,12,51,P90 envelope,0.0,0.0,0.0
REAL_HUMANITARIAN_GEOSPATIAL_DATA,SONIA,2025-10-27 06:00:00,12,51,Ensemble probability-weighted,0.0,0.0,0.0
REAL_HUMANITARIAN_GEOSPATIAL_DATA,SONIA,2025-10-27 12:00:00,12,51,Deterministic mean-track,0.0,0.0,0.0
REAL_HUMANITARIAN_GEOSPATIAL_DATA,SONIA,2025-10-27 12:00:00,12,51,P90 envelope,0.0,0.0,0.0
REAL_HUMANITARIAN_GEOSPATIAL_DATA,SONIA,2025-10-27 12:00:00,12,51,Ensemble probability-weighted,0.0,0.0,0.0
REAL_HUMANITARIAN_GEOSPATIAL_DATA,SONIA,2025-10-27 18:00:00,12,51,Deterministic mean-track,0.0,0.0,0.0
REAL_HUMANITARIAN_GEOSPATIAL_DATA,SONIA,2025-10-27 18:00:00,12,51,P90 envelope,0.0,0.0,0.0
REAL_HUMANITARIAN_GEOSPATIAL_DATA,SONIA,2025-10-27 18:00:00,12,51,Ensemble probability-weighted,0.0,0.0,0.0
REAL_HUMANITARIAN_GEOSPATIAL_DATA,SONIA,2025-10-28 00:00:00,12,45,Deterministic mean-track,0.0,0.0,0.0
REAL_HUMANITARIAN_GEOSPATIAL_DATA,SONIA,2025-10-28 00:00:00,12,45,P90 envelope,0.0,0.0,0.0
REAL_HUMANITARIAN_GEOSPATIAL_DATA,SONIA,2025-10-28 00:00:00,12,45,Ensemble probability-weighted,0.0,0.0,0.0
REAL_HUMANITARIAN_GEOSPATIAL_DATA,SONIA,2025-10-28 06:00:00,12,46,Deterministic mean-track,0.0,0.0,0.0
REAL_HUMANITARIAN_GEOSPATIAL_DATA,SONIA,2025-10-28 06:00:00,12,46,P90 envelope,0.0,0.0,0.0
REAL_HUMANITARIAN_GEOSPATIAL_DATA,SONIA,2025-10-28 06:00:00,12,46,Ensemble probability-weighted,0.0,0.0,0.0
REAL_HUMANITARIAN_GEOSPATIAL_DATA,SONIA,2025-10-28 12:00:00,12,40,Deterministic mean-track,0.0,0.0,0.0
REAL_HUMANITARIAN_GEOSPATIAL_DATA,SONIA,2025-10-28 12:00:00,12,40,P90 envelope,0.0,0.0,0.0
REAL_HUMANITARIAN_GEOSPATIAL_DATA,SONIA,2025-10-28 12:00:00,12,40,Ensemble probability-weighted,0.0,0.0,0.0
REAL_HUMANITARIAN_GEOSPATIAL_DATA,SONIA,2025-10-28 18:00:00,12,4,Deterministic mean-track,0.0,0.0,0.0
REAL_HUMANITARIAN_GEOSPATIAL_DATA,SONIA,2025-10-28 18:00:00,12,4,P90 envelope,0.0,0.0,0.0
REAL_HUMANITARIAN_GEOSPATIAL_DATA,SONIA,2025-10-28 18:00:00,12,4,Ensemble probability-weighted,0.0,0.0,0.0
REAL_HUMANITARIAN_GEOSPATIAL_DATA,SONIA,2025-10-29 06:00:00,12,1,Deterministic mean-track,0.0,0.0,0.0
REAL_HUMANITARIAN_GEOSPATIAL_DATA,SONIA,2025-10-29 06:00:00,12,1,P90 envelope,0.0,0.0,0.0
REAL_HUMANITARIAN_GEOSPATIAL_DATA,SONIA,2025-10-29 06:00:00,12,1,Ensemble probability-weighted,0.0,0.0,0.0
REAL_HUMANITARIAN_GEOSPATIAL_DATA,DITWAH,2025-11-27 12:00:00,24,51,Deterministic mean-track,358713.77724457503,0.0,358713.77724457503
REAL_HUMANITARIAN_GEOSPATIAL_DATA,DITWAH,2025-11-27 12:00:00,24,51,P90 envelope,8701745.197651595,0.0,8701745.197651595
REAL_HUMANITARIAN_GEOSPATIAL_DATA,DITWAH,2025-11-27 12:00:00,24,51,Ensemble probability-weighted,163848.89348885138,0.0,163848.89348885138
REAL_HUMANITARIAN_GEOSPATIAL_DATA,DITWAH,2025-11-27 18:00:00,24,51,Deterministic mean-track,105791.64677767342,105791.64677767342,0.0
REAL_HUMANITARIAN_GEOSPATIAL_DATA,DITWAH,2025-11-27 18:00:00,24,51,P90 envelope,5448970.755009826,105791.64677767342,5343179.108232153
REAL_HUMANITARIAN_GEOSPATIAL_DATA,DITWAH,2025-11-27 18:00:00,24,51,Ensemble probability-weighted,53935.272390441685,105791.64677767342,51856.374387231735
REAL_HUMANITARIAN_GEOSPATIAL_DATA,DITWAH,2025-11-28 00:00:00,24,51,Deterministic mean-track,0.0,0.0,0.0
REAL_HUMANITARIAN_GEOSPATIAL_DATA,DITWAH,2025-11-28 00:00:00,24,51,P90 envelope,4302197.445396135,0.0,4302197.445396135
REAL_HUMANITARIAN_GEOSPATIAL_DATA,DITWAH,2025-11-28 00:00:00,24,51,Ensemble probability-weighted,44450.818716796115,0.0,44450.818716796115
REAL_HUMANITARIAN_GEOSPATIAL_DATA,DITWAH,2025-11-28 06:00:00,24,51,Deterministic mean-track,0.0,0.0,0.0
REAL_HUMANITARIAN_GEOSPATIAL_DATA,DITWAH,2025-11-28 06:00:00,24,51,P90 envelope,3567821.25916504,0.0,3567821.25916504
REAL_HUMANITARIAN_GEOSPATIAL_DATA,DITWAH,2025-11-28 06:00:00,24,51,Ensemble probability-weighted,43039.94858150096,0.0,43039.94858150096
REAL_HUMANITARIAN_GEOSPATIAL_DATA,DITWAH,2025-11-28 12:00:00,24,51,Deterministic mean-track,0.0,0.0,0.0
REAL_HUMANITARIAN_GEOSPATIAL_DATA,DITWAH,2025-11-28 12:00:00,24,51,P90 envelope,5731203.370372755,0.0,5731203.370372755
REAL_HUMANITARIAN_GEOSPATIAL_DATA,DITWAH,2025-11-28 12:00:00,24,51,Ensemble probability-weighted,19405.3539675704,0.0,19405.3539675704
REAL_HUMANITARIAN_GEOSPATIAL_DATA,DITWAH,2025-11-28 18:00:00,24,50,Deterministic mean-track,0.0,0.0,0.0
REAL_HUMANITARIAN_GEOSPATIAL_DATA,DITWAH,2025-11-28 18:00:00,24,50,P90 envelope,8321549.238959944,0.0,8321549.238959944
REAL_HUMANITARIAN_GEOSPATIAL_DATA,DITWAH,2025-11-28 18:00:00,24,50,Ensemble probability-weighted,8042.058761006113,0.0,8042.058761006113
REAL_HUMANITARIAN_GEOSPATIAL_DATA,DITWAH,2025-11-29 00:00:00,24,51,Deterministic mean-track,0.0,0.0,0.0
REAL_HUMANITARIAN_GEOSPATIAL_DATA,DITWAH,2025-11-29 00:00:00,24,51,P90 envelope,8203883.254359751,0.0,8203883.254359751
REAL_HUMANITARIAN_GEOSPATIAL_DATA,DITWAH,2025-11-29 00:00:00,24,51,Ensemble probability-weighted,4.154263066310508,0.0,4.154263066310508
REAL_HUMANITARIAN_GEOSPATIAL_DATA,DITWAH,2025-11-29 06:00:00,24,50,Deterministic mean-track,0.0,0.0,0.0
REAL_HUMANITARIAN_GEOSPATIAL_DATA,DITWAH,2025-11-29 06:00:00,24,50,P90 envelope,11241047.55241679,0.0,11241047.55241679
REAL_HUMANITARIAN_GEOSPATIAL_DATA,DITWAH,2025-11-29 06:00:00,24,50,Ensemble probability-weighted,59426.29890704145,0.0,59426.29890704145
REAL_HUMANITARIAN_GEOSPATIAL_DATA,DITWAH,2025-11-29 12:00:00,24,51,Deterministic mean-track,90372.25162857774,0.0,90372.25162857774
REAL_HUMANITARIAN_GEOSPATIAL_DATA,DITWAH,2025-11-29 12:00:00,24,51,P90 envelope,13617436.696858391,0.0,13617436.696858391
REAL_HUMANITARIAN_GEOSPATIAL_DATA,DITWAH,2025-11-29 12:00:00,24,51,Ensemble probability-weighted,232011.3449059334,0.0,232011.3449059334
REAL_HUMANITARIAN_GEOSPATIAL_DATA,DITWAH,2025-11-29 18:00:00,24,50,Deterministic mean-track,0.0,0.0,0.0
REAL_HUMANITARIAN_GEOSPATIAL_DATA,DITWAH,2025-11-29 18:00:00,24,50,P90 envelope,13423216.947366172,0.0,13423216.947366172
REAL_HUMANITARIAN_GEOSPATIAL_DATA,DITWAH,2025-11-29 18:00:00,24,50,Ensemble probability-weighted,295239.17526150914,0.0,295239.17526150914
REAL_HUMANITARIAN_GEOSPATIAL_DATA,DITWAH,2025-11-30 00:00:00,24,50,Deterministic mean-track,0.0,0.0,0.0
REAL_HUMANITARIAN_GEOSPATIAL_DATA,DITWAH,2025-11-30 00:00:00,24,50,P90 envelope,9192414.26431006,0.0,9192414.26431006
REAL_HUMANITARIAN_GEOSPATIAL_DATA,DITWAH,2025-11-30 00:00:00,24,50,Ensemble probability-weighted,324556.7618817186,0.0,324556.7618817186
REAL_HUMANITARIAN_GEOSPATIAL_DATA,DITWAH,2025-11-30 06:00:00,24,48,Deterministic mean-track,0.0,0.0,0.0
REAL_HUMANITARIAN_GEOSPATIAL_DATA,DITWAH,2025-11-30 06:00:00,24,48,P90 envelope,9012772.893380556,0.0,9012772.893380556
REAL_HUMANITARIAN_GEOSPATIAL_DATA,DITWAH,2025-11-30 06:00:00,24,48,Ensemble probability-weighted,112065.73501706493,0.0,112065.73501706493
REAL_HUMANITARIAN_GEOSPATIAL_DATA,DITWAH,2025-11-30 12:00:00,24,49,Deterministic mean-track,0.0,0.0,0.0
REAL_HUMANITARIAN_GEOSPATIAL_DATA,DITWAH,2025-11-30 12:00:00,24,49,P90 envelope,6815813.2524520755,0.0,6815813.2524520755
REAL_HUMANITARIAN_GEOSPATIAL_DATA,DITWAH,2025-11-30 12:00:00,24,49,Ensemble probability-weighted,109778.67920039014,0.0,109778.67920039014
REAL_HUMANITARIAN_GEOSPATIAL_DATA,DITWAH,2025-11-30 18:00:00,24,42,Deterministic mean-track,0.0,0.0,0.0
REAL_HUMANITARIAN_GEOSPATIAL_DATA,DITWAH,2025-11-30 18:00:00,24,42,P90 envelope,6815813.2524520755,0.0,6815813.2524520755
REAL_HUMANITARIAN_GEOSPATIAL_DATA,DITWAH,2025-11-30 18:00:00,24,42,Ensemble probability-weighted,34206.14218173711,0.0,34206.14218173711
REAL_HUMANITARIAN_GEOSPATIAL_DATA,DITWAH,2025-12-01 00:00:00,24,24,Deterministic mean-track,0.0,0.0,0.0
REAL_HUMANITARIAN_GEOSPATIAL_DATA,DITWAH,2025-12-01 00:00:00,24,24,P90 envelope,6725441.000823498,0.0,6725441.000823498
REAL_HUMANITARIAN_GEOSPATIAL_DATA,DITWAH,2025-12-01 00:00:00,24,24,Ensemble probability-weighted,0.0,0.0,0.0
REAL_HUMANITARIAN_GEOSPATIAL_DATA,DITWAH,2025-12-01 06:00:00,24,11,Deterministic mean-track,0.0,0.0,0.0
REAL_HUMANITARIAN_GEOSPATIAL_DATA,DITWAH,2025-12-01 06:00:00,24,11,P90 envelope,6815813.2524520755,0.0,6815813.2524520755
REAL_HUMANITARIAN_GEOSPATIAL_DATA,DITWAH,2025-12-01 06:00:00,24,11,Ensemble probability-weighted,611403.7273475907,0.0,611403.7273475907
REAL_HUMANITARIAN_GEOSPATIAL_DATA,DITWAH,2025-12-01 12:00:00,24,13,Deterministic mean-track,0.0,0.0,0.0
REAL_HUMANITARIAN_GEOSPATIAL_DATA,DITWAH,2025-12-01 12:00:00,24,13,P90 envelope,7846128.544305678,0.0,7846128.544305678
REAL_HUMANITARIAN_GEOSPATIAL_DATA,DITWAH,2025-12-01 12:00:00,24,13,Ensemble probability-weighted,420732.88711136114,0.0,420732.88711136114
REAL_HUMANITARIAN_GEOSPATIAL_DATA,DITWAH,2025-12-01 18:00:00,24,8,Deterministic mean-track,0.0,90372.25162857774,90372.25162857774
REAL_HUMANITARIAN_GEOSPATIAL_DATA,DITWAH,2025-12-01 18:00:00,24,8,P90 envelope,16269341.627051089,90372.25162857774,16178969.375422511
REAL_HUMANITARIAN_GEOSPATIAL_DATA,DITWAH,2025-12-01 18:00:00,24,8,Ensemble probability-weighted,1165359.1432829555,90372.25162857774,1074986.8916543778
REAL_HUMANITARIAN_GEOSPATIAL_DATA,DUDZAI,2026-01-15 06:00:00,24,51,Deterministic mean-track,0.0,0.0,0.0
REAL_HUMANITARIAN_GEOSPATIAL_DATA,DUDZAI,2026-01-15 06:00:00,24,51,P90 envelope,0.0,0.0,0.0
REAL_HUMANITARIAN_GEOSPATIAL_DATA,DUDZAI,2026-01-15 06:00:00,24,51,Ensemble probability-weighted,0.0,0.0,0.0
REAL_HUMANITARIAN_GEOSPATIAL_DATA,FINA,2025-11-18 18:00:00,24,51,Deterministic mean-track,0.0,0.0,0.0
REAL_HUMANITARIAN_GEOSPATIAL_DATA,FINA,2025-11-18 18:00:00,24,51,P90 envelope,84.0167478496322,0.0,84.0167478496322
REAL_HUMANITARIAN_GEOSPATIAL_DATA,FINA,2025-11-18 18:00:00,24,51,Ensemble probability-weighted,0.0,0.0,0.0
REAL_HUMANITARIAN_GEOSPATIAL_DATA,FINA,2025-11-19 00:00:00,24,51,Deterministic mean-track,0.0,0.0,0.0
REAL_HUMANITARIAN_GEOSPATIAL_DATA,FINA,2025-11-19 00:00:00,24,51,P90 envelope,0.0,0.0,0.0
REAL_HUMANITARIAN_GEOSPATIAL_DATA,FINA,2025-11-19 00:00:00,24,51,Ensemble probability-weighted,0.0,0.0,0.0
REAL_HUMANITARIAN_GEOSPATIAL_DATA,FINA,2025-11-19 06:00:00,24,51,Deterministic mean-track,0.0,0.0,0.0
REAL_HUMANITARIAN_GEOSPATIAL_DATA,FINA,2025-11-19 06:00:00,24,51,P90 envelope,84.0167478496322,0.0,84.0167478496322
REAL_HUMANITARIAN_GEOSPATIAL_DATA,FINA,2025-11-19 06:00:00,24,51,Ensemble probability-weighted,0.0,0.0,0.0
REAL_HUMANITARIAN_GEOSPATIAL_DATA,FINA,2025-11-19 12:00:00,24,51,Deterministic mean-track,0.0,0.0,0.0
REAL_HUMANITARIAN_GEOSPATIAL_DATA,FINA,2025-11-19 12:00:00,24,51,P90 envelope,80.97351562968001,0.0,80.97351562968001
REAL_HUMANITARIAN_GEOSPATIAL_DATA,FINA,2025-11-19 12:00:00,24,51,Ensemble probability-weighted,0.0,0.0,0.0
REAL_HUMANITARIAN_GEOSPATIAL_DATA,FINA,2025-11-19 18:00:00,24,51,Deterministic mean-track,0.0,0.0,0.0
REAL_HUMANITARIAN_GEOSPATIAL_DATA,FINA,2025-11-19 18:00:00,24,51,P90 envelope,84.0167478496322,0.0,84.0167478496322
REAL_HUMANITARIAN_GEOSPATIAL_DATA,FINA,2025-11-19 18:00:00,24,51,Ensemble probability-weighted,1.5808776442661667,0.0,1.5808776442661667
REAL_HUMANITARIAN_GEOSPATIAL_DATA,FINA,2025-11-20 00:00:00,24,51,Deterministic mean-track,0.0,0.0,0.0
REAL_HUMANITARIAN_GEOSPATIAL_DATA,FINA,2025-11-20 00:00:00,24,51,P90 envelope,83.66799207752669,0.0,83.66799207752669
REAL_HUMANITARIAN_GEOSPATIAL_DATA,FINA,2025-11-20 00:00:00,24,51,Ensemble probability-weighted,0.0,0.0,0.0
REAL_HUMANITARIAN_GEOSPATIAL_DATA,FINA,2025-11-20 06:00:00,24,51,Deterministic mean-track,0.0,0.0,0.0
REAL_HUMANITARIAN_GEOSPATIAL_DATA,FINA,2025-11-20 06:00:00,24,51,P90 envelope,3087.1403105742193,0.0,3087.1403105742193
REAL_HUMANITARIAN_GEOSPATIAL_DATA,FINA,2025-11-20 06:00:00,24,51,Ensemble probability-weighted,7.338396930505386,0.0,7.338396930505386
REAL_HUMANITARIAN_GEOSPATIAL_DATA,FINA,2025-11-20 12:00:00,24,51,Deterministic mean-track,0.0,0.0,0.0
REAL_HUMANITARIAN_GEOSPATIAL_DATA,FINA,2025-11-20 12:00:00,24,51,P90 envelope,402.7208936196396,0.0,402.7208936196396
REAL_HUMANITARIAN_GEOSPATIAL_DATA,FINA,2025-11-20 12:00:00,24,51,Ensemble probability-weighted,12.674023216872651,0.0,12.674023216872651
REAL_HUMANITARIAN_GEOSPATIAL_DATA,FINA,2025-11-20 18:00:00,24,51,Deterministic mean-track,0.0,0.0,0.0
REAL_HUMANITARIAN_GEOSPATIAL_DATA,FINA,2025-11-20 18:00:00,24,51,P90 envelope,4186.71655703701,0.0,4186.71655703701
REAL_HUMANITARIAN_GEOSPATIAL_DATA,FINA,2025-11-20 18:00:00,24,51,Ensemble probability-weighted,59.914415420513805,0.0,59.914415420513805
REAL_HUMANITARIAN_GEOSPATIAL_DATA,FINA,2025-11-21 00:00:00,24,51,Deterministic mean-track,0.0,0.0,0.0
REAL_HUMANITARIAN_GEOSPATIAL_DATA,FINA,2025-11-21 00:00:00,24,51,P90 envelope,4186.71655703701,0.0,4186.71655703701
REAL_HUMANITARIAN_GEOSPATIAL_DATA,FINA,2025-11-21 00:00:00,24,51,Ensemble probability-weighted,75.14581301464771,0.0,75.14581301464771
REAL_HUMANITARIAN_GEOSPATIAL_DATA,FINA,2025-11-21 06:00:00,24,51,Deterministic mean-track,2684.4194169545794,0.0,2684.4194169545794
REAL_HUMANITARIAN_GEOSPATIAL_DATA,FINA,2025-11-21 06:00:00,24,51,P90 envelope,31306.099728327154,0.0,31306.099728327154
REAL_HUMANITARIAN_GEOSPATIAL_DATA,FINA,2025-11-21 06:00:00,24,51,Ensemble probability-weighted,671.9683437039487,0.0,671.9683437039487
REAL_HUMANITARIAN_GEOSPATIAL_DATA,FINA,2025-11-21 12:00:00,24,50,Deterministic mean-track,0.0,878.2537354137279,878.2537354137279
REAL_HUMANITARIAN_GEOSPATIAL_DATA,FINA,2025-11-21 12:00:00,24,50,P90 envelope,31385.589133091635,878.2537354137279,30507.335397677907
REAL_HUMANITARIAN_GEOSPATIAL_DATA,FINA,2025-11-21 12:00:00,24,50,Ensemble probability-weighted,820.3718818626603,878.2537354137279,57.88185355106759
REAL_HUMANITARIAN_GEOSPATIAL_DATA,FINA,2025-11-21 18:00:00,24,51,Deterministic mean-track,0.0,0.0,0.0
REAL_HUMANITARIAN_GEOSPATIAL_DATA,FINA,2025-11-21 18:00:00,24,51,P90 envelope,28486.06948329428,0.0,28486.06948329428
REAL_HUMANITARIAN_GEOSPATIAL_DATA,FINA,2025-11-21 18:00:00,24,51,Ensemble probability-weighted,1175.8356352974583,0.0,1175.8356352974583
REAL_HUMANITARIAN_GEOSPATIAL_DATA,FINA,2025-11-22 00:00:00,24,51,Deterministic mean-track,0.045440356770996004,0.045440356770996004,0.0
REAL_HUMANITARIAN_GEOSPATIAL_DATA,FINA,2025-11-22 00:00:00,24,51,P90 envelope,10309.868567092493,0.045440356770996004,10309.823126735722
REAL_HUMANITARIAN_GEOSPATIAL_DATA,FINA,2025-11-22 00:00:00,24,51,Ensemble probability-weighted,17.661842525588916,0.045440356770996004,17.61640216881792
REAL_HUMANITARIAN_GEOSPATIAL_DATA,FINA,2025-11-22 06:00:00,24,51,Deterministic mean-track,0.0,0.0,0.0
REAL_HUMANITARIAN_GEOSPATIAL_DATA,FINA,2025-11-22 06:00:00,24,51,P90 envelope,718.1629696526456,0.0,718.1629696526456
REAL_HUMANITARIAN_GEOSPATIAL_DATA,FINA,2025-11-22 06:00:00,24,51,Ensemble probability-weighted,0.3158835974489404,0.0,0.3158835974489404
REAL_HUMANITARIAN_GEOSPATIAL_DATA,FINA,2025-11-22 12:00:00,24,51,Deterministic mean-track,0.0,0.0,0.0
REAL_HUMANITARIAN_GEOSPATIAL_DATA,FINA,2025-11-22 12:00:00,24,51,P90 envelope,718.1629696526456,0.0,718.1629696526456
REAL_HUMANITARIAN_GEOSPATIAL_DATA,FINA,2025-11-22 12:00:00,24,51,Ensemble probability-weighted,0.26925284754314804,0.0,0.26925284754314804
REAL_HUMANITARIAN_GEOSPATIAL_DATA,FINA,2025-11-22 18:00:00,24,51,Deterministic mean-track,0.0,0.0,0.0
REAL_HUMANITARIAN_GEOSPATIAL_DATA,FINA,2025-11-22 18:00:00,24,51,P90 envelope,718.2512787336941,0.0,718.2512787336941
REAL_HUMANITARIAN_GEOSPATIAL_DATA,FINA,2025-11-22 18:00:00,24,51,Ensemble probability-weighted,0.46378660470514455,0.0,0.46378660470514455
REAL_HUMANITARIAN_GEOSPATIAL_DATA,FINA,2025-11-23 00:00:00,24,51,Deterministic mean-track,0.0,0.1337494378194607,0.1337494378194607
REAL_HUMANITARIAN_GEOSPATIAL_DATA,FINA,2025-11-23 00:00:00,24,51,P90 envelope,22.32910485651969,0.1337494378194607,22.19535541870023
REAL_HUMANITARIAN_GEOSPATIAL_DATA,FINA,2025-11-23 00:00:00,24,51,Ensemble probability-weighted,0.005245075992920027,0.1337494378194607,0.12850436182654065
REAL_HUMANITARIAN_GEOSPATIAL_DATA,FINA,2025-11-23 06:00:00,24,51,Deterministic mean-track,0.0,0.0,0.0
REAL_HUMANITARIAN_GEOSPATIAL_DATA,FINA,2025-11-23 06:00:00,24,51,P90 envelope,412.58078412558484,0.0,412.58078412558484
REAL_HUMANITARIAN_GEOSPATIAL_DATA,FINA,2025-11-23 06:00:00,24,51,Ensemble probability-weighted,3.800352864206946,0.0,3.800352864206946
REAL_HUMANITARIAN_GEOSPATIAL_DATA,FINA,2025-11-23 12:00:00,24,51,Deterministic mean-track,0.1337494378194607,0.0,0.1337494378194607
REAL_HUMANITARIAN_GEOSPATIAL_DATA,FINA,2025-11-23 12:00:00,24,51,P90 envelope,154.0659755726707,0.0,154.0659755726707
REAL_HUMANITARIAN_GEOSPATIAL_DATA,FINA,2025-11-23 12:00:00,24,51,Ensemble probability-weighted,0.5051148691157967,0.0,0.5051148691157967
REAL_HUMANITARIAN_GEOSPATIAL_DATA,FINA,2025-11-23 18:00:00,24,51,Deterministic mean-track,0.0,0.0,0.0
REAL_HUMANITARIAN_GEOSPATIAL_DATA,FINA,2025-11-23 18:00:00,24,51,P90 envelope,157.31677442824608,0.0,157.31677442824608
REAL_HUMANITARIAN_GEOSPATIAL_DATA,FINA,2025-11-23 18:00:00,24,51,Ensemble probability-weighted,0.6526879700173831,0.0,0.6526879700173831
REAL_HUMANITARIAN_GEOSPATIAL_DATA,FINA,2025-11-24 00:00:00,24,51,Deterministic mean-track,2.4670042423476874,8.062700479216785,5.595696236869097
REAL_HUMANITARIAN_GEOSPATIAL_DATA,FINA,2025-11-24 00:00:00,24,51,P90 envelope,151.2303067730797,8.062700479216785,143.16760629386292
REAL_HUMANITARIAN_GEOSPATIAL_DATA,FINA,2025-11-24 00:00:00,24,51,Ensemble probability-weighted,12.462317019382208,8.062700479216785,4.3996165401654235
REAL_HUMANITARIAN_GEOSPATIAL_DATA,FINA,2025-11-24 06:00:00,24,51,Deterministic mean-track,0.0,0.0,0.0
REAL_HUMANITARIAN_GEOSPATIAL_DATA,FINA,2025-11-24 06:00:00,24,51,P90 envelope,172.13579929073845,0.0,172.13579929073845
REAL_HUMANITARIAN_GEOSPATIAL_DATA,FINA,2025-11-24 06:00:00,24,51,Ensemble probability-weighted,15.016712803258878,0.0,15.016712803258878
REAL_HUMANITARIAN_GEOSPATIAL_DATA,FUNG-WONG,2025-11-05 18:00:00,24,50,Deterministic mean-track,0.0,0.0,0.0
REAL_HUMANITARIAN_GEOSPATIAL_DATA,FUNG-WONG,2025-11-05 18:00:00,24,50,P90 envelope,0.0,0.0,0.0
REAL_HUMANITARIAN_GEOSPATIAL_DATA,FUNG-WONG,2025-11-05 18:00:00,24,50,Ensemble probability-weighted,0.0,0.0,0.0
REAL_HUMANITARIAN_GEOSPATIAL_DATA,FUNG-WONG,2025-11-06 00:00:00,24,48,Deterministic mean-track,0.0,0.0,0.0
REAL_HUMANITARIAN_GEOSPATIAL_DATA,FUNG-WONG,2025-11-06 00:00:00,24,48,P90 envelope,3695.4999796897177,0.0,3695.4999796897177
REAL_HUMANITARIAN_GEOSPATIAL_DATA,FUNG-WONG,2025-11-06 00:00:00,24,48,Ensemble probability-weighted,76.98958291020244,0.0,76.98958291020244
REAL_HUMANITARIAN_GEOSPATIAL_DATA,FUNG-WONG,2025-11-06 06:00:00,24,49,Deterministic mean-track,0.0,0.0,0.0
REAL_HUMANITARIAN_GEOSPATIAL_DATA,FUNG-WONG,2025-11-06 06:00:00,24,49,P90 envelope,0.0,0.0,0.0
REAL_HUMANITARIAN_GEOSPATIAL_DATA,FUNG-WONG,2025-11-06 06:00:00,24,49,Ensemble probability-weighted,0.0,0.0,0.0
REAL_HUMANITARIAN_GEOSPATIAL_DATA,FUNG-WONG,2025-11-06 12:00:00,24,51,Deterministic mean-track,0.0,0.0,0.0
REAL_HUMANITARIAN_GEOSPATIAL_DATA,FUNG-WONG,2025-11-06 12:00:00,24,51,P90 envelope,0.0,0.0,0.0
REAL_HUMANITARIAN_GEOSPATIAL_DATA,FUNG-WONG,2025-11-06 12:00:00,24,51,Ensemble probability-weighted,0.0,0.0,0.0
REAL_HUMANITARIAN_GEOSPATIAL_DATA,FUNG-WONG,2025-11-06 18:00:00,24,51,Deterministic mean-track,0.0,0.0,0.0
REAL_HUMANITARIAN_GEOSPATIAL_DATA,FUNG-WONG,2025-11-06 18:00:00,24,51,P90 envelope,0.0,0.0,0.0
REAL_HUMANITARIAN_GEOSPATIAL_DATA,FUNG-WONG,2025-11-06 18:00:00,24,51,Ensemble probability-weighted,0.0,0.0,0.0
REAL_HUMANITARIAN_GEOSPATIAL_DATA,FUNG-WONG,2025-11-07 00:00:00,24,51,Deterministic mean-track,0.0,0.0,0.0
REAL_HUMANITARIAN_GEOSPATIAL_DATA,FUNG-WONG,2025-11-07 00:00:00,24,51,P90 envelope,0.0,0.0,0.0
REAL_HUMANITARIAN_GEOSPATIAL_DATA,FUNG-WONG,2025-11-07 00:00:00,24,51,Ensemble probability-weighted,0.0,0.0,0.0
REAL_HUMANITARIAN_GEOSPATIAL_DATA,FUNG-WONG,2025-11-07 06:00:00,24,51,Deterministic mean-track,0.0,0.0,0.0
REAL_HUMANITARIAN_GEOSPATIAL_DATA,FUNG-WONG,2025-11-07 06:00:00,24,51,P90 envelope,0.0,0.0,0.0
REAL_HUMANITARIAN_GEOSPATIAL_DATA,FUNG-WONG,2025-11-07 06:00:00,24,51,Ensemble probability-weighted,0.0,0.0,0.0
REAL_HUMANITARIAN_GEOSPATIAL_DATA,FUNG-WONG,2025-11-07 12:00:00,24,50,Deterministic mean-track,0.0,0.0,0.0
REAL_HUMANITARIAN_GEOSPATIAL_DATA,FUNG-WONG,2025-11-07 12:00:00,24,50,P90 envelope,0.0,0.0,0.0
REAL_HUMANITARIAN_GEOSPATIAL_DATA,FUNG-WONG,2025-11-07 12:00:00,24,50,Ensemble probability-weighted,0.0,0.0,0.0
REAL_HUMANITARIAN_GEOSPATIAL_DATA,FUNG-WONG,2025-11-07 18:00:00,24,51,Deterministic mean-track,0.0,0.0,0.0
REAL_HUMANITARIAN_GEOSPATIAL_DATA,FUNG-WONG,2025-11-07 18:00:00,24,51,P90 envelope,76312.03905659902,0.0,76312.03905659902
REAL_HUMANITARIAN_GEOSPATIAL_DATA,FUNG-WONG,2025-11-07 18:00:00,24,51,Ensemble probability-weighted,0.0,0.0,0.0
REAL_HUMANITARIAN_GEOSPATIAL_DATA,FUNG-WONG,2025-11-08 00:00:00,24,51,Deterministic mean-track,0.0,0.0,0.0
REAL_HUMANITARIAN_GEOSPATIAL_DATA,FUNG-WONG,2025-11-08 00:00:00,24,51,P90 envelope,2127318.060570955,0.0,2127318.060570955
REAL_HUMANITARIAN_GEOSPATIAL_DATA,FUNG-WONG,2025-11-08 00:00:00,24,51,Ensemble probability-weighted,15944.827229042832,0.0,15944.827229042832
REAL_HUMANITARIAN_GEOSPATIAL_DATA,FUNG-WONG,2025-11-08 06:00:00,24,51,Deterministic mean-track,0.0,0.0,0.0
REAL_HUMANITARIAN_GEOSPATIAL_DATA,FUNG-WONG,2025-11-08 06:00:00,24,51,P90 envelope,1954388.1880201395,0.0,1954388.1880201395
REAL_HUMANITARIAN_GEOSPATIAL_DATA,FUNG-WONG,2025-11-08 06:00:00,24,51,Ensemble probability-weighted,33640.16381046704,0.0,33640.16381046704
REAL_HUMANITARIAN_GEOSPATIAL_DATA,FUNG-WONG,2025-11-08 12:00:00,24,51,Deterministic mean-track,257.2674131095409,0.0,257.2674131095409
REAL_HUMANITARIAN_GEOSPATIAL_DATA,FUNG-WONG,2025-11-08 12:00:00,24,51,P90 envelope,9964779.074527858,0.0,9964779.074527858
REAL_HUMANITARIAN_GEOSPATIAL_DATA,FUNG-WONG,2025-11-08 12:00:00,24,51,Ensemble probability-weighted,48151.24532862435,0.0,48151.24532862435
REAL_HUMANITARIAN_GEOSPATIAL_DATA,FUNG-WONG,2025-11-08 18:00:00,24,51,Deterministic mean-track,0.0,262280.98083442403,262280.98083442403
REAL_HUMANITARIAN_GEOSPATIAL_DATA,FUNG-WONG,2025-11-08 18:00:00,24,51,P90 envelope,10574926.542825742,262280.98083442403,10312645.561991317
REAL_HUMANITARIAN_GEOSPATIAL_DATA,FUNG-WONG,2025-11-08 18:00:00,24,51,Ensemble probability-weighted,128257.09210648219,262280.98083442403,134023.88872794184
REAL_HUMANITARIAN_GEOSPATIAL_DATA,FUNG-WONG,2025-11-09 00:00:00,24,51,Deterministic mean-track,0.0,0.0,0.0
REAL_HUMANITARIAN_GEOSPATIAL_DATA,FUNG-WONG,2025-11-09 00:00:00,24,51,P90 envelope,276137.5776743288,0.0,276137.5776743288
REAL_HUMANITARIAN_GEOSPATIAL_DATA,FUNG-WONG,2025-11-09 00:00:00,24,51,Ensemble probability-weighted,5686.1602845928155,0.0,5686.1602845928155
REAL_HUMANITARIAN_GEOSPATIAL_DATA,FUNG-WONG,2025-11-09 06:00:00,24,51,Deterministic mean-track,0.0,0.0,0.0
REAL_HUMANITARIAN_GEOSPATIAL_DATA,FUNG-WONG,2025-11-09 06:00:00,24,51,P90 envelope,13856.596839904787,0.0,13856.596839904787
REAL_HUMANITARIAN_GEOSPATIAL_DATA,FUNG-WONG,2025-11-09 06:00:00,24,51,Ensemble probability-weighted,271.69797725303505,0.0,271.69797725303505
REAL_HUMANITARIAN_GEOSPATIAL_DATA,FUNG-WONG,2025-11-09 12:00:00,24,51,Deterministic mean-track,0.0,0.0,0.0
REAL_HUMANITARIAN_GEOSPATIAL_DATA,FUNG-WONG,2025-11-09 12:00:00,24,51,P90 envelope,0.0,0.0,0.0
REAL_HUMANITARIAN_GEOSPATIAL_DATA,FUNG-WONG,2025-11-09 12:00:00,24,51,Ensemble probability-weighted,0.0,0.0,0.0
REAL_HUMANITARIAN_GEOSPATIAL_DATA,FUNG-WONG,2025-11-09 18:00:00,24,51,Deterministic mean-track,0.0,0.0,0.0
REAL_HUMANITARIAN_GEOSPATIAL_DATA,FUNG-WONG,2025-11-09 18:00:00,24,51,P90 envelope,0.0,0.0,0.0
REAL_HUMANITARIAN_GEOSPATIAL_DATA,FUNG-WONG,2025-11-09 18:00:00,24,51,Ensemble probability-weighted,0.0,0.0,0.0
REAL_HUMANITARIAN_GEOSPATIAL_DATA,FUNG-WONG,2025-11-10 00:00:00,24,51,Deterministic mean-track,0.0,0.0,0.0
REAL_HUMANITARIAN_GEOSPATIAL_DATA,FUNG-WONG,2025-11-10 00:00:00,24,51,P90 envelope,0.0,0.0,0.0
REAL_HUMANITARIAN_GEOSPATIAL_DATA,FUNG-WONG,2025-11-10 00:00:00,24,51,Ensemble probability-weighted,0.0,0.0,0.0
REAL_HUMANITARIAN_GEOSPATIAL_DATA,FUNG-WONG,2025-11-10 06:00:00,24,51,Deterministic mean-track,0.0,0.0,0.0
REAL_HUMANITARIAN_GEOSPATIAL_DATA,FUNG-WONG,2025-11-10 06:00:00,24,51,P90 envelope,0.0,0.0,0.0
REAL_HUMANITARIAN_GEOSPATIAL_DATA,FUNG-WONG,2025-11-10 06:00:00,24,51,Ensemble probability-weighted,0.0,0.0,0.0
REAL_HUMANITARIAN_GEOSPATIAL_DATA,FUNG-WONG,2025-11-10 12:00:00,24,51,Deterministic mean-track,0.0,0.0,0.0
REAL_HUMANITARIAN_GEOSPATIAL_DATA,FUNG-WONG,2025-11-10 12:00:00,24,51,P90 envelope,0.0,0.0,0.0
REAL_HUMANITARIAN_GEOSPATIAL_DATA,FUNG-WONG,2025-11-10 12:00:00,24,51,Ensemble probability-weighted,0.0,0.0,0.0
REAL_HUMANITARIAN_GEOSPATIAL_DATA,FUNG-WONG,2025-11-10 18:00:00,24,51,Deterministic mean-track,0.0,0.0,0.0
REAL_HUMANITARIAN_GEOSPATIAL_DATA,FUNG-WONG,2025-11-10 18:00:00,24,51,P90 envelope,0.0,0.0,0.0
REAL_HUMANITARIAN_GEOSPATIAL_DATA,FUNG-WONG,2025-11-10 18:00:00,24,51,Ensemble probability-weighted,0.0,0.0,0.0
REAL_HUMANITARIAN_GEOSPATIAL_DATA,FUNG-WONG,2025-11-11 00:00:00,24,51,Deterministic mean-track,0.0,0.0,0.0
REAL_HUMANITARIAN_GEOSPATIAL_DATA,FUNG-WONG,2025-11-11 00:00:00,24,51,P90 envelope,0.0,0.0,0.0
REAL_HUMANITARIAN_GEOSPATIAL_DATA,FUNG-WONG,2025-11-11 00:00:00,24,51,Ensemble probability-weighted,0.0,0.0,0.0
REAL_HUMANITARIAN_GEOSPATIAL_DATA,FUNG-WONG,2025-11-11 06:00:00,24,50,Deterministic mean-track,0.0,0.0,0.0
REAL_HUMANITARIAN_GEOSPATIAL_DATA,FUNG-WONG,2025-11-11 06:00:00,24,50,P90 envelope,3247298.3461649697,0.0,3247298.3461649697
REAL_HUMANITARIAN_GEOSPATIAL_DATA,FUNG-WONG,2025-11-11 06:00:00,24,50,Ensemble probability-weighted,161803.96867051703,0.0,161803.96867051703
REAL_HUMANITARIAN_GEOSPATIAL_DATA,FUNG-WONG,2025-11-11 12:00:00,24,49,Deterministic mean-track,0.0,0.0,0.0
REAL_HUMANITARIAN_GEOSPATIAL_DATA,FUNG-WONG,2025-11-11 12:00:00,24,49,P90 envelope,3282051.200290201,0.0,3282051.200290201
REAL_HUMANITARIAN_GEOSPATIAL_DATA,FUNG-WONG,2025-11-11 12:00:00,24,49,Ensemble probability-weighted,128929.1796194599,0.0,128929.1796194599
REAL_HUMANITARIAN_GEOSPATIAL_DATA,FUNG-WONG,2025-11-11 18:00:00,24,42,Deterministic mean-track,0.0,0.0,0.0
REAL_HUMANITARIAN_GEOSPATIAL_DATA,FUNG-WONG,2025-11-11 18:00:00,24,42,P90 envelope,8316166.993722163,0.0,8316166.993722163
REAL_HUMANITARIAN_GEOSPATIAL_DATA,FUNG-WONG,2025-11-11 18:00:00,24,42,Ensemble probability-weighted,38509.50100932447,0.0,38509.50100932447
REAL_HUMANITARIAN_GEOSPATIAL_DATA,FUNG-WONG,2025-11-12 00:00:00,24,39,Deterministic mean-track,0.0,396.0176171660423,396.0176171660423
REAL_HUMANITARIAN_GEOSPATIAL_DATA,FUNG-WONG,2025-11-12 00:00:00,24,39,P90 envelope,18628.320761893876,396.0176171660423,18232.303144727834
REAL_HUMANITARIAN_GEOSPATIAL_DATA,FUNG-WONG,2025-11-12 00:00:00,24,39,Ensemble probability-weighted,63.48092446108468,396.0176171660423,332.53669270495766
REAL_HUMANITARIAN_GEOSPATIAL_DATA,FUNG-WONG,2025-11-12 06:00:00,24,44,Deterministic mean-track,0.0,0.0,0.0
REAL_HUMANITARIAN_GEOSPATIAL_DATA,FUNG-WONG,2025-11-12 06:00:00,24,44,P90 envelope,24477.429407788448,0.0,24477.429407788448
REAL_HUMANITARIAN_GEOSPATIAL_DATA,FUNG-WONG,2025-11-12 06:00:00,24,44,Ensemble probability-weighted,152.4224030041051,0.0,152.4224030041051
REAL_HUMANITARIAN_GEOSPATIAL_DATA,FUNG-WONG,2025-11-12 12:00:00,24,13,Deterministic mean-track,12437.151106208568,0.0,12437.151106208568
REAL_HUMANITARIAN_GEOSPATIAL_DATA,FUNG-WONG,2025-11-12 12:00:00,24,13,P90 envelope,23661.360714912422,0.0,23661.360714912422
REAL_HUMANITARIAN_GEOSPATIAL_DATA,FUNG-WONG,2025-11-12 12:00:00,24,13,Ensemble probability-weighted,2168.91354291485,0.0,2168.91354291485
REAL_HUMANITARIAN_GEOSPATIAL_DATA,FUNG-WONG,2025-11-12 18:00:00,24,2,Deterministic mean-track,43.80744634568691,0.0,43.80744634568691
REAL_HUMANITARIAN_GEOSPATIAL_DATA,FUNG-WONG,2025-11-12 18:00:00,24,2,P90 envelope,309791.04907560366,0.0,309791.04907560366
REAL_HUMANITARIAN_GEOSPATIAL_DATA,FUNG-WONG,2025-11-12 18:00:00,24,2,Ensemble probability-weighted,0.0,0.0,0.0
REAL_HUMANITARIAN_GEOSPATIAL_DATA,GEZANI,2026-02-10 00:00:00,24,51,Deterministic mean-track,196633.9171153314,0.0,196633.9171153314
REAL_HUMANITARIAN_GEOSPATIAL_DATA,GEZANI,2026-02-10 00:00:00,24,51,P90 envelope,3563418.728944999,0.0,3563418.728944999
REAL_HUMANITARIAN_GEOSPATIAL_DATA,GEZANI,2026-02-10 00:00:00,24,51,Ensemble probability-weighted,92073.94212396095,0.0,92073.94212396095
REAL_HUMANITARIAN_GEOSPATIAL_DATA,GEZANI,2026-02-10 06:00:00,24,44,Deterministic mean-track,0.0,0.0,0.0
REAL_HUMANITARIAN_GEOSPATIAL_DATA,GEZANI,2026-02-10 06:00:00,24,44,P90 envelope,2893371.347248105,0.0,2893371.347248105
REAL_HUMANITARIAN_GEOSPATIAL_DATA,GEZANI,2026-02-10 06:00:00,24,44,Ensemble probability-weighted,17744.123830885517,0.0,17744.123830885517
REAL_HUMANITARIAN_GEOSPATIAL_DATA,GEZANI,2026-02-10 12:00:00,24,51,Deterministic mean-track,0.0,0.0,0.0
REAL_HUMANITARIAN_GEOSPATIAL_DATA,GEZANI,2026-02-10 12:00:00,24,51,P90 envelope,219586.97130100202,0.0,219586.97130100202
REAL_HUMANITARIAN_GEOSPATIAL_DATA,GEZANI,2026-02-10 12:00:00,24,51,Ensemble probability-weighted,6664.720061979135,0.0,6664.720061979135
REAL_HUMANITARIAN_GEOSPATIAL_DATA,GEZANI,2026-02-10 18:00:00,24,49,Deterministic mean-track,0.0,0.0,0.0
REAL_HUMANITARIAN_GEOSPATIAL_DATA,GEZANI,2026-02-10 18:00:00,24,49,P90 envelope,95271.48506908448,0.0,95271.48506908448
REAL_HUMANITARIAN_GEOSPATIAL_DATA,GEZANI,2026-02-10 18:00:00,24,49,Ensemble probability-weighted,0.009600010453438272,0.0,0.009600010453438272
REAL_HUMANITARIAN_GEOSPATIAL_DATA,GEZANI,2026-02-11 00:00:00,24,49,Deterministic mean-track,0.0,0.0,0.0
REAL_HUMANITARIAN_GEOSPATIAL_DATA,GEZANI,2026-02-11 00:00:00,24,49,P90 envelope,0.0,0.0,0.0
REAL_HUMANITARIAN_GEOSPATIAL_DATA,GEZANI,2026-02-11 00:00:00,24,49,Ensemble probability-weighted,0.0,0.0,0.0
REAL_HUMANITARIAN_GEOSPATIAL_DATA,GEZANI,2026-02-11 06:00:00,24,51,Deterministic mean-track,0.0,0.0,0.0
REAL_HUMANITARIAN_GEOSPATIAL_DATA,GEZANI,2026-02-11 06:00:00,24,51,P90 envelope,0.0,0.0,0.0
REAL_HUMANITARIAN_GEOSPATIAL_DATA,GEZANI,2026-02-11 06:00:00,24,51,Ensemble probability-weighted,0.0,0.0,0.0
REAL_HUMANITARIAN_GEOSPATIAL_DATA,GEZANI,2026-02-11 12:00:00,24,51,Deterministic mean-track,0.0,0.0,0.0
REAL_HUMANITARIAN_GEOSPATIAL_DATA,GEZANI,2026-02-11 12:00:00,24,51,P90 envelope,0.0,0.0,0.0
REAL_HUMANITARIAN_GEOSPATIAL_DATA,GEZANI,2026-02-11 12:00:00,24,51,Ensemble probability-weighted,0.0,0.0,0.0
REAL_HUMANITARIAN_GEOSPATIAL_DATA,GEZANI,2026-02-11 18:00:00,24,51,Deterministic mean-track,0.0,0.0,0.0
REAL_HUMANITARIAN_GEOSPATIAL_DATA,GEZANI,2026-02-11 18:00:00,24,51,P90 envelope,0.0,0.0,0.0
REAL_HUMANITARIAN_GEOSPATIAL_DATA,GEZANI,2026-02-11 18:00:00,24,51,Ensemble probability-weighted,0.0,0.0,0.0
REAL_HUMANITARIAN_GEOSPATIAL_DATA,GEZANI,2026-02-12 00:00:00,24,51,Deterministic mean-track,0.0,0.0,0.0
REAL_HUMANITARIAN_GEOSPATIAL_DATA,GEZANI,2026-02-12 00:00:00,24,51,P90 envelope,0.0,0.0,0.0
REAL_HUMANITARIAN_GEOSPATIAL_DATA,GEZANI,2026-02-12 00:00:00,24,51,Ensemble probability-weighted,0.0,0.0,0.0
REAL_HUMANITARIAN_GEOSPATIAL_DATA,GEZANI,2026-02-12 06:00:00,24,51,Deterministic mean-track,0.0,0.0,0.0
REAL_HUMANITARIAN_GEOSPATIAL_DATA,GEZANI,2026-02-12 06:00:00,24,51,P90 envelope,0.0,0.0,0.0
REAL_HUMANITARIAN_GEOSPATIAL_DATA,GEZANI,2026-02-12 06:00:00,24,51,Ensemble probability-weighted,0.0,0.0,0.0
REAL_HUMANITARIAN_GEOSPATIAL_DATA,GEZANI,2026-02-12 12:00:00,24,51,Deterministic mean-track,0.0,0.0,0.0
REAL_HUMANITARIAN_GEOSPATIAL_DATA,GEZANI,2026-02-12 12:00:00,24,51,P90 envelope,88451.38569498056,0.0,88451.38569498056
REAL_HUMANITARIAN_GEOSPATIAL_DATA,GEZANI,2026-02-12 12:00:00,24,51,Ensemble probability-weighted,0.0,0.0,0.0
REAL_HUMANITARIAN_GEOSPATIAL_DATA,GEZANI,2026-02-12 18:00:00,24,51,Deterministic mean-track,0.0,0.0,0.0
REAL_HUMANITARIAN_GEOSPATIAL_DATA,GEZANI,2026-02-12 18:00:00,24,51,P90 envelope,311119.4990557286,0.0,311119.4990557286
REAL_HUMANITARIAN_GEOSPATIAL_DATA,GEZANI,2026-02-12 18:00:00,24,51,Ensemble probability-weighted,12200.764668852102,0.0,12200.764668852102
REAL_HUMANITARIAN_GEOSPATIAL_DATA,GEZANI,2026-02-13 00:00:00,24,51,Deterministic mean-track,0.0,0.0,0.0
REAL_HUMANITARIAN_GEOSPATIAL_DATA,GEZANI,2026-02-13 00:00:00,24,51,P90 envelope,628582.7526961258,0.0,628582.7526961258
REAL_HUMANITARIAN_GEOSPATIAL_DATA,GEZANI,2026-02-13 00:00:00,24,51,Ensemble probability-weighted,4366.04143844604,0.0,4366.04143844604
REAL_HUMANITARIAN_GEOSPATIAL_DATA,GEZANI,2026-02-13 06:00:00,24,51,Deterministic mean-track,0.0,0.0,0.0
REAL_HUMANITARIAN_GEOSPATIAL_DATA,GEZANI,2026-02-13 06:00:00,24,51,P90 envelope,737936.298557478,0.0,737936.298557478
REAL_HUMANITARIAN_GEOSPATIAL_DATA,GEZANI,2026-02-13 06:00:00,24,51,Ensemble probability-weighted,39795.55287601743,0.0,39795.55287601743
REAL_HUMANITARIAN_GEOSPATIAL_DATA,GEZANI,2026-02-13 12:00:00,24,50,Deterministic mean-track,0.0,0.0,0.0
REAL_HUMANITARIAN_GEOSPATIAL_DATA,GEZANI,2026-02-13 12:00:00,24,50,P90 envelope,61892.792745232604,0.0,61892.792745232604
REAL_HUMANITARIAN_GEOSPATIAL_DATA,GEZANI,2026-02-13 12:00:00,24,50,Ensemble probability-weighted,2475.711709809304,0.0,2475.711709809304
REAL_HUMANITARIAN_GEOSPATIAL_DATA,GEZANI,2026-02-13 18:00:00,24,51,Deterministic mean-track,0.0,0.0,0.0
REAL_HUMANITARIAN_GEOSPATIAL_DATA,GEZANI,2026-02-13 18:00:00,24,51,P90 envelope,0.0,0.0,0.0
REAL_HUMANITARIAN_GEOSPATIAL_DATA,GEZANI,2026-02-13 18:00:00,24,51,Ensemble probability-weighted,0.0,0.0,0.0
REAL_HUMANITARIAN_GEOSPATIAL_DATA,KALMAEGI,2025-11-01 12:00:00,24,51,Deterministic mean-track,0.0,0.0,0.0
REAL_HUMANITARIAN_GEOSPATIAL_DATA,KALMAEGI,2025-11-01 12:00:00,24,51,P90 envelope,0.0,0.0,0.0
REAL_HUMANITARIAN_GEOSPATIAL_DATA,KALMAEGI,2025-11-01 12:00:00,24,51,Ensemble probability-weighted,0.0,0.0,0.0
REAL_HUMANITARIAN_GEOSPATIAL_DATA,KALMAEGI,2025-11-01 18:00:00,24,51,Deterministic mean-track,0.0,0.0,0.0
REAL_HUMANITARIAN_GEOSPATIAL_DATA,KALMAEGI,2025-11-01 18:00:00,24,51,P90 envelope,0.0,0.0,0.0
REAL_HUMANITARIAN_GEOSPATIAL_DATA,KALMAEGI,2025-11-01 18:00:00,24,51,Ensemble probability-weighted,0.0,0.0,0.0
REAL_HUMANITARIAN_GEOSPATIAL_DATA,KALMAEGI,2025-11-02 00:00:00,24,51,Deterministic mean-track,0.0,0.0,0.0
REAL_HUMANITARIAN_GEOSPATIAL_DATA,KALMAEGI,2025-11-02 00:00:00,24,51,P90 envelope,0.0,0.0,0.0
REAL_HUMANITARIAN_GEOSPATIAL_DATA,KALMAEGI,2025-11-02 00:00:00,24,51,Ensemble probability-weighted,0.0,0.0,0.0
REAL_HUMANITARIAN_GEOSPATIAL_DATA,KALMAEGI,2025-11-02 12:00:00,24,51,Deterministic mean-track,0.0,4609.988884359599,4609.988884359599
REAL_HUMANITARIAN_GEOSPATIAL_DATA,KALMAEGI,2025-11-02 12:00:00,24,51,P90 envelope,1867810.3506540393,4609.988884359599,1863200.3617696797
REAL_HUMANITARIAN_GEOSPATIAL_DATA,KALMAEGI,2025-11-02 12:00:00,24,51,Ensemble probability-weighted,5381.935351418515,4609.988884359599,771.9464670589159
REAL_HUMANITARIAN_GEOSPATIAL_DATA,KALMAEGI,2025-11-02 18:00:00,24,51,Deterministic mean-track,0.0,0.0,0.0
REAL_HUMANITARIAN_GEOSPATIAL_DATA,KALMAEGI,2025-11-02 18:00:00,24,51,P90 envelope,8625477.938036162,0.0,8625477.938036162
REAL_HUMANITARIAN_GEOSPATIAL_DATA,KALMAEGI,2025-11-02 18:00:00,24,51,Ensemble probability-weighted,65920.10763628819,0.0,65920.10763628819
REAL_HUMANITARIAN_GEOSPATIAL_DATA,KALMAEGI,2025-11-03 00:00:00,24,51,Deterministic mean-track,0.0,942031.4169349069,942031.4169349069
REAL_HUMANITARIAN_GEOSPATIAL_DATA,KALMAEGI,2025-11-03 00:00:00,24,51,P90 envelope,7215549.739757048,942031.4169349069,6273518.322822141
REAL_HUMANITARIAN_GEOSPATIAL_DATA,KALMAEGI,2025-11-03 00:00:00,24,51,Ensemble probability-weighted,152473.91509991177,942031.4169349069,789557.5018349951
REAL_HUMANITARIAN_GEOSPATIAL_DATA,KALMAEGI,2025-11-03 06:00:00,24,51,Deterministic mean-track,0.0,0.0,0.0
REAL_HUMANITARIAN_GEOSPATIAL_DATA,KALMAEGI,2025-11-03 06:00:00,24,51,P90 envelope,6007199.234847898,0.0,6007199.234847898
REAL_HUMANITARIAN_GEOSPATIAL_DATA,KALMAEGI,2025-11-03 06:00:00,24,51,Ensemble probability-weighted,109145.2825762378,0.0,109145.2825762378
REAL_HUMANITARIAN_GEOSPATIAL_DATA,KALMAEGI,2025-11-03 12:00:00,24,51,Deterministic mean-track,0.0,0.0,0.0
REAL_HUMANITARIAN_GEOSPATIAL_DATA,KALMAEGI,2025-11-03 12:00:00,24,51,P90 envelope,1319164.5005347074,0.0,1319164.5005347074
REAL_HUMANITARIAN_GEOSPATIAL_DATA,KALMAEGI,2025-11-03 12:00:00,24,51,Ensemble probability-weighted,3789.5866660682427,0.0,3789.5866660682427
REAL_HUMANITARIAN_GEOSPATIAL_DATA,KALMAEGI,2025-11-03 18:00:00,24,51,Deterministic mean-track,0.0,0.0,0.0
REAL_HUMANITARIAN_GEOSPATIAL_DATA,KALMAEGI,2025-11-03 18:00:00,24,51,P90 envelope,291375.0135117845,0.0,291375.0135117845
REAL_HUMANITARIAN_GEOSPATIAL_DATA,KALMAEGI,2025-11-03 18:00:00,24,51,Ensemble probability-weighted,3879.294521763738,0.0,3879.294521763738
REAL_HUMANITARIAN_GEOSPATIAL_DATA,KALMAEGI,2025-11-04 00:00:00,24,51,Deterministic mean-track,0.0,0.0,0.0
REAL_HUMANITARIAN_GEOSPATIAL_DATA,KALMAEGI,2025-11-04 00:00:00,24,51,P90 envelope,104843.25504837194,0.0,104843.25504837194
REAL_HUMANITARIAN_GEOSPATIAL_DATA,KALMAEGI,2025-11-04 00:00:00,24,51,Ensemble probability-weighted,917.2811209888143,0.0,917.2811209888143
REAL_HUMANITARIAN_GEOSPATIAL_DATA,KALMAEGI,2025-11-04 06:00:00,24,51,Deterministic mean-track,0.0,0.0,0.0
REAL_HUMANITARIAN_GEOSPATIAL_DATA,KALMAEGI,2025-11-04 06:00:00,24,51,P90 envelope,0.0,0.0,0.0
REAL_HUMANITARIAN_GEOSPATIAL_DATA,KALMAEGI,2025-11-04 06:00:00,24,51,Ensemble probability-weighted,0.0,0.0,0.0
REAL_HUMANITARIAN_GEOSPATIAL_DATA,KALMAEGI,2025-11-04 12:00:00,24,51,Deterministic mean-track,0.0,0.0,0.0
REAL_HUMANITARIAN_GEOSPATIAL_DATA,KALMAEGI,2025-11-04 12:00:00,24,51,P90 envelope,0.0,0.0,0.0
REAL_HUMANITARIAN_GEOSPATIAL_DATA,KALMAEGI,2025-11-04 12:00:00,24,51,Ensemble probability-weighted,0.0,0.0,0.0
REAL_HUMANITARIAN_GEOSPATIAL_DATA,KALMAEGI,2025-11-04 18:00:00,24,50,Deterministic mean-track,0.0,0.0,0.0
REAL_HUMANITARIAN_GEOSPATIAL_DATA,KALMAEGI,2025-11-04 18:00:00,24,50,P90 envelope,0.0,0.0,0.0
REAL_HUMANITARIAN_GEOSPATIAL_DATA,KALMAEGI,2025-11-04 18:00:00,24,50,Ensemble probability-weighted,0.0,0.0,0.0
REAL_HUMANITARIAN_GEOSPATIAL_DATA,KALMAEGI,2025-11-05 00:00:00,24,51,Deterministic mean-track,0.0,0.0,0.0
REAL_HUMANITARIAN_GEOSPATIAL_DATA,KALMAEGI,2025-11-05 00:00:00,24,51,P90 envelope,0.0,0.0,0.0
REAL_HUMANITARIAN_GEOSPATIAL_DATA,KALMAEGI,2025-11-05 00:00:00,24,51,Ensemble probability-weighted,0.0,0.0,0.0
REAL_HUMANITARIAN_GEOSPATIAL_DATA,KALMAEGI,2025-11-05 06:00:00,24,51,Deterministic mean-track,0.0,0.0,0.0
REAL_HUMANITARIAN_GEOSPATIAL_DATA,KALMAEGI,2025-11-05 06:00:00,24,51,P90 envelope,0.0,0.0,0.0
REAL_HUMANITARIAN_GEOSPATIAL_DATA,KALMAEGI,2025-11-05 06:00:00,24,51,Ensemble probability-weighted,0.0,0.0,0.0
REAL_HUMANITARIAN_GEOSPATIAL_DATA,KALMAEGI,2025-11-05 12:00:00,24,51,Deterministic mean-track,0.0,0.0,0.0
REAL_HUMANITARIAN_GEOSPATIAL_DATA,KALMAEGI,2025-11-05 12:00:00,24,51,P90 envelope,551799.4107574817,0.0,551799.4107574817
REAL_HUMANITARIAN_GEOSPATIAL_DATA,KALMAEGI,2025-11-05 12:00:00,24,51,Ensemble probability-weighted,48913.98408291148,0.0,48913.98408291148
REAL_HUMANITARIAN_GEOSPATIAL_DATA,KALMAEGI,2025-11-05 18:00:00,24,51,Deterministic mean-track,0.0,0.0,0.0
REAL_HUMANITARIAN_GEOSPATIAL_DATA,KALMAEGI,2025-11-05 18:00:00,24,51,P90 envelope,3105388.937335112,0.0,3105388.937335112
REAL_HUMANITARIAN_GEOSPATIAL_DATA,KALMAEGI,2025-11-05 18:00:00,24,51,Ensemble probability-weighted,55404.99216105419,0.0,55404.99216105419
REAL_HUMANITARIAN_GEOSPATIAL_DATA,KALMAEGI,2025-11-06 00:00:00,24,51,Deterministic mean-track,94110.57509150429,0.0,94110.57509150429
REAL_HUMANITARIAN_GEOSPATIAL_DATA,KALMAEGI,2025-11-06 00:00:00,24,51,P90 envelope,1444185.8808435989,0.0,1444185.8808435989
REAL_HUMANITARIAN_GEOSPATIAL_DATA,KALMAEGI,2025-11-06 00:00:00,24,51,Ensemble probability-weighted,39383.745587733974,0.0,39383.745587733974
REAL_HUMANITARIAN_GEOSPATIAL_DATA,KALMAEGI,2025-11-06 06:00:00,24,51,Deterministic mean-track,0.0,0.0,0.0
REAL_HUMANITARIAN_GEOSPATIAL_DATA,KALMAEGI,2025-11-06 06:00:00,24,51,P90 envelope,3605353.156601413,0.0,3605353.156601413
REAL_HUMANITARIAN_GEOSPATIAL_DATA,KALMAEGI,2025-11-06 06:00:00,24,51,Ensemble probability-weighted,152597.86659702903,0.0,152597.86659702903
REAL_HUMANITARIAN_GEOSPATIAL_DATA,KALMAEGI,2025-11-06 12:00:00,24,51,Deterministic mean-track,0.0,0.0,0.0
REAL_HUMANITARIAN_GEOSPATIAL_DATA,KALMAEGI,2025-11-06 12:00:00,24,51,P90 envelope,3969935.6012108605,0.0,3969935.6012108605
REAL_HUMANITARIAN_GEOSPATIAL_DATA,KALMAEGI,2025-11-06 12:00:00,24,51,Ensemble probability-weighted,173765.28277859002,0.0,173765.28277859002
REAL_HUMANITARIAN_GEOSPATIAL_DATA,KALMAEGI,2025-11-06 18:00:00,24,46,Deterministic mean-track,0.0,0.0,0.0
REAL_HUMANITARIAN_GEOSPATIAL_DATA,KALMAEGI,2025-11-06 18:00:00,24,46,P90 envelope,5322301.379474487,0.0,5322301.379474487
REAL_HUMANITARIAN_GEOSPATIAL_DATA,KALMAEGI,2025-11-06 18:00:00,24,46,Ensemble probability-weighted,127920.94682138923,0.0,127920.94682138923
REAL_HUMANITARIAN_GEOSPATIAL_DATA,KOTO,2025-11-25 12:00:00,24,51,Deterministic mean-track,0.0,0.0,0.0
REAL_HUMANITARIAN_GEOSPATIAL_DATA,KOTO,2025-11-25 12:00:00,24,51,P90 envelope,0.0,0.0,0.0
REAL_HUMANITARIAN_GEOSPATIAL_DATA,KOTO,2025-11-25 12:00:00,24,51,Ensemble probability-weighted,0.0,0.0,0.0
REAL_HUMANITARIAN_GEOSPATIAL_DATA,KOTO,2025-11-25 18:00:00,24,51,Deterministic mean-track,0.0,0.0,0.0
REAL_HUMANITARIAN_GEOSPATIAL_DATA,KOTO,2025-11-25 18:00:00,24,51,P90 envelope,0.0,0.0,0.0
REAL_HUMANITARIAN_GEOSPATIAL_DATA,KOTO,2025-11-25 18:00:00,24,51,Ensemble probability-weighted,0.0,0.0,0.0
REAL_HUMANITARIAN_GEOSPATIAL_DATA,KOTO,2025-11-26 00:00:00,24,51,Deterministic mean-track,0.0,0.0,0.0
REAL_HUMANITARIAN_GEOSPATIAL_DATA,KOTO,2025-11-26 00:00:00,24,51,P90 envelope,0.0,0.0,0.0
REAL_HUMANITARIAN_GEOSPATIAL_DATA,KOTO,2025-11-26 00:00:00,24,51,Ensemble probability-weighted,0.0,0.0,0.0
REAL_HUMANITARIAN_GEOSPATIAL_DATA,KOTO,2025-11-26 06:00:00,24,51,Deterministic mean-track,0.0,0.0,0.0
REAL_HUMANITARIAN_GEOSPATIAL_DATA,KOTO,2025-11-26 06:00:00,24,51,P90 envelope,0.0,0.0,0.0
REAL_HUMANITARIAN_GEOSPATIAL_DATA,KOTO,2025-11-26 06:00:00,24,51,Ensemble probability-weighted,0.0,0.0,0.0
REAL_HUMANITARIAN_GEOSPATIAL_DATA,KOTO,2025-11-26 12:00:00,24,51,Deterministic mean-track,0.0,0.0,0.0
REAL_HUMANITARIAN_GEOSPATIAL_DATA,KOTO,2025-11-26 12:00:00,24,51,P90 envelope,0.0,0.0,0.0
REAL_HUMANITARIAN_GEOSPATIAL_DATA,KOTO,2025-11-26 12:00:00,24,51,Ensemble probability-weighted,0.0,0.0,0.0
REAL_HUMANITARIAN_GEOSPATIAL_DATA,KOTO,2025-11-26 18:00:00,24,51,Deterministic mean-track,0.0,0.0,0.0
REAL_HUMANITARIAN_GEOSPATIAL_DATA,KOTO,2025-11-26 18:00:00,24,51,P90 envelope,0.0,0.0,0.0
REAL_HUMANITARIAN_GEOSPATIAL_DATA,KOTO,2025-11-26 18:00:00,24,51,Ensemble probability-weighted,0.0,0.0,0.0
REAL_HUMANITARIAN_GEOSPATIAL_DATA,KOTO,2025-11-27 00:00:00,24,51,Deterministic mean-track,0.0,0.0,0.0
REAL_HUMANITARIAN_GEOSPATIAL_DATA,KOTO,2025-11-27 00:00:00,24,51,P90 envelope,0.0,0.0,0.0
REAL_HUMANITARIAN_GEOSPATIAL_DATA,KOTO,2025-11-27 00:00:00,24,51,Ensemble probability-weighted,0.0,0.0,0.0
REAL_HUMANITARIAN_GEOSPATIAL_DATA,KOTO,2025-11-27 06:00:00,24,51,Deterministic mean-track,0.0,0.0,0.0
REAL_HUMANITARIAN_GEOSPATIAL_DATA,KOTO,2025-11-27 06:00:00,24,51,P90 envelope,0.0,0.0,0.0
REAL_HUMANITARIAN_GEOSPATIAL_DATA,KOTO,2025-11-27 06:00:00,24,51,Ensemble probability-weighted,0.0,0.0,0.0
REAL_HUMANITARIAN_GEOSPATIAL_DATA,KOTO,2025-11-27 12:00:00,24,51,Deterministic mean-track,0.0,0.0,0.0
REAL_HUMANITARIAN_GEOSPATIAL_DATA,KOTO,2025-11-27 12:00:00,24,51,P90 envelope,0.0,0.0,0.0
REAL_HUMANITARIAN_GEOSPATIAL_DATA,KOTO,2025-11-27 12:00:00,24,51,Ensemble probability-weighted,0.0,0.0,0.0
REAL_HUMANITARIAN_GEOSPATIAL_DATA,KOTO,2025-11-27 18:00:00,24,51,Deterministic mean-track,0.0,0.0,0.0
REAL_HUMANITARIAN_GEOSPATIAL_DATA,KOTO,2025-11-27 18:00:00,24,51,P90 envelope,0.0,0.0,0.0
REAL_HUMANITARIAN_GEOSPATIAL_DATA,KOTO,2025-11-27 18:00:00,24,51,Ensemble probability-weighted,0.0,0.0,0.0
REAL_HUMANITARIAN_GEOSPATIAL_DATA,KOTO,2025-11-28 00:00:00,24,51,Deterministic mean-track,0.0,0.0,0.0
REAL_HUMANITARIAN_GEOSPATIAL_DATA,KOTO,2025-11-28 00:00:00,24,51,P90 envelope,0.0,0.0,0.0
REAL_HUMANITARIAN_GEOSPATIAL_DATA,KOTO,2025-11-28 00:00:00,24,51,Ensemble probability-weighted,0.0,0.0,0.0
REAL_HUMANITARIAN_GEOSPATIAL_DATA,KOTO,2025-11-28 06:00:00,24,50,Deterministic mean-track,0.0,0.0,0.0
REAL_HUMANITARIAN_GEOSPATIAL_DATA,KOTO,2025-11-28 06:00:00,24,50,P90 envelope,0.0,0.0,0.0
REAL_HUMANITARIAN_GEOSPATIAL_DATA,KOTO,2025-11-28 06:00:00,24,50,Ensemble probability-weighted,0.0,0.0,0.0
REAL_HUMANITARIAN_GEOSPATIAL_DATA,KOTO,2025-11-28 12:00:00,24,51,Deterministic mean-track,0.0,0.0,0.0
REAL_HUMANITARIAN_GEOSPATIAL_DATA,KOTO,2025-11-28 12:00:00,24,51,P90 envelope,0.0,0.0,0.0
REAL_HUMANITARIAN_GEOSPATIAL_DATA,KOTO,2025-11-28 12:00:00,24,51,Ensemble probability-weighted,0.0,0.0,0.0
REAL_HUMANITARIAN_GEOSPATIAL_DATA,KOTO,2025-11-28 18:00:00,24,51,Deterministic mean-track,0.0,0.0,0.0
REAL_HUMANITARIAN_GEOSPATIAL_DATA,KOTO,2025-11-28 18:00:00,24,51,P90 envelope,0.0,0.0,0.0
REAL_HUMANITARIAN_GEOSPATIAL_DATA,KOTO,2025-11-28 18:00:00,24,51,Ensemble probability-weighted,0.0,0.0,0.0
REAL_HUMANITARIAN_GEOSPATIAL_DATA,KOTO,2025-11-29 00:00:00,24,51,Deterministic mean-track,0.0,0.0,0.0
REAL_HUMANITARIAN_GEOSPATIAL_DATA,KOTO,2025-11-29 00:00:00,24,51,P90 envelope,0.0,0.0,0.0
REAL_HUMANITARIAN_GEOSPATIAL_DATA,KOTO,2025-11-29 00:00:00,24,51,Ensemble probability-weighted,0.0,0.0,0.0
REAL_HUMANITARIAN_GEOSPATIAL_DATA,KOTO,2025-11-29 06:00:00,24,51,Deterministic mean-track,0.0,0.0,0.0
REAL_HUMANITARIAN_GEOSPATIAL_DATA,KOTO,2025-11-29 06:00:00,24,51,P90 envelope,0.0,0.0,0.0
REAL_HUMANITARIAN_GEOSPATIAL_DATA,KOTO,2025-11-29 06:00:00,24,51,Ensemble probability-weighted,0.0,0.0,0.0
REAL_HUMANITARIAN_GEOSPATIAL_DATA,KOTO,2025-11-29 12:00:00,24,51,Deterministic mean-track,0.0,0.0,0.0
REAL_HUMANITARIAN_GEOSPATIAL_DATA,KOTO,2025-11-29 12:00:00,24,51,P90 envelope,0.0,0.0,0.0
REAL_HUMANITARIAN_GEOSPATIAL_DATA,KOTO,2025-11-29 12:00:00,24,51,Ensemble probability-weighted,0.0,0.0,0.0
REAL_HUMANITARIAN_GEOSPATIAL_DATA,KOTO,2025-11-29 18:00:00,24,51,Deterministic mean-track,0.0,0.0,0.0
REAL_HUMANITARIAN_GEOSPATIAL_DATA,KOTO,2025-11-29 18:00:00,24,51,P90 envelope,0.0,0.0,0.0
REAL_HUMANITARIAN_GEOSPATIAL_DATA,KOTO,2025-11-29 18:00:00,24,51,Ensemble probability-weighted,0.0,0.0,0.0
REAL_HUMANITARIAN_GEOSPATIAL_DATA,KOTO,2025-11-30 00:00:00,24,51,Deterministic mean-track,0.0,0.0,0.0
REAL_HUMANITARIAN_GEOSPATIAL_DATA,KOTO,2025-11-30 00:00:00,24,51,P90 envelope,0.0,0.0,0.0
REAL_HUMANITARIAN_GEOSPATIAL_DATA,KOTO,2025-11-30 00:00:00,24,51,Ensemble probability-weighted,0.0,0.0,0.0
REAL_HUMANITARIAN_GEOSPATIAL_DATA,KOTO,2025-11-30 06:00:00,24,51,Deterministic mean-track,0.0,0.0,0.0
REAL_HUMANITARIAN_GEOSPATIAL_DATA,KOTO,2025-11-30 06:00:00,24,51,P90 envelope,0.0,0.0,0.0
REAL_HUMANITARIAN_GEOSPATIAL_DATA,KOTO,2025-11-30 06:00:00,24,51,Ensemble probability-weighted,0.0,0.0,0.0
REAL_HUMANITARIAN_GEOSPATIAL_DATA,KOTO,2025-11-30 12:00:00,24,51,Deterministic mean-track,0.0,0.0,0.0
REAL_HUMANITARIAN_GEOSPATIAL_DATA,KOTO,2025-11-30 12:00:00,24,51,P90 envelope,0.0,0.0,0.0
REAL_HUMANITARIAN_GEOSPATIAL_DATA,KOTO,2025-11-30 12:00:00,24,51,Ensemble probability-weighted,0.0,0.0,0.0
REAL_HUMANITARIAN_GEOSPATIAL_DATA,KOTO,2025-11-30 18:00:00,24,48,Deterministic mean-track,0.0,0.0,0.0
REAL_HUMANITARIAN_GEOSPATIAL_DATA,KOTO,2025-11-30 18:00:00,24,48,P90 envelope,0.0,0.0,0.0
REAL_HUMANITARIAN_GEOSPATIAL_DATA,KOTO,2025-11-30 18:00:00,24,48,Ensemble probability-weighted,0.0,0.0,0.0
REAL_HUMANITARIAN_GEOSPATIAL_DATA,KOTO,2025-12-01 00:00:00,24,42,Deterministic mean-track,0.0,0.0,0.0
REAL_HUMANITARIAN_GEOSPATIAL_DATA,KOTO,2025-12-01 00:00:00,24,42,P90 envelope,0.0,0.0,0.0
REAL_HUMANITARIAN_GEOSPATIAL_DATA,KOTO,2025-12-01 00:00:00,24,42,Ensemble probability-weighted,0.0,0.0,0.0
REAL_HUMANITARIAN_GEOSPATIAL_DATA,KOTO,2025-12-01 06:00:00,24,35,Deterministic mean-track,0.0,0.0,0.0
REAL_HUMANITARIAN_GEOSPATIAL_DATA,KOTO,2025-12-01 06:00:00,24,35,P90 envelope,0.0,0.0,0.0
REAL_HUMANITARIAN_GEOSPATIAL_DATA,KOTO,2025-12-01 06:00:00,24,35,Ensemble probability-weighted,0.0,0.0,0.0
REAL_HUMANITARIAN_GEOSPATIAL_DATA,KOTO,2025-12-01 12:00:00,24,26,Deterministic mean-track,0.0,0.0,0.0
REAL_HUMANITARIAN_GEOSPATIAL_DATA,KOTO,2025-12-01 12:00:00,24,26,P90 envelope,0.0,0.0,0.0
REAL_HUMANITARIAN_GEOSPATIAL_DATA,KOTO,2025-12-01 12:00:00,24,26,Ensemble probability-weighted,0.0,0.0,0.0
REAL_HUMANITARIAN_GEOSPATIAL_DATA,KOTO,2025-12-01 18:00:00,24,8,Deterministic mean-track,0.0,0.0,0.0
REAL_HUMANITARIAN_GEOSPATIAL_DATA,KOTO,2025-12-01 18:00:00,24,8,P90 envelope,0.0,0.0,0.0
REAL_HUMANITARIAN_GEOSPATIAL_DATA,KOTO,2025-12-01 18:00:00,24,8,Ensemble probability-weighted,0.0,0.0,0.0
REAL_HUMANITARIAN_GEOSPATIAL_DATA,KOTO,2025-12-02 00:00:00,24,7,Deterministic mean-track,0.0,0.0,0.0
REAL_HUMANITARIAN_GEOSPATIAL_DATA,KOTO,2025-12-02 00:00:00,24,7,P90 envelope,859130.468284666,0.0,859130.468284666
REAL_HUMANITARIAN_GEOSPATIAL_DATA,KOTO,2025-12-02 00:00:00,24,7,Ensemble probability-weighted,43140.18818689239,0.0,43140.18818689239
REAL_HUMANITARIAN_GEOSPATIAL_DATA,KOTO,2025-12-02 06:00:00,24,4,Deterministic mean-track,0.0,0.0,0.0
REAL_HUMANITARIAN_GEOSPATIAL_DATA,KOTO,2025-12-02 06:00:00,24,4,P90 envelope,914194.4654524325,0.0,914194.4654524325
REAL_HUMANITARIAN_GEOSPATIAL_DATA,KOTO,2025-12-02 06:00:00,24,4,Ensemble probability-weighted,0.0,0.0,0.0
REAL_HUMANITARIAN_GEOSPATIAL_DATA,KOTO,2025-12-02 12:00:00,24,3,Deterministic mean-track,0.0,0.0,0.0
REAL_HUMANITARIAN_GEOSPATIAL_DATA,KOTO,2025-12-02 12:00:00,24,3,P90 envelope,17115610.731949057,0.0,17115610.731949057
REAL_HUMANITARIAN_GEOSPATIAL_DATA,KOTO,2025-12-02 12:00:00,24,3,Ensemble probability-weighted,88966.56578770254,0.0,88966.56578770254
REAL_HUMANITARIAN_GEOSPATIAL_DATA,MELISSA,2025-10-23 00:00:00,24,51,Deterministic mean-track,0.0,0.0,0.0
REAL_HUMANITARIAN_GEOSPATIAL_DATA,MELISSA,2025-10-23 00:00:00,24,51,P90 envelope,1.1892035901546478,0.0,1.1892035901546478
REAL_HUMANITARIAN_GEOSPATIAL_DATA,MELISSA,2025-10-23 00:00:00,24,51,Ensemble probability-weighted,0.0,0.0,0.0
REAL_HUMANITARIAN_GEOSPATIAL_DATA,MELISSA,2025-10-23 06:00:00,24,51,Deterministic mean-track,0.0,0.0,0.0
REAL_HUMANITARIAN_GEOSPATIAL_DATA,MELISSA,2025-10-23 06:00:00,24,51,P90 envelope,1.1892035901546478,0.0,1.1892035901546478
REAL_HUMANITARIAN_GEOSPATIAL_DATA,MELISSA,2025-10-23 06:00:00,24,51,Ensemble probability-weighted,0.0,0.0,0.0
REAL_HUMANITARIAN_GEOSPATIAL_DATA,MELISSA,2025-10-23 12:00:00,24,51,Deterministic mean-track,0.0,0.0,0.0
REAL_HUMANITARIAN_GEOSPATIAL_DATA,MELISSA,2025-10-23 12:00:00,24,51,P90 envelope,1.1892035901546478,0.0,1.1892035901546478
REAL_HUMANITARIAN_GEOSPATIAL_DATA,MELISSA,2025-10-23 12:00:00,24,51,Ensemble probability-weighted,0.0,0.0,0.0
REAL_HUMANITARIAN_GEOSPATIAL_DATA,MELISSA,2025-10-23 18:00:00,24,51,Deterministic mean-track,0.0,0.0,0.0
REAL_HUMANITARIAN_GEOSPATIAL_DATA,MELISSA,2025-10-23 18:00:00,24,51,P90 envelope,1.1892035901546478,0.0,1.1892035901546478
REAL_HUMANITARIAN_GEOSPATIAL_DATA,MELISSA,2025-10-23 18:00:00,24,51,Ensemble probability-weighted,0.0,0.0,0.0
REAL_HUMANITARIAN_GEOSPATIAL_DATA,MELISSA,2025-10-24 00:00:00,24,51,Deterministic mean-track,0.0,0.0,0.0
REAL_HUMANITARIAN_GEOSPATIAL_DATA,MELISSA,2025-10-24 00:00:00,24,51,P90 envelope,1.1892035901546478,0.0,1.1892035901546478
REAL_HUMANITARIAN_GEOSPATIAL_DATA,MELISSA,2025-10-24 00:00:00,24,51,Ensemble probability-weighted,0.0,0.0,0.0
REAL_HUMANITARIAN_GEOSPATIAL_DATA,MELISSA,2025-10-24 12:00:00,24,51,Deterministic mean-track,0.0,0.0,0.0
REAL_HUMANITARIAN_GEOSPATIAL_DATA,MELISSA,2025-10-24 12:00:00,24,51,P90 envelope,1.1892035901546478,0.0,1.1892035901546478
REAL_HUMANITARIAN_GEOSPATIAL_DATA,MELISSA,2025-10-24 12:00:00,24,51,Ensemble probability-weighted,0.0,0.0,0.0
REAL_HUMANITARIAN_GEOSPATIAL_DATA,MELISSA,2025-10-24 18:00:00,24,51,Deterministic mean-track,0.0,0.0,0.0
REAL_HUMANITARIAN_GEOSPATIAL_DATA,MELISSA,2025-10-24 18:00:00,24,51,P90 envelope,441247.1364546946,0.0,441247.1364546946
REAL_HUMANITARIAN_GEOSPATIAL_DATA,MELISSA,2025-10-24 18:00:00,24,51,Ensemble probability-weighted,0.0,0.0,0.0
REAL_HUMANITARIAN_GEOSPATIAL_DATA,MELISSA,2025-10-25 00:00:00,24,51,Deterministic mean-track,0.0,0.0,0.0
REAL_HUMANITARIAN_GEOSPATIAL_DATA,MELISSA,2025-10-25 00:00:00,24,51,P90 envelope,951472.7256379852,0.0,951472.7256379852
REAL_HUMANITARIAN_GEOSPATIAL_DATA,MELISSA,2025-10-25 00:00:00,24,51,Ensemble probability-weighted,0.0233177174540127,0.0,0.0233177174540127
REAL_HUMANITARIAN_GEOSPATIAL_DATA,MELISSA,2025-10-25 12:00:00,24,50,Deterministic mean-track,0.0,0.0,0.0
REAL_HUMANITARIAN_GEOSPATIAL_DATA,MELISSA,2025-10-25 12:00:00,24,50,P90 envelope,1101349.4596155635,0.0,1101349.4596155635
REAL_HUMANITARIAN_GEOSPATIAL_DATA,MELISSA,2025-10-25 12:00:00,24,50,Ensemble probability-weighted,0.20009735091589392,0.0,0.20009735091589392
REAL_HUMANITARIAN_GEOSPATIAL_DATA,MELISSA,2025-10-25 18:00:00,24,51,Deterministic mean-track,0.0,0.0,0.0
REAL_HUMANITARIAN_GEOSPATIAL_DATA,MELISSA,2025-10-25 18:00:00,24,51,P90 envelope,1185858.6999466093,0.0,1185858.6999466093
REAL_HUMANITARIAN_GEOSPATIAL_DATA,MELISSA,2025-10-25 18:00:00,24,51,Ensemble probability-weighted,0.033416637886023406,0.0,0.033416637886023406
REAL_HUMANITARIAN_GEOSPATIAL_DATA,MELISSA,2025-10-26 00:00:00,24,51,Deterministic mean-track,0.0,0.0,0.0
REAL_HUMANITARIAN_GEOSPATIAL_DATA,MELISSA,2025-10-26 00:00:00,24,51,P90 envelope,1101348.7378446804,0.0,1101348.7378446804
REAL_HUMANITARIAN_GEOSPATIAL_DATA,MELISSA,2025-10-26 00:00:00,24,51,Ensemble probability-weighted,0.012528005777401667,0.0,0.012528005777401667
REAL_HUMANITARIAN_GEOSPATIAL_DATA,MELISSA,2025-10-26 06:00:00,24,51,Deterministic mean-track,0.0,0.0,0.0
REAL_HUMANITARIAN_GEOSPATIAL_DATA,MELISSA,2025-10-26 06:00:00,24,51,P90 envelope,1101349.9270482706,0.0,1101349.9270482706
REAL_HUMANITARIAN_GEOSPATIAL_DATA,MELISSA,2025-10-26 06:00:00,24,51,Ensemble probability-weighted,10004.423317319422,0.0,10004.423317319422
REAL_HUMANITARIAN_GEOSPATIAL_DATA,MELISSA,2025-10-26 12:00:00,24,51,Deterministic mean-track,0.0,0.0,0.0
REAL_HUMANITARIAN_GEOSPATIAL_DATA,MELISSA,2025-10-26 12:00:00,24,51,P90 envelope,660102.8143996935,0.0,660102.8143996935
REAL_HUMANITARIAN_GEOSPATIAL_DATA,MELISSA,2025-10-26 12:00:00,24,51,Ensemble probability-weighted,0.024469343917992187,0.0,0.024469343917992187
REAL_HUMANITARIAN_GEOSPATIAL_DATA,MELISSA,2025-10-26 18:00:00,24,51,Deterministic mean-track,0.0,0.0,0.0
REAL_HUMANITARIAN_GEOSPATIAL_DATA,MELISSA,2025-10-26 18:00:00,24,51,P90 envelope,660102.9620891636,0.0,660102.9620891636
REAL_HUMANITARIAN_GEOSPATIAL_DATA,MELISSA,2025-10-26 18:00:00,24,51,Ensemble probability-weighted,10004.49265614394,0.0,10004.49265614394
REAL_HUMANITARIAN_GEOSPATIAL_DATA,MELISSA,2025-10-27 00:00:00,24,51,Deterministic mean-track,0.0,0.0,0.0
REAL_HUMANITARIAN_GEOSPATIAL_DATA,MELISSA,2025-10-27 00:00:00,24,51,P90 envelope,660102.8143996935,0.0,660102.8143996935
REAL_HUMANITARIAN_GEOSPATIAL_DATA,MELISSA,2025-10-27 00:00:00,24,51,Ensemble probability-weighted,10004.506906686407,0.0,10004.506906686407
REAL_HUMANITARIAN_GEOSPATIAL_DATA,MELISSA,2025-10-27 06:00:00,24,51,Deterministic mean-track,0.0,0.0,0.0
REAL_HUMANITARIAN_GEOSPATIAL_DATA,MELISSA,2025-10-27 06:00:00,24,51,P90 envelope,660102.8143996935,0.0,660102.8143996935
REAL_HUMANITARIAN_GEOSPATIAL_DATA,MELISSA,2025-10-27 06:00:00,24,51,Ensemble probability-weighted,20008.94216534397,0.0,20008.94216534397
REAL_HUMANITARIAN_GEOSPATIAL_DATA,MELISSA,2025-10-27 12:00:00,24,51,Deterministic mean-track,0.0,0.0,0.0
REAL_HUMANITARIAN_GEOSPATIAL_DATA,MELISSA,2025-10-27 12:00:00,24,51,P90 envelope,773676.3451506319,0.0,773676.3451506319
REAL_HUMANITARIAN_GEOSPATIAL_DATA,MELISSA,2025-10-27 12:00:00,24,51,Ensemble probability-weighted,24698.184942087195,0.0,24698.184942087195
REAL_HUMANITARIAN_GEOSPATIAL_DATA,MELISSA,2025-10-27 18:00:00,24,51,Deterministic mean-track,0.0,149876.12496933324,149876.12496933324
REAL_HUMANITARIAN_GEOSPATIAL_DATA,MELISSA,2025-10-27 18:00:00,24,51,P90 envelope,1301116.4106085203,149876.12496933324,1151240.285639187
REAL_HUMANITARIAN_GEOSPATIAL_DATA,MELISSA,2025-10-27 18:00:00,24,51,Ensemble probability-weighted,42705.96739335422,149876.12496933324,107170.15757597901
REAL_HUMANITARIAN_GEOSPATIAL_DATA,MELISSA,2025-10-28 00:00:00,24,51,Deterministic mean-track,84508.7490922212,84508.7490922212,0.0
REAL_HUMANITARIAN_GEOSPATIAL_DATA,MELISSA,2025-10-28 00:00:00,24,51,P90 envelope,1500759.531995026,84508.7490922212,1416250.7829028047
REAL_HUMANITARIAN_GEOSPATIAL_DATA,MELISSA,2025-10-28 00:00:00,24,51,Ensemble probability-weighted,24869.365932021057,84508.7490922212,59639.383160200145
REAL_HUMANITARIAN_GEOSPATIAL_DATA,MELISSA,2025-10-28 06:00:00,24,51,Deterministic mean-track,0.0,0.0,0.0
REAL_HUMANITARIAN_GEOSPATIAL_DATA,MELISSA,2025-10-28 06:00:00,24,51,P90 envelope,1987455.9985997952,0.0,1987455.9985997952
REAL_HUMANITARIAN_GEOSPATIAL_DATA,MELISSA,2025-10-28 06:00:00,24,51,Ensemble probability-weighted,53999.788019876774,0.0,53999.788019876774
REAL_HUMANITARIAN_GEOSPATIAL_DATA,MELISSA,2025-10-28 12:00:00,24,51,Deterministic mean-track,0.0,141187.0859000455,141187.0859000455
REAL_HUMANITARIAN_GEOSPATIAL_DATA,MELISSA,2025-10-28 12:00:00,24,51,P90 envelope,1964656.5778055098,141187.0859000455,1823469.4919054643
REAL_HUMANITARIAN_GEOSPATIAL_DATA,MELISSA,2025-10-28 12:00:00,24,51,Ensemble probability-weighted,70820.13495775015,141187.0859000455,70366.95094229534
REAL_HUMANITARIAN_GEOSPATIAL_DATA,MELISSA,2025-10-28 18:00:00,24,51,Deterministic mean-track,0.0,0.0,0.0
REAL_HUMANITARIAN_GEOSPATIAL_DATA,MELISSA,2025-10-28 18:00:00,24,51,P90 envelope,1234783.946617404,0.0,1234783.946617404
REAL_HUMANITARIAN_GEOSPATIAL_DATA,MELISSA,2025-10-28 18:00:00,24,51,Ensemble probability-weighted,17705.414328209437,0.0,17705.414328209437
REAL_HUMANITARIAN_GEOSPATIAL_DATA,MELISSA,2025-10-29 00:00:00,24,51,Deterministic mean-track,703.6239812339189,0.0,703.6239812339189
REAL_HUMANITARIAN_GEOSPATIAL_DATA,MELISSA,2025-10-29 00:00:00,24,51,P90 envelope,2350.411769341678,0.0,2350.411769341678
REAL_HUMANITARIAN_GEOSPATIAL_DATA,MELISSA,2025-10-29 00:00:00,24,51,Ensemble probability-weighted,78.12538142634929,0.0,78.12538142634929
REAL_HUMANITARIAN_GEOSPATIAL_DATA,MELISSA,2025-10-29 06:00:00,24,51,Deterministic mean-track,0.0,0.0,0.0
REAL_HUMANITARIAN_GEOSPATIAL_DATA,MELISSA,2025-10-29 06:00:00,24,51,P90 envelope,364.4405098573769,0.0,364.4405098573769
REAL_HUMANITARIAN_GEOSPATIAL_DATA,MELISSA,2025-10-29 06:00:00,24,51,Ensemble probability-weighted,4.752923568290674,0.0,4.752923568290674
REAL_HUMANITARIAN_GEOSPATIAL_DATA,MELISSA,2025-10-29 12:00:00,24,51,Deterministic mean-track,0.0,0.0,0.0
REAL_HUMANITARIAN_GEOSPATIAL_DATA,MELISSA,2025-10-29 12:00:00,24,51,P90 envelope,0.0,0.0,0.0
REAL_HUMANITARIAN_GEOSPATIAL_DATA,MELISSA,2025-10-29 12:00:00,24,51,Ensemble probability-weighted,0.0,0.0,0.0
REAL_HUMANITARIAN_GEOSPATIAL_DATA,MELISSA,2025-10-29 18:00:00,24,51,Deterministic mean-track,0.0,0.0,0.0
REAL_HUMANITARIAN_GEOSPATIAL_DATA,MELISSA,2025-10-29 18:00:00,24,51,P90 envelope,0.0,0.0,0.0
REAL_HUMANITARIAN_GEOSPATIAL_DATA,MELISSA,2025-10-29 18:00:00,24,51,Ensemble probability-weighted,0.0,0.0,0.0
REAL_HUMANITARIAN_GEOSPATIAL_DATA,MELISSA,2025-10-30 00:00:00,24,51,Deterministic mean-track,0.0,0.0,0.0
REAL_HUMANITARIAN_GEOSPATIAL_DATA,MELISSA,2025-10-30 00:00:00,24,51,P90 envelope,0.0,0.0,0.0
REAL_HUMANITARIAN_GEOSPATIAL_DATA,MELISSA,2025-10-30 00:00:00,24,51,Ensemble probability-weighted,0.0,0.0,0.0
REAL_HUMANITARIAN_GEOSPATIAL_DATA,MELISSA,2025-10-30 06:00:00,24,51,Deterministic mean-track,0.0,0.0,0.0
REAL_HUMANITARIAN_GEOSPATIAL_DATA,MELISSA,2025-10-30 06:00:00,24,51,P90 envelope,0.0,0.0,0.0
REAL_HUMANITARIAN_GEOSPATIAL_DATA,MELISSA,2025-10-30 06:00:00,24,51,Ensemble probability-weighted,0.0,0.0,0.0
REAL_HUMANITARIAN_GEOSPATIAL_DATA,MELISSA,2025-10-30 12:00:00,24,51,Deterministic mean-track,0.0,0.0,0.0
REAL_HUMANITARIAN_GEOSPATIAL_DATA,MELISSA,2025-10-30 12:00:00,24,51,P90 envelope,0.0,0.0,0.0
REAL_HUMANITARIAN_GEOSPATIAL_DATA,MELISSA,2025-10-30 12:00:00,24,51,Ensemble probability-weighted,0.0,0.0,0.0
REAL_HUMANITARIAN_GEOSPATIAL_DATA,MELISSA,2025-10-30 18:00:00,24,51,Deterministic mean-track,0.0,0.0,0.0
REAL_HUMANITARIAN_GEOSPATIAL_DATA,MELISSA,2025-10-30 18:00:00,24,51,P90 envelope,0.0,0.0,0.0
REAL_HUMANITARIAN_GEOSPATIAL_DATA,MELISSA,2025-10-30 18:00:00,24,51,Ensemble probability-weighted,0.0,0.0,0.0
REAL_HUMANITARIAN_GEOSPATIAL_DATA,MELISSA,2025-10-31 00:00:00,24,51,Deterministic mean-track,0.0,0.0,0.0
REAL_HUMANITARIAN_GEOSPATIAL_DATA,MELISSA,2025-10-31 00:00:00,24,51,P90 envelope,0.0,0.0,0.0
REAL_HUMANITARIAN_GEOSPATIAL_DATA,MELISSA,2025-10-31 00:00:00,24,51,Ensemble probability-weighted,0.0,0.0,0.0
REAL_HUMANITARIAN_GEOSPATIAL_DATA,MONTHA,2025-10-27 00:00:00,24,49,Deterministic mean-track,0.0,0.0,0.0
REAL_HUMANITARIAN_GEOSPATIAL_DATA,MONTHA,2025-10-27 00:00:00,24,49,P90 envelope,0.0,0.0,0.0
REAL_HUMANITARIAN_GEOSPATIAL_DATA,MONTHA,2025-10-27 00:00:00,24,49,Ensemble probability-weighted,0.0,0.0,0.0
REAL_HUMANITARIAN_GEOSPATIAL_DATA,MONTHA,2025-10-27 06:00:00,24,51,Deterministic mean-track,0.0,0.0,0.0
REAL_HUMANITARIAN_GEOSPATIAL_DATA,MONTHA,2025-10-27 06:00:00,24,51,P90 envelope,0.0,0.0,0.0
REAL_HUMANITARIAN_GEOSPATIAL_DATA,MONTHA,2025-10-27 06:00:00,24,51,Ensemble probability-weighted,0.0,0.0,0.0
REAL_HUMANITARIAN_GEOSPATIAL_DATA,MONTHA,2025-10-27 12:00:00,24,51,Deterministic mean-track,0.0,0.0,0.0
REAL_HUMANITARIAN_GEOSPATIAL_DATA,MONTHA,2025-10-27 12:00:00,24,51,P90 envelope,2840223.8569792295,0.0,2840223.8569792295
REAL_HUMANITARIAN_GEOSPATIAL_DATA,MONTHA,2025-10-27 12:00:00,24,51,Ensemble probability-weighted,30421.93365020787,0.0,30421.93365020787
REAL_HUMANITARIAN_GEOSPATIAL_DATA,MONTHA,2025-10-27 18:00:00,24,51,Deterministic mean-track,2581637.4209524626,0.0,2581637.4209524626
REAL_HUMANITARIAN_GEOSPATIAL_DATA,MONTHA,2025-10-27 18:00:00,24,51,P90 envelope,16337491.190245418,0.0,16337491.190245418
REAL_HUMANITARIAN_GEOSPATIAL_DATA,MONTHA,2025-10-27 18:00:00,24,51,Ensemble probability-weighted,537570.1348212269,0.0,537570.1348212269
REAL_HUMANITARIAN_GEOSPATIAL_DATA,MONTHA,2025-10-28 00:00:00,24,51,Deterministic mean-track,0.0,0.0,0.0
REAL_HUMANITARIAN_GEOSPATIAL_DATA,MONTHA,2025-10-28 00:00:00,24,51,P90 envelope,14433317.17028512,0.0,14433317.17028512
REAL_HUMANITARIAN_GEOSPATIAL_DATA,MONTHA,2025-10-28 00:00:00,24,51,Ensemble probability-weighted,716607.4866546314,0.0,716607.4866546314
REAL_HUMANITARIAN_GEOSPATIAL_DATA,MONTHA,2025-10-28 06:00:00,24,51,Deterministic mean-track,0.0,0.0,0.0
REAL_HUMANITARIAN_GEOSPATIAL_DATA,MONTHA,2025-10-28 06:00:00,24,51,P90 envelope,18812388.156082723,0.0,18812388.156082723
REAL_HUMANITARIAN_GEOSPATIAL_DATA,MONTHA,2025-10-28 06:00:00,24,51,Ensemble probability-weighted,229708.5511375942,0.0,229708.5511375942
REAL_HUMANITARIAN_GEOSPATIAL_DATA,MONTHA,2025-10-28 12:00:00,24,51,Deterministic mean-track,0.0,224466.3344891651,224466.3344891651
REAL_HUMANITARIAN_GEOSPATIAL_DATA,MONTHA,2025-10-28 12:00:00,24,51,P90 envelope,10114387.743015636,224466.3344891651,9889921.40852647
REAL_HUMANITARIAN_GEOSPATIAL_DATA,MONTHA,2025-10-28 12:00:00,24,51,Ensemble probability-weighted,138019.90817329963,224466.3344891651,86446.42631586548
REAL_HUMANITARIAN_GEOSPATIAL_DATA,MONTHA,2025-10-28 18:00:00,24,51,Deterministic mean-track,0.0,0.0,0.0
REAL_HUMANITARIAN_GEOSPATIAL_DATA,MONTHA,2025-10-28 18:00:00,24,51,P90 envelope,6763819.310802165,0.0,6763819.310802165
REAL_HUMANITARIAN_GEOSPATIAL_DATA,MONTHA,2025-10-28 18:00:00,24,51,Ensemble probability-weighted,155212.85041040194,0.0,155212.85041040194
REAL_HUMANITARIAN_GEOSPATIAL_DATA,NOKAEN,2026-01-15 06:00:00,24,50,Deterministic mean-track,0.0,0.0,0.0
REAL_HUMANITARIAN_GEOSPATIAL_DATA,NOKAEN,2026-01-15 06:00:00,24,50,P90 envelope,27280.386616021402,0.0,27280.386616021402
REAL_HUMANITARIAN_GEOSPATIAL_DATA,NOKAEN,2026-01-15 06:00:00,24,50,Ensemble probability-weighted,9643.643802098019,0.0,9643.643802098019
REAL_HUMANITARIAN_GEOSPATIAL_DATA,PENHA,2026-02-05 00:00:00,24,50,Deterministic mean-track,67151.05254876614,0.0,67151.05254876614
REAL_HUMANITARIAN_GEOSPATIAL_DATA,PENHA,2026-02-05 00:00:00,24,50,P90 envelope,4255680.071931856,0.0,4255680.071931856
REAL_HUMANITARIAN_GEOSPATIAL_DATA,PENHA,2026-02-05 00:00:00,24,50,Ensemble probability-weighted,25034.411045768273,0.0,25034.411045768273
REAL_HUMANITARIAN_GEOSPATIAL_DATA,PENHA,2026-02-05 06:00:00,24,48,Deterministic mean-track,0.0,472012.9920318121,472012.9920318121
REAL_HUMANITARIAN_GEOSPATIAL_DATA,PENHA,2026-02-05 06:00:00,24,48,P90 envelope,6581062.088982922,472012.9920318121,6109049.09695111
REAL_HUMANITARIAN_GEOSPATIAL_DATA,PENHA,2026-02-05 06:00:00,24,48,Ensemble probability-weighted,27029.128406589894,472012.9920318121,444983.8636252222
REAL_HUMANITARIAN_GEOSPATIAL_DATA,PENHA,2026-02-05 12:00:00,24,44,Deterministic mean-track,0.0,0.0,0.0
REAL_HUMANITARIAN_GEOSPATIAL_DATA,PENHA,2026-02-05 12:00:00,24,44,P90 envelope,6007487.114955354,0.0,6007487.114955354
REAL_HUMANITARIAN_GEOSPATIAL_DATA,PENHA,2026-02-05 12:00:00,24,44,Ensemble probability-weighted,74840.44964949327,0.0,74840.44964949327
REAL_HUMANITARIAN_GEOSPATIAL_DATA,SENYAR,2025-11-26 06:00:00,24,5,Deterministic mean-track,513270.5434942836,0.0,513270.5434942836
REAL_HUMANITARIAN_GEOSPATIAL_DATA,SENYAR,2025-11-26 06:00:00,24,5,P90 envelope,6017422.58134543,0.0,6017422.58134543
REAL_HUMANITARIAN_GEOSPATIAL_DATA,SENYAR,2025-11-26 06:00:00,24,5,Ensemble probability-weighted,35591.26287378586,0.0,35591.26287378586
REAL_HUMANITARIAN_GEOSPATIAL_DATA,SENYAR,2025-11-26 12:00:00,24,11,Deterministic mean-track,1015442.3250619685,0.0,1015442.3250619685
REAL_HUMANITARIAN_GEOSPATIAL_DATA,SENYAR,2025-11-26 12:00:00,24,11,P90 envelope,12038346.125969492,0.0,12038346.125969492
REAL_HUMANITARIAN_GEOSPATIAL_DATA,SENYAR,2025-11-26 12:00:00,24,11,Ensemble probability-weighted,23053.73924496263,0.0,23053.73924496263
REAL_HUMANITARIAN_GEOSPATIAL_DATA,SENYAR,2025-11-26 18:00:00,24,19,Deterministic mean-track,0.0,252621.73772629394,252621.73772629394
REAL_HUMANITARIAN_GEOSPATIAL_DATA,SENYAR,2025-11-26 18:00:00,24,19,P90 envelope,5456226.021252291,252621.73772629394,5203604.283525998
REAL_HUMANITARIAN_GEOSPATIAL_DATA,SENYAR,2025-11-26 18:00:00,24,19,Ensemble probability-weighted,109811.83176382013,252621.73772629394,142809.90596247383
REAL_HUMANITARIAN_GEOSPATIAL_DATA,SENYAR,2025-11-27 00:00:00,24,20,Deterministic mean-track,0.0,160424.85205629456,160424.85205629456
REAL_HUMANITARIAN_GEOSPATIAL_DATA,SENYAR,2025-11-27 00:00:00,24,20,P90 envelope,3130982.8145063147,160424.85205629456,2970557.96245002
REAL_HUMANITARIAN_GEOSPATIAL_DATA,SENYAR,2025-11-27 00:00:00,24,20,Ensemble probability-weighted,25553.436587049364,160424.85205629456,134871.4154692452
REAL_HUMANITARIAN_GEOSPATIAL_DATA,SENYAR,2025-11-27 06:00:00,24,26,Deterministic mean-track,0.0,134215.69563942042,134215.69563942042
REAL_HUMANITARIAN_GEOSPATIAL_DATA,SENYAR,2025-11-27 06:00:00,24,26,P90 envelope,1208541.1698629376,134215.69563942042,1074325.4742235173
REAL_HUMANITARIAN_GEOSPATIAL_DATA,SENYAR,2025-11-27 06:00:00,24,26,Ensemble probability-weighted,0.0,134215.69563942042,134215.69563942042
REAL_HUMANITARIAN_GEOSPATIAL_DATA,SENYAR,2025-11-27 12:00:00,24,36,Deterministic mean-track,0.0,0.0,0.0
REAL_HUMANITARIAN_GEOSPATIAL_DATA,SENYAR,2025-11-27 12:00:00,24,36,P90 envelope,552113.4063900929,0.0,552113.4063900929
REAL_HUMANITARIAN_GEOSPATIAL_DATA,SENYAR,2025-11-27 12:00:00,24,36,Ensemble probability-weighted,3728.213767761678,0.0,3728.213767761678
REAL_HUMANITARIAN_GEOSPATIAL_DATA,SENYAR,2025-11-27 18:00:00,24,20,Deterministic mean-track,0.0,0.0,0.0
REAL_HUMANITARIAN_GEOSPATIAL_DATA,SENYAR,2025-11-27 18:00:00,24,20,P90 envelope,0.0,0.0,0.0
REAL_HUMANITARIAN_GEOSPATIAL_DATA,SENYAR,2025-11-27 18:00:00,24,20,Ensemble probability-weighted,0.0,0.0,0.0
REAL_HUMANITARIAN_GEOSPATIAL_DATA,SONIA,2025-10-25 12:00:00,24,50,Deterministic mean-track,0.0,0.0,0.0
REAL_HUMANITARIAN_GEOSPATIAL_DATA,SONIA,2025-10-25 12:00:00,24,50,P90 envelope,0.0,0.0,0.0
REAL_HUMANITARIAN_GEOSPATIAL_DATA,SONIA,2025-10-25 12:00:00,24,50,Ensemble probability-weighted,0.0,0.0,0.0
REAL_HUMANITARIAN_GEOSPATIAL_DATA,SONIA,2025-10-25 18:00:00,24,49,Deterministic mean-track,0.0,0.0,0.0
REAL_HUMANITARIAN_GEOSPATIAL_DATA,SONIA,2025-10-25 18:00:00,24,49,P90 envelope,0.0,0.0,0.0
REAL_HUMANITARIAN_GEOSPATIAL_DATA,SONIA,2025-10-25 18:00:00,24,49,Ensemble probability-weighted,0.0,0.0,0.0
REAL_HUMANITARIAN_GEOSPATIAL_DATA,SONIA,2025-10-26 00:00:00,24,51,Deterministic mean-track,0.0,0.0,0.0
REAL_HUMANITARIAN_GEOSPATIAL_DATA,SONIA,2025-10-26 00:00:00,24,51,P90 envelope,0.0,0.0,0.0
REAL_HUMANITARIAN_GEOSPATIAL_DATA,SONIA,2025-10-26 00:00:00,24,51,Ensemble probability-weighted,0.0,0.0,0.0
REAL_HUMANITARIAN_GEOSPATIAL_DATA,SONIA,2025-10-26 06:00:00,24,50,Deterministic mean-track,0.0,0.0,0.0
REAL_HUMANITARIAN_GEOSPATIAL_DATA,SONIA,2025-10-26 06:00:00,24,50,P90 envelope,0.0,0.0,0.0
REAL_HUMANITARIAN_GEOSPATIAL_DATA,SONIA,2025-10-26 06:00:00,24,50,Ensemble probability-weighted,0.0,0.0,0.0
REAL_HUMANITARIAN_GEOSPATIAL_DATA,SONIA,2025-10-26 12:00:00,24,51,Deterministic mean-track,0.0,0.0,0.0
REAL_HUMANITARIAN_GEOSPATIAL_DATA,SONIA,2025-10-26 12:00:00,24,51,P90 envelope,0.0,0.0,0.0
REAL_HUMANITARIAN_GEOSPATIAL_DATA,SONIA,2025-10-26 12:00:00,24,51,Ensemble probability-weighted,0.0,0.0,0.0
REAL_HUMANITARIAN_GEOSPATIAL_DATA,SONIA,2025-10-26 18:00:00,24,51,Deterministic mean-track,0.0,0.0,0.0
REAL_HUMANITARIAN_GEOSPATIAL_DATA,SONIA,2025-10-26 18:00:00,24,51,P90 envelope,0.0,0.0,0.0
REAL_HUMANITARIAN_GEOSPATIAL_DATA,SONIA,2025-10-26 18:00:00,24,51,Ensemble probability-weighted,0.0,0.0,0.0
REAL_HUMANITARIAN_GEOSPATIAL_DATA,SONIA,2025-10-27 00:00:00,24,51,Deterministic mean-track,0.0,0.0,0.0
REAL_HUMANITARIAN_GEOSPATIAL_DATA,SONIA,2025-10-27 00:00:00,24,51,P90 envelope,0.0,0.0,0.0
REAL_HUMANITARIAN_GEOSPATIAL_DATA,SONIA,2025-10-27 00:00:00,24,51,Ensemble probability-weighted,0.0,0.0,0.0
REAL_HUMANITARIAN_GEOSPATIAL_DATA,SONIA,2025-10-27 06:00:00,24,51,Deterministic mean-track,0.0,0.0,0.0
REAL_HUMANITARIAN_GEOSPATIAL_DATA,SONIA,2025-10-27 06:00:00,24,51,P90 envelope,0.0,0.0,0.0
REAL_HUMANITARIAN_GEOSPATIAL_DATA,SONIA,2025-10-27 06:00:00,24,51,Ensemble probability-weighted,0.0,0.0,0.0
REAL_HUMANITARIAN_GEOSPATIAL_DATA,SONIA,2025-10-27 12:00:00,24,50,Deterministic mean-track,0.0,0.0,0.0
REAL_HUMANITARIAN_GEOSPATIAL_DATA,SONIA,2025-10-27 12:00:00,24,50,P90 envelope,0.0,0.0,0.0
REAL_HUMANITARIAN_GEOSPATIAL_DATA,SONIA,2025-10-27 12:00:00,24,50,Ensemble probability-weighted,0.0,0.0,0.0
REAL_HUMANITARIAN_GEOSPATIAL_DATA,SONIA,2025-10-27 18:00:00,24,49,Deterministic mean-track,0.0,0.0,0.0
REAL_HUMANITARIAN_GEOSPATIAL_DATA,SONIA,2025-10-27 18:00:00,24,49,P90 envelope,0.0,0.0,0.0
REAL_HUMANITARIAN_GEOSPATIAL_DATA,SONIA,2025-10-27 18:00:00,24,49,Ensemble probability-weighted,0.0,0.0,0.0
REAL_HUMANITARIAN_GEOSPATIAL_DATA,SONIA,2025-10-28 00:00:00,24,46,Deterministic mean-track,0.0,0.0,0.0
REAL_HUMANITARIAN_GEOSPATIAL_DATA,SONIA,2025-10-28 00:00:00,24,46,P90 envelope,0.0,0.0,0.0
REAL_HUMANITARIAN_GEOSPATIAL_DATA,SONIA,2025-10-28 00:00:00,24,46,Ensemble probability-weighted,0.0,0.0,0.0
REAL_HUMANITARIAN_GEOSPATIAL_DATA,SONIA,2025-10-28 06:00:00,24,43,Deterministic mean-track,0.0,0.0,0.0
REAL_HUMANITARIAN_GEOSPATIAL_DATA,SONIA,2025-10-28 06:00:00,24,43,P90 envelope,0.0,0.0,0.0
REAL_HUMANITARIAN_GEOSPATIAL_DATA,SONIA,2025-10-28 06:00:00,24,43,Ensemble probability-weighted,0.0,0.0,0.0
REAL_HUMANITARIAN_GEOSPATIAL_DATA,SONIA,2025-10-28 12:00:00,24,30,Deterministic mean-track,0.0,0.0,0.0
REAL_HUMANITARIAN_GEOSPATIAL_DATA,SONIA,2025-10-28 12:00:00,24,30,P90 envelope,0.0,0.0,0.0
REAL_HUMANITARIAN_GEOSPATIAL_DATA,SONIA,2025-10-28 12:00:00,24,30,Ensemble probability-weighted,0.0,0.0,0.0
REAL_HUMANITARIAN_GEOSPATIAL_DATA,SONIA,2025-10-28 18:00:00,24,3,Deterministic mean-track,0.0,0.0,0.0
REAL_HUMANITARIAN_GEOSPATIAL_DATA,SONIA,2025-10-28 18:00:00,24,3,P90 envelope,0.0,0.0,0.0
REAL_HUMANITARIAN_GEOSPATIAL_DATA,SONIA,2025-10-28 18:00:00,24,3,Ensemble probability-weighted,0.0,0.0,0.0
REAL_HUMANITARIAN_GEOSPATIAL_DATA,DITWAH,2025-11-27 12:00:00,48,51,Deterministic mean-track,2467.1540162563315,0.0,2467.1540162563315
REAL_HUMANITARIAN_GEOSPATIAL_DATA,DITWAH,2025-11-27 12:00:00,48,51,P90 envelope,6675020.573358869,0.0,6675020.573358869
REAL_HUMANITARIAN_GEOSPATIAL_DATA,DITWAH,2025-11-27 12:00:00,48,51,Ensemble probability-weighted,18874.034418084048,0.0,18874.034418084048
REAL_HUMANITARIAN_GEOSPATIAL_DATA,DITWAH,2025-11-27 18:00:00,48,50,Deterministic mean-track,211.8674163818359,0.0,211.8674163818359
REAL_HUMANITARIAN_GEOSPATIAL_DATA,DITWAH,2025-11-27 18:00:00,48,50,P90 envelope,29073588.03608521,0.0,29073588.03608521
REAL_HUMANITARIAN_GEOSPATIAL_DATA,DITWAH,2025-11-27 18:00:00,48,50,Ensemble probability-weighted,4.2373483276367185,0.0,4.2373483276367185
REAL_HUMANITARIAN_GEOSPATIAL_DATA,DITWAH,2025-11-28 00:00:00,48,47,Deterministic mean-track,0.0,0.0,0.0
REAL_HUMANITARIAN_GEOSPATIAL_DATA,DITWAH,2025-11-28 00:00:00,48,47,P90 envelope,23111336.224935006,0.0,23111336.224935006
REAL_HUMANITARIAN_GEOSPATIAL_DATA,DITWAH,2025-11-28 00:00:00,48,47,Ensemble probability-weighted,189352.30623859924,0.0,189352.30623859924
REAL_HUMANITARIAN_GEOSPATIAL_DATA,DITWAH,2025-11-28 06:00:00,48,48,Deterministic mean-track,0.0,0.0,0.0
REAL_HUMANITARIAN_GEOSPATIAL_DATA,DITWAH,2025-11-28 06:00:00,48,48,P90 envelope,30319117.74144533,0.0,30319117.74144533
REAL_HUMANITARIAN_GEOSPATIAL_DATA,DITWAH,2025-11-28 06:00:00,48,48,Ensemble probability-weighted,383857.63416886854,0.0,383857.63416886854
REAL_HUMANITARIAN_GEOSPATIAL_DATA,DITWAH,2025-11-28 12:00:00,48,47,Deterministic mean-track,0.0,0.0,0.0
REAL_HUMANITARIAN_GEOSPATIAL_DATA,DITWAH,2025-11-28 12:00:00,48,47,P90 envelope,19942837.519571956,0.0,19942837.519571956
REAL_HUMANITARIAN_GEOSPATIAL_DATA,DITWAH,2025-11-28 12:00:00,48,47,Ensemble probability-weighted,292644.31594466255,0.0,292644.31594466255
REAL_HUMANITARIAN_GEOSPATIAL_DATA,DITWAH,2025-11-28 18:00:00,48,46,Deterministic mean-track,0.0,0.0,0.0
REAL_HUMANITARIAN_GEOSPATIAL_DATA,DITWAH,2025-11-28 18:00:00,48,46,P90 envelope,31217930.733366396,0.0,31217930.733366396
REAL_HUMANITARIAN_GEOSPATIAL_DATA,DITWAH,2025-11-28 18:00:00,48,46,Ensemble probability-weighted,603500.391612614,0.0,603500.391612614
REAL_HUMANITARIAN_GEOSPATIAL_DATA,DITWAH,2025-11-29 00:00:00,48,47,Deterministic mean-track,1346285.720004381,0.0,1346285.720004381
REAL_HUMANITARIAN_GEOSPATIAL_DATA,DITWAH,2025-11-29 00:00:00,48,47,P90 envelope,22658226.608734272,0.0,22658226.608734272
REAL_HUMANITARIAN_GEOSPATIAL_DATA,DITWAH,2025-11-29 00:00:00,48,47,Ensemble probability-weighted,178898.4367990417,0.0,178898.4367990417
REAL_HUMANITARIAN_GEOSPATIAL_DATA,DITWAH,2025-11-29 06:00:00,48,45,Deterministic mean-track,0.0,0.0,0.0
REAL_HUMANITARIAN_GEOSPATIAL_DATA,DITWAH,2025-11-29 06:00:00,48,45,P90 envelope,15750723.749527708,0.0,15750723.749527708
REAL_HUMANITARIAN_GEOSPATIAL_DATA,DITWAH,2025-11-29 06:00:00,48,45,Ensemble probability-weighted,169967.18176987942,0.0,169967.18176987942
REAL_HUMANITARIAN_GEOSPATIAL_DATA,DITWAH,2025-11-29 12:00:00,48,49,Deterministic mean-track,0.0,0.0,0.0
REAL_HUMANITARIAN_GEOSPATIAL_DATA,DITWAH,2025-11-29 12:00:00,48,49,P90 envelope,22205202.14805097,0.0,22205202.14805097
REAL_HUMANITARIAN_GEOSPATIAL_DATA,DITWAH,2025-11-29 12:00:00,48,49,Ensemble probability-weighted,133046.0147546396,0.0,133046.0147546396
REAL_HUMANITARIAN_GEOSPATIAL_DATA,DITWAH,2025-11-29 18:00:00,48,47,Deterministic mean-track,0.0,0.0,0.0
REAL_HUMANITARIAN_GEOSPATIAL_DATA,DITWAH,2025-11-29 18:00:00,48,47,P90 envelope,14874413.275600921,0.0,14874413.275600921
REAL_HUMANITARIAN_GEOSPATIAL_DATA,DITWAH,2025-11-29 18:00:00,48,47,Ensemble probability-weighted,191885.5614714477,0.0,191885.5614714477
REAL_HUMANITARIAN_GEOSPATIAL_DATA,DITWAH,2025-11-30 00:00:00,48,50,Deterministic mean-track,0.0,0.0,0.0
REAL_HUMANITARIAN_GEOSPATIAL_DATA,DITWAH,2025-11-30 00:00:00,48,50,P90 envelope,9103145.145009134,0.0,9103145.145009134
REAL_HUMANITARIAN_GEOSPATIAL_DATA,DITWAH,2025-11-30 00:00:00,48,50,Ensemble probability-weighted,28733.159432659173,0.0,28733.159432659173
REAL_HUMANITARIAN_GEOSPATIAL_DATA,DITWAH,2025-11-30 06:00:00,48,45,Deterministic mean-track,0.0,0.0,0.0
REAL_HUMANITARIAN_GEOSPATIAL_DATA,DITWAH,2025-11-30 06:00:00,48,45,P90 envelope,7581963.417525083,0.0,7581963.417525083
REAL_HUMANITARIAN_GEOSPATIAL_DATA,DITWAH,2025-11-30 06:00:00,48,45,Ensemble probability-weighted,2008.2722584128387,0.0,2008.2722584128387
REAL_HUMANITARIAN_GEOSPATIAL_DATA,DITWAH,2025-11-30 12:00:00,48,46,Deterministic mean-track,0.0,0.0,0.0
REAL_HUMANITARIAN_GEOSPATIAL_DATA,DITWAH,2025-11-30 12:00:00,48,46,P90 envelope,6815813.2524520755,0.0,6815813.2524520755
REAL_HUMANITARIAN_GEOSPATIAL_DATA,DITWAH,2025-11-30 12:00:00,48,46,Ensemble probability-weighted,233876.3165573529,0.0,233876.3165573529
REAL_HUMANITARIAN_GEOSPATIAL_DATA,DITWAH,2025-11-30 18:00:00,48,33,Deterministic mean-track,0.0,90372.25162857774,90372.25162857774
REAL_HUMANITARIAN_GEOSPATIAL_DATA,DITWAH,2025-11-30 18:00:00,48,33,P90 envelope,14279739.364067758,90372.25162857774,14189367.11243918
REAL_HUMANITARIAN_GEOSPATIAL_DATA,DITWAH,2025-11-30 18:00:00,48,33,Ensemble probability-weighted,441562.71348876297,90372.25162857774,351190.46186018526
REAL_HUMANITARIAN_GEOSPATIAL_DATA,DUDZAI,2026-01-15 06:00:00,48,51,Deterministic mean-track,0.0,0.0,0.0
REAL_HUMANITARIAN_GEOSPATIAL_DATA,DUDZAI,2026-01-15 06:00:00,48,51,P90 envelope,0.0,0.0,0.0
REAL_HUMANITARIAN_GEOSPATIAL_DATA,DUDZAI,2026-01-15 06:00:00,48,51,Ensemble probability-weighted,0.0,0.0,0.0
REAL_HUMANITARIAN_GEOSPATIAL_DATA,FINA,2025-11-18 18:00:00,48,51,Deterministic mean-track,0.0,0.0,0.0
REAL_HUMANITARIAN_GEOSPATIAL_DATA,FINA,2025-11-18 18:00:00,48,51,P90 envelope,1138.8289960763784,0.0,1138.8289960763784
REAL_HUMANITARIAN_GEOSPATIAL_DATA,FINA,2025-11-18 18:00:00,48,51,Ensemble probability-weighted,0.059671219999062365,0.0,0.059671219999062365
REAL_HUMANITARIAN_GEOSPATIAL_DATA,FINA,2025-11-19 00:00:00,48,51,Deterministic mean-track,0.0,0.0,0.0
REAL_HUMANITARIAN_GEOSPATIAL_DATA,FINA,2025-11-19 00:00:00,48,51,P90 envelope,4466.60882892212,0.0,4466.60882892212
REAL_HUMANITARIAN_GEOSPATIAL_DATA,FINA,2025-11-19 00:00:00,48,51,Ensemble probability-weighted,0.0,0.0,0.0
REAL_HUMANITARIAN_GEOSPATIAL_DATA,FINA,2025-11-19 06:00:00,48,51,Deterministic mean-track,0.0,0.0,0.0
REAL_HUMANITARIAN_GEOSPATIAL_DATA,FINA,2025-11-19 06:00:00,48,51,P90 envelope,32784.865262818144,0.0,32784.865262818144
REAL_HUMANITARIAN_GEOSPATIAL_DATA,FINA,2025-11-19 06:00:00,48,51,Ensemble probability-weighted,23.41204910695783,0.0,23.41204910695783
REAL_HUMANITARIAN_GEOSPATIAL_DATA,FINA,2025-11-19 12:00:00,48,51,Deterministic mean-track,0.0,0.0,0.0
REAL_HUMANITARIAN_GEOSPATIAL_DATA,FINA,2025-11-19 12:00:00,48,51,P90 envelope,23522.18591599129,0.0,23522.18591599129
REAL_HUMANITARIAN_GEOSPATIAL_DATA,FINA,2025-11-19 12:00:00,48,51,Ensemble probability-weighted,119.7916420864702,0.0,119.7916420864702
REAL_HUMANITARIAN_GEOSPATIAL_DATA,FINA,2025-11-19 18:00:00,48,51,Deterministic mean-track,0.0,0.0,0.0
REAL_HUMANITARIAN_GEOSPATIAL_DATA,FINA,2025-11-19 18:00:00,48,51,P90 envelope,32483.255945421042,0.0,32483.255945421042
REAL_HUMANITARIAN_GEOSPATIAL_DATA,FINA,2025-11-19 18:00:00,48,51,Ensemble probability-weighted,579.5137331410166,0.0,579.5137331410166
REAL_HUMANITARIAN_GEOSPATIAL_DATA,FINA,2025-11-20 00:00:00,48,51,Deterministic mean-track,7.000930019608865,0.0,7.000930019608865
REAL_HUMANITARIAN_GEOSPATIAL_DATA,FINA,2025-11-20 00:00:00,48,51,P90 envelope,32034.24660861425,0.0,32034.24660861425
REAL_HUMANITARIAN_GEOSPATIAL_DATA,FINA,2025-11-20 00:00:00,48,51,Ensemble probability-weighted,185.58374553570192,0.0,185.58374553570192
REAL_HUMANITARIAN_GEOSPATIAL_DATA,FINA,2025-11-20 06:00:00,48,51,Deterministic mean-track,0.0,0.0,0.0
REAL_HUMANITARIAN_GEOSPATIAL_DATA,FINA,2025-11-20 06:00:00,48,51,P90 envelope,31625.37510053493,0.0,31625.37510053493
REAL_HUMANITARIAN_GEOSPATIAL_DATA,FINA,2025-11-20 06:00:00,48,51,Ensemble probability-weighted,670.2063146309629,0.0,670.2063146309629
REAL_HUMANITARIAN_GEOSPATIAL_DATA,FINA,2025-11-20 12:00:00,48,51,Deterministic mean-track,878.2537354137279,878.2537354137279,0.0
REAL_HUMANITARIAN_GEOSPATIAL_DATA,FINA,2025-11-20 12:00:00,48,51,P90 envelope,31625.375100534933,878.2537354137279,30747.121365121206
REAL_HUMANITARIAN_GEOSPATIAL_DATA,FINA,2025-11-20 12:00:00,48,51,Ensemble probability-weighted,579.7529193731986,878.2537354137279,298.50081604052934
REAL_HUMANITARIAN_GEOSPATIAL_DATA,FINA,2025-11-20 18:00:00,48,51,Deterministic mean-track,0.0,0.0,0.0
REAL_HUMANITARIAN_GEOSPATIAL_DATA,FINA,2025-11-20 18:00:00,48,51,P90 envelope,31549.5009844455,0.0,31549.5009844455
REAL_HUMANITARIAN_GEOSPATIAL_DATA,FINA,2025-11-20 18:00:00,48,51,Ensemble probability-weighted,222.51460600401694,0.0,222.51460600401694
REAL_HUMANITARIAN_GEOSPATIAL_DATA,FINA,2025-11-21 00:00:00,48,51,Deterministic mean-track,0.0,0.045440356770996004,0.045440356770996004
REAL_HUMANITARIAN_GEOSPATIAL_DATA,FINA,2025-11-21 00:00:00,48,51,P90 envelope,32253.502162832225,0.045440356770996004,32253.456722475454
REAL_HUMANITARIAN_GEOSPATIAL_DATA,FINA,2025-11-21 00:00:00,48,51,Ensemble probability-weighted,772.4962038682127,0.045440356770996004,772.4507635114417
REAL_HUMANITARIAN_GEOSPATIAL_DATA,FINA,2025-11-21 06:00:00,48,51,Deterministic mean-track,0.0,0.0,0.0
REAL_HUMANITARIAN_GEOSPATIAL_DATA,FINA,2025-11-21 06:00:00,48,51,P90 envelope,10143.29507643407,0.0,10143.29507643407
REAL_HUMANITARIAN_GEOSPATIAL_DATA,FINA,2025-11-21 06:00:00,48,51,Ensemble probability-weighted,0.1421910188206203,0.0,0.1421910188206203
REAL_HUMANITARIAN_GEOSPATIAL_DATA,FINA,2025-11-21 12:00:00,48,50,Deterministic mean-track,0.0,0.0,0.0
REAL_HUMANITARIAN_GEOSPATIAL_DATA,FINA,2025-11-21 12:00:00,48,50,P90 envelope,901.6854552548056,0.0,901.6854552548056
REAL_HUMANITARIAN_GEOSPATIAL_DATA,FINA,2025-11-21 12:00:00,48,50,Ensemble probability-weighted,0.4715475264232363,0.0,0.4715475264232363
REAL_HUMANITARIAN_GEOSPATIAL_DATA,FINA,2025-11-21 18:00:00,48,51,Deterministic mean-track,0.0,0.0,0.0
REAL_HUMANITARIAN_GEOSPATIAL_DATA,FINA,2025-11-21 18:00:00,48,51,P90 envelope,872.1341132806066,0.0,872.1341132806066
REAL_HUMANITARIAN_GEOSPATIAL_DATA,FINA,2025-11-21 18:00:00,48,51,Ensemble probability-weighted,0.9968711399505081,0.0,0.9968711399505081
REAL_HUMANITARIAN_GEOSPATIAL_DATA,FINA,2025-11-22 00:00:00,48,51,Deterministic mean-track,0.0,0.1337494378194607,0.1337494378194607
REAL_HUMANITARIAN_GEOSPATIAL_DATA,FINA,2025-11-22 00:00:00,48,51,P90 envelope,875.384912136182,0.1337494378194607,875.2511626983626
REAL_HUMANITARIAN_GEOSPATIAL_DATA,FINA,2025-11-22 00:00:00,48,51,Ensemble probability-weighted,0.35996018465309126,0.1337494378194607,0.22621074683363057
REAL_HUMANITARIAN_GEOSPATIAL_DATA,FINA,2025-11-22 06:00:00,48,51,Deterministic mean-track,0.0,0.0,0.0
REAL_HUMANITARIAN_GEOSPATIAL_DATA,FINA,2025-11-22 06:00:00,48,51,P90 envelope,167.47485213576476,0.0,167.47485213576476
REAL_HUMANITARIAN_GEOSPATIAL_DATA,FINA,2025-11-22 06:00:00,48,51,Ensemble probability-weighted,1.0190963821496895,0.0,1.0190963821496895
REAL_HUMANITARIAN_GEOSPATIAL_DATA,FINA,2025-11-22 12:00:00,48,51,Deterministic mean-track,0.004267009440809488,0.0,0.004267009440809488
REAL_HUMANITARIAN_GEOSPATIAL_DATA,FINA,2025-11-22 12:00:00,48,51,P90 envelope,151.78256407512225,0.0,151.78256407512225
REAL_HUMANITARIAN_GEOSPATIAL_DATA,FINA,2025-11-22 12:00:00,48,51,Ensemble probability-weighted,0.2415795689994768,0.0,0.2415795689994768
REAL_HUMANITARIAN_GEOSPATIAL_DATA,FINA,2025-11-22 18:00:00,48,51,Deterministic mean-track,0.0,0.0,0.0
REAL_HUMANITARIAN_GEOSPATIAL_DATA,FINA,2025-11-22 18:00:00,48,51,P90 envelope,432.9372355411718,0.0,432.9372355411718
REAL_HUMANITARIAN_GEOSPATIAL_DATA,FINA,2025-11-22 18:00:00,48,51,Ensemble probability-weighted,0.44852121035737436,0.0,0.44852121035737436
REAL_HUMANITARIAN_GEOSPATIAL_DATA,FINA,2025-11-23 00:00:00,48,51,Deterministic mean-track,0.0,8.062700479216785,8.062700479216785
REAL_HUMANITARIAN_GEOSPATIAL_DATA,FINA,2025-11-23 00:00:00,48,51,P90 envelope,177.48117495947253,8.062700479216785,169.41847448025575
REAL_HUMANITARIAN_GEOSPATIAL_DATA,FINA,2025-11-23 00:00:00,48,51,Ensemble probability-weighted,7.564598556334171,8.062700479216785,0.498101922882614
REAL_HUMANITARIAN_GEOSPATIAL_DATA,FINA,2025-11-23 06:00:00,48,45,Deterministic mean-track,121.92268520847458,0.0,121.92268520847458
REAL_HUMANITARIAN_GEOSPATIAL_DATA,FINA,2025-11-23 06:00:00,48,45,P90 envelope,479.63991893437947,0.0,479.63991893437947
REAL_HUMANITARIAN_GEOSPATIAL_DATA,FINA,2025-11-23 06:00:00,48,45,Ensemble probability-weighted,14.080287435904323,0.0,14.080287435904323
REAL_HUMANITARIAN_GEOSPATIAL_DATA,FUNG-WONG,2025-11-05 18:00:00,48,50,Deterministic mean-track,0.0,0.0,0.0
REAL_HUMANITARIAN_GEOSPATIAL_DATA,FUNG-WONG,2025-11-05 18:00:00,48,50,P90 envelope,0.0,0.0,0.0
REAL_HUMANITARIAN_GEOSPATIAL_DATA,FUNG-WONG,2025-11-05 18:00:00,48,50,Ensemble probability-weighted,0.0,0.0,0.0
REAL_HUMANITARIAN_GEOSPATIAL_DATA,FUNG-WONG,2025-11-06 00:00:00,48,47,Deterministic mean-track,0.0,0.0,0.0
REAL_HUMANITARIAN_GEOSPATIAL_DATA,FUNG-WONG,2025-11-06 00:00:00,48,47,P90 envelope,0.0,0.0,0.0
REAL_HUMANITARIAN_GEOSPATIAL_DATA,FUNG-WONG,2025-11-06 00:00:00,48,47,Ensemble probability-weighted,0.0,0.0,0.0
REAL_HUMANITARIAN_GEOSPATIAL_DATA,FUNG-WONG,2025-11-06 06:00:00,48,49,Deterministic mean-track,0.0,0.0,0.0
REAL_HUMANITARIAN_GEOSPATIAL_DATA,FUNG-WONG,2025-11-06 06:00:00,48,49,P90 envelope,0.0,0.0,0.0
REAL_HUMANITARIAN_GEOSPATIAL_DATA,FUNG-WONG,2025-11-06 06:00:00,48,49,Ensemble probability-weighted,0.0,0.0,0.0
REAL_HUMANITARIAN_GEOSPATIAL_DATA,FUNG-WONG,2025-11-06 12:00:00,48,51,Deterministic mean-track,0.0,0.0,0.0
REAL_HUMANITARIAN_GEOSPATIAL_DATA,FUNG-WONG,2025-11-06 12:00:00,48,51,P90 envelope,0.0,0.0,0.0
REAL_HUMANITARIAN_GEOSPATIAL_DATA,FUNG-WONG,2025-11-06 12:00:00,48,51,Ensemble probability-weighted,0.0,0.0,0.0
REAL_HUMANITARIAN_GEOSPATIAL_DATA,FUNG-WONG,2025-11-06 18:00:00,48,51,Deterministic mean-track,0.0,0.0,0.0
REAL_HUMANITARIAN_GEOSPATIAL_DATA,FUNG-WONG,2025-11-06 18:00:00,48,51,P90 envelope,76312.03905659902,0.0,76312.03905659902
REAL_HUMANITARIAN_GEOSPATIAL_DATA,FUNG-WONG,2025-11-06 18:00:00,48,51,Ensemble probability-weighted,523.0274192503853,0.0,523.0274192503853
REAL_HUMANITARIAN_GEOSPATIAL_DATA,FUNG-WONG,2025-11-07 00:00:00,48,51,Deterministic mean-track,0.0,0.0,0.0
REAL_HUMANITARIAN_GEOSPATIAL_DATA,FUNG-WONG,2025-11-07 00:00:00,48,51,P90 envelope,113037.23725643755,0.0,113037.23725643755
REAL_HUMANITARIAN_GEOSPATIAL_DATA,FUNG-WONG,2025-11-07 00:00:00,48,51,Ensemble probability-weighted,523.0274192503853,0.0,523.0274192503853
REAL_HUMANITARIAN_GEOSPATIAL_DATA,FUNG-WONG,2025-11-07 06:00:00,48,51,Deterministic mean-track,0.0,0.0,0.0
REAL_HUMANITARIAN_GEOSPATIAL_DATA,FUNG-WONG,2025-11-07 06:00:00,48,51,P90 envelope,2230499.485897393,0.0,2230499.485897393
REAL_HUMANITARIAN_GEOSPATIAL_DATA,FUNG-WONG,2025-11-07 06:00:00,48,51,Ensemble probability-weighted,1310.1804302919147,0.0,1310.1804302919147
REAL_HUMANITARIAN_GEOSPATIAL_DATA,FUNG-WONG,2025-11-07 12:00:00,48,50,Deterministic mean-track,0.0,0.0,0.0
REAL_HUMANITARIAN_GEOSPATIAL_DATA,FUNG-WONG,2025-11-07 12:00:00,48,50,P90 envelope,17820223.14156088,0.0,17820223.14156088
REAL_HUMANITARIAN_GEOSPATIAL_DATA,FUNG-WONG,2025-11-07 12:00:00,48,50,Ensemble probability-weighted,171242.85041691194,0.0,171242.85041691194
REAL_HUMANITARIAN_GEOSPATIAL_DATA,FUNG-WONG,2025-11-07 18:00:00,48,51,Deterministic mean-track,0.0,262280.98083442403,262280.98083442403
REAL_HUMANITARIAN_GEOSPATIAL_DATA,FUNG-WONG,2025-11-07 18:00:00,48,51,P90 envelope,15752175.911671657,262280.98083442403,15489894.930837233
REAL_HUMANITARIAN_GEOSPATIAL_DATA,FUNG-WONG,2025-11-07 18:00:00,48,51,Ensemble probability-weighted,39296.03364381556,262280.98083442403,222984.94719060848
REAL_HUMANITARIAN_GEOSPATIAL_DATA,FUNG-WONG,2025-11-08 00:00:00,48,50,Deterministic mean-track,0.0,0.0,0.0
REAL_HUMANITARIAN_GEOSPATIAL_DATA,FUNG-WONG,2025-11-08 00:00:00,48,50,P90 envelope,3644380.7277312614,0.0,3644380.7277312614
REAL_HUMANITARIAN_GEOSPATIAL_DATA,FUNG-WONG,2025-11-08 00:00:00,48,50,Ensemble probability-weighted,18428.425415868296,0.0,18428.425415868296
REAL_HUMANITARIAN_GEOSPATIAL_DATA,FUNG-WONG,2025-11-08 06:00:00,48,51,Deterministic mean-track,0.0,0.0,0.0
REAL_HUMANITARIAN_GEOSPATIAL_DATA,FUNG-WONG,2025-11-08 06:00:00,48,51,P90 envelope,745260.1646545527,0.0,745260.1646545527
REAL_HUMANITARIAN_GEOSPATIAL_DATA,FUNG-WONG,2025-11-08 06:00:00,48,51,Ensemble probability-weighted,15291.412184494679,0.0,15291.412184494679
REAL_HUMANITARIAN_GEOSPATIAL_DATA,FUNG-WONG,2025-11-08 12:00:00,48,50,Deterministic mean-track,0.0,0.0,0.0
REAL_HUMANITARIAN_GEOSPATIAL_DATA,FUNG-WONG,2025-11-08 12:00:00,48,50,P90 envelope,17594.597312927246,0.0,17594.597312927246
REAL_HUMANITARIAN_GEOSPATIAL_DATA,FUNG-WONG,2025-11-08 12:00:00,48,50,Ensemble probability-weighted,0.0,0.0,0.0
REAL_HUMANITARIAN_GEOSPATIAL_DATA,FUNG-WONG,2025-11-08 18:00:00,48,51,Deterministic mean-track,0.0,0.0,0.0
REAL_HUMANITARIAN_GEOSPATIAL_DATA,FUNG-WONG,2025-11-08 18:00:00,48,51,P90 envelope,0.0,0.0,0.0
REAL_HUMANITARIAN_GEOSPATIAL_DATA,FUNG-WONG,2025-11-08 18:00:00,48,51,Ensemble probability-weighted,0.0,0.0,0.0
REAL_HUMANITARIAN_GEOSPATIAL_DATA,FUNG-WONG,2025-11-09 00:00:00,48,51,Deterministic mean-track,0.0,0.0,0.0
REAL_HUMANITARIAN_GEOSPATIAL_DATA,FUNG-WONG,2025-11-09 00:00:00,48,51,P90 envelope,0.0,0.0,0.0
REAL_HUMANITARIAN_GEOSPATIAL_DATA,FUNG-WONG,2025-11-09 00:00:00,48,51,Ensemble probability-weighted,0.0,0.0,0.0
REAL_HUMANITARIAN_GEOSPATIAL_DATA,FUNG-WONG,2025-11-09 06:00:00,48,51,Deterministic mean-track,0.0,0.0,0.0
REAL_HUMANITARIAN_GEOSPATIAL_DATA,FUNG-WONG,2025-11-09 06:00:00,48,51,P90 envelope,0.0,0.0,0.0
REAL_HUMANITARIAN_GEOSPATIAL_DATA,FUNG-WONG,2025-11-09 06:00:00,48,51,Ensemble probability-weighted,0.0,0.0,0.0
REAL_HUMANITARIAN_GEOSPATIAL_DATA,FUNG-WONG,2025-11-09 12:00:00,48,51,Deterministic mean-track,0.0,0.0,0.0
REAL_HUMANITARIAN_GEOSPATIAL_DATA,FUNG-WONG,2025-11-09 12:00:00,48,51,P90 envelope,0.0,0.0,0.0
REAL_HUMANITARIAN_GEOSPATIAL_DATA,FUNG-WONG,2025-11-09 12:00:00,48,51,Ensemble probability-weighted,0.0,0.0,0.0
REAL_HUMANITARIAN_GEOSPATIAL_DATA,FUNG-WONG,2025-11-09 18:00:00,48,51,Deterministic mean-track,0.0,0.0,0.0
REAL_HUMANITARIAN_GEOSPATIAL_DATA,FUNG-WONG,2025-11-09 18:00:00,48,51,P90 envelope,1161061.8319171532,0.0,1161061.8319171532
REAL_HUMANITARIAN_GEOSPATIAL_DATA,FUNG-WONG,2025-11-09 18:00:00,48,51,Ensemble probability-weighted,0.0,0.0,0.0
REAL_HUMANITARIAN_GEOSPATIAL_DATA,FUNG-WONG,2025-11-10 00:00:00,48,51,Deterministic mean-track,0.0,0.0,0.0
REAL_HUMANITARIAN_GEOSPATIAL_DATA,FUNG-WONG,2025-11-10 00:00:00,48,51,P90 envelope,2824358.411669389,0.0,2824358.411669389
REAL_HUMANITARIAN_GEOSPATIAL_DATA,FUNG-WONG,2025-11-10 00:00:00,48,51,Ensemble probability-weighted,35115.07258529583,0.0,35115.07258529583
REAL_HUMANITARIAN_GEOSPATIAL_DATA,FUNG-WONG,2025-11-10 06:00:00,48,49,Deterministic mean-track,999866.7100369325,0.0,999866.7100369325
REAL_HUMANITARIAN_GEOSPATIAL_DATA,FUNG-WONG,2025-11-10 06:00:00,48,49,P90 envelope,16077018.565252053,0.0,16077018.565252053
REAL_HUMANITARIAN_GEOSPATIAL_DATA,FUNG-WONG,2025-11-10 06:00:00,48,49,Ensemble probability-weighted,101002.74187171881,0.0,101002.74187171881
REAL_HUMANITARIAN_GEOSPATIAL_DATA,FUNG-WONG,2025-11-10 12:00:00,48,47,Deterministic mean-track,999866.7100369325,0.0,999866.7100369325
REAL_HUMANITARIAN_GEOSPATIAL_DATA,FUNG-WONG,2025-11-10 12:00:00,48,47,P90 envelope,17458077.282215044,0.0,17458077.282215044
REAL_HUMANITARIAN_GEOSPATIAL_DATA,FUNG-WONG,2025-11-10 12:00:00,48,47,Ensemble probability-weighted,95259.48704716143,0.0,95259.48704716143
REAL_HUMANITARIAN_GEOSPATIAL_DATA,FUNG-WONG,2025-11-10 18:00:00,48,41,Deterministic mean-track,0.0,0.0,0.0
REAL_HUMANITARIAN_GEOSPATIAL_DATA,FUNG-WONG,2025-11-10 18:00:00,48,41,P90 envelope,13730184.316028036,0.0,13730184.316028036
REAL_HUMANITARIAN_GEOSPATIAL_DATA,FUNG-WONG,2025-11-10 18:00:00,48,41,Ensemble probability-weighted,91881.07730557409,0.0,91881.07730557409
REAL_HUMANITARIAN_GEOSPATIAL_DATA,FUNG-WONG,2025-11-11 00:00:00,48,38,Deterministic mean-track,396.0176171660423,396.0176171660423,0.0
REAL_HUMANITARIAN_GEOSPATIAL_DATA,FUNG-WONG,2025-11-11 00:00:00,48,38,P90 envelope,6123335.305075897,396.0176171660423,6122939.287458731
REAL_HUMANITARIAN_GEOSPATIAL_DATA,FUNG-WONG,2025-11-11 00:00:00,48,38,Ensemble probability-weighted,8784.319088521228,396.0176171660423,8388.301471355186
REAL_HUMANITARIAN_GEOSPATIAL_DATA,FUNG-WONG,2025-11-11 06:00:00,48,42,Deterministic mean-track,0.0,0.0,0.0
REAL_HUMANITARIAN_GEOSPATIAL_DATA,FUNG-WONG,2025-11-11 06:00:00,48,42,P90 envelope,4932534.133525063,0.0,4932534.133525063
REAL_HUMANITARIAN_GEOSPATIAL_DATA,FUNG-WONG,2025-11-11 06:00:00,48,42,Ensemble probability-weighted,4576.994778899749,0.0,4576.994778899749
REAL_HUMANITARIAN_GEOSPATIAL_DATA,FUNG-WONG,2025-11-11 12:00:00,48,33,Deterministic mean-track,0.0,0.0,0.0
REAL_HUMANITARIAN_GEOSPATIAL_DATA,FUNG-WONG,2025-11-11 12:00:00,48,33,P90 envelope,350832.1694054447,0.0,350832.1694054447
REAL_HUMANITARIAN_GEOSPATIAL_DATA,FUNG-WONG,2025-11-11 12:00:00,48,33,Ensemble probability-weighted,722.7343354645103,0.0,722.7343354645103
REAL_HUMANITARIAN_GEOSPATIAL_DATA,FUNG-WONG,2025-11-11 18:00:00,48,16,Deterministic mean-track,43.80744634568691,0.0,43.80744634568691
REAL_HUMANITARIAN_GEOSPATIAL_DATA,FUNG-WONG,2025-11-11 18:00:00,48,16,P90 envelope,335532.6689158475,0.0,335532.6689158475
REAL_HUMANITARIAN_GEOSPATIAL_DATA,FUNG-WONG,2025-11-11 18:00:00,48,16,Ensemble probability-weighted,2.737965396605432,0.0,2.737965396605432
REAL_HUMANITARIAN_GEOSPATIAL_DATA,GEZANI,2026-02-10 00:00:00,48,46,Deterministic mean-track,0.0,0.0,0.0
REAL_HUMANITARIAN_GEOSPATIAL_DATA,GEZANI,2026-02-10 00:00:00,48,46,P90 envelope,11100.746329990683,0.0,11100.746329990683
REAL_HUMANITARIAN_GEOSPATIAL_DATA,GEZANI,2026-02-10 00:00:00,48,46,Ensemble probability-weighted,0.0,0.0,0.0
REAL_HUMANITARIAN_GEOSPATIAL_DATA,GEZANI,2026-02-10 06:00:00,48,48,Deterministic mean-track,0.0,0.0,0.0
REAL_HUMANITARIAN_GEOSPATIAL_DATA,GEZANI,2026-02-10 06:00:00,48,48,P90 envelope,0.0,0.0,0.0
REAL_HUMANITARIAN_GEOSPATIAL_DATA,GEZANI,2026-02-10 06:00:00,48,48,Ensemble probability-weighted,0.0,0.0,0.0
REAL_HUMANITARIAN_GEOSPATIAL_DATA,GEZANI,2026-02-10 12:00:00,48,49,Deterministic mean-track,0.0,0.0,0.0
REAL_HUMANITARIAN_GEOSPATIAL_DATA,GEZANI,2026-02-10 12:00:00,48,49,P90 envelope,0.0,0.0,0.0
REAL_HUMANITARIAN_GEOSPATIAL_DATA,GEZANI,2026-02-10 12:00:00,48,49,Ensemble probability-weighted,0.0,0.0,0.0
REAL_HUMANITARIAN_GEOSPATIAL_DATA,GEZANI,2026-02-10 18:00:00,48,49,Deterministic mean-track,0.0,0.0,0.0
REAL_HUMANITARIAN_GEOSPATIAL_DATA,GEZANI,2026-02-10 18:00:00,48,49,P90 envelope,0.0,0.0,0.0
REAL_HUMANITARIAN_GEOSPATIAL_DATA,GEZANI,2026-02-10 18:00:00,48,49,Ensemble probability-weighted,0.0,0.0,0.0
REAL_HUMANITARIAN_GEOSPATIAL_DATA,GEZANI,2026-02-11 00:00:00,48,49,Deterministic mean-track,0.0,0.0,0.0
REAL_HUMANITARIAN_GEOSPATIAL_DATA,GEZANI,2026-02-11 00:00:00,48,49,P90 envelope,96.61304761096838,0.0,96.61304761096838
REAL_HUMANITARIAN_GEOSPATIAL_DATA,GEZANI,2026-02-11 00:00:00,48,49,Ensemble probability-weighted,0.0,0.0,0.0
REAL_HUMANITARIAN_GEOSPATIAL_DATA,GEZANI,2026-02-11 06:00:00,48,51,Deterministic mean-track,0.0,0.0,0.0
REAL_HUMANITARIAN_GEOSPATIAL_DATA,GEZANI,2026-02-11 06:00:00,48,51,P90 envelope,0.0,0.0,0.0
REAL_HUMANITARIAN_GEOSPATIAL_DATA,GEZANI,2026-02-11 06:00:00,48,51,Ensemble probability-weighted,0.0,0.0,0.0
REAL_HUMANITARIAN_GEOSPATIAL_DATA,GEZANI,2026-02-11 12:00:00,48,51,Deterministic mean-track,0.0,0.0,0.0
REAL_HUMANITARIAN_GEOSPATIAL_DATA,GEZANI,2026-02-11 12:00:00,48,51,P90 envelope,80094.29639928021,0.0,80094.29639928021
REAL_HUMANITARIAN_GEOSPATIAL_DATA,GEZANI,2026-02-11 12:00:00,48,51,Ensemble probability-weighted,0.0,0.0,0.0
REAL_HUMANITARIAN_GEOSPATIAL_DATA,GEZANI,2026-02-11 18:00:00,48,51,Deterministic mean-track,0.0,0.0,0.0
REAL_HUMANITARIAN_GEOSPATIAL_DATA,GEZANI,2026-02-11 18:00:00,48,51,P90 envelope,899186.0039471416,0.0,899186.0039471416
REAL_HUMANITARIAN_GEOSPATIAL_DATA,GEZANI,2026-02-11 18:00:00,48,51,Ensemble probability-weighted,5752.192590787129,0.0,5752.192590787129
REAL_HUMANITARIAN_GEOSPATIAL_DATA,GEZANI,2026-02-12 00:00:00,48,51,Deterministic mean-track,0.0,0.0,0.0
REAL_HUMANITARIAN_GEOSPATIAL_DATA,GEZANI,2026-02-12 00:00:00,48,51,P90 envelope,954163.9634453682,0.0,954163.9634453682
REAL_HUMANITARIAN_GEOSPATIAL_DATA,GEZANI,2026-02-12 00:00:00,48,51,Ensemble probability-weighted,15033.445370526304,0.0,15033.445370526304
REAL_HUMANITARIAN_GEOSPATIAL_DATA,GEZANI,2026-02-12 06:00:00,48,51,Deterministic mean-track,0.0,0.0,0.0
REAL_HUMANITARIAN_GEOSPATIAL_DATA,GEZANI,2026-02-12 06:00:00,48,51,P90 envelope,1043120.7222417549,0.0,1043120.7222417549
REAL_HUMANITARIAN_GEOSPATIAL_DATA,GEZANI,2026-02-12 06:00:00,48,51,Ensemble probability-weighted,63942.868622526694,0.0,63942.868622526694
REAL_HUMANITARIAN_GEOSPATIAL_DATA,GEZANI,2026-02-12 12:00:00,48,51,Deterministic mean-track,0.0,0.0,0.0
REAL_HUMANITARIAN_GEOSPATIAL_DATA,GEZANI,2026-02-12 12:00:00,48,51,P90 envelope,676558.3560501139,0.0,676558.3560501139
REAL_HUMANITARIAN_GEOSPATIAL_DATA,GEZANI,2026-02-12 12:00:00,48,51,Ensemble probability-weighted,13548.831287827976,0.0,13548.831287827976
REAL_HUMANITARIAN_GEOSPATIAL_DATA,GEZANI,2026-02-12 18:00:00,48,51,Deterministic mean-track,0.0,0.0,0.0
REAL_HUMANITARIAN_GEOSPATIAL_DATA,GEZANI,2026-02-12 18:00:00,48,51,P90 envelope,0.0,0.0,0.0
REAL_HUMANITARIAN_GEOSPATIAL_DATA,GEZANI,2026-02-12 18:00:00,48,51,Ensemble probability-weighted,0.0,0.0,0.0
REAL_HUMANITARIAN_GEOSPATIAL_DATA,GEZANI,2026-02-13 00:00:00,48,51,Deterministic mean-track,0.0,0.0,0.0
REAL_HUMANITARIAN_GEOSPATIAL_DATA,GEZANI,2026-02-13 00:00:00,48,51,P90 envelope,0.0,0.0,0.0
REAL_HUMANITARIAN_GEOSPATIAL_DATA,GEZANI,2026-02-13 00:00:00,48,51,Ensemble probability-weighted,0.0,0.0,0.0
REAL_HUMANITARIAN_GEOSPATIAL_DATA,GEZANI,2026-02-13 06:00:00,48,51,Deterministic mean-track,0.0,0.0,0.0
REAL_HUMANITARIAN_GEOSPATIAL_DATA,GEZANI,2026-02-13 06:00:00,48,51,P90 envelope,0.0,0.0,0.0
REAL_HUMANITARIAN_GEOSPATIAL_DATA,GEZANI,2026-02-13 06:00:00,48,51,Ensemble probability-weighted,0.0,0.0,0.0
REAL_HUMANITARIAN_GEOSPATIAL_DATA,GEZANI,2026-02-13 12:00:00,48,50,Deterministic mean-track,0.0,0.0,0.0
REAL_HUMANITARIAN_GEOSPATIAL_DATA,GEZANI,2026-02-13 12:00:00,48,50,P90 envelope,0.0,0.0,0.0
REAL_HUMANITARIAN_GEOSPATIAL_DATA,GEZANI,2026-02-13 12:00:00,48,50,Ensemble probability-weighted,0.0,0.0,0.0
REAL_HUMANITARIAN_GEOSPATIAL_DATA,GEZANI,2026-02-13 18:00:00,48,51,Deterministic mean-track,0.0,0.0,0.0
REAL_HUMANITARIAN_GEOSPATIAL_DATA,GEZANI,2026-02-13 18:00:00,48,51,P90 envelope,23714.130269438036,0.0,23714.130269438036
REAL_HUMANITARIAN_GEOSPATIAL_DATA,GEZANI,2026-02-13 18:00:00,48,51,Ensemble probability-weighted,0.0,0.0,0.0
REAL_HUMANITARIAN_GEOSPATIAL_DATA,KALMAEGI,2025-11-01 12:00:00,48,51,Deterministic mean-track,0.0,4609.988884359599,4609.988884359599
REAL_HUMANITARIAN_GEOSPATIAL_DATA,KALMAEGI,2025-11-01 12:00:00,48,51,P90 envelope,755791.2316179979,4609.988884359599,751181.2427336383
REAL_HUMANITARIAN_GEOSPATIAL_DATA,KALMAEGI,2025-11-01 12:00:00,48,51,Ensemble probability-weighted,534.9095414906158,4609.988884359599,4075.079342868983
REAL_HUMANITARIAN_GEOSPATIAL_DATA,KALMAEGI,2025-11-01 18:00:00,48,51,Deterministic mean-track,4609.988884359599,0.0,4609.988884359599
REAL_HUMANITARIAN_GEOSPATIAL_DATA,KALMAEGI,2025-11-01 18:00:00,48,51,P90 envelope,5213447.14698792,0.0,5213447.14698792
REAL_HUMANITARIAN_GEOSPATIAL_DATA,KALMAEGI,2025-11-01 18:00:00,48,51,Ensemble probability-weighted,71341.2790428628,0.0,71341.2790428628
REAL_HUMANITARIAN_GEOSPATIAL_DATA,KALMAEGI,2025-11-02 00:00:00,48,51,Deterministic mean-track,0.0,942031.4169349069,942031.4169349069
REAL_HUMANITARIAN_GEOSPATIAL_DATA,KALMAEGI,2025-11-02 00:00:00,48,51,P90 envelope,12293046.893990938,942031.4169349069,11351015.47705603
REAL_HUMANITARIAN_GEOSPATIAL_DATA,KALMAEGI,2025-11-02 00:00:00,48,51,Ensemble probability-weighted,73307.1051260461,942031.4169349069,868724.3118088607
REAL_HUMANITARIAN_GEOSPATIAL_DATA,KALMAEGI,2025-11-02 12:00:00,48,51,Deterministic mean-track,0.0,0.0,0.0
REAL_HUMANITARIAN_GEOSPATIAL_DATA,KALMAEGI,2025-11-02 12:00:00,48,51,P90 envelope,8993998.481897186,0.0,8993998.481897186
REAL_HUMANITARIAN_GEOSPATIAL_DATA,KALMAEGI,2025-11-02 12:00:00,48,51,Ensemble probability-weighted,31265.472021197773,0.0,31265.472021197773
REAL_HUMANITARIAN_GEOSPATIAL_DATA,KALMAEGI,2025-11-02 18:00:00,48,50,Deterministic mean-track,0.0,0.0,0.0
REAL_HUMANITARIAN_GEOSPATIAL_DATA,KALMAEGI,2025-11-02 18:00:00,48,50,P90 envelope,4256019.948523319,0.0,4256019.948523319
REAL_HUMANITARIAN_GEOSPATIAL_DATA,KALMAEGI,2025-11-02 18:00:00,48,50,Ensemble probability-weighted,25126.616551837462,0.0,25126.616551837462
REAL_HUMANITARIAN_GEOSPATIAL_DATA,KALMAEGI,2025-11-03 00:00:00,48,51,Deterministic mean-track,0.0,0.0,0.0
REAL_HUMANITARIAN_GEOSPATIAL_DATA,KALMAEGI,2025-11-03 00:00:00,48,51,P90 envelope,908520.295855024,0.0,908520.295855024
REAL_HUMANITARIAN_GEOSPATIAL_DATA,KALMAEGI,2025-11-03 00:00:00,48,51,Ensemble probability-weighted,2430.182428449393,0.0,2430.182428449393
REAL_HUMANITARIAN_GEOSPATIAL_DATA,KALMAEGI,2025-11-03 06:00:00,48,50,Deterministic mean-track,0.0,0.0,0.0
REAL_HUMANITARIAN_GEOSPATIAL_DATA,KALMAEGI,2025-11-03 06:00:00,48,50,P90 envelope,189093.55127442055,0.0,189093.55127442055
REAL_HUMANITARIAN_GEOSPATIAL_DATA,KALMAEGI,2025-11-03 06:00:00,48,50,Ensemble probability-weighted,2225.724862674326,0.0,2225.724862674326
REAL_HUMANITARIAN_GEOSPATIAL_DATA,KALMAEGI,2025-11-03 12:00:00,48,51,Deterministic mean-track,0.0,0.0,0.0
REAL_HUMANITARIAN_GEOSPATIAL_DATA,KALMAEGI,2025-11-03 12:00:00,48,51,P90 envelope,0.0,0.0,0.0
REAL_HUMANITARIAN_GEOSPATIAL_DATA,KALMAEGI,2025-11-03 12:00:00,48,51,Ensemble probability-weighted,535.6884780323102,0.0,535.6884780323102
REAL_HUMANITARIAN_GEOSPATIAL_DATA,KALMAEGI,2025-11-03 18:00:00,48,51,Deterministic mean-track,0.0,0.0,0.0
REAL_HUMANITARIAN_GEOSPATIAL_DATA,KALMAEGI,2025-11-03 18:00:00,48,51,P90 envelope,0.0,0.0,0.0
REAL_HUMANITARIAN_GEOSPATIAL_DATA,KALMAEGI,2025-11-03 18:00:00,48,51,Ensemble probability-weighted,0.0,0.0,0.0
REAL_HUMANITARIAN_GEOSPATIAL_DATA,KALMAEGI,2025-11-04 00:00:00,48,51,Deterministic mean-track,0.0,0.0,0.0
REAL_HUMANITARIAN_GEOSPATIAL_DATA,KALMAEGI,2025-11-04 00:00:00,48,51,P90 envelope,0.0,0.0,0.0
REAL_HUMANITARIAN_GEOSPATIAL_DATA,KALMAEGI,2025-11-04 00:00:00,48,51,Ensemble probability-weighted,0.0,0.0,0.0
REAL_HUMANITARIAN_GEOSPATIAL_DATA,KALMAEGI,2025-11-04 06:00:00,48,51,Deterministic mean-track,0.0,0.0,0.0
REAL_HUMANITARIAN_GEOSPATIAL_DATA,KALMAEGI,2025-11-04 06:00:00,48,51,P90 envelope,859130.468284666,0.0,859130.468284666
REAL_HUMANITARIAN_GEOSPATIAL_DATA,KALMAEGI,2025-11-04 06:00:00,48,51,Ensemble probability-weighted,0.0,0.0,0.0
REAL_HUMANITARIAN_GEOSPATIAL_DATA,KALMAEGI,2025-11-04 12:00:00,48,51,Deterministic mean-track,0.0,0.0,0.0
REAL_HUMANITARIAN_GEOSPATIAL_DATA,KALMAEGI,2025-11-04 12:00:00,48,51,P90 envelope,1851469.760729493,0.0,1851469.760729493
REAL_HUMANITARIAN_GEOSPATIAL_DATA,KALMAEGI,2025-11-04 12:00:00,48,51,Ensemble probability-weighted,34503.87513203538,0.0,34503.87513203538
REAL_HUMANITARIAN_GEOSPATIAL_DATA,KALMAEGI,2025-11-04 18:00:00,48,50,Deterministic mean-track,0.0,0.0,0.0
REAL_HUMANITARIAN_GEOSPATIAL_DATA,KALMAEGI,2025-11-04 18:00:00,48,50,P90 envelope,5119485.776298441,0.0,5119485.776298441
REAL_HUMANITARIAN_GEOSPATIAL_DATA,KALMAEGI,2025-11-04 18:00:00,48,50,Ensemble probability-weighted,65386.440143095824,0.0,65386.440143095824
REAL_HUMANITARIAN_GEOSPATIAL_DATA,KALMAEGI,2025-11-05 00:00:00,48,51,Deterministic mean-track,41706.76252749196,0.0,41706.76252749196
REAL_HUMANITARIAN_GEOSPATIAL_DATA,KALMAEGI,2025-11-05 00:00:00,48,51,P90 envelope,5394949.653955394,0.0,5394949.653955394
REAL_HUMANITARIAN_GEOSPATIAL_DATA,KALMAEGI,2025-11-05 00:00:00,48,51,Ensemble probability-weighted,25419.841553549762,0.0,25419.841553549762
REAL_HUMANITARIAN_GEOSPATIAL_DATA,KALMAEGI,2025-11-05 06:00:00,48,50,Deterministic mean-track,0.0,0.0,0.0
REAL_HUMANITARIAN_GEOSPATIAL_DATA,KALMAEGI,2025-11-05 06:00:00,48,50,P90 envelope,5172904.274330512,0.0,5172904.274330512
REAL_HUMANITARIAN_GEOSPATIAL_DATA,KALMAEGI,2025-11-05 06:00:00,48,50,Ensemble probability-weighted,101720.85612432664,0.0,101720.85612432664
REAL_HUMANITARIAN_GEOSPATIAL_DATA,KALMAEGI,2025-11-05 12:00:00,48,51,Deterministic mean-track,0.0,0.0,0.0
REAL_HUMANITARIAN_GEOSPATIAL_DATA,KALMAEGI,2025-11-05 12:00:00,48,51,P90 envelope,6509913.472710264,0.0,6509913.472710264
REAL_HUMANITARIAN_GEOSPATIAL_DATA,KALMAEGI,2025-11-05 12:00:00,48,51,Ensemble probability-weighted,165321.75019949934,0.0,165321.75019949934
REAL_HUMANITARIAN_GEOSPATIAL_DATA,KALMAEGI,2025-11-05 18:00:00,48,51,Deterministic mean-track,534379.7341580391,0.0,534379.7341580391
REAL_HUMANITARIAN_GEOSPATIAL_DATA,KALMAEGI,2025-11-05 18:00:00,48,51,P90 envelope,9724985.208694652,0.0,9724985.208694652
REAL_HUMANITARIAN_GEOSPATIAL_DATA,KALMAEGI,2025-11-05 18:00:00,48,51,Ensemble probability-weighted,167009.3708380658,0.0,167009.3708380658
REAL_HUMANITARIAN_GEOSPATIAL_DATA,KOTO,2025-11-25 12:00:00,48,51,Deterministic mean-track,0.0,0.0,0.0
REAL_HUMANITARIAN_GEOSPATIAL_DATA,KOTO,2025-11-25 12:00:00,48,51,P90 envelope,0.0,0.0,0.0
REAL_HUMANITARIAN_GEOSPATIAL_DATA,KOTO,2025-11-25 12:00:00,48,51,Ensemble probability-weighted,0.0,0.0,0.0
REAL_HUMANITARIAN_GEOSPATIAL_DATA,KOTO,2025-11-25 18:00:00,48,50,Deterministic mean-track,0.0,0.0,0.0
REAL_HUMANITARIAN_GEOSPATIAL_DATA,KOTO,2025-11-25 18:00:00,48,50,P90 envelope,0.0,0.0,0.0
REAL_HUMANITARIAN_GEOSPATIAL_DATA,KOTO,2025-11-25 18:00:00,48,50,Ensemble probability-weighted,0.0,0.0,0.0
REAL_HUMANITARIAN_GEOSPATIAL_DATA,KOTO,2025-11-26 00:00:00,48,51,Deterministic mean-track,0.0,0.0,0.0
REAL_HUMANITARIAN_GEOSPATIAL_DATA,KOTO,2025-11-26 00:00:00,48,51,P90 envelope,0.0,0.0,0.0
REAL_HUMANITARIAN_GEOSPATIAL_DATA,KOTO,2025-11-26 00:00:00,48,51,Ensemble probability-weighted,0.0,0.0,0.0
REAL_HUMANITARIAN_GEOSPATIAL_DATA,KOTO,2025-11-26 06:00:00,48,51,Deterministic mean-track,0.0,0.0,0.0
REAL_HUMANITARIAN_GEOSPATIAL_DATA,KOTO,2025-11-26 06:00:00,48,51,P90 envelope,0.0,0.0,0.0
REAL_HUMANITARIAN_GEOSPATIAL_DATA,KOTO,2025-11-26 06:00:00,48,51,Ensemble probability-weighted,0.0,0.0,0.0
REAL_HUMANITARIAN_GEOSPATIAL_DATA,KOTO,2025-11-26 12:00:00,48,51,Deterministic mean-track,0.0,0.0,0.0
REAL_HUMANITARIAN_GEOSPATIAL_DATA,KOTO,2025-11-26 12:00:00,48,51,P90 envelope,0.0,0.0,0.0
REAL_HUMANITARIAN_GEOSPATIAL_DATA,KOTO,2025-11-26 12:00:00,48,51,Ensemble probability-weighted,0.0,0.0,0.0
REAL_HUMANITARIAN_GEOSPATIAL_DATA,KOTO,2025-11-26 18:00:00,48,51,Deterministic mean-track,0.0,0.0,0.0
REAL_HUMANITARIAN_GEOSPATIAL_DATA,KOTO,2025-11-26 18:00:00,48,51,P90 envelope,0.0,0.0,0.0
REAL_HUMANITARIAN_GEOSPATIAL_DATA,KOTO,2025-11-26 18:00:00,48,51,Ensemble probability-weighted,0.0,0.0,0.0
REAL_HUMANITARIAN_GEOSPATIAL_DATA,KOTO,2025-11-27 00:00:00,48,51,Deterministic mean-track,0.0,0.0,0.0
REAL_HUMANITARIAN_GEOSPATIAL_DATA,KOTO,2025-11-27 00:00:00,48,51,P90 envelope,0.0,0.0,0.0
REAL_HUMANITARIAN_GEOSPATIAL_DATA,KOTO,2025-11-27 00:00:00,48,51,Ensemble probability-weighted,0.0,0.0,0.0
REAL_HUMANITARIAN_GEOSPATIAL_DATA,KOTO,2025-11-27 06:00:00,48,50,Deterministic mean-track,0.0,0.0,0.0
REAL_HUMANITARIAN_GEOSPATIAL_DATA,KOTO,2025-11-27 06:00:00,48,50,P90 envelope,0.0,0.0,0.0
REAL_HUMANITARIAN_GEOSPATIAL_DATA,KOTO,2025-11-27 06:00:00,48,50,Ensemble probability-weighted,0.0,0.0,0.0
REAL_HUMANITARIAN_GEOSPATIAL_DATA,KOTO,2025-11-27 12:00:00,48,51,Deterministic mean-track,0.0,0.0,0.0
REAL_HUMANITARIAN_GEOSPATIAL_DATA,KOTO,2025-11-27 12:00:00,48,51,P90 envelope,0.0,0.0,0.0
REAL_HUMANITARIAN_GEOSPATIAL_DATA,KOTO,2025-11-27 12:00:00,48,51,Ensemble probability-weighted,0.0,0.0,0.0
REAL_HUMANITARIAN_GEOSPATIAL_DATA,KOTO,2025-11-27 18:00:00,48,51,Deterministic mean-track,0.0,0.0,0.0
REAL_HUMANITARIAN_GEOSPATIAL_DATA,KOTO,2025-11-27 18:00:00,48,51,P90 envelope,0.0,0.0,0.0
REAL_HUMANITARIAN_GEOSPATIAL_DATA,KOTO,2025-11-27 18:00:00,48,51,Ensemble probability-weighted,0.0,0.0,0.0
REAL_HUMANITARIAN_GEOSPATIAL_DATA,KOTO,2025-11-28 00:00:00,48,51,Deterministic mean-track,0.0,0.0,0.0
REAL_HUMANITARIAN_GEOSPATIAL_DATA,KOTO,2025-11-28 00:00:00,48,51,P90 envelope,52.28277425467969,0.0,52.28277425467969
REAL_HUMANITARIAN_GEOSPATIAL_DATA,KOTO,2025-11-28 00:00:00,48,51,Ensemble probability-weighted,0.0,0.0,0.0
REAL_HUMANITARIAN_GEOSPATIAL_DATA,KOTO,2025-11-28 06:00:00,48,49,Deterministic mean-track,0.0,0.0,0.0
REAL_HUMANITARIAN_GEOSPATIAL_DATA,KOTO,2025-11-28 06:00:00,48,49,P90 envelope,52.28277425467969,0.0,52.28277425467969
REAL_HUMANITARIAN_GEOSPATIAL_DATA,KOTO,2025-11-28 06:00:00,48,49,Ensemble probability-weighted,0.0,0.0,0.0
REAL_HUMANITARIAN_GEOSPATIAL_DATA,KOTO,2025-11-28 12:00:00,48,51,Deterministic mean-track,0.0,0.0,0.0
REAL_HUMANITARIAN_GEOSPATIAL_DATA,KOTO,2025-11-28 12:00:00,48,51,P90 envelope,52.28277425467969,0.0,52.28277425467969
REAL_HUMANITARIAN_GEOSPATIAL_DATA,KOTO,2025-11-28 12:00:00,48,51,Ensemble probability-weighted,0.0,0.0,0.0
REAL_HUMANITARIAN_GEOSPATIAL_DATA,KOTO,2025-11-28 18:00:00,48,50,Deterministic mean-track,0.0,0.0,0.0
REAL_HUMANITARIAN_GEOSPATIAL_DATA,KOTO,2025-11-28 18:00:00,48,50,P90 envelope,52.28277425467969,0.0,52.28277425467969
REAL_HUMANITARIAN_GEOSPATIAL_DATA,KOTO,2025-11-28 18:00:00,48,50,Ensemble probability-weighted,0.0,0.0,0.0
REAL_HUMANITARIAN_GEOSPATIAL_DATA,KOTO,2025-11-29 00:00:00,48,51,Deterministic mean-track,0.0,0.0,0.0
REAL_HUMANITARIAN_GEOSPATIAL_DATA,KOTO,2025-11-29 00:00:00,48,51,P90 envelope,52.28277425467969,0.0,52.28277425467969
REAL_HUMANITARIAN_GEOSPATIAL_DATA,KOTO,2025-11-29 00:00:00,48,51,Ensemble probability-weighted,0.0,0.0,0.0
REAL_HUMANITARIAN_GEOSPATIAL_DATA,KOTO,2025-11-29 06:00:00,48,51,Deterministic mean-track,0.0,0.0,0.0
REAL_HUMANITARIAN_GEOSPATIAL_DATA,KOTO,2025-11-29 06:00:00,48,51,P90 envelope,0.0,0.0,0.0
REAL_HUMANITARIAN_GEOSPATIAL_DATA,KOTO,2025-11-29 06:00:00,48,51,Ensemble probability-weighted,0.0,0.0,0.0
REAL_HUMANITARIAN_GEOSPATIAL_DATA,KOTO,2025-11-29 12:00:00,48,51,Deterministic mean-track,0.0,0.0,0.0
REAL_HUMANITARIAN_GEOSPATIAL_DATA,KOTO,2025-11-29 12:00:00,48,51,P90 envelope,0.0,0.0,0.0
REAL_HUMANITARIAN_GEOSPATIAL_DATA,KOTO,2025-11-29 12:00:00,48,51,Ensemble probability-weighted,0.0,0.0,0.0
REAL_HUMANITARIAN_GEOSPATIAL_DATA,KOTO,2025-11-29 18:00:00,48,50,Deterministic mean-track,0.0,0.0,0.0
REAL_HUMANITARIAN_GEOSPATIAL_DATA,KOTO,2025-11-29 18:00:00,48,50,P90 envelope,681424.7039470971,0.0,681424.7039470971
REAL_HUMANITARIAN_GEOSPATIAL_DATA,KOTO,2025-11-29 18:00:00,48,50,Ensemble probability-weighted,0.0,0.0,0.0
REAL_HUMANITARIAN_GEOSPATIAL_DATA,KOTO,2025-11-30 00:00:00,48,42,Deterministic mean-track,0.0,0.0,0.0
REAL_HUMANITARIAN_GEOSPATIAL_DATA,KOTO,2025-11-30 00:00:00,48,42,P90 envelope,0.0,0.0,0.0
REAL_HUMANITARIAN_GEOSPATIAL_DATA,KOTO,2025-11-30 00:00:00,48,42,Ensemble probability-weighted,0.0,0.0,0.0
REAL_HUMANITARIAN_GEOSPATIAL_DATA,KOTO,2025-11-30 06:00:00,48,49,Deterministic mean-track,0.0,0.0,0.0
REAL_HUMANITARIAN_GEOSPATIAL_DATA,KOTO,2025-11-30 06:00:00,48,49,P90 envelope,0.0,0.0,0.0
REAL_HUMANITARIAN_GEOSPATIAL_DATA,KOTO,2025-11-30 06:00:00,48,49,Ensemble probability-weighted,0.0,0.0,0.0
REAL_HUMANITARIAN_GEOSPATIAL_DATA,KOTO,2025-11-30 12:00:00,48,44,Deterministic mean-track,0.0,0.0,0.0
REAL_HUMANITARIAN_GEOSPATIAL_DATA,KOTO,2025-11-30 12:00:00,48,44,P90 envelope,0.0,0.0,0.0
REAL_HUMANITARIAN_GEOSPATIAL_DATA,KOTO,2025-11-30 12:00:00,48,44,Ensemble probability-weighted,0.0,0.0,0.0
REAL_HUMANITARIAN_GEOSPATIAL_DATA,KOTO,2025-11-30 18:00:00,48,48,Deterministic mean-track,0.0,0.0,0.0
REAL_HUMANITARIAN_GEOSPATIAL_DATA,KOTO,2025-11-30 18:00:00,48,48,P90 envelope,380743.967070758,0.0,380743.967070758
REAL_HUMANITARIAN_GEOSPATIAL_DATA,KOTO,2025-11-30 18:00:00,48,48,Ensemble probability-weighted,0.0,0.0,0.0
REAL_HUMANITARIAN_GEOSPATIAL_DATA,KOTO,2025-12-01 00:00:00,48,46,Deterministic mean-track,0.0,0.0,0.0
REAL_HUMANITARIAN_GEOSPATIAL_DATA,KOTO,2025-12-01 00:00:00,48,46,P90 envelope,859130.468284666,0.0,859130.468284666
REAL_HUMANITARIAN_GEOSPATIAL_DATA,KOTO,2025-12-01 00:00:00,48,46,Ensemble probability-weighted,6564.811245831451,0.0,6564.811245831451
REAL_HUMANITARIAN_GEOSPATIAL_DATA,KOTO,2025-12-01 06:00:00,48,32,Deterministic mean-track,0.0,0.0,0.0
REAL_HUMANITARIAN_GEOSPATIAL_DATA,KOTO,2025-12-01 06:00:00,48,32,P90 envelope,1924602.9205587218,0.0,1924602.9205587218
REAL_HUMANITARIAN_GEOSPATIAL_DATA,KOTO,2025-12-01 06:00:00,48,32,Ensemble probability-weighted,20838.2572748912,0.0,20838.2572748912
REAL_HUMANITARIAN_GEOSPATIAL_DATA,KOTO,2025-12-01 12:00:00,48,11,Deterministic mean-track,0.0,0.0,0.0
REAL_HUMANITARIAN_GEOSPATIAL_DATA,KOTO,2025-12-01 12:00:00,48,11,P90 envelope,10175299.884336166,0.0,10175299.884336166
REAL_HUMANITARIAN_GEOSPATIAL_DATA,KOTO,2025-12-01 12:00:00,48,11,Ensemble probability-weighted,324468.7477301196,0.0,324468.7477301196
REAL_HUMANITARIAN_GEOSPATIAL_DATA,MELISSA,2025-10-23 00:00:00,48,51,Deterministic mean-track,0.0,0.0,0.0
REAL_HUMANITARIAN_GEOSPATIAL_DATA,MELISSA,2025-10-23 00:00:00,48,51,P90 envelope,1241269.2832981618,0.0,1241269.2832981618
REAL_HUMANITARIAN_GEOSPATIAL_DATA,MELISSA,2025-10-23 00:00:00,48,51,Ensemble probability-weighted,2743.5163224269368,0.0,2743.5163224269368
REAL_HUMANITARIAN_GEOSPATIAL_DATA,MELISSA,2025-10-23 06:00:00,48,50,Deterministic mean-track,0.0,0.0,0.0
REAL_HUMANITARIAN_GEOSPATIAL_DATA,MELISSA,2025-10-23 06:00:00,48,50,P90 envelope,1966093.2198624583,0.0,1966093.2198624583
REAL_HUMANITARIAN_GEOSPATIAL_DATA,MELISSA,2025-10-23 06:00:00,48,50,Ensemble probability-weighted,4667.940083742138,0.0,4667.940083742138
REAL_HUMANITARIAN_GEOSPATIAL_DATA,MELISSA,2025-10-23 12:00:00,48,50,Deterministic mean-track,0.0,0.0,0.0
REAL_HUMANITARIAN_GEOSPATIAL_DATA,MELISSA,2025-10-23 12:00:00,48,50,P90 envelope,1852519.1978726953,0.0,1852519.1978726953
REAL_HUMANITARIAN_GEOSPATIAL_DATA,MELISSA,2025-10-23 12:00:00,48,50,Ensemble probability-weighted,0.023784071803092957,0.0,0.023784071803092957
REAL_HUMANITARIAN_GEOSPATIAL_DATA,MELISSA,2025-10-23 18:00:00,48,50,Deterministic mean-track,0.0,0.0,0.0
REAL_HUMANITARIAN_GEOSPATIAL_DATA,MELISSA,2025-10-23 18:00:00,48,50,P90 envelope,1852518.706633871,0.0,1852518.706633871
REAL_HUMANITARIAN_GEOSPATIAL_DATA,MELISSA,2025-10-23 18:00:00,48,50,Ensemble probability-weighted,16401.70653555035,0.0,16401.70653555035
REAL_HUMANITARIAN_GEOSPATIAL_DATA,MELISSA,2025-10-24 00:00:00,48,50,Deterministic mean-track,0.0,0.0,0.0
REAL_HUMANITARIAN_GEOSPATIAL_DATA,MELISSA,2025-10-24 00:00:00,48,50,P90 envelope,1299432.8696258424,0.0,1299432.8696258424
REAL_HUMANITARIAN_GEOSPATIAL_DATA,MELISSA,2025-10-24 00:00:00,48,50,Ensemble probability-weighted,0.01964955298230052,0.0,0.01964955298230052
REAL_HUMANITARIAN_GEOSPATIAL_DATA,MELISSA,2025-10-24 12:00:00,48,51,Deterministic mean-track,0.0,0.0,0.0
REAL_HUMANITARIAN_GEOSPATIAL_DATA,MELISSA,2025-10-24 12:00:00,48,51,P90 envelope,1101349.950854388,0.0,1101349.950854388
REAL_HUMANITARIAN_GEOSPATIAL_DATA,MELISSA,2025-10-24 12:00:00,48,51,Ensemble probability-weighted,0.0466354349080254,0.0,0.0466354349080254
REAL_HUMANITARIAN_GEOSPATIAL_DATA,MELISSA,2025-10-24 18:00:00,48,51,Deterministic mean-track,0.0,0.0,0.0
REAL_HUMANITARIAN_GEOSPATIAL_DATA,MELISSA,2025-10-24 18:00:00,48,51,P90 envelope,1301118.2625465228,0.0,1301118.2625465228
REAL_HUMANITARIAN_GEOSPATIAL_DATA,MELISSA,2025-10-24 18:00:00,48,51,Ensemble probability-weighted,5751.861603902707,0.0,5751.861603902707
REAL_HUMANITARIAN_GEOSPATIAL_DATA,MELISSA,2025-10-25 00:00:00,48,51,Deterministic mean-track,0.0,0.0,0.0
REAL_HUMANITARIAN_GEOSPATIAL_DATA,MELISSA,2025-10-25 00:00:00,48,51,P90 envelope,1674434.5991774034,0.0,1674434.5991774034
REAL_HUMANITARIAN_GEOSPATIAL_DATA,MELISSA,2025-10-25 00:00:00,48,51,Ensemble probability-weighted,7319.989641877966,0.0,7319.989641877966
REAL_HUMANITARIAN_GEOSPATIAL_DATA,MELISSA,2025-10-25 12:00:00,48,50,Deterministic mean-track,0.0,0.0,0.0
REAL_HUMANITARIAN_GEOSPATIAL_DATA,MELISSA,2025-10-25 12:00:00,48,50,P90 envelope,1301118.2625465228,0.0,1301118.2625465228
REAL_HUMANITARIAN_GEOSPATIAL_DATA,MELISSA,2025-10-25 12:00:00,48,50,Ensemble probability-weighted,10204.538521527018,0.0,10204.538521527018
REAL_HUMANITARIAN_GEOSPATIAL_DATA,MELISSA,2025-10-25 18:00:00,48,51,Deterministic mean-track,0.0,0.0,0.0
REAL_HUMANITARIAN_GEOSPATIAL_DATA,MELISSA,2025-10-25 18:00:00,48,51,P90 envelope,1301400.3185486032,0.0,1301400.3185486032
REAL_HUMANITARIAN_GEOSPATIAL_DATA,MELISSA,2025-10-25 18:00:00,48,51,Ensemble probability-weighted,2938.959202151231,0.0,2938.959202151231
REAL_HUMANITARIAN_GEOSPATIAL_DATA,MELISSA,2025-10-26 00:00:00,48,51,Deterministic mean-track,0.0,0.0,0.0
REAL_HUMANITARIAN_GEOSPATIAL_DATA,MELISSA,2025-10-26 00:00:00,48,51,P90 envelope,1299431.6566161348,0.0,1299431.6566161348
REAL_HUMANITARIAN_GEOSPATIAL_DATA,MELISSA,2025-10-26 00:00:00,48,51,Ensemble probability-weighted,25886.392392699967,0.0,25886.392392699967
REAL_HUMANITARIAN_GEOSPATIAL_DATA,MELISSA,2025-10-26 06:00:00,48,51,Deterministic mean-track,0.6090082451701164,0.0,0.6090082451701164
REAL_HUMANITARIAN_GEOSPATIAL_DATA,MELISSA,2025-10-26 06:00:00,48,51,P90 envelope,1300119.0208914934,0.0,1300119.0208914934
REAL_HUMANITARIAN_GEOSPATIAL_DATA,MELISSA,2025-10-26 06:00:00,48,51,Ensemble probability-weighted,30013.269951958267,0.0,30013.269951958267
REAL_HUMANITARIAN_GEOSPATIAL_DATA,MELISSA,2025-10-26 12:00:00,48,51,Deterministic mean-track,149876.12496933324,0.0,149876.12496933324
REAL_HUMANITARIAN_GEOSPATIAL_DATA,MELISSA,2025-10-26 12:00:00,48,51,P90 envelope,1301398.9578494253,0.0,1301398.9578494253
REAL_HUMANITARIAN_GEOSPATIAL_DATA,MELISSA,2025-10-26 12:00:00,48,51,Ensemble probability-weighted,11988.424549385465,0.0,11988.424549385465
REAL_HUMANITARIAN_GEOSPATIAL_DATA,MELISSA,2025-10-26 18:00:00,48,51,Deterministic mean-track,0.0,149876.12496933324,149876.12496933324
REAL_HUMANITARIAN_GEOSPATIAL_DATA,MELISSA,2025-10-26 18:00:00,48,51,P90 envelope,2600891.507691695,149876.12496933324,2451015.3827223615
REAL_HUMANITARIAN_GEOSPATIAL_DATA,MELISSA,2025-10-26 18:00:00,48,51,Ensemble probability-weighted,34240.841700917765,149876.12496933324,115635.28326841547
REAL_HUMANITARIAN_GEOSPATIAL_DATA,MELISSA,2025-10-27 00:00:00,48,51,Deterministic mean-track,0.0,84508.7490922212,84508.7490922212
REAL_HUMANITARIAN_GEOSPATIAL_DATA,MELISSA,2025-10-27 00:00:00,48,51,P90 envelope,3326931.369105158,84508.7490922212,3242422.6200129366
REAL_HUMANITARIAN_GEOSPATIAL_DATA,MELISSA,2025-10-27 00:00:00,48,51,Ensemble probability-weighted,29302.88143199244,84508.7490922212,55205.86766022876
REAL_HUMANITARIAN_GEOSPATIAL_DATA,MELISSA,2025-10-27 06:00:00,48,51,Deterministic mean-track,0.0,0.0,0.0
REAL_HUMANITARIAN_GEOSPATIAL_DATA,MELISSA,2025-10-27 06:00:00,48,51,P90 envelope,3409511.0585605837,0.0,3409511.0585605837
REAL_HUMANITARIAN_GEOSPATIAL_DATA,MELISSA,2025-10-27 06:00:00,48,51,Ensemble probability-weighted,46529.17067422367,0.0,46529.17067422367
REAL_HUMANITARIAN_GEOSPATIAL_DATA,MELISSA,2025-10-27 12:00:00,48,51,Deterministic mean-track,295977.15144284844,141187.0859000455,154790.06554280294
REAL_HUMANITARIAN_GEOSPATIAL_DATA,MELISSA,2025-10-27 12:00:00,48,51,P90 envelope,3546774.504455435,141187.0859000455,3405587.4185553896
REAL_HUMANITARIAN_GEOSPATIAL_DATA,MELISSA,2025-10-27 12:00:00,48,51,Ensemble probability-weighted,73996.50529319192,141187.0859000455,67190.58060685357
REAL_HUMANITARIAN_GEOSPATIAL_DATA,MELISSA,2025-10-27 18:00:00,48,51,Deterministic mean-track,0.0,0.0,0.0
REAL_HUMANITARIAN_GEOSPATIAL_DATA,MELISSA,2025-10-27 18:00:00,48,51,P90 envelope,2161789.82878306,0.0,2161789.82878306
REAL_HUMANITARIAN_GEOSPATIAL_DATA,MELISSA,2025-10-27 18:00:00,48,51,Ensemble probability-weighted,23.56314077674795,0.0,23.56314077674795
REAL_HUMANITARIAN_GEOSPATIAL_DATA,MELISSA,2025-10-28 00:00:00,48,51,Deterministic mean-track,3.881802691379562,0.0,3.881802691379562
REAL_HUMANITARIAN_GEOSPATIAL_DATA,MELISSA,2025-10-28 00:00:00,48,51,P90 envelope,865396.130101047,0.0,865396.130101047
REAL_HUMANITARIAN_GEOSPATIAL_DATA,MELISSA,2025-10-28 00:00:00,48,51,Ensemble probability-weighted,6958.053931391519,0.0,6958.053931391519
REAL_HUMANITARIAN_GEOSPATIAL_DATA,MELISSA,2025-10-28 06:00:00,48,51,Deterministic mean-track,0.0,0.0,0.0
REAL_HUMANITARIAN_GEOSPATIAL_DATA,MELISSA,2025-10-28 06:00:00,48,51,P90 envelope,2555.360324083595,0.0,2555.360324083595
REAL_HUMANITARIAN_GEOSPATIAL_DATA,MELISSA,2025-10-28 06:00:00,48,51,Ensemble probability-weighted,23.302446964370336,0.0,23.302446964370336
REAL_HUMANITARIAN_GEOSPATIAL_DATA,MELISSA,2025-10-28 12:00:00,48,51,Deterministic mean-track,0.0,0.0,0.0
REAL_HUMANITARIAN_GEOSPATIAL_DATA,MELISSA,2025-10-28 12:00:00,48,51,P90 envelope,0.0,0.0,0.0
REAL_HUMANITARIAN_GEOSPATIAL_DATA,MELISSA,2025-10-28 12:00:00,48,51,Ensemble probability-weighted,0.0,0.0,0.0
REAL_HUMANITARIAN_GEOSPATIAL_DATA,MELISSA,2025-10-28 18:00:00,48,51,Deterministic mean-track,0.0,0.0,0.0
REAL_HUMANITARIAN_GEOSPATIAL_DATA,MELISSA,2025-10-28 18:00:00,48,51,P90 envelope,0.0,0.0,0.0
REAL_HUMANITARIAN_GEOSPATIAL_DATA,MELISSA,2025-10-28 18:00:00,48,51,Ensemble probability-weighted,0.0,0.0,0.0
REAL_HUMANITARIAN_GEOSPATIAL_DATA,MELISSA,2025-10-29 00:00:00,48,51,Deterministic mean-track,0.0,0.0,0.0
REAL_HUMANITARIAN_GEOSPATIAL_DATA,MELISSA,2025-10-29 00:00:00,48,51,P90 envelope,0.0,0.0,0.0
REAL_HUMANITARIAN_GEOSPATIAL_DATA,MELISSA,2025-10-29 00:00:00,48,51,Ensemble probability-weighted,0.0,0.0,0.0
REAL_HUMANITARIAN_GEOSPATIAL_DATA,MELISSA,2025-10-29 06:00:00,48,51,Deterministic mean-track,0.0,0.0,0.0
REAL_HUMANITARIAN_GEOSPATIAL_DATA,MELISSA,2025-10-29 06:00:00,48,51,P90 envelope,15514.750114873068,0.0,15514.750114873068
REAL_HUMANITARIAN_GEOSPATIAL_DATA,MELISSA,2025-10-29 06:00:00,48,51,Ensemble probability-weighted,0.0,0.0,0.0
REAL_HUMANITARIAN_GEOSPATIAL_DATA,MELISSA,2025-10-29 12:00:00,48,51,Deterministic mean-track,0.0,0.0,0.0
REAL_HUMANITARIAN_GEOSPATIAL_DATA,MELISSA,2025-10-29 12:00:00,48,51,P90 envelope,0.0,0.0,0.0
REAL_HUMANITARIAN_GEOSPATIAL_DATA,MELISSA,2025-10-29 12:00:00,48,51,Ensemble probability-weighted,0.0,0.0,0.0
REAL_HUMANITARIAN_GEOSPATIAL_DATA,MELISSA,2025-10-29 18:00:00,48,51,Deterministic mean-track,0.0,0.0,0.0
REAL_HUMANITARIAN_GEOSPATIAL_DATA,MELISSA,2025-10-29 18:00:00,48,51,P90 envelope,0.0,0.0,0.0
REAL_HUMANITARIAN_GEOSPATIAL_DATA,MELISSA,2025-10-29 18:00:00,48,51,Ensemble probability-weighted,0.0,0.0,0.0
REAL_HUMANITARIAN_GEOSPATIAL_DATA,MELISSA,2025-10-30 00:00:00,48,51,Deterministic mean-track,0.0,0.0,0.0
REAL_HUMANITARIAN_GEOSPATIAL_DATA,MELISSA,2025-10-30 00:00:00,48,51,P90 envelope,0.0,0.0,0.0
REAL_HUMANITARIAN_GEOSPATIAL_DATA,MELISSA,2025-10-30 00:00:00,48,51,Ensemble probability-weighted,0.0,0.0,0.0
REAL_HUMANITARIAN_GEOSPATIAL_DATA,MELISSA,2025-10-30 06:00:00,48,51,Deterministic mean-track,0.0,0.0,0.0
REAL_HUMANITARIAN_GEOSPATIAL_DATA,MELISSA,2025-10-30 06:00:00,48,51,P90 envelope,67965.73023060815,0.0,67965.73023060815
REAL_HUMANITARIAN_GEOSPATIAL_DATA,MELISSA,2025-10-30 06:00:00,48,51,Ensemble probability-weighted,1654.204139466353,0.0,1654.204139466353
REAL_HUMANITARIAN_GEOSPATIAL_DATA,MONTHA,2025-10-27 00:00:00,48,49,Deterministic mean-track,2581637.4209524626,0.0,2581637.4209524626
REAL_HUMANITARIAN_GEOSPATIAL_DATA,MONTHA,2025-10-27 00:00:00,48,49,P90 envelope,22559444.615517244,0.0,22559444.615517244
REAL_HUMANITARIAN_GEOSPATIAL_DATA,MONTHA,2025-10-27 00:00:00,48,49,Ensemble probability-weighted,460832.0577700903,0.0,460832.0577700903
REAL_HUMANITARIAN_GEOSPATIAL_DATA,MONTHA,2025-10-27 06:00:00,48,50,Deterministic mean-track,365696.15681236953,0.0,365696.15681236953
REAL_HUMANITARIAN_GEOSPATIAL_DATA,MONTHA,2025-10-27 06:00:00,48,50,P90 envelope,27279407.46875164,0.0,27279407.46875164
REAL_HUMANITARIAN_GEOSPATIAL_DATA,MONTHA,2025-10-27 06:00:00,48,50,Ensemble probability-weighted,258223.57757730925,0.0,258223.57757730925
REAL_HUMANITARIAN_GEOSPATIAL_DATA,MONTHA,2025-10-27 12:00:00,48,47,Deterministic mean-track,0.0,224466.3344891651,224466.3344891651
REAL_HUMANITARIAN_GEOSPATIAL_DATA,MONTHA,2025-10-27 12:00:00,48,47,P90 envelope,26357712.117352817,224466.3344891651,26133245.78286365
REAL_HUMANITARIAN_GEOSPATIAL_DATA,MONTHA,2025-10-27 12:00:00,48,47,Ensemble probability-weighted,113536.68261848435,224466.3344891651,110929.65187068075
REAL_HUMANITARIAN_GEOSPATIAL_DATA,MONTHA,2025-10-27 18:00:00,48,51,Deterministic mean-track,0.0,0.0,0.0
REAL_HUMANITARIAN_GEOSPATIAL_DATA,MONTHA,2025-10-27 18:00:00,48,51,P90 envelope,30615327.064576916,0.0,30615327.064576916
REAL_HUMANITARIAN_GEOSPATIAL_DATA,MONTHA,2025-10-27 18:00:00,48,51,Ensemble probability-weighted,265868.84388788056,0.0,265868.84388788056
REAL_HUMANITARIAN_GEOSPATIAL_DATA,NOKAEN,2026-01-15 06:00:00,48,50,Deterministic mean-track,76312.03905659902,0.0,76312.03905659902
REAL_HUMANITARIAN_GEOSPATIAL_DATA,NOKAEN,2026-01-15 06:00:00,48,50,P90 envelope,4264974.903906217,0.0,4264974.903906217
REAL_HUMANITARIAN_GEOSPATIAL_DATA,NOKAEN,2026-01-15 06:00:00,48,50,Ensemble probability-weighted,52224.524332928544,0.0,52224.524332928544
REAL_HUMANITARIAN_GEOSPATIAL_DATA,PENHA,2026-02-05 00:00:00,48,50,Deterministic mean-track,5643.967334872113,0.0,5643.967334872113
REAL_HUMANITARIAN_GEOSPATIAL_DATA,PENHA,2026-02-05 00:00:00,48,50,P90 envelope,2588540.0254264553,0.0,2588540.0254264553
REAL_HUMANITARIAN_GEOSPATIAL_DATA,PENHA,2026-02-05 00:00:00,48,50,Ensemble probability-weighted,2081.997978060804,0.0,2081.997978060804
REAL_HUMANITARIAN_GEOSPATIAL_DATA,SENYAR,2025-11-26 06:00:00,48,1,Deterministic mean-track,0.0,134215.69563942042,134215.69563942042
REAL_HUMANITARIAN_GEOSPATIAL_DATA,SENYAR,2025-11-26 06:00:00,48,1,P90 envelope,0.0,134215.69563942042,134215.69563942042
REAL_HUMANITARIAN_GEOSPATIAL_DATA,SENYAR,2025-11-26 06:00:00,48,1,Ensemble probability-weighted,0.0,134215.69563942042,134215.69563942042
REAL_HUMANITARIAN_GEOSPATIAL_DATA,SENYAR,2025-11-26 12:00:00,48,6,Deterministic mean-track,0.0,0.0,0.0
REAL_HUMANITARIAN_GEOSPATIAL_DATA,SENYAR,2025-11-26 12:00:00,48,6,P90 envelope,359280.26295150706,0.0,359280.26295150706
REAL_HUMANITARIAN_GEOSPATIAL_DATA,SENYAR,2025-11-26 12:00:00,48,6,Ensemble probability-weighted,0.0,0.0,0.0
REAL_HUMANITARIAN_GEOSPATIAL_DATA,SENYAR,2025-11-26 18:00:00,48,14,Deterministic mean-track,0.0,0.0,0.0
REAL_HUMANITARIAN_GEOSPATIAL_DATA,SENYAR,2025-11-26 18:00:00,48,14,P90 envelope,844763.5360784039,0.0,844763.5360784039
REAL_HUMANITARIAN_GEOSPATIAL_DATA,SENYAR,2025-11-26 18:00:00,48,14,Ensemble probability-weighted,199.67315256848383,0.0,199.67315256848383
REAL_HUMANITARIAN_GEOSPATIAL_DATA,SENYAR,2025-11-27 00:00:00,48,4,Deterministic mean-track,0.0,0.0,0.0
REAL_HUMANITARIAN_GEOSPATIAL_DATA,SENYAR,2025-11-27 00:00:00,48,4,P90 envelope,5548.054333822799,0.0,5548.054333822799
REAL_HUMANITARIAN_GEOSPATIAL_DATA,SENYAR,2025-11-27 00:00:00,48,4,Ensemble probability-weighted,157.18285432551053,0.0,157.18285432551053
REAL_HUMANITARIAN_GEOSPATIAL_DATA,SENYAR,2025-11-27 06:00:00,48,18,Deterministic mean-track,0.0,0.0,0.0
REAL_HUMANITARIAN_GEOSPATIAL_DATA,SENYAR,2025-11-27 06:00:00,48,18,P90 envelope,692.0126816108822,0.0,692.0126816108822
REAL_HUMANITARIAN_GEOSPATIAL_DATA,SENYAR,2025-11-27 06:00:00,48,18,Ensemble probability-weighted,0.0,0.0,0.0
REAL_HUMANITARIAN_GEOSPATIAL_DATA,SENYAR,2025-11-27 12:00:00,48,18,Deterministic mean-track,0.0,0.0,0.0
REAL_HUMANITARIAN_GEOSPATIAL_DATA,SENYAR,2025-11-27 12:00:00,48,18,P90 envelope,5569.088584559036,0.0,5569.088584559036
REAL_HUMANITARIAN_GEOSPATIAL_DATA,SENYAR,2025-11-27 12:00:00,48,18,Ensemble probability-weighted,0.0,0.0,0.0
REAL_HUMANITARIAN_GEOSPATIAL_DATA,SENYAR,2025-11-27 18:00:00,48,9,Deterministic mean-track,0.0,0.0,0.0
REAL_HUMANITARIAN_GEOSPATIAL_DATA,SENYAR,2025-11-27 18:00:00,48,9,P90 envelope,649.7656680382787,0.0,649.7656680382787
REAL_HUMANITARIAN_GEOSPATIAL_DATA,SENYAR,2025-11-27 18:00:00,48,9,Ensemble probability-weighted,0.0,0.0,0.0
REAL_HUMANITARIAN_GEOSPATIAL_DATA,SONIA,2025-10-25 12:00:00,48,50,Deterministic mean-track,0.0,0.0,0.0
REAL_HUMANITARIAN_GEOSPATIAL_DATA,SONIA,2025-10-25 12:00:00,48,50,P90 envelope,0.0,0.0,0.0
REAL_HUMANITARIAN_GEOSPATIAL_DATA,SONIA,2025-10-25 12:00:00,48,50,Ensemble probability-weighted,0.0,0.0,0.0
REAL_HUMANITARIAN_GEOSPATIAL_DATA,SONIA,2025-10-25 18:00:00,48,49,Deterministic mean-track,0.0,0.0,0.0
REAL_HUMANITARIAN_GEOSPATIAL_DATA,SONIA,2025-10-25 18:00:00,48,49,P90 envelope,0.0,0.0,0.0
REAL_HUMANITARIAN_GEOSPATIAL_DATA,SONIA,2025-10-25 18:00:00,48,49,Ensemble probability-weighted,0.0,0.0,0.0
REAL_HUMANITARIAN_GEOSPATIAL_DATA,SONIA,2025-10-26 00:00:00,48,51,Deterministic mean-track,0.0,0.0,0.0
REAL_HUMANITARIAN_GEOSPATIAL_DATA,SONIA,2025-10-26 00:00:00,48,51,P90 envelope,0.0,0.0,0.0
REAL_HUMANITARIAN_GEOSPATIAL_DATA,SONIA,2025-10-26 00:00:00,48,51,Ensemble probability-weighted,0.0,0.0,0.0
REAL_HUMANITARIAN_GEOSPATIAL_DATA,SONIA,2025-10-26 06:00:00,48,50,Deterministic mean-track,0.0,0.0,0.0
REAL_HUMANITARIAN_GEOSPATIAL_DATA,SONIA,2025-10-26 06:00:00,48,50,P90 envelope,0.0,0.0,0.0
REAL_HUMANITARIAN_GEOSPATIAL_DATA,SONIA,2025-10-26 06:00:00,48,50,Ensemble probability-weighted,0.0,0.0,0.0
REAL_HUMANITARIAN_GEOSPATIAL_DATA,SONIA,2025-10-26 12:00:00,48,49,Deterministic mean-track,0.0,0.0,0.0
REAL_HUMANITARIAN_GEOSPATIAL_DATA,SONIA,2025-10-26 12:00:00,48,49,P90 envelope,0.0,0.0,0.0
REAL_HUMANITARIAN_GEOSPATIAL_DATA,SONIA,2025-10-26 12:00:00,48,49,Ensemble probability-weighted,0.0,0.0,0.0
REAL_HUMANITARIAN_GEOSPATIAL_DATA,SONIA,2025-10-26 18:00:00,48,45,Deterministic mean-track,0.0,0.0,0.0
REAL_HUMANITARIAN_GEOSPATIAL_DATA,SONIA,2025-10-26 18:00:00,48,45,P90 envelope,0.0,0.0,0.0
REAL_HUMANITARIAN_GEOSPATIAL_DATA,SONIA,2025-10-26 18:00:00,48,45,Ensemble probability-weighted,0.0,0.0,0.0
REAL_HUMANITARIAN_GEOSPATIAL_DATA,SONIA,2025-10-27 00:00:00,48,47,Deterministic mean-track,0.0,0.0,0.0
REAL_HUMANITARIAN_GEOSPATIAL_DATA,SONIA,2025-10-27 00:00:00,48,47,P90 envelope,0.0,0.0,0.0
REAL_HUMANITARIAN_GEOSPATIAL_DATA,SONIA,2025-10-27 00:00:00,48,47,Ensemble probability-weighted,0.0,0.0,0.0
REAL_HUMANITARIAN_GEOSPATIAL_DATA,SONIA,2025-10-27 06:00:00,48,42,Deterministic mean-track,0.0,0.0,0.0
REAL_HUMANITARIAN_GEOSPATIAL_DATA,SONIA,2025-10-27 06:00:00,48,42,P90 envelope,0.0,0.0,0.0
REAL_HUMANITARIAN_GEOSPATIAL_DATA,SONIA,2025-10-27 06:00:00,48,42,Ensemble probability-weighted,0.0,0.0,0.0
REAL_HUMANITARIAN_GEOSPATIAL_DATA,SONIA,2025-10-27 12:00:00,48,40,Deterministic mean-track,0.0,0.0,0.0
REAL_HUMANITARIAN_GEOSPATIAL_DATA,SONIA,2025-10-27 12:00:00,48,40,P90 envelope,0.0,0.0,0.0
REAL_HUMANITARIAN_GEOSPATIAL_DATA,SONIA,2025-10-27 12:00:00,48,40,Ensemble probability-weighted,0.0,0.0,0.0
REAL_HUMANITARIAN_GEOSPATIAL_DATA,SONIA,2025-10-27 18:00:00,48,27,Deterministic mean-track,0.0,0.0,0.0
REAL_HUMANITARIAN_GEOSPATIAL_DATA,SONIA,2025-10-27 18:00:00,48,27,P90 envelope,0.0,0.0,0.0
REAL_HUMANITARIAN_GEOSPATIAL_DATA,SONIA,2025-10-27 18:00:00,48,27,Ensemble probability-weighted,0.0,0.0,0.0
REAL_HUMANITARIAN_GEOSPATIAL_DATA,DITWAH,2025-11-27 12:00:00,72,50,Deterministic mean-track,0.0,0.0,0.0
REAL_HUMANITARIAN_GEOSPATIAL_DATA,DITWAH,2025-11-27 12:00:00,72,50,P90 envelope,31922822.190626822,0.0,31922822.190626822
REAL_HUMANITARIAN_GEOSPATIAL_DATA,DITWAH,2025-11-27 12:00:00,72,50,Ensemble probability-weighted,174025.66370049093,0.0,174025.66370049093
REAL_HUMANITARIAN_GEOSPATIAL_DATA,DITWAH,2025-11-27 18:00:00,72,38,Deterministic mean-track,90372.25162857774,0.0,90372.25162857774
REAL_HUMANITARIAN_GEOSPATIAL_DATA,DITWAH,2025-11-27 18:00:00,72,38,P90 envelope,46469136.08796838,0.0,46469136.08796838
REAL_HUMANITARIAN_GEOSPATIAL_DATA,DITWAH,2025-11-27 18:00:00,72,38,Ensemble probability-weighted,249181.19364318394,0.0,249181.19364318394
REAL_HUMANITARIAN_GEOSPATIAL_DATA,DITWAH,2025-11-28 00:00:00,72,38,Deterministic mean-track,5379155.280819117,0.0,5379155.280819117
REAL_HUMANITARIAN_GEOSPATIAL_DATA,DITWAH,2025-11-28 00:00:00,72,38,P90 envelope,39287721.29250997,0.0,39287721.29250997
REAL_HUMANITARIAN_GEOSPATIAL_DATA,DITWAH,2025-11-28 00:00:00,72,38,Ensemble probability-weighted,498270.78557594685,0.0,498270.78557594685
REAL_HUMANITARIAN_GEOSPATIAL_DATA,DITWAH,2025-11-28 06:00:00,72,29,Deterministic mean-track,0.0,0.0,0.0
REAL_HUMANITARIAN_GEOSPATIAL_DATA,DITWAH,2025-11-28 06:00:00,72,29,P90 envelope,43178831.44697659,0.0,43178831.44697659
REAL_HUMANITARIAN_GEOSPATIAL_DATA,DITWAH,2025-11-28 06:00:00,72,29,Ensemble probability-weighted,278750.90324627724,0.0,278750.90324627724
REAL_HUMANITARIAN_GEOSPATIAL_DATA,DITWAH,2025-11-28 12:00:00,72,39,Deterministic mean-track,0.0,0.0,0.0
REAL_HUMANITARIAN_GEOSPATIAL_DATA,DITWAH,2025-11-28 12:00:00,72,39,P90 envelope,45190532.76245064,0.0,45190532.76245064
REAL_HUMANITARIAN_GEOSPATIAL_DATA,DITWAH,2025-11-28 12:00:00,72,39,Ensemble probability-weighted,73903.89134746345,0.0,73903.89134746345
REAL_HUMANITARIAN_GEOSPATIAL_DATA,DITWAH,2025-11-28 18:00:00,72,29,Deterministic mean-track,0.0,0.0,0.0
REAL_HUMANITARIAN_GEOSPATIAL_DATA,DITWAH,2025-11-28 18:00:00,72,29,P90 envelope,34834727.99002453,0.0,34834727.99002453
REAL_HUMANITARIAN_GEOSPATIAL_DATA,DITWAH,2025-11-28 18:00:00,72,29,Ensemble probability-weighted,172025.85376331297,0.0,172025.85376331297
REAL_HUMANITARIAN_GEOSPATIAL_DATA,DITWAH,2025-11-29 00:00:00,72,40,Deterministic mean-track,0.0,0.0,0.0
REAL_HUMANITARIAN_GEOSPATIAL_DATA,DITWAH,2025-11-29 00:00:00,72,40,P90 envelope,27815519.860150732,0.0,27815519.860150732
REAL_HUMANITARIAN_GEOSPATIAL_DATA,DITWAH,2025-11-29 00:00:00,72,40,Ensemble probability-weighted,95695.93405134144,0.0,95695.93405134144
REAL_HUMANITARIAN_GEOSPATIAL_DATA,DITWAH,2025-11-29 06:00:00,72,36,Deterministic mean-track,0.0,0.0,0.0
REAL_HUMANITARIAN_GEOSPATIAL_DATA,DITWAH,2025-11-29 06:00:00,72,36,P90 envelope,20540319.21971168,0.0,20540319.21971168
REAL_HUMANITARIAN_GEOSPATIAL_DATA,DITWAH,2025-11-29 06:00:00,72,36,Ensemble probability-weighted,152623.45477481902,0.0,152623.45477481902
REAL_HUMANITARIAN_GEOSPATIAL_DATA,DITWAH,2025-11-29 12:00:00,72,35,Deterministic mean-track,0.0,0.0,0.0
REAL_HUMANITARIAN_GEOSPATIAL_DATA,DITWAH,2025-11-29 12:00:00,72,35,P90 envelope,27571232.52126903,0.0,27571232.52126903
REAL_HUMANITARIAN_GEOSPATIAL_DATA,DITWAH,2025-11-29 12:00:00,72,35,Ensemble probability-weighted,153690.1508805462,0.0,153690.1508805462
REAL_HUMANITARIAN_GEOSPATIAL_DATA,DITWAH,2025-11-29 18:00:00,72,31,Deterministic mean-track,0.0,90372.25162857774,90372.25162857774
REAL_HUMANITARIAN_GEOSPATIAL_DATA,DITWAH,2025-11-29 18:00:00,72,31,P90 envelope,20540319.219711676,90372.25162857774,20449946.9680831
REAL_HUMANITARIAN_GEOSPATIAL_DATA,DITWAH,2025-11-29 18:00:00,72,31,Ensemble probability-weighted,71058.32699051502,90372.25162857774,19313.924638062716
REAL_HUMANITARIAN_GEOSPATIAL_DATA,DUDZAI,2026-01-15 06:00:00,72,50,Deterministic mean-track,0.0,0.0,0.0
REAL_HUMANITARIAN_GEOSPATIAL_DATA,DUDZAI,2026-01-15 06:00:00,72,50,P90 envelope,1343.7013546824455,0.0,1343.7013546824455
REAL_HUMANITARIAN_GEOSPATIAL_DATA,DUDZAI,2026-01-15 06:00:00,72,50,Ensemble probability-weighted,0.0,0.0,0.0
REAL_HUMANITARIAN_GEOSPATIAL_DATA,FINA,2025-11-18 18:00:00,72,51,Deterministic mean-track,80.6247598575745,0.0,80.6247598575745
REAL_HUMANITARIAN_GEOSPATIAL_DATA,FINA,2025-11-18 18:00:00,72,51,P90 envelope,35784.51590679011,0.0,35784.51590679011
REAL_HUMANITARIAN_GEOSPATIAL_DATA,FINA,2025-11-18 18:00:00,72,51,Ensemble probability-weighted,77.00943664177055,0.0,77.00943664177055
REAL_HUMANITARIAN_GEOSPATIAL_DATA,FINA,2025-11-19 00:00:00,72,51,Deterministic mean-track,0.0,0.0,0.0
REAL_HUMANITARIAN_GEOSPATIAL_DATA,FINA,2025-11-19 00:00:00,72,51,P90 envelope,32498.975717811467,0.0,32498.975717811467
REAL_HUMANITARIAN_GEOSPATIAL_DATA,FINA,2025-11-19 00:00:00,72,51,Ensemble probability-weighted,202.51808829668337,0.0,202.51808829668337
REAL_HUMANITARIAN_GEOSPATIAL_DATA,FINA,2025-11-19 06:00:00,72,51,Deterministic mean-track,0.0,0.0,0.0
REAL_HUMANITARIAN_GEOSPATIAL_DATA,FINA,2025-11-19 06:00:00,72,51,P90 envelope,35313.41803075946,0.0,35313.41803075946
REAL_HUMANITARIAN_GEOSPATIAL_DATA,FINA,2025-11-19 06:00:00,72,51,Ensemble probability-weighted,601.22173287499,0.0,601.22173287499
REAL_HUMANITARIAN_GEOSPATIAL_DATA,FINA,2025-11-19 12:00:00,72,51,Deterministic mean-track,0.0,878.2537354137279,878.2537354137279
REAL_HUMANITARIAN_GEOSPATIAL_DATA,FINA,2025-11-19 12:00:00,72,51,P90 envelope,35181.118284886135,878.2537354137279,34302.864549472404
REAL_HUMANITARIAN_GEOSPATIAL_DATA,FINA,2025-11-19 12:00:00,72,51,Ensemble probability-weighted,646.7458969829723,878.2537354137279,231.50783843075556
REAL_HUMANITARIAN_GEOSPATIAL_DATA,FINA,2025-11-19 18:00:00,72,51,Deterministic mean-track,0.045440356770996004,0.0,0.045440356770996004
REAL_HUMANITARIAN_GEOSPATIAL_DATA,FINA,2025-11-19 18:00:00,72,51,P90 envelope,34806.24970836047,0.0,34806.24970836047
REAL_HUMANITARIAN_GEOSPATIAL_DATA,FINA,2025-11-19 18:00:00,72,51,Ensemble probability-weighted,740.857695287849,0.0,740.857695287849
REAL_HUMANITARIAN_GEOSPATIAL_DATA,FINA,2025-11-20 00:00:00,72,51,Deterministic mean-track,0.0,0.045440356770996004,0.045440356770996004
REAL_HUMANITARIAN_GEOSPATIAL_DATA,FINA,2025-11-20 00:00:00,72,51,P90 envelope,32296.72809235669,0.045440356770996004,32296.68265199992
REAL_HUMANITARIAN_GEOSPATIAL_DATA,FINA,2025-11-20 00:00:00,72,51,Ensemble probability-weighted,17.40162073315133,0.045440356770996004,17.356180376380333
REAL_HUMANITARIAN_GEOSPATIAL_DATA,FINA,2025-11-20 06:00:00,72,51,Deterministic mean-track,0.0,0.0,0.0
REAL_HUMANITARIAN_GEOSPATIAL_DATA,FINA,2025-11-20 06:00:00,72,51,P90 envelope,11087.07939888752,0.0,11087.07939888752
REAL_HUMANITARIAN_GEOSPATIAL_DATA,FINA,2025-11-20 06:00:00,72,51,Ensemble probability-weighted,2.844874409447115,0.0,2.844874409447115
REAL_HUMANITARIAN_GEOSPATIAL_DATA,FINA,2025-11-20 12:00:00,72,51,Deterministic mean-track,0.0,0.0,0.0
REAL_HUMANITARIAN_GEOSPATIAL_DATA,FINA,2025-11-20 12:00:00,72,51,P90 envelope,11217.06478457521,0.0,11217.06478457521
REAL_HUMANITARIAN_GEOSPATIAL_DATA,FINA,2025-11-20 12:00:00,72,51,Ensemble probability-weighted,22.301311867714556,0.0,22.301311867714556
REAL_HUMANITARIAN_GEOSPATIAL_DATA,FINA,2025-11-20 18:00:00,72,51,Deterministic mean-track,0.0,0.0,0.0
REAL_HUMANITARIAN_GEOSPATIAL_DATA,FINA,2025-11-20 18:00:00,72,51,P90 envelope,872.1795536373776,0.0,872.1795536373776
REAL_HUMANITARIAN_GEOSPATIAL_DATA,FINA,2025-11-20 18:00:00,72,51,Ensemble probability-weighted,2.9700736453212784,0.0,2.9700736453212784
REAL_HUMANITARIAN_GEOSPATIAL_DATA,FINA,2025-11-21 00:00:00,72,51,Deterministic mean-track,0.0,0.1337494378194607,0.1337494378194607
REAL_HUMANITARIAN_GEOSPATIAL_DATA,FINA,2025-11-21 00:00:00,72,51,P90 envelope,877.7236658234708,0.1337494378194607,877.5899163856513
REAL_HUMANITARIAN_GEOSPATIAL_DATA,FINA,2025-11-21 00:00:00,72,51,Ensemble probability-weighted,2.7418619610226167,0.1337494378194607,2.608112523203156
REAL_HUMANITARIAN_GEOSPATIAL_DATA,FINA,2025-11-21 06:00:00,72,51,Deterministic mean-track,0.0,0.0,0.0
REAL_HUMANITARIAN_GEOSPATIAL_DATA,FINA,2025-11-21 06:00:00,72,51,P90 envelope,446.87184752016884,0.0,446.87184752016884
REAL_HUMANITARIAN_GEOSPATIAL_DATA,FINA,2025-11-21 06:00:00,72,51,Ensemble probability-weighted,5.2608007777362475,0.0,5.2608007777362475
REAL_HUMANITARIAN_GEOSPATIAL_DATA,FINA,2025-11-21 12:00:00,72,49,Deterministic mean-track,0.4949953232089684,0.0,0.4949953232089684
REAL_HUMANITARIAN_GEOSPATIAL_DATA,FINA,2025-11-21 12:00:00,72,49,P90 envelope,183.35669921796276,0.0,183.35669921796276
REAL_HUMANITARIAN_GEOSPATIAL_DATA,FINA,2025-11-21 12:00:00,72,49,Ensemble probability-weighted,0.26583633642315574,0.0,0.26583633642315574
REAL_HUMANITARIAN_GEOSPATIAL_DATA,FINA,2025-11-21 18:00:00,72,50,Deterministic mean-track,0.0,0.0,0.0
REAL_HUMANITARIAN_GEOSPATIAL_DATA,FINA,2025-11-21 18:00:00,72,50,P90 envelope,479.0552360977847,0.0,479.0552360977847
REAL_HUMANITARIAN_GEOSPATIAL_DATA,FINA,2025-11-21 18:00:00,72,50,Ensemble probability-weighted,2.7798130430683656,0.0,2.7798130430683656
REAL_HUMANITARIAN_GEOSPATIAL_DATA,FINA,2025-11-22 00:00:00,72,48,Deterministic mean-track,0.0,8.062700479216785,8.062700479216785
REAL_HUMANITARIAN_GEOSPATIAL_DATA,FINA,2025-11-22 00:00:00,72,48,P90 envelope,451.60702336890455,8.062700479216785,443.54432288968775
REAL_HUMANITARIAN_GEOSPATIAL_DATA,FINA,2025-11-22 00:00:00,72,48,Ensemble probability-weighted,5.909255735805125,8.062700479216785,2.1534447434116597
REAL_HUMANITARIAN_GEOSPATIAL_DATA,FINA,2025-11-22 06:00:00,72,46,Deterministic mean-track,0.0,0.0,0.0
REAL_HUMANITARIAN_GEOSPATIAL_DATA,FINA,2025-11-22 06:00:00,72,46,P90 envelope,224.54459510369782,0.0,224.54459510369782
REAL_HUMANITARIAN_GEOSPATIAL_DATA,FINA,2025-11-22 06:00:00,72,46,Ensemble probability-weighted,0.1579215134452171,0.0,0.1579215134452171
REAL_HUMANITARIAN_GEOSPATIAL_DATA,FUNG-WONG,2025-11-05 18:00:00,72,50,Deterministic mean-track,0.0,0.0,0.0
REAL_HUMANITARIAN_GEOSPATIAL_DATA,FUNG-WONG,2025-11-05 18:00:00,72,50,P90 envelope,0.0,0.0,0.0
REAL_HUMANITARIAN_GEOSPATIAL_DATA,FUNG-WONG,2025-11-05 18:00:00,72,50,Ensemble probability-weighted,0.0,0.0,0.0
REAL_HUMANITARIAN_GEOSPATIAL_DATA,FUNG-WONG,2025-11-06 00:00:00,72,47,Deterministic mean-track,0.0,0.0,0.0
REAL_HUMANITARIAN_GEOSPATIAL_DATA,FUNG-WONG,2025-11-06 00:00:00,72,47,P90 envelope,334683.2874644698,0.0,334683.2874644698
REAL_HUMANITARIAN_GEOSPATIAL_DATA,FUNG-WONG,2025-11-06 00:00:00,72,47,Ensemble probability-weighted,1415.0425022460051,0.0,1415.0425022460051
REAL_HUMANITARIAN_GEOSPATIAL_DATA,FUNG-WONG,2025-11-06 06:00:00,72,49,Deterministic mean-track,0.0,0.0,0.0
REAL_HUMANITARIAN_GEOSPATIAL_DATA,FUNG-WONG,2025-11-06 06:00:00,72,49,P90 envelope,980802.8223917183,0.0,980802.8223917183
REAL_HUMANITARIAN_GEOSPATIAL_DATA,FUNG-WONG,2025-11-06 06:00:00,72,49,Ensemble probability-weighted,1953.9848128215472,0.0,1953.9848128215472
REAL_HUMANITARIAN_GEOSPATIAL_DATA,FUNG-WONG,2025-11-06 12:00:00,72,51,Deterministic mean-track,0.0,0.0,0.0
REAL_HUMANITARIAN_GEOSPATIAL_DATA,FUNG-WONG,2025-11-06 12:00:00,72,51,P90 envelope,19041971.13001336,0.0,19041971.13001336
REAL_HUMANITARIAN_GEOSPATIAL_DATA,FUNG-WONG,2025-11-06 12:00:00,72,51,Ensemble probability-weighted,189623.73772481777,0.0,189623.73772481777
REAL_HUMANITARIAN_GEOSPATIAL_DATA,FUNG-WONG,2025-11-06 18:00:00,72,51,Deterministic mean-track,0.0,262280.98083442403,262280.98083442403
REAL_HUMANITARIAN_GEOSPATIAL_DATA,FUNG-WONG,2025-11-06 18:00:00,72,51,P90 envelope,20092199.576727893,262280.98083442403,19829918.59589347
REAL_HUMANITARIAN_GEOSPATIAL_DATA,FUNG-WONG,2025-11-06 18:00:00,72,51,Ensemble probability-weighted,54200.57027456814,262280.98083442403,208080.4105598559
REAL_HUMANITARIAN_GEOSPATIAL_DATA,FUNG-WONG,2025-11-07 00:00:00,72,50,Deterministic mean-track,0.0,0.0,0.0
REAL_HUMANITARIAN_GEOSPATIAL_DATA,FUNG-WONG,2025-11-07 00:00:00,72,50,P90 envelope,10970698.973892553,0.0,10970698.973892553
REAL_HUMANITARIAN_GEOSPATIAL_DATA,FUNG-WONG,2025-11-07 00:00:00,72,50,Ensemble probability-weighted,67678.55615769423,0.0,67678.55615769423
REAL_HUMANITARIAN_GEOSPATIAL_DATA,FUNG-WONG,2025-11-07 06:00:00,72,51,Deterministic mean-track,0.0,0.0,0.0
REAL_HUMANITARIAN_GEOSPATIAL_DATA,FUNG-WONG,2025-11-07 06:00:00,72,51,P90 envelope,10723219.882951185,0.0,10723219.882951185
REAL_HUMANITARIAN_GEOSPATIAL_DATA,FUNG-WONG,2025-11-07 06:00:00,72,51,Ensemble probability-weighted,33101.96810516063,0.0,33101.96810516063
REAL_HUMANITARIAN_GEOSPATIAL_DATA,FUNG-WONG,2025-11-07 12:00:00,72,50,Deterministic mean-track,0.0,0.0,0.0
REAL_HUMANITARIAN_GEOSPATIAL_DATA,FUNG-WONG,2025-11-07 12:00:00,72,50,P90 envelope,662878.2904320131,0.0,662878.2904320131
REAL_HUMANITARIAN_GEOSPATIAL_DATA,FUNG-WONG,2025-11-07 12:00:00,72,50,Ensemble probability-weighted,6359.677253865528,0.0,6359.677253865528
REAL_HUMANITARIAN_GEOSPATIAL_DATA,FUNG-WONG,2025-11-07 18:00:00,72,50,Deterministic mean-track,0.0,0.0,0.0
REAL_HUMANITARIAN_GEOSPATIAL_DATA,FUNG-WONG,2025-11-07 18:00:00,72,50,P90 envelope,17594.597312927246,0.0,17594.597312927246
REAL_HUMANITARIAN_GEOSPATIAL_DATA,FUNG-WONG,2025-11-07 18:00:00,72,50,Ensemble probability-weighted,10491.239233376962,0.0,10491.239233376962
REAL_HUMANITARIAN_GEOSPATIAL_DATA,FUNG-WONG,2025-11-08 00:00:00,72,50,Deterministic mean-track,0.0,0.0,0.0
REAL_HUMANITARIAN_GEOSPATIAL_DATA,FUNG-WONG,2025-11-08 00:00:00,72,50,P90 envelope,0.0,0.0,0.0
REAL_HUMANITARIAN_GEOSPATIAL_DATA,FUNG-WONG,2025-11-08 00:00:00,72,50,Ensemble probability-weighted,0.0,0.0,0.0
REAL_HUMANITARIAN_GEOSPATIAL_DATA,FUNG-WONG,2025-11-08 06:00:00,72,51,Deterministic mean-track,0.0,0.0,0.0
REAL_HUMANITARIAN_GEOSPATIAL_DATA,FUNG-WONG,2025-11-08 06:00:00,72,51,P90 envelope,0.0,0.0,0.0
REAL_HUMANITARIAN_GEOSPATIAL_DATA,FUNG-WONG,2025-11-08 06:00:00,72,51,Ensemble probability-weighted,0.0,0.0,0.0
REAL_HUMANITARIAN_GEOSPATIAL_DATA,FUNG-WONG,2025-11-08 12:00:00,72,50,Deterministic mean-track,0.0,0.0,0.0
REAL_HUMANITARIAN_GEOSPATIAL_DATA,FUNG-WONG,2025-11-08 12:00:00,72,50,P90 envelope,0.0,0.0,0.0
REAL_HUMANITARIAN_GEOSPATIAL_DATA,FUNG-WONG,2025-11-08 12:00:00,72,50,Ensemble probability-weighted,0.0,0.0,0.0
REAL_HUMANITARIAN_GEOSPATIAL_DATA,FUNG-WONG,2025-11-08 18:00:00,72,51,Deterministic mean-track,0.0,0.0,0.0
REAL_HUMANITARIAN_GEOSPATIAL_DATA,FUNG-WONG,2025-11-08 18:00:00,72,51,P90 envelope,405091.71596582595,0.0,405091.71596582595
REAL_HUMANITARIAN_GEOSPATIAL_DATA,FUNG-WONG,2025-11-08 18:00:00,72,51,Ensemble probability-weighted,0.0,0.0,0.0
REAL_HUMANITARIAN_GEOSPATIAL_DATA,FUNG-WONG,2025-11-09 00:00:00,72,51,Deterministic mean-track,0.0,0.0,0.0
REAL_HUMANITARIAN_GEOSPATIAL_DATA,FUNG-WONG,2025-11-09 00:00:00,72,51,P90 envelope,10060004.510803696,0.0,10060004.510803696
REAL_HUMANITARIAN_GEOSPATIAL_DATA,FUNG-WONG,2025-11-09 00:00:00,72,51,Ensemble probability-weighted,36123.13794480528,0.0,36123.13794480528
REAL_HUMANITARIAN_GEOSPATIAL_DATA,FUNG-WONG,2025-11-09 06:00:00,72,51,Deterministic mean-track,0.0,0.0,0.0
REAL_HUMANITARIAN_GEOSPATIAL_DATA,FUNG-WONG,2025-11-09 06:00:00,72,51,P90 envelope,15454336.944604995,0.0,15454336.944604995
REAL_HUMANITARIAN_GEOSPATIAL_DATA,FUNG-WONG,2025-11-09 06:00:00,72,51,Ensemble probability-weighted,19672.716965705138,0.0,19672.716965705138
REAL_HUMANITARIAN_GEOSPATIAL_DATA,FUNG-WONG,2025-11-09 12:00:00,72,50,Deterministic mean-track,0.0,0.0,0.0
REAL_HUMANITARIAN_GEOSPATIAL_DATA,FUNG-WONG,2025-11-09 12:00:00,72,50,P90 envelope,22677875.98997455,0.0,22677875.98997455
REAL_HUMANITARIAN_GEOSPATIAL_DATA,FUNG-WONG,2025-11-09 12:00:00,72,50,Ensemble probability-weighted,110776.37540328279,0.0,110776.37540328279
REAL_HUMANITARIAN_GEOSPATIAL_DATA,FUNG-WONG,2025-11-09 18:00:00,72,44,Deterministic mean-track,440313.5800051688,0.0,440313.5800051688
REAL_HUMANITARIAN_GEOSPATIAL_DATA,FUNG-WONG,2025-11-09 18:00:00,72,44,P90 envelope,11878706.80361985,0.0,11878706.80361985
REAL_HUMANITARIAN_GEOSPATIAL_DATA,FUNG-WONG,2025-11-09 18:00:00,72,44,Ensemble probability-weighted,117580.98978537583,0.0,117580.98978537583
REAL_HUMANITARIAN_GEOSPATIAL_DATA,FUNG-WONG,2025-11-10 00:00:00,72,43,Deterministic mean-track,0.0,396.0176171660423,396.0176171660423
REAL_HUMANITARIAN_GEOSPATIAL_DATA,FUNG-WONG,2025-11-10 00:00:00,72,43,P90 envelope,16095535.837868977,396.0176171660423,16095139.820251811
REAL_HUMANITARIAN_GEOSPATIAL_DATA,FUNG-WONG,2025-11-10 00:00:00,72,43,Ensemble probability-weighted,162.0393420764526,396.0176171660423,233.97827508958972
REAL_HUMANITARIAN_GEOSPATIAL_DATA,FUNG-WONG,2025-11-10 06:00:00,72,41,Deterministic mean-track,20.541187729686495,0.0,20.541187729686495
REAL_HUMANITARIAN_GEOSPATIAL_DATA,FUNG-WONG,2025-11-10 06:00:00,72,41,P90 envelope,5829723.714952845,0.0,5829723.714952845
REAL_HUMANITARIAN_GEOSPATIAL_DATA,FUNG-WONG,2025-11-10 06:00:00,72,41,Ensemble probability-weighted,20.36526101916211,0.0,20.36526101916211
REAL_HUMANITARIAN_GEOSPATIAL_DATA,FUNG-WONG,2025-11-10 12:00:00,72,29,Deterministic mean-track,0.0,0.0,0.0
REAL_HUMANITARIAN_GEOSPATIAL_DATA,FUNG-WONG,2025-11-10 12:00:00,72,29,P90 envelope,5714465.223991135,0.0,5714465.223991135
REAL_HUMANITARIAN_GEOSPATIAL_DATA,FUNG-WONG,2025-11-10 12:00:00,72,29,Ensemble probability-weighted,1176.1236315305378,0.0,1176.1236315305378
REAL_HUMANITARIAN_GEOSPATIAL_DATA,FUNG-WONG,2025-11-10 18:00:00,72,21,Deterministic mean-track,0.0,0.0,0.0
REAL_HUMANITARIAN_GEOSPATIAL_DATA,FUNG-WONG,2025-11-10 18:00:00,72,21,P90 envelope,333872.46086622606,0.0,333872.46086622606
REAL_HUMANITARIAN_GEOSPATIAL_DATA,FUNG-WONG,2025-11-10 18:00:00,72,21,Ensemble probability-weighted,594.3313596454408,0.0,594.3313596454408
REAL_HUMANITARIAN_GEOSPATIAL_DATA,GEZANI,2026-02-10 00:00:00,72,46,Deterministic mean-track,0.0,0.0,0.0
REAL_HUMANITARIAN_GEOSPATIAL_DATA,GEZANI,2026-02-10 00:00:00,72,46,P90 envelope,32482.756430253365,0.0,32482.756430253365
REAL_HUMANITARIAN_GEOSPATIAL_DATA,GEZANI,2026-02-10 00:00:00,72,46,Ensemble probability-weighted,0.0,0.0,0.0
REAL_HUMANITARIAN_GEOSPATIAL_DATA,GEZANI,2026-02-10 06:00:00,72,48,Deterministic mean-track,0.0,0.0,0.0
REAL_HUMANITARIAN_GEOSPATIAL_DATA,GEZANI,2026-02-10 06:00:00,72,48,P90 envelope,111889.83047032706,0.0,111889.83047032706
REAL_HUMANITARIAN_GEOSPATIAL_DATA,GEZANI,2026-02-10 06:00:00,72,48,Ensemble probability-weighted,0.0,0.0,0.0
REAL_HUMANITARIAN_GEOSPATIAL_DATA,GEZANI,2026-02-10 12:00:00,72,49,Deterministic mean-track,0.0,0.0,0.0
REAL_HUMANITARIAN_GEOSPATIAL_DATA,GEZANI,2026-02-10 12:00:00,72,49,P90 envelope,200346.6672446166,0.0,200346.6672446166
REAL_HUMANITARIAN_GEOSPATIAL_DATA,GEZANI,2026-02-10 12:00:00,72,49,Ensemble probability-weighted,648.8884504295274,0.0,648.8884504295274
REAL_HUMANITARIAN_GEOSPATIAL_DATA,GEZANI,2026-02-10 18:00:00,72,49,Deterministic mean-track,0.0,0.0,0.0
REAL_HUMANITARIAN_GEOSPATIAL_DATA,GEZANI,2026-02-10 18:00:00,72,49,P90 envelope,1008539.5498084938,0.0,1008539.5498084938
REAL_HUMANITARIAN_GEOSPATIAL_DATA,GEZANI,2026-02-10 18:00:00,72,49,Ensemble probability-weighted,6998.26598217909,0.0,6998.26598217909
REAL_HUMANITARIAN_GEOSPATIAL_DATA,GEZANI,2026-02-11 00:00:00,72,49,Deterministic mean-track,88451.38569498056,0.0,88451.38569498056
REAL_HUMANITARIAN_GEOSPATIAL_DATA,GEZANI,2026-02-11 00:00:00,72,49,P90 envelope,1064014.8922002641,0.0,1064014.8922002641
REAL_HUMANITARIAN_GEOSPATIAL_DATA,GEZANI,2026-02-11 00:00:00,72,49,Ensemble probability-weighted,38166.038158253854,0.0,38166.038158253854
REAL_HUMANITARIAN_GEOSPATIAL_DATA,GEZANI,2026-02-11 06:00:00,72,51,Deterministic mean-track,0.0,0.0,0.0
REAL_HUMANITARIAN_GEOSPATIAL_DATA,GEZANI,2026-02-11 06:00:00,72,51,P90 envelope,1123215.018641035,0.0,1123215.018641035
REAL_HUMANITARIAN_GEOSPATIAL_DATA,GEZANI,2026-02-11 06:00:00,72,51,Ensemble probability-weighted,7959.1105752034855,0.0,7959.1105752034855
REAL_HUMANITARIAN_GEOSPATIAL_DATA,GEZANI,2026-02-11 12:00:00,72,51,Deterministic mean-track,0.0,0.0,0.0
REAL_HUMANITARIAN_GEOSPATIAL_DATA,GEZANI,2026-02-11 12:00:00,72,51,P90 envelope,1007352.1728542699,0.0,1007352.1728542699
REAL_HUMANITARIAN_GEOSPATIAL_DATA,GEZANI,2026-02-11 12:00:00,72,51,Ensemble probability-weighted,2947.9250674551604,0.0,2947.9250674551604
REAL_HUMANITARIAN_GEOSPATIAL_DATA,GEZANI,2026-02-11 18:00:00,72,51,Deterministic mean-track,0.0,0.0,0.0
REAL_HUMANITARIAN_GEOSPATIAL_DATA,GEZANI,2026-02-11 18:00:00,72,51,P90 envelope,1461824.1754775378,0.0,1461824.1754775378
REAL_HUMANITARIAN_GEOSPATIAL_DATA,GEZANI,2026-02-11 18:00:00,72,51,Ensemble probability-weighted,1213.584171475149,0.0,1213.584171475149
REAL_HUMANITARIAN_GEOSPATIAL_DATA,GEZANI,2026-02-12 00:00:00,72,51,Deterministic mean-track,0.0,0.0,0.0
REAL_HUMANITARIAN_GEOSPATIAL_DATA,GEZANI,2026-02-12 00:00:00,72,51,P90 envelope,899226.4694108618,0.0,899226.4694108618
REAL_HUMANITARIAN_GEOSPATIAL_DATA,GEZANI,2026-02-12 00:00:00,72,51,Ensemble probability-weighted,0.0,0.0,0.0
REAL_HUMANITARIAN_GEOSPATIAL_DATA,GEZANI,2026-02-12 06:00:00,72,51,Deterministic mean-track,0.0,0.0,0.0
REAL_HUMANITARIAN_GEOSPATIAL_DATA,GEZANI,2026-02-12 06:00:00,72,51,P90 envelope,1685812.7247077108,0.0,1685812.7247077108
REAL_HUMANITARIAN_GEOSPATIAL_DATA,GEZANI,2026-02-12 06:00:00,72,51,Ensemble probability-weighted,934.9408390907713,0.0,934.9408390907713
REAL_HUMANITARIAN_GEOSPATIAL_DATA,GEZANI,2026-02-12 12:00:00,72,51,Deterministic mean-track,0.0,0.0,0.0
REAL_HUMANITARIAN_GEOSPATIAL_DATA,GEZANI,2026-02-12 12:00:00,72,51,P90 envelope,467807.43208061036,0.0,467807.43208061036
REAL_HUMANITARIAN_GEOSPATIAL_DATA,GEZANI,2026-02-12 12:00:00,72,51,Ensemble probability-weighted,0.0,0.0,0.0
REAL_HUMANITARIAN_GEOSPATIAL_DATA,GEZANI,2026-02-12 18:00:00,72,51,Deterministic mean-track,0.0,0.0,0.0
REAL_HUMANITARIAN_GEOSPATIAL_DATA,GEZANI,2026-02-12 18:00:00,72,51,P90 envelope,287596.4686261489,0.0,287596.4686261489
REAL_HUMANITARIAN_GEOSPATIAL_DATA,GEZANI,2026-02-12 18:00:00,72,51,Ensemble probability-weighted,0.0,0.0,0.0
REAL_HUMANITARIAN_GEOSPATIAL_DATA,GEZANI,2026-02-13 00:00:00,72,51,Deterministic mean-track,0.0,0.0,0.0
REAL_HUMANITARIAN_GEOSPATIAL_DATA,GEZANI,2026-02-13 00:00:00,72,51,P90 envelope,1066523.399762488,0.0,1066523.399762488
REAL_HUMANITARIAN_GEOSPATIAL_DATA,GEZANI,2026-02-13 00:00:00,72,51,Ensemble probability-weighted,0.0,0.0,0.0
REAL_HUMANITARIAN_GEOSPATIAL_DATA,GEZANI,2026-02-13 06:00:00,72,51,Deterministic mean-track,0.0,0.0,0.0
REAL_HUMANITARIAN_GEOSPATIAL_DATA,GEZANI,2026-02-13 06:00:00,72,51,P90 envelope,797128.4347903866,0.0,797128.4347903866
REAL_HUMANITARIAN_GEOSPATIAL_DATA,GEZANI,2026-02-13 06:00:00,72,51,Ensemble probability-weighted,0.0,0.0,0.0
REAL_HUMANITARIAN_GEOSPATIAL_DATA,GEZANI,2026-02-13 12:00:00,72,50,Deterministic mean-track,0.0,0.0,0.0
REAL_HUMANITARIAN_GEOSPATIAL_DATA,GEZANI,2026-02-13 12:00:00,72,50,P90 envelope,938498.7444002954,0.0,938498.7444002954
REAL_HUMANITARIAN_GEOSPATIAL_DATA,GEZANI,2026-02-13 12:00:00,72,50,Ensemble probability-weighted,1601.8859279856042,0.0,1601.8859279856042
REAL_HUMANITARIAN_GEOSPATIAL_DATA,GEZANI,2026-02-13 18:00:00,72,51,Deterministic mean-track,0.0,0.0,0.0
REAL_HUMANITARIAN_GEOSPATIAL_DATA,GEZANI,2026-02-13 18:00:00,72,51,P90 envelope,522234.7020434463,0.0,522234.7020434463
REAL_HUMANITARIAN_GEOSPATIAL_DATA,GEZANI,2026-02-13 18:00:00,72,51,Ensemble probability-weighted,0.0,0.0,0.0
REAL_HUMANITARIAN_GEOSPATIAL_DATA,KALMAEGI,2025-11-01 12:00:00,72,50,Deterministic mean-track,942031.4169349069,0.0,942031.4169349069
REAL_HUMANITARIAN_GEOSPATIAL_DATA,KALMAEGI,2025-11-01 12:00:00,72,50,P90 envelope,13870669.962180726,0.0,13870669.962180726
REAL_HUMANITARIAN_GEOSPATIAL_DATA,KALMAEGI,2025-11-01 12:00:00,72,50,Ensemble probability-weighted,56091.541983993426,0.0,56091.541983993426
REAL_HUMANITARIAN_GEOSPATIAL_DATA,KALMAEGI,2025-11-01 18:00:00,72,51,Deterministic mean-track,0.0,0.0,0.0
REAL_HUMANITARIAN_GEOSPATIAL_DATA,KALMAEGI,2025-11-01 18:00:00,72,51,P90 envelope,16306699.604947409,0.0,16306699.604947409
REAL_HUMANITARIAN_GEOSPATIAL_DATA,KALMAEGI,2025-11-01 18:00:00,72,51,Ensemble probability-weighted,44595.594357555616,0.0,44595.594357555616
REAL_HUMANITARIAN_GEOSPATIAL_DATA,KALMAEGI,2025-11-02 00:00:00,72,50,Deterministic mean-track,0.0,0.0,0.0
REAL_HUMANITARIAN_GEOSPATIAL_DATA,KALMAEGI,2025-11-02 00:00:00,72,50,P90 envelope,22470083.960270114,0.0,22470083.960270114
REAL_HUMANITARIAN_GEOSPATIAL_DATA,KALMAEGI,2025-11-02 00:00:00,72,50,Ensemble probability-weighted,38725.02793277313,0.0,38725.02793277313
REAL_HUMANITARIAN_GEOSPATIAL_DATA,KALMAEGI,2025-11-02 12:00:00,72,51,Deterministic mean-track,0.0,0.0,0.0
REAL_HUMANITARIAN_GEOSPATIAL_DATA,KALMAEGI,2025-11-02 12:00:00,72,51,P90 envelope,419527.85467275954,0.0,419527.85467275954
REAL_HUMANITARIAN_GEOSPATIAL_DATA,KALMAEGI,2025-11-02 12:00:00,72,51,Ensemble probability-weighted,0.0,0.0,0.0
REAL_HUMANITARIAN_GEOSPATIAL_DATA,KALMAEGI,2025-11-02 18:00:00,72,50,Deterministic mean-track,0.0,0.0,0.0
REAL_HUMANITARIAN_GEOSPATIAL_DATA,KALMAEGI,2025-11-02 18:00:00,72,50,P90 envelope,0.0,0.0,0.0
REAL_HUMANITARIAN_GEOSPATIAL_DATA,KALMAEGI,2025-11-02 18:00:00,72,50,Ensemble probability-weighted,0.0,0.0,0.0
REAL_HUMANITARIAN_GEOSPATIAL_DATA,KALMAEGI,2025-11-03 00:00:00,72,49,Deterministic mean-track,0.0,0.0,0.0
REAL_HUMANITARIAN_GEOSPATIAL_DATA,KALMAEGI,2025-11-03 00:00:00,72,49,P90 envelope,938066.4114445964,0.0,938066.4114445964
REAL_HUMANITARIAN_GEOSPATIAL_DATA,KALMAEGI,2025-11-03 00:00:00,72,49,Ensemble probability-weighted,0.0,0.0,0.0
REAL_HUMANITARIAN_GEOSPATIAL_DATA,KALMAEGI,2025-11-03 06:00:00,72,50,Deterministic mean-track,0.0,0.0,0.0
REAL_HUMANITARIAN_GEOSPATIAL_DATA,KALMAEGI,2025-11-03 06:00:00,72,50,P90 envelope,1376957.3146035536,0.0,1376957.3146035536
REAL_HUMANITARIAN_GEOSPATIAL_DATA,KALMAEGI,2025-11-03 06:00:00,72,50,Ensemble probability-weighted,1575.2529952502255,0.0,1575.2529952502255
REAL_HUMANITARIAN_GEOSPATIAL_DATA,KALMAEGI,2025-11-03 12:00:00,72,51,Deterministic mean-track,0.0,0.0,0.0
REAL_HUMANITARIAN_GEOSPATIAL_DATA,KALMAEGI,2025-11-03 12:00:00,72,51,P90 envelope,2790532.8379891515,0.0,2790532.8379891515
REAL_HUMANITARIAN_GEOSPATIAL_DATA,KALMAEGI,2025-11-03 12:00:00,72,51,Ensemble probability-weighted,21804.54011374535,0.0,21804.54011374535
REAL_HUMANITARIAN_GEOSPATIAL_DATA,KALMAEGI,2025-11-03 18:00:00,72,51,Deterministic mean-track,0.0,0.0,0.0
REAL_HUMANITARIAN_GEOSPATIAL_DATA,KALMAEGI,2025-11-03 18:00:00,72,51,P90 envelope,7085779.416832573,0.0,7085779.416832573
REAL_HUMANITARIAN_GEOSPATIAL_DATA,KALMAEGI,2025-11-03 18:00:00,72,51,Ensemble probability-weighted,38488.798181944265,0.0,38488.798181944265
REAL_HUMANITARIAN_GEOSPATIAL_DATA,KALMAEGI,2025-11-04 00:00:00,72,51,Deterministic mean-track,0.0,0.0,0.0
REAL_HUMANITARIAN_GEOSPATIAL_DATA,KALMAEGI,2025-11-04 00:00:00,72,51,P90 envelope,8696838.206717795,0.0,8696838.206717795
REAL_HUMANITARIAN_GEOSPATIAL_DATA,KALMAEGI,2025-11-04 00:00:00,72,51,Ensemble probability-weighted,32487.65280120689,0.0,32487.65280120689
REAL_HUMANITARIAN_GEOSPATIAL_DATA,KALMAEGI,2025-11-04 06:00:00,72,51,Deterministic mean-track,0.0,0.0,0.0
REAL_HUMANITARIAN_GEOSPATIAL_DATA,KALMAEGI,2025-11-04 06:00:00,72,51,P90 envelope,10747091.277107432,0.0,10747091.277107432
REAL_HUMANITARIAN_GEOSPATIAL_DATA,KALMAEGI,2025-11-04 06:00:00,72,51,Ensemble probability-weighted,68958.98278158237,0.0,68958.98278158237
REAL_HUMANITARIAN_GEOSPATIAL_DATA,KALMAEGI,2025-11-04 12:00:00,72,51,Deterministic mean-track,0.0,0.0,0.0
REAL_HUMANITARIAN_GEOSPATIAL_DATA,KALMAEGI,2025-11-04 12:00:00,72,51,P90 envelope,12802968.54098742,0.0,12802968.54098742
REAL_HUMANITARIAN_GEOSPATIAL_DATA,KALMAEGI,2025-11-04 12:00:00,72,51,Ensemble probability-weighted,140749.34716432457,0.0,140749.34716432457
REAL_HUMANITARIAN_GEOSPATIAL_DATA,KALMAEGI,2025-11-04 18:00:00,72,48,Deterministic mean-track,0.0,0.0,0.0
REAL_HUMANITARIAN_GEOSPATIAL_DATA,KALMAEGI,2025-11-04 18:00:00,72,48,P90 envelope,19186492.578868404,0.0,19186492.578868404
REAL_HUMANITARIAN_GEOSPATIAL_DATA,KALMAEGI,2025-11-04 18:00:00,72,48,Ensemble probability-weighted,106978.31039934298,0.0,106978.31039934298
REAL_HUMANITARIAN_GEOSPATIAL_DATA,KOTO,2025-11-25 12:00:00,72,51,Deterministic mean-track,0.0,0.0,0.0
REAL_HUMANITARIAN_GEOSPATIAL_DATA,KOTO,2025-11-25 12:00:00,72,51,P90 envelope,0.0,0.0,0.0
REAL_HUMANITARIAN_GEOSPATIAL_DATA,KOTO,2025-11-25 12:00:00,72,51,Ensemble probability-weighted,12875.438926734732,0.0,12875.438926734732
REAL_HUMANITARIAN_GEOSPATIAL_DATA,KOTO,2025-11-25 18:00:00,72,51,Deterministic mean-track,0.0,0.0,0.0
REAL_HUMANITARIAN_GEOSPATIAL_DATA,KOTO,2025-11-25 18:00:00,72,51,P90 envelope,0.0,0.0,0.0
REAL_HUMANITARIAN_GEOSPATIAL_DATA,KOTO,2025-11-25 18:00:00,72,51,Ensemble probability-weighted,0.0,0.0,0.0
REAL_HUMANITARIAN_GEOSPATIAL_DATA,KOTO,2025-11-26 00:00:00,72,51,Deterministic mean-track,0.0,0.0,0.0
REAL_HUMANITARIAN_GEOSPATIAL_DATA,KOTO,2025-11-26 00:00:00,72,51,P90 envelope,0.0,0.0,0.0
REAL_HUMANITARIAN_GEOSPATIAL_DATA,KOTO,2025-11-26 00:00:00,72,51,Ensemble probability-weighted,0.0,0.0,0.0
REAL_HUMANITARIAN_GEOSPATIAL_DATA,KOTO,2025-11-26 06:00:00,72,51,Deterministic mean-track,0.0,0.0,0.0
REAL_HUMANITARIAN_GEOSPATIAL_DATA,KOTO,2025-11-26 06:00:00,72,51,P90 envelope,0.0,0.0,0.0
REAL_HUMANITARIAN_GEOSPATIAL_DATA,KOTO,2025-11-26 06:00:00,72,51,Ensemble probability-weighted,0.0,0.0,0.0
REAL_HUMANITARIAN_GEOSPATIAL_DATA,KOTO,2025-11-26 12:00:00,72,50,Deterministic mean-track,0.0,0.0,0.0
REAL_HUMANITARIAN_GEOSPATIAL_DATA,KOTO,2025-11-26 12:00:00,72,50,P90 envelope,302033.6000825014,0.0,302033.6000825014
REAL_HUMANITARIAN_GEOSPATIAL_DATA,KOTO,2025-11-26 12:00:00,72,50,Ensemble probability-weighted,0.0,0.0,0.0
REAL_HUMANITARIAN_GEOSPATIAL_DATA,KOTO,2025-11-26 18:00:00,72,51,Deterministic mean-track,0.0,0.0,0.0
REAL_HUMANITARIAN_GEOSPATIAL_DATA,KOTO,2025-11-26 18:00:00,72,51,P90 envelope,52.28277425467969,0.0,52.28277425467969
REAL_HUMANITARIAN_GEOSPATIAL_DATA,KOTO,2025-11-26 18:00:00,72,51,Ensemble probability-weighted,0.0,0.0,0.0
REAL_HUMANITARIAN_GEOSPATIAL_DATA,KOTO,2025-11-27 00:00:00,72,51,Deterministic mean-track,0.0,0.0,0.0
REAL_HUMANITARIAN_GEOSPATIAL_DATA,KOTO,2025-11-27 00:00:00,72,51,P90 envelope,52.28277425467969,0.0,52.28277425467969
REAL_HUMANITARIAN_GEOSPATIAL_DATA,KOTO,2025-11-27 00:00:00,72,51,Ensemble probability-weighted,1.0251524363662683,0.0,1.0251524363662683
REAL_HUMANITARIAN_GEOSPATIAL_DATA,KOTO,2025-11-27 06:00:00,72,50,Deterministic mean-track,0.0,0.0,0.0
REAL_HUMANITARIAN_GEOSPATIAL_DATA,KOTO,2025-11-27 06:00:00,72,50,P90 envelope,146.87096213549376,0.0,146.87096213549376
REAL_HUMANITARIAN_GEOSPATIAL_DATA,KOTO,2025-11-27 06:00:00,72,50,Ensemble probability-weighted,0.0,0.0,0.0
REAL_HUMANITARIAN_GEOSPATIAL_DATA,KOTO,2025-11-27 12:00:00,72,51,Deterministic mean-track,0.0,0.0,0.0
REAL_HUMANITARIAN_GEOSPATIAL_DATA,KOTO,2025-11-27 12:00:00,72,51,P90 envelope,52.28277425467969,0.0,52.28277425467969
REAL_HUMANITARIAN_GEOSPATIAL_DATA,KOTO,2025-11-27 12:00:00,72,51,Ensemble probability-weighted,2.0503048727325366,0.0,2.0503048727325366
REAL_HUMANITARIAN_GEOSPATIAL_DATA,KOTO,2025-11-27 18:00:00,72,51,Deterministic mean-track,0.0,0.0,0.0
REAL_HUMANITARIAN_GEOSPATIAL_DATA,KOTO,2025-11-27 18:00:00,72,51,P90 envelope,383152.5640287247,0.0,383152.5640287247
REAL_HUMANITARIAN_GEOSPATIAL_DATA,KOTO,2025-11-27 18:00:00,72,51,Ensemble probability-weighted,0.0,0.0,0.0
REAL_HUMANITARIAN_GEOSPATIAL_DATA,KOTO,2025-11-28 00:00:00,72,51,Deterministic mean-track,0.0,0.0,0.0
REAL_HUMANITARIAN_GEOSPATIAL_DATA,KOTO,2025-11-28 00:00:00,72,51,P90 envelope,173.29339741915464,0.0,173.29339741915464
REAL_HUMANITARIAN_GEOSPATIAL_DATA,KOTO,2025-11-28 00:00:00,72,51,Ensemble probability-weighted,1.0251524363662683,0.0,1.0251524363662683
REAL_HUMANITARIAN_GEOSPATIAL_DATA,KOTO,2025-11-28 06:00:00,72,48,Deterministic mean-track,0.0,0.0,0.0
REAL_HUMANITARIAN_GEOSPATIAL_DATA,KOTO,2025-11-28 06:00:00,72,48,P90 envelope,79225.20058277996,0.0,79225.20058277996
REAL_HUMANITARIAN_GEOSPATIAL_DATA,KOTO,2025-11-28 06:00:00,72,48,Ensemble probability-weighted,6291.2774439218065,0.0,6291.2774439218065
REAL_HUMANITARIAN_GEOSPATIAL_DATA,KOTO,2025-11-28 12:00:00,72,50,Deterministic mean-track,0.0,0.0,0.0
REAL_HUMANITARIAN_GEOSPATIAL_DATA,KOTO,2025-11-28 12:00:00,72,50,P90 envelope,380917.26046817715,0.0,380917.26046817715
REAL_HUMANITARIAN_GEOSPATIAL_DATA,KOTO,2025-11-28 12:00:00,72,50,Ensemble probability-weighted,0.0,0.0,0.0
REAL_HUMANITARIAN_GEOSPATIAL_DATA,KOTO,2025-11-28 18:00:00,72,51,Deterministic mean-track,0.0,0.0,0.0
REAL_HUMANITARIAN_GEOSPATIAL_DATA,KOTO,2025-11-28 18:00:00,72,51,P90 envelope,683673.4533629641,0.0,683673.4533629641
REAL_HUMANITARIAN_GEOSPATIAL_DATA,KOTO,2025-11-28 18:00:00,72,51,Ensemble probability-weighted,0.518086966346292,0.0,0.518086966346292
REAL_HUMANITARIAN_GEOSPATIAL_DATA,KOTO,2025-11-29 00:00:00,72,49,Deterministic mean-track,0.0,0.0,0.0
REAL_HUMANITARIAN_GEOSPATIAL_DATA,KOTO,2025-11-29 00:00:00,72,49,P90 envelope,380796.2498450127,0.0,380796.2498450127
REAL_HUMANITARIAN_GEOSPATIAL_DATA,KOTO,2025-11-29 00:00:00,72,49,Ensemble probability-weighted,1.0669953929526466,0.0,1.0669953929526466
REAL_HUMANITARIAN_GEOSPATIAL_DATA,KOTO,2025-11-29 06:00:00,72,45,Deterministic mean-track,0.0,0.0,0.0
REAL_HUMANITARIAN_GEOSPATIAL_DATA,KOTO,2025-11-29 06:00:00,72,45,P90 envelope,4061918.0545472363,0.0,4061918.0545472363
REAL_HUMANITARIAN_GEOSPATIAL_DATA,KOTO,2025-11-29 06:00:00,72,45,Ensemble probability-weighted,15597.9078387035,0.0,15597.9078387035
REAL_HUMANITARIAN_GEOSPATIAL_DATA,KOTO,2025-11-29 12:00:00,72,44,Deterministic mean-track,0.0,0.0,0.0
REAL_HUMANITARIAN_GEOSPATIAL_DATA,KOTO,2025-11-29 12:00:00,72,44,P90 envelope,1851469.760729493,0.0,1851469.760729493
REAL_HUMANITARIAN_GEOSPATIAL_DATA,KOTO,2025-11-29 12:00:00,72,44,Ensemble probability-weighted,0.0,0.0,0.0
REAL_HUMANITARIAN_GEOSPATIAL_DATA,KOTO,2025-11-29 18:00:00,72,45,Deterministic mean-track,0.0,0.0,0.0
REAL_HUMANITARIAN_GEOSPATIAL_DATA,KOTO,2025-11-29 18:00:00,72,45,P90 envelope,4496150.3396010995,0.0,4496150.3396010995
REAL_HUMANITARIAN_GEOSPATIAL_DATA,KOTO,2025-11-29 18:00:00,72,45,Ensemble probability-weighted,774.5717375413528,0.0,774.5717375413528
REAL_HUMANITARIAN_GEOSPATIAL_DATA,KOTO,2025-11-30 00:00:00,72,42,Deterministic mean-track,0.0,0.0,0.0
REAL_HUMANITARIAN_GEOSPATIAL_DATA,KOTO,2025-11-30 00:00:00,72,42,P90 envelope,4108014.0189392865,0.0,4108014.0189392865
REAL_HUMANITARIAN_GEOSPATIAL_DATA,KOTO,2025-11-30 00:00:00,72,42,Ensemble probability-weighted,14343.038534633459,0.0,14343.038534633459
REAL_HUMANITARIAN_GEOSPATIAL_DATA,KOTO,2025-11-30 06:00:00,72,43,Deterministic mean-track,0.0,0.0,0.0
REAL_HUMANITARIAN_GEOSPATIAL_DATA,KOTO,2025-11-30 06:00:00,72,43,P90 envelope,3250868.835054548,0.0,3250868.835054548
REAL_HUMANITARIAN_GEOSPATIAL_DATA,KOTO,2025-11-30 06:00:00,72,43,Ensemble probability-weighted,55112.595491305285,0.0,55112.595491305285
REAL_HUMANITARIAN_GEOSPATIAL_DATA,KOTO,2025-11-30 12:00:00,72,36,Deterministic mean-track,0.0,0.0,0.0
REAL_HUMANITARIAN_GEOSPATIAL_DATA,KOTO,2025-11-30 12:00:00,72,36,P90 envelope,3972543.8654784686,0.0,3972543.8654784686
REAL_HUMANITARIAN_GEOSPATIAL_DATA,KOTO,2025-11-30 12:00:00,72,36,Ensemble probability-weighted,58879.564166150514,0.0,58879.564166150514
REAL_HUMANITARIAN_GEOSPATIAL_DATA,MELISSA,2025-10-23 00:00:00,72,49,Deterministic mean-track,0.0,0.0,0.0
REAL_HUMANITARIAN_GEOSPATIAL_DATA,MELISSA,2025-10-23 00:00:00,72,49,P90 envelope,1441319.8805769715,0.0,1441319.8805769715
REAL_HUMANITARIAN_GEOSPATIAL_DATA,MELISSA,2025-10-23 00:00:00,72,49,Ensemble probability-weighted,5711.005589710056,0.0,5711.005589710056
REAL_HUMANITARIAN_GEOSPATIAL_DATA,MELISSA,2025-10-23 06:00:00,72,50,Deterministic mean-track,0.0,0.0,0.0
REAL_HUMANITARIAN_GEOSPATIAL_DATA,MELISSA,2025-10-23 06:00:00,72,50,P90 envelope,2170385.960211281,0.0,2170385.960211281
REAL_HUMANITARIAN_GEOSPATIAL_DATA,MELISSA,2025-10-23 06:00:00,72,50,Ensemble probability-weighted,2997.531682770435,0.0,2997.531682770435
REAL_HUMANITARIAN_GEOSPATIAL_DATA,MELISSA,2025-10-23 12:00:00,72,51,Deterministic mean-track,0.0,0.0,0.0
REAL_HUMANITARIAN_GEOSPATIAL_DATA,MELISSA,2025-10-23 12:00:00,72,51,P90 envelope,3336099.816581478,0.0,3336099.816581478
REAL_HUMANITARIAN_GEOSPATIAL_DATA,MELISSA,2025-10-23 12:00:00,72,51,Ensemble probability-weighted,5751.8563988264195,0.0,5751.8563988264195
REAL_HUMANITARIAN_GEOSPATIAL_DATA,MELISSA,2025-10-23 18:00:00,72,51,Deterministic mean-track,0.0,0.0,0.0
REAL_HUMANITARIAN_GEOSPATIAL_DATA,MELISSA,2025-10-23 18:00:00,72,51,P90 envelope,4035615.9939348665,0.0,4035615.9939348665
REAL_HUMANITARIAN_GEOSPATIAL_DATA,MELISSA,2025-10-23 18:00:00,72,51,Ensemble probability-weighted,1754.7238557105716,0.0,1754.7238557105716
REAL_HUMANITARIAN_GEOSPATIAL_DATA,MELISSA,2025-10-24 00:00:00,72,51,Deterministic mean-track,0.0,0.0,0.0
REAL_HUMANITARIAN_GEOSPATIAL_DATA,MELISSA,2025-10-24 00:00:00,72,51,P90 envelope,1300676.5324585114,0.0,1300676.5324585114
REAL_HUMANITARIAN_GEOSPATIAL_DATA,MELISSA,2025-10-24 00:00:00,72,51,Ensemble probability-weighted,4577.932201490989,0.0,4577.932201490989
REAL_HUMANITARIAN_GEOSPATIAL_DATA,MELISSA,2025-10-24 12:00:00,72,51,Deterministic mean-track,0.0,0.0,0.0
REAL_HUMANITARIAN_GEOSPATIAL_DATA,MELISSA,2025-10-24 12:00:00,72,51,P90 envelope,1301400.5481331975,0.0,1301400.5481331975
REAL_HUMANITARIAN_GEOSPATIAL_DATA,MELISSA,2025-10-24 12:00:00,72,51,Ensemble probability-weighted,0.002895871962548471,0.0,0.002895871962548471
REAL_HUMANITARIAN_GEOSPATIAL_DATA,MELISSA,2025-10-24 18:00:00,72,51,Deterministic mean-track,0.0,0.0,0.0
REAL_HUMANITARIAN_GEOSPATIAL_DATA,MELISSA,2025-10-24 18:00:00,72,51,P90 envelope,2746851.9336225344,0.0,2746851.9336225344
REAL_HUMANITARIAN_GEOSPATIAL_DATA,MELISSA,2025-10-24 18:00:00,72,51,Ensemble probability-weighted,25609.629374945955,0.0,25609.629374945955
REAL_HUMANITARIAN_GEOSPATIAL_DATA,MELISSA,2025-10-25 00:00:00,72,51,Deterministic mean-track,0.0,0.0,0.0
REAL_HUMANITARIAN_GEOSPATIAL_DATA,MELISSA,2025-10-25 00:00:00,72,51,P90 envelope,4005251.12179156,0.0,4005251.12179156
REAL_HUMANITARIAN_GEOSPATIAL_DATA,MELISSA,2025-10-25 00:00:00,72,51,Ensemble probability-weighted,21047.61951155487,0.0,21047.61951155487
REAL_HUMANITARIAN_GEOSPATIAL_DATA,MELISSA,2025-10-25 12:00:00,72,50,Deterministic mean-track,510225.58918329055,0.0,510225.58918329055
REAL_HUMANITARIAN_GEOSPATIAL_DATA,MELISSA,2025-10-25 12:00:00,72,50,P90 envelope,4582022.870609642,0.0,4582022.870609642
REAL_HUMANITARIAN_GEOSPATIAL_DATA,MELISSA,2025-10-25 12:00:00,72,50,Ensemble probability-weighted,36233.70368632784,0.0,36233.70368632784
REAL_HUMANITARIAN_GEOSPATIAL_DATA,MELISSA,2025-10-25 18:00:00,72,51,Deterministic mean-track,0.0,149876.12496933324,149876.12496933324
REAL_HUMANITARIAN_GEOSPATIAL_DATA,MELISSA,2025-10-25 18:00:00,72,51,P90 envelope,6663780.4618102275,149876.12496933324,6513904.336840894
REAL_HUMANITARIAN_GEOSPATIAL_DATA,MELISSA,2025-10-25 18:00:00,72,51,Ensemble probability-weighted,30703.438987200734,149876.12496933324,119172.6859821325
REAL_HUMANITARIAN_GEOSPATIAL_DATA,MELISSA,2025-10-26 00:00:00,72,51,Deterministic mean-track,0.0,84508.7490922212,84508.7490922212
REAL_HUMANITARIAN_GEOSPATIAL_DATA,MELISSA,2025-10-26 00:00:00,72,51,P90 envelope,4580689.915235359,84508.7490922212,4496181.166143138
REAL_HUMANITARIAN_GEOSPATIAL_DATA,MELISSA,2025-10-26 00:00:00,72,51,Ensemble probability-weighted,28779.787099526413,84508.7490922212,55728.96199269479
REAL_HUMANITARIAN_GEOSPATIAL_DATA,MELISSA,2025-10-26 06:00:00,72,51,Deterministic mean-track,0.0,0.0,0.0
REAL_HUMANITARIAN_GEOSPATIAL_DATA,MELISSA,2025-10-26 06:00:00,72,51,P90 envelope,6486511.3116986845,0.0,6486511.3116986845
REAL_HUMANITARIAN_GEOSPATIAL_DATA,MELISSA,2025-10-26 06:00:00,72,51,Ensemble probability-weighted,33733.427429606985,0.0,33733.427429606985
REAL_HUMANITARIAN_GEOSPATIAL_DATA,MELISSA,2025-10-26 12:00:00,72,51,Deterministic mean-track,0.0,141187.0859000455,141187.0859000455
REAL_HUMANITARIAN_GEOSPATIAL_DATA,MELISSA,2025-10-26 12:00:00,72,51,P90 envelope,7329090.035376957,141187.0859000455,7187902.949476911
REAL_HUMANITARIAN_GEOSPATIAL_DATA,MELISSA,2025-10-26 12:00:00,72,51,Ensemble probability-weighted,11306.821353352185,141187.0859000455,129880.2645466933
REAL_HUMANITARIAN_GEOSPATIAL_DATA,MELISSA,2025-10-26 18:00:00,72,50,Deterministic mean-track,0.30446429923176765,0.0,0.30446429923176765
REAL_HUMANITARIAN_GEOSPATIAL_DATA,MELISSA,2025-10-26 18:00:00,72,50,P90 envelope,6673790.016534973,0.0,6673790.016534973
REAL_HUMANITARIAN_GEOSPATIAL_DATA,MELISSA,2025-10-26 18:00:00,72,50,Ensemble probability-weighted,20485.085175606768,0.0,20485.085175606768
REAL_HUMANITARIAN_GEOSPATIAL_DATA,MELISSA,2025-10-27 00:00:00,72,51,Deterministic mean-track,179.16770428186325,0.0,179.16770428186325
REAL_HUMANITARIAN_GEOSPATIAL_DATA,MELISSA,2025-10-27 00:00:00,72,51,P90 envelope,5411965.912377154,0.0,5411965.912377154
REAL_HUMANITARIAN_GEOSPATIAL_DATA,MELISSA,2025-10-27 00:00:00,72,51,Ensemble probability-weighted,21299.98471283562,0.0,21299.98471283562
REAL_HUMANITARIAN_GEOSPATIAL_DATA,MELISSA,2025-10-27 06:00:00,72,51,Deterministic mean-track,0.001304991659708321,0.0,0.001304991659708321
REAL_HUMANITARIAN_GEOSPATIAL_DATA,MELISSA,2025-10-27 06:00:00,72,51,P90 envelope,1032047.7054033267,0.0,1032047.7054033267
REAL_HUMANITARIAN_GEOSPATIAL_DATA,MELISSA,2025-10-27 06:00:00,72,51,Ensemble probability-weighted,1082.8112804329285,0.0,1082.8112804329285
REAL_HUMANITARIAN_GEOSPATIAL_DATA,MELISSA,2025-10-27 12:00:00,72,51,Deterministic mean-track,0.0,0.0,0.0
REAL_HUMANITARIAN_GEOSPATIAL_DATA,MELISSA,2025-10-27 12:00:00,72,51,P90 envelope,6101.568810538158,0.0,6101.568810538158
REAL_HUMANITARIAN_GEOSPATIAL_DATA,MELISSA,2025-10-27 12:00:00,72,51,Ensemble probability-weighted,37.14969887372846,0.0,37.14969887372846
REAL_HUMANITARIAN_GEOSPATIAL_DATA,MELISSA,2025-10-27 18:00:00,72,51,Deterministic mean-track,0.0,0.0,0.0
REAL_HUMANITARIAN_GEOSPATIAL_DATA,MELISSA,2025-10-27 18:00:00,72,51,P90 envelope,0.0,0.0,0.0
REAL_HUMANITARIAN_GEOSPATIAL_DATA,MELISSA,2025-10-27 18:00:00,72,51,Ensemble probability-weighted,0.0,0.0,0.0
REAL_HUMANITARIAN_GEOSPATIAL_DATA,MELISSA,2025-10-28 00:00:00,72,51,Deterministic mean-track,0.0,0.0,0.0
REAL_HUMANITARIAN_GEOSPATIAL_DATA,MELISSA,2025-10-28 00:00:00,72,51,P90 envelope,0.0,0.0,0.0
REAL_HUMANITARIAN_GEOSPATIAL_DATA,MELISSA,2025-10-28 00:00:00,72,51,Ensemble probability-weighted,0.0,0.0,0.0
REAL_HUMANITARIAN_GEOSPATIAL_DATA,MELISSA,2025-10-28 06:00:00,72,51,Deterministic mean-track,0.0,0.0,0.0
REAL_HUMANITARIAN_GEOSPATIAL_DATA,MELISSA,2025-10-28 06:00:00,72,51,P90 envelope,15514.750114873068,0.0,15514.750114873068
REAL_HUMANITARIAN_GEOSPATIAL_DATA,MELISSA,2025-10-28 06:00:00,72,51,Ensemble probability-weighted,0.0,0.0,0.0
REAL_HUMANITARIAN_GEOSPATIAL_DATA,MELISSA,2025-10-28 12:00:00,72,51,Deterministic mean-track,0.0,0.0,0.0
REAL_HUMANITARIAN_GEOSPATIAL_DATA,MELISSA,2025-10-28 12:00:00,72,51,P90 envelope,0.0,0.0,0.0
REAL_HUMANITARIAN_GEOSPATIAL_DATA,MELISSA,2025-10-28 12:00:00,72,51,Ensemble probability-weighted,0.0,0.0,0.0
REAL_HUMANITARIAN_GEOSPATIAL_DATA,MELISSA,2025-10-28 18:00:00,72,51,Deterministic mean-track,0.0,0.0,0.0
REAL_HUMANITARIAN_GEOSPATIAL_DATA,MELISSA,2025-10-28 18:00:00,72,51,P90 envelope,0.0,0.0,0.0
REAL_HUMANITARIAN_GEOSPATIAL_DATA,MELISSA,2025-10-28 18:00:00,72,51,Ensemble probability-weighted,0.0,0.0,0.0
REAL_HUMANITARIAN_GEOSPATIAL_DATA,MELISSA,2025-10-29 00:00:00,72,51,Deterministic mean-track,0.0,0.0,0.0
REAL_HUMANITARIAN_GEOSPATIAL_DATA,MELISSA,2025-10-29 00:00:00,72,51,P90 envelope,452.2606349457053,0.0,452.2606349457053
REAL_HUMANITARIAN_GEOSPATIAL_DATA,MELISSA,2025-10-29 00:00:00,72,51,Ensemble probability-weighted,0.0,0.0,0.0
REAL_HUMANITARIAN_GEOSPATIAL_DATA,MELISSA,2025-10-29 06:00:00,72,51,Deterministic mean-track,0.0,0.0,0.0
REAL_HUMANITARIAN_GEOSPATIAL_DATA,MELISSA,2025-10-29 06:00:00,72,51,P90 envelope,79757.56596782821,0.0,79757.56596782821
REAL_HUMANITARIAN_GEOSPATIAL_DATA,MELISSA,2025-10-29 06:00:00,72,51,Ensemble probability-weighted,1376.4422988662525,0.0,1376.4422988662525
REAL_HUMANITARIAN_GEOSPATIAL_DATA,NOKAEN,2026-01-15 06:00:00,72,48,Deterministic mean-track,0.0,0.0,0.0
REAL_HUMANITARIAN_GEOSPATIAL_DATA,NOKAEN,2026-01-15 06:00:00,72,48,P90 envelope,23090900.10174925,0.0,23090900.10174925
REAL_HUMANITARIAN_GEOSPATIAL_DATA,NOKAEN,2026-01-15 06:00:00,72,48,Ensemble probability-weighted,34517.449406910666,0.0,34517.449406910666
REAL_HUMANITARIAN_GEOSPATIAL_DATA,SENYAR,2025-11-26 06:00:00,72,1,Deterministic mean-track,0.0,0.0,0.0
REAL_HUMANITARIAN_GEOSPATIAL_DATA,SENYAR,2025-11-26 06:00:00,72,1,P90 envelope,929767.9578782321,0.0,929767.9578782321
REAL_HUMANITARIAN_GEOSPATIAL_DATA,SENYAR,2025-11-26 06:00:00,72,1,Ensemble probability-weighted,0.0,0.0,0.0
REAL_HUMANITARIAN_GEOSPATIAL_DATA,SENYAR,2025-11-26 12:00:00,72,1,Deterministic mean-track,0.0,0.0,0.0
REAL_HUMANITARIAN_GEOSPATIAL_DATA,SENYAR,2025-11-26 12:00:00,72,1,P90 envelope,63.1673290133476,0.0,63.1673290133476
REAL_HUMANITARIAN_GEOSPATIAL_DATA,SENYAR,2025-11-26 12:00:00,72,1,Ensemble probability-weighted,0.0,0.0,0.0
REAL_HUMANITARIAN_GEOSPATIAL_DATA,SENYAR,2025-11-26 18:00:00,72,4,Deterministic mean-track,0.0,0.0,0.0
REAL_HUMANITARIAN_GEOSPATIAL_DATA,SENYAR,2025-11-26 18:00:00,72,4,P90 envelope,31718612.714713894,0.0,31718612.714713894
REAL_HUMANITARIAN_GEOSPATIAL_DATA,SENYAR,2025-11-26 18:00:00,72,4,Ensemble probability-weighted,0.0,0.0,0.0
REAL_HUMANITARIAN_GEOSPATIAL_DATA,SENYAR,2025-11-27 00:00:00,72,2,Deterministic mean-track,0.0,0.0,0.0
REAL_HUMANITARIAN_GEOSPATIAL_DATA,SENYAR,2025-11-27 00:00:00,72,2,P90 envelope,628.7314173020421,0.0,628.7314173020421
REAL_HUMANITARIAN_GEOSPATIAL_DATA,SENYAR,2025-11-27 00:00:00,72,2,Ensemble probability-weighted,0.0,0.0,0.0
REAL_HUMANITARIAN_GEOSPATIAL_DATA,SENYAR,2025-11-27 06:00:00,72,9,Deterministic mean-track,0.0,0.0,0.0
REAL_HUMANITARIAN_GEOSPATIAL_DATA,SENYAR,2025-11-27 06:00:00,72,9,P90 envelope,12976481.573827194,0.0,12976481.573827194
REAL_HUMANITARIAN_GEOSPATIAL_DATA,SENYAR,2025-11-27 06:00:00,72,9,Ensemble probability-weighted,0.0,0.0,0.0
REAL_HUMANITARIAN_GEOSPATIAL_DATA,SONIA,2025-10-25 12:00:00,72,46,Deterministic mean-track,0.0,0.0,0.0
REAL_HUMANITARIAN_GEOSPATIAL_DATA,SONIA,2025-10-25 12:00:00,72,46,P90 envelope,0.0,0.0,0.0
REAL_HUMANITARIAN_GEOSPATIAL_DATA,SONIA,2025-10-25 12:00:00,72,46,Ensemble probability-weighted,0.0,0.0,0.0
REAL_HUMANITARIAN_GEOSPATIAL_DATA,SONIA,2025-10-25 18:00:00,72,43,Deterministic mean-track,0.0,0.0,0.0
REAL_HUMANITARIAN_GEOSPATIAL_DATA,SONIA,2025-10-25 18:00:00,72,43,P90 envelope,0.0,0.0,0.0
REAL_HUMANITARIAN_GEOSPATIAL_DATA,SONIA,2025-10-25 18:00:00,72,43,Ensemble probability-weighted,0.0,0.0,0.0
REAL_HUMANITARIAN_GEOSPATIAL_DATA,SONIA,2025-10-26 00:00:00,72,39,Deterministic mean-track,0.0,0.0,0.0
REAL_HUMANITARIAN_GEOSPATIAL_DATA,SONIA,2025-10-26 00:00:00,72,39,P90 envelope,0.0,0.0,0.0
REAL_HUMANITARIAN_GEOSPATIAL_DATA,SONIA,2025-10-26 00:00:00,72,39,Ensemble probability-weighted,0.0,0.0,0.0
REAL_HUMANITARIAN_GEOSPATIAL_DATA,SONIA,2025-10-26 06:00:00,72,40,Deterministic mean-track,0.0,0.0,0.0
REAL_HUMANITARIAN_GEOSPATIAL_DATA,SONIA,2025-10-26 06:00:00,72,40,P90 envelope,0.0,0.0,0.0
REAL_HUMANITARIAN_GEOSPATIAL_DATA,SONIA,2025-10-26 06:00:00,72,40,Ensemble probability-weighted,0.0,0.0,0.0
REAL_HUMANITARIAN_GEOSPATIAL_DATA,SONIA,2025-10-26 12:00:00,72,27,Deterministic mean-track,0.0,0.0,0.0
REAL_HUMANITARIAN_GEOSPATIAL_DATA,SONIA,2025-10-26 12:00:00,72,27,P90 envelope,0.0,0.0,0.0
REAL_HUMANITARIAN_GEOSPATIAL_DATA,SONIA,2025-10-26 12:00:00,72,27,Ensemble probability-weighted,0.0,0.0,0.0
REAL_HUMANITARIAN_GEOSPATIAL_DATA,SONIA,2025-10-26 18:00:00,72,22,Deterministic mean-track,0.0,0.0,0.0
REAL_HUMANITARIAN_GEOSPATIAL_DATA,SONIA,2025-10-26 18:00:00,72,22,P90 envelope,0.0,0.0,0.0
REAL_HUMANITARIAN_GEOSPATIAL_DATA,SONIA,2025-10-26 18:00:00,72,22,Ensemble probability-weighted,0.0,0.0,0.0
REAL_HUMANITARIAN_GEOSPATIAL_DATA,DITWAH,2025-11-27 12:00:00,96,38,Deterministic mean-track,0.0,0.0,0.0
REAL_HUMANITARIAN_GEOSPATIAL_DATA,DITWAH,2025-11-27 12:00:00,96,38,P90 envelope,56531011.33778329,0.0,56531011.33778329
REAL_HUMANITARIAN_GEOSPATIAL_DATA,DITWAH,2025-11-27 12:00:00,96,38,Ensemble probability-weighted,442601.06574940274,0.0,442601.06574940274
REAL_HUMANITARIAN_GEOSPATIAL_DATA,DITWAH,2025-11-27 18:00:00,96,22,Deterministic mean-track,0.0,0.0,0.0
REAL_HUMANITARIAN_GEOSPATIAL_DATA,DITWAH,2025-11-27 18:00:00,96,22,P90 envelope,49048542.1645388,0.0,49048542.1645388
REAL_HUMANITARIAN_GEOSPATIAL_DATA,DITWAH,2025-11-27 18:00:00,96,22,Ensemble probability-weighted,127272.41850912,0.0,127272.41850912
REAL_HUMANITARIAN_GEOSPATIAL_DATA,DITWAH,2025-11-28 00:00:00,96,21,Deterministic mean-track,0.0,0.0,0.0
REAL_HUMANITARIAN_GEOSPATIAL_DATA,DITWAH,2025-11-28 00:00:00,96,21,P90 envelope,48262498.50656925,0.0,48262498.50656925
REAL_HUMANITARIAN_GEOSPATIAL_DATA,DITWAH,2025-11-28 00:00:00,96,21,Ensemble probability-weighted,24362.269885433576,0.0,24362.269885433576
REAL_HUMANITARIAN_GEOSPATIAL_DATA,DITWAH,2025-11-28 06:00:00,96,14,Deterministic mean-track,0.0,0.0,0.0
REAL_HUMANITARIAN_GEOSPATIAL_DATA,DITWAH,2025-11-28 06:00:00,96,14,P90 envelope,70209611.6878073,0.0,70209611.6878073
REAL_HUMANITARIAN_GEOSPATIAL_DATA,DITWAH,2025-11-28 06:00:00,96,14,Ensemble probability-weighted,341541.66451272945,0.0,341541.66451272945
REAL_HUMANITARIAN_GEOSPATIAL_DATA,DITWAH,2025-11-28 12:00:00,96,25,Deterministic mean-track,0.0,0.0,0.0
REAL_HUMANITARIAN_GEOSPATIAL_DATA,DITWAH,2025-11-28 12:00:00,96,25,P90 envelope,56569628.06004539,0.0,56569628.06004539
REAL_HUMANITARIAN_GEOSPATIAL_DATA,DITWAH,2025-11-28 12:00:00,96,25,Ensemble probability-weighted,57466.318865318346,0.0,57466.318865318346
REAL_HUMANITARIAN_GEOSPATIAL_DATA,DITWAH,2025-11-28 18:00:00,96,20,Deterministic mean-track,0.0,90372.25162857774,90372.25162857774
REAL_HUMANITARIAN_GEOSPATIAL_DATA,DITWAH,2025-11-28 18:00:00,96,20,P90 envelope,58290687.07572623,90372.25162857774,58200314.824097656
REAL_HUMANITARIAN_GEOSPATIAL_DATA,DITWAH,2025-11-28 18:00:00,96,20,Ensemble probability-weighted,125358.28138484906,90372.25162857774,34986.029756271324
REAL_HUMANITARIAN_GEOSPATIAL_DATA,DUDZAI,2026-01-15 06:00:00,96,51,Deterministic mean-track,0.0,0.0,0.0
REAL_HUMANITARIAN_GEOSPATIAL_DATA,DUDZAI,2026-01-15 06:00:00,96,51,P90 envelope,1343.7013546824455,0.0,1343.7013546824455
REAL_HUMANITARIAN_GEOSPATIAL_DATA,DUDZAI,2026-01-15 06:00:00,96,51,Ensemble probability-weighted,0.0,0.0,0.0
REAL_HUMANITARIAN_GEOSPATIAL_DATA,FINA,2025-11-18 18:00:00,96,51,Deterministic mean-track,0.0,0.0,0.0
REAL_HUMANITARIAN_GEOSPATIAL_DATA,FINA,2025-11-18 18:00:00,96,51,P90 envelope,36027.07244315786,0.0,36027.07244315786
REAL_HUMANITARIAN_GEOSPATIAL_DATA,FINA,2025-11-18 18:00:00,96,51,Ensemble probability-weighted,44.07404816178681,0.0,44.07404816178681
REAL_HUMANITARIAN_GEOSPATIAL_DATA,FINA,2025-11-19 00:00:00,96,51,Deterministic mean-track,0.0,0.045440356770996004,0.045440356770996004
REAL_HUMANITARIAN_GEOSPATIAL_DATA,FINA,2025-11-19 00:00:00,96,51,P90 envelope,32408.691438522037,0.045440356770996004,32408.645998165266
REAL_HUMANITARIAN_GEOSPATIAL_DATA,FINA,2025-11-19 00:00:00,96,51,Ensemble probability-weighted,402.29723730718706,0.045440356770996004,402.25179695041606
REAL_HUMANITARIAN_GEOSPATIAL_DATA,FINA,2025-11-19 06:00:00,96,51,Deterministic mean-track,0.0,0.0,0.0
REAL_HUMANITARIAN_GEOSPATIAL_DATA,FINA,2025-11-19 06:00:00,96,51,P90 envelope,36400.37712153569,0.0,36400.37712153569
REAL_HUMANITARIAN_GEOSPATIAL_DATA,FINA,2025-11-19 06:00:00,96,51,Ensemble probability-weighted,379.88064391619,0.0,379.88064391619
REAL_HUMANITARIAN_GEOSPATIAL_DATA,FINA,2025-11-19 12:00:00,96,51,Deterministic mean-track,0.0,0.0,0.0
REAL_HUMANITARIAN_GEOSPATIAL_DATA,FINA,2025-11-19 12:00:00,96,51,P90 envelope,34167.89508168676,0.0,34167.89508168676
REAL_HUMANITARIAN_GEOSPATIAL_DATA,FINA,2025-11-19 12:00:00,96,51,Ensemble probability-weighted,0.35362239892918834,0.0,0.35362239892918834
REAL_HUMANITARIAN_GEOSPATIAL_DATA,FINA,2025-11-19 18:00:00,96,51,Deterministic mean-track,0.0,0.0,0.0
REAL_HUMANITARIAN_GEOSPATIAL_DATA,FINA,2025-11-19 18:00:00,96,51,P90 envelope,31393.859193146764,0.0,31393.859193146764
REAL_HUMANITARIAN_GEOSPATIAL_DATA,FINA,2025-11-19 18:00:00,96,51,Ensemble probability-weighted,5.643052884322249,0.0,5.643052884322249
REAL_HUMANITARIAN_GEOSPATIAL_DATA,FINA,2025-11-20 00:00:00,96,51,Deterministic mean-track,0.004267009440809488,0.1337494378194607,0.1294824283786512
REAL_HUMANITARIAN_GEOSPATIAL_DATA,FINA,2025-11-20 00:00:00,96,51,P90 envelope,13070.440347183692,0.1337494378194607,13070.306597745872
REAL_HUMANITARIAN_GEOSPATIAL_DATA,FINA,2025-11-20 00:00:00,96,51,Ensemble probability-weighted,191.47151757230606,0.1337494378194607,191.3377681344866
REAL_HUMANITARIAN_GEOSPATIAL_DATA,FINA,2025-11-20 06:00:00,96,51,Deterministic mean-track,0.0,0.0,0.0
REAL_HUMANITARIAN_GEOSPATIAL_DATA,FINA,2025-11-20 06:00:00,96,51,P90 envelope,464.560613070985,0.0,464.560613070985
REAL_HUMANITARIAN_GEOSPATIAL_DATA,FINA,2025-11-20 06:00:00,96,51,Ensemble probability-weighted,1.4472769077930159,0.0,1.4472769077930159
REAL_HUMANITARIAN_GEOSPATIAL_DATA,FINA,2025-11-20 12:00:00,96,51,Deterministic mean-track,0.4949953232089684,0.0,0.4949953232089684
REAL_HUMANITARIAN_GEOSPATIAL_DATA,FINA,2025-11-20 12:00:00,96,51,P90 envelope,450.19402677772746,0.0,450.19402677772746
REAL_HUMANITARIAN_GEOSPATIAL_DATA,FINA,2025-11-20 12:00:00,96,51,Ensemble probability-weighted,0.75198016383249,0.0,0.75198016383249
REAL_HUMANITARIAN_GEOSPATIAL_DATA,FINA,2025-11-20 18:00:00,96,51,Deterministic mean-track,0.4949953232089684,0.0,0.4949953232089684
REAL_HUMANITARIAN_GEOSPATIAL_DATA,FINA,2025-11-20 18:00:00,96,51,P90 envelope,454.8812429977927,0.0,454.8812429977927
REAL_HUMANITARIAN_GEOSPATIAL_DATA,FINA,2025-11-20 18:00:00,96,51,Ensemble probability-weighted,0.6424329108306962,0.0,0.6424329108306962
REAL_HUMANITARIAN_GEOSPATIAL_DATA,FINA,2025-11-21 00:00:00,96,50,Deterministic mean-track,0.0,8.062700479216785,8.062700479216785
REAL_HUMANITARIAN_GEOSPATIAL_DATA,FINA,2025-11-21 00:00:00,96,50,P90 envelope,476.3085386736259,8.062700479216785,468.2458381944091
REAL_HUMANITARIAN_GEOSPATIAL_DATA,FINA,2025-11-21 00:00:00,96,50,Ensemble probability-weighted,3.5727308965658016,8.062700479216785,4.489969582650984
REAL_HUMANITARIAN_GEOSPATIAL_DATA,FINA,2025-11-21 06:00:00,96,45,Deterministic mean-track,0.0,0.0,0.0
REAL_HUMANITARIAN_GEOSPATIAL_DATA,FINA,2025-11-21 06:00:00,96,45,P90 envelope,565.3531765465015,0.0,565.3531765465015
REAL_HUMANITARIAN_GEOSPATIAL_DATA,FINA,2025-11-21 06:00:00,96,45,Ensemble probability-weighted,4.65419628053918,0.0,4.65419628053918
REAL_HUMANITARIAN_GEOSPATIAL_DATA,FUNG-WONG,2025-11-05 18:00:00,96,50,Deterministic mean-track,0.0,262280.98083442403,262280.98083442403
REAL_HUMANITARIAN_GEOSPATIAL_DATA,FUNG-WONG,2025-11-05 18:00:00,96,50,P90 envelope,20757765.878607273,262280.98083442403,20495484.89777285
REAL_HUMANITARIAN_GEOSPATIAL_DATA,FUNG-WONG,2025-11-05 18:00:00,96,50,Ensemble probability-weighted,107066.19774708887,262280.98083442403,155214.78308733518
REAL_HUMANITARIAN_GEOSPATIAL_DATA,FUNG-WONG,2025-11-06 00:00:00,96,47,Deterministic mean-track,0.0,0.0,0.0
REAL_HUMANITARIAN_GEOSPATIAL_DATA,FUNG-WONG,2025-11-06 00:00:00,96,47,P90 envelope,18660266.72364602,0.0,18660266.72364602
REAL_HUMANITARIAN_GEOSPATIAL_DATA,FUNG-WONG,2025-11-06 00:00:00,96,47,Ensemble probability-weighted,28416.947581395947,0.0,28416.947581395947
REAL_HUMANITARIAN_GEOSPATIAL_DATA,FUNG-WONG,2025-11-06 06:00:00,96,49,Deterministic mean-track,0.0,0.0,0.0
REAL_HUMANITARIAN_GEOSPATIAL_DATA,FUNG-WONG,2025-11-06 06:00:00,96,49,P90 envelope,11209125.889984963,0.0,11209125.889984963
REAL_HUMANITARIAN_GEOSPATIAL_DATA,FUNG-WONG,2025-11-06 06:00:00,96,49,Ensemble probability-weighted,21596.830021067282,0.0,21596.830021067282
REAL_HUMANITARIAN_GEOSPATIAL_DATA,FUNG-WONG,2025-11-06 12:00:00,96,51,Deterministic mean-track,0.0,0.0,0.0
REAL_HUMANITARIAN_GEOSPATIAL_DATA,FUNG-WONG,2025-11-06 12:00:00,96,51,P90 envelope,5252670.445276555,0.0,5252670.445276555
REAL_HUMANITARIAN_GEOSPATIAL_DATA,FUNG-WONG,2025-11-06 12:00:00,96,51,Ensemble probability-weighted,9956.40438543642,0.0,9956.40438543642
REAL_HUMANITARIAN_GEOSPATIAL_DATA,FUNG-WONG,2025-11-06 18:00:00,96,51,Deterministic mean-track,0.0,0.0,0.0
REAL_HUMANITARIAN_GEOSPATIAL_DATA,FUNG-WONG,2025-11-06 18:00:00,96,51,P90 envelope,11211474.20813575,0.0,11211474.20813575
REAL_HUMANITARIAN_GEOSPATIAL_DATA,FUNG-WONG,2025-11-06 18:00:00,96,51,Ensemble probability-weighted,7733.860957418075,0.0,7733.860957418075
REAL_HUMANITARIAN_GEOSPATIAL_DATA,FUNG-WONG,2025-11-07 00:00:00,96,51,Deterministic mean-track,0.0,0.0,0.0
REAL_HUMANITARIAN_GEOSPATIAL_DATA,FUNG-WONG,2025-11-07 00:00:00,96,51,P90 envelope,1019564.6250154263,0.0,1019564.6250154263
REAL_HUMANITARIAN_GEOSPATIAL_DATA,FUNG-WONG,2025-11-07 00:00:00,96,51,Ensemble probability-weighted,9.084053183084025,0.0,9.084053183084025
REAL_HUMANITARIAN_GEOSPATIAL_DATA,FUNG-WONG,2025-11-07 06:00:00,96,51,Deterministic mean-track,0.0,0.0,0.0
REAL_HUMANITARIAN_GEOSPATIAL_DATA,FUNG-WONG,2025-11-07 06:00:00,96,51,P90 envelope,374280.9318963403,0.0,374280.9318963403
REAL_HUMANITARIAN_GEOSPATIAL_DATA,FUNG-WONG,2025-11-07 06:00:00,96,51,Ensemble probability-weighted,0.0,0.0,0.0
REAL_HUMANITARIAN_GEOSPATIAL_DATA,FUNG-WONG,2025-11-07 12:00:00,96,50,Deterministic mean-track,0.0,0.0,0.0
REAL_HUMANITARIAN_GEOSPATIAL_DATA,FUNG-WONG,2025-11-07 12:00:00,96,50,P90 envelope,447532.18832898507,0.0,447532.18832898507
REAL_HUMANITARIAN_GEOSPATIAL_DATA,FUNG-WONG,2025-11-07 12:00:00,96,50,Ensemble probability-weighted,438.93265890389705,0.0,438.93265890389705
REAL_HUMANITARIAN_GEOSPATIAL_DATA,FUNG-WONG,2025-11-07 18:00:00,96,51,Deterministic mean-track,0.0,0.0,0.0
REAL_HUMANITARIAN_GEOSPATIAL_DATA,FUNG-WONG,2025-11-07 18:00:00,96,51,P90 envelope,405091.71596582595,0.0,405091.71596582595
REAL_HUMANITARIAN_GEOSPATIAL_DATA,FUNG-WONG,2025-11-07 18:00:00,96,51,Ensemble probability-weighted,0.0,0.0,0.0
REAL_HUMANITARIAN_GEOSPATIAL_DATA,FUNG-WONG,2025-11-08 00:00:00,96,50,Deterministic mean-track,0.0,0.0,0.0
REAL_HUMANITARIAN_GEOSPATIAL_DATA,FUNG-WONG,2025-11-08 00:00:00,96,50,P90 envelope,10661175.620517205,0.0,10661175.620517205
REAL_HUMANITARIAN_GEOSPATIAL_DATA,FUNG-WONG,2025-11-08 00:00:00,96,50,Ensemble probability-weighted,114.55993900299063,0.0,114.55993900299063
REAL_HUMANITARIAN_GEOSPATIAL_DATA,FUNG-WONG,2025-11-08 06:00:00,96,51,Deterministic mean-track,0.0,0.0,0.0
REAL_HUMANITARIAN_GEOSPATIAL_DATA,FUNG-WONG,2025-11-08 06:00:00,96,51,P90 envelope,12381729.460439796,0.0,12381729.460439796
REAL_HUMANITARIAN_GEOSPATIAL_DATA,FUNG-WONG,2025-11-08 06:00:00,96,51,Ensemble probability-weighted,45626.40639779274,0.0,45626.40639779274
REAL_HUMANITARIAN_GEOSPATIAL_DATA,FUNG-WONG,2025-11-08 12:00:00,96,50,Deterministic mean-track,0.0,0.0,0.0
REAL_HUMANITARIAN_GEOSPATIAL_DATA,FUNG-WONG,2025-11-08 12:00:00,96,50,P90 envelope,23517291.353339545,0.0,23517291.353339545
REAL_HUMANITARIAN_GEOSPATIAL_DATA,FUNG-WONG,2025-11-08 12:00:00,96,50,Ensemble probability-weighted,34308.908720105275,0.0,34308.908720105275
REAL_HUMANITARIAN_GEOSPATIAL_DATA,FUNG-WONG,2025-11-08 18:00:00,96,50,Deterministic mean-track,8809.50365769863,0.0,8809.50365769863
REAL_HUMANITARIAN_GEOSPATIAL_DATA,FUNG-WONG,2025-11-08 18:00:00,96,50,P90 envelope,23517291.353339545,0.0,23517291.353339545
REAL_HUMANITARIAN_GEOSPATIAL_DATA,FUNG-WONG,2025-11-08 18:00:00,96,50,Ensemble probability-weighted,274325.57241450297,0.0,274325.57241450297
REAL_HUMANITARIAN_GEOSPATIAL_DATA,FUNG-WONG,2025-11-09 00:00:00,96,47,Deterministic mean-track,0.0,396.0176171660423,396.0176171660423
REAL_HUMANITARIAN_GEOSPATIAL_DATA,FUNG-WONG,2025-11-09 00:00:00,96,47,P90 envelope,18705526.88890808,396.0176171660423,18705130.871290915
REAL_HUMANITARIAN_GEOSPATIAL_DATA,FUNG-WONG,2025-11-09 00:00:00,96,47,Ensemble probability-weighted,43411.38044656279,396.0176171660423,43015.36282939675
REAL_HUMANITARIAN_GEOSPATIAL_DATA,FUNG-WONG,2025-11-09 06:00:00,96,39,Deterministic mean-track,0.0,0.0,0.0
REAL_HUMANITARIAN_GEOSPATIAL_DATA,FUNG-WONG,2025-11-09 06:00:00,96,39,P90 envelope,16104345.341526678,0.0,16104345.341526678
REAL_HUMANITARIAN_GEOSPATIAL_DATA,FUNG-WONG,2025-11-09 06:00:00,96,39,Ensemble probability-weighted,4352.9600895791755,0.0,4352.9600895791755
REAL_HUMANITARIAN_GEOSPATIAL_DATA,FUNG-WONG,2025-11-09 12:00:00,96,32,Deterministic mean-track,0.0,0.0,0.0
REAL_HUMANITARIAN_GEOSPATIAL_DATA,FUNG-WONG,2025-11-09 12:00:00,96,32,P90 envelope,14026783.069177363,0.0,14026783.069177363
REAL_HUMANITARIAN_GEOSPATIAL_DATA,FUNG-WONG,2025-11-09 12:00:00,96,32,Ensemble probability-weighted,5563.024521552556,0.0,5563.024521552556
REAL_HUMANITARIAN_GEOSPATIAL_DATA,FUNG-WONG,2025-11-09 18:00:00,96,30,Deterministic mean-track,0.0,0.0,0.0
REAL_HUMANITARIAN_GEOSPATIAL_DATA,FUNG-WONG,2025-11-09 18:00:00,96,30,P90 envelope,344633.64031777455,0.0,344633.64031777455
REAL_HUMANITARIAN_GEOSPATIAL_DATA,FUNG-WONG,2025-11-09 18:00:00,96,30,Ensemble probability-weighted,415.25640979794184,0.0,415.25640979794184
REAL_HUMANITARIAN_GEOSPATIAL_DATA,GEZANI,2026-02-10 00:00:00,96,46,Deterministic mean-track,0.0,0.0,0.0
REAL_HUMANITARIAN_GEOSPATIAL_DATA,GEZANI,2026-02-10 00:00:00,96,46,P90 envelope,1251281.8802546067,0.0,1251281.8802546067
REAL_HUMANITARIAN_GEOSPATIAL_DATA,GEZANI,2026-02-10 00:00:00,96,46,Ensemble probability-weighted,2159.624501896859,0.0,2159.624501896859
REAL_HUMANITARIAN_GEOSPATIAL_DATA,GEZANI,2026-02-10 06:00:00,96,48,Deterministic mean-track,0.0,0.0,0.0
REAL_HUMANITARIAN_GEOSPATIAL_DATA,GEZANI,2026-02-10 06:00:00,96,48,P90 envelope,1770478.713628191,0.0,1770478.713628191
REAL_HUMANITARIAN_GEOSPATIAL_DATA,GEZANI,2026-02-10 06:00:00,96,48,Ensemble probability-weighted,6531.756001888549,0.0,6531.756001888549
REAL_HUMANITARIAN_GEOSPATIAL_DATA,GEZANI,2026-02-10 12:00:00,96,49,Deterministic mean-track,0.0,0.0,0.0
REAL_HUMANITARIAN_GEOSPATIAL_DATA,GEZANI,2026-02-10 12:00:00,96,49,P90 envelope,1819655.0325582505,0.0,1819655.0325582505
REAL_HUMANITARIAN_GEOSPATIAL_DATA,GEZANI,2026-02-10 12:00:00,96,49,Ensemble probability-weighted,571.5850009224872,0.0,571.5850009224872
REAL_HUMANITARIAN_GEOSPATIAL_DATA,GEZANI,2026-02-10 18:00:00,96,49,Deterministic mean-track,0.0,0.0,0.0
REAL_HUMANITARIAN_GEOSPATIAL_DATA,GEZANI,2026-02-10 18:00:00,96,49,P90 envelope,1569949.8789209458,0.0,1569949.8789209458
REAL_HUMANITARIAN_GEOSPATIAL_DATA,GEZANI,2026-02-10 18:00:00,96,49,Ensemble probability-weighted,2231.7050175786176,0.0,2231.7050175786176
REAL_HUMANITARIAN_GEOSPATIAL_DATA,GEZANI,2026-02-11 00:00:00,96,49,Deterministic mean-track,0.0,0.0,0.0
REAL_HUMANITARIAN_GEOSPATIAL_DATA,GEZANI,2026-02-11 00:00:00,96,49,P90 envelope,1849790.1107862473,0.0,1849790.1107862473
REAL_HUMANITARIAN_GEOSPATIAL_DATA,GEZANI,2026-02-11 00:00:00,96,49,Ensemble probability-weighted,13857.729417039545,0.0,13857.729417039545
REAL_HUMANITARIAN_GEOSPATIAL_DATA,GEZANI,2026-02-11 06:00:00,96,51,Deterministic mean-track,0.0,0.0,0.0
REAL_HUMANITARIAN_GEOSPATIAL_DATA,GEZANI,2026-02-11 06:00:00,96,51,P90 envelope,1696704.0660999857,0.0,1696704.0660999857
REAL_HUMANITARIAN_GEOSPATIAL_DATA,GEZANI,2026-02-11 06:00:00,96,51,Ensemble probability-weighted,10295.731659767938,0.0,10295.731659767938
REAL_HUMANITARIAN_GEOSPATIAL_DATA,GEZANI,2026-02-11 12:00:00,96,51,Deterministic mean-track,0.0,0.0,0.0
REAL_HUMANITARIAN_GEOSPATIAL_DATA,GEZANI,2026-02-11 12:00:00,96,51,P90 envelope,1678051.8403654278,0.0,1678051.8403654278
REAL_HUMANITARIAN_GEOSPATIAL_DATA,GEZANI,2026-02-11 12:00:00,96,51,Ensemble probability-weighted,8810.001195081577,0.0,8810.001195081577
REAL_HUMANITARIAN_GEOSPATIAL_DATA,GEZANI,2026-02-11 18:00:00,96,51,Deterministic mean-track,0.0,0.0,0.0
REAL_HUMANITARIAN_GEOSPATIAL_DATA,GEZANI,2026-02-11 18:00:00,96,51,P90 envelope,1973409.1933338596,0.0,1973409.1933338596
REAL_HUMANITARIAN_GEOSPATIAL_DATA,GEZANI,2026-02-11 18:00:00,96,51,Ensemble probability-weighted,1691.2024383486512,0.0,1691.2024383486512
REAL_HUMANITARIAN_GEOSPATIAL_DATA,GEZANI,2026-02-12 00:00:00,96,51,Deterministic mean-track,0.0,0.0,0.0
REAL_HUMANITARIAN_GEOSPATIAL_DATA,GEZANI,2026-02-12 00:00:00,96,51,P90 envelope,2111774.426666497,0.0,2111774.426666497
REAL_HUMANITARIAN_GEOSPATIAL_DATA,GEZANI,2026-02-12 00:00:00,96,51,Ensemble probability-weighted,0.0,0.0,0.0
REAL_HUMANITARIAN_GEOSPATIAL_DATA,GEZANI,2026-02-12 06:00:00,96,48,Deterministic mean-track,0.0,0.0,0.0
REAL_HUMANITARIAN_GEOSPATIAL_DATA,GEZANI,2026-02-12 06:00:00,96,48,P90 envelope,5267738.051487001,0.0,5267738.051487001
REAL_HUMANITARIAN_GEOSPATIAL_DATA,GEZANI,2026-02-12 06:00:00,96,48,Ensemble probability-weighted,19182.274952219854,0.0,19182.274952219854
REAL_HUMANITARIAN_GEOSPATIAL_DATA,GEZANI,2026-02-12 12:00:00,96,51,Deterministic mean-track,0.0,0.0,0.0
REAL_HUMANITARIAN_GEOSPATIAL_DATA,GEZANI,2026-02-12 12:00:00,96,51,P90 envelope,3777122.5395822213,0.0,3777122.5395822213
REAL_HUMANITARIAN_GEOSPATIAL_DATA,GEZANI,2026-02-12 12:00:00,96,51,Ensemble probability-weighted,9670.63189954762,0.0,9670.63189954762
REAL_HUMANITARIAN_GEOSPATIAL_DATA,GEZANI,2026-02-12 18:00:00,96,51,Deterministic mean-track,0.0,0.0,0.0
REAL_HUMANITARIAN_GEOSPATIAL_DATA,GEZANI,2026-02-12 18:00:00,96,51,P90 envelope,2874265.393734928,0.0,2874265.393734928
REAL_HUMANITARIAN_GEOSPATIAL_DATA,GEZANI,2026-02-12 18:00:00,96,51,Ensemble probability-weighted,0.0,0.0,0.0
REAL_HUMANITARIAN_GEOSPATIAL_DATA,GEZANI,2026-02-13 00:00:00,96,51,Deterministic mean-track,0.0,0.0,0.0
REAL_HUMANITARIAN_GEOSPATIAL_DATA,GEZANI,2026-02-13 00:00:00,96,51,P90 envelope,9182637.475314487,0.0,9182637.475314487
REAL_HUMANITARIAN_GEOSPATIAL_DATA,GEZANI,2026-02-13 00:00:00,96,51,Ensemble probability-weighted,2028.917826404753,0.0,2028.917826404753
REAL_HUMANITARIAN_GEOSPATIAL_DATA,GEZANI,2026-02-13 06:00:00,96,50,Deterministic mean-track,0.0,0.0,0.0
REAL_HUMANITARIAN_GEOSPATIAL_DATA,GEZANI,2026-02-13 06:00:00,96,50,P90 envelope,5013739.62349263,0.0,5013739.62349263
REAL_HUMANITARIAN_GEOSPATIAL_DATA,GEZANI,2026-02-13 06:00:00,96,50,Ensemble probability-weighted,13966.4631548221,0.0,13966.4631548221
REAL_HUMANITARIAN_GEOSPATIAL_DATA,GEZANI,2026-02-13 12:00:00,96,46,Deterministic mean-track,0.0,0.0,0.0
REAL_HUMANITARIAN_GEOSPATIAL_DATA,GEZANI,2026-02-13 12:00:00,96,46,P90 envelope,5549631.507566675,0.0,5549631.507566675
REAL_HUMANITARIAN_GEOSPATIAL_DATA,GEZANI,2026-02-13 12:00:00,96,46,Ensemble probability-weighted,12822.009966163198,0.0,12822.009966163198
REAL_HUMANITARIAN_GEOSPATIAL_DATA,GEZANI,2026-02-13 18:00:00,96,51,Deterministic mean-track,0.0,0.0,0.0
REAL_HUMANITARIAN_GEOSPATIAL_DATA,GEZANI,2026-02-13 18:00:00,96,51,P90 envelope,2093456.8994071502,0.0,2093456.8994071502
REAL_HUMANITARIAN_GEOSPATIAL_DATA,GEZANI,2026-02-13 18:00:00,96,51,Ensemble probability-weighted,0.0,0.0,0.0
REAL_HUMANITARIAN_GEOSPATIAL_DATA,KALMAEGI,2025-11-01 12:00:00,96,50,Deterministic mean-track,0.0,0.0,0.0
REAL_HUMANITARIAN_GEOSPATIAL_DATA,KALMAEGI,2025-11-01 12:00:00,96,50,P90 envelope,25277674.760476254,0.0,25277674.760476254
REAL_HUMANITARIAN_GEOSPATIAL_DATA,KALMAEGI,2025-11-01 12:00:00,96,50,Ensemble probability-weighted,2177.9599347317967,0.0,2177.9599347317967
REAL_HUMANITARIAN_GEOSPATIAL_DATA,KALMAEGI,2025-11-01 18:00:00,96,51,Deterministic mean-track,0.0,0.0,0.0
REAL_HUMANITARIAN_GEOSPATIAL_DATA,KALMAEGI,2025-11-01 18:00:00,96,51,P90 envelope,6195780.908945083,0.0,6195780.908945083
REAL_HUMANITARIAN_GEOSPATIAL_DATA,KALMAEGI,2025-11-01 18:00:00,96,51,Ensemble probability-weighted,6754.455670204553,0.0,6754.455670204553
REAL_HUMANITARIAN_GEOSPATIAL_DATA,KALMAEGI,2025-11-02 00:00:00,96,50,Deterministic mean-track,0.0,0.0,0.0
REAL_HUMANITARIAN_GEOSPATIAL_DATA,KALMAEGI,2025-11-02 00:00:00,96,50,P90 envelope,1487903.147755319,0.0,1487903.147755319
REAL_HUMANITARIAN_GEOSPATIAL_DATA,KALMAEGI,2025-11-02 00:00:00,96,50,Ensemble probability-weighted,32932.61165686956,0.0,32932.61165686956
REAL_HUMANITARIAN_GEOSPATIAL_DATA,KALMAEGI,2025-11-02 12:00:00,96,50,Deterministic mean-track,0.0,0.0,0.0
REAL_HUMANITARIAN_GEOSPATIAL_DATA,KALMAEGI,2025-11-02 12:00:00,96,50,P90 envelope,6152450.976963951,0.0,6152450.976963951
REAL_HUMANITARIAN_GEOSPATIAL_DATA,KALMAEGI,2025-11-02 12:00:00,96,50,Ensemble probability-weighted,44945.91896478515,0.0,44945.91896478515
REAL_HUMANITARIAN_GEOSPATIAL_DATA,KALMAEGI,2025-11-02 18:00:00,96,50,Deterministic mean-track,0.0,0.0,0.0
REAL_HUMANITARIAN_GEOSPATIAL_DATA,KALMAEGI,2025-11-02 18:00:00,96,50,P90 envelope,8236593.773574717,0.0,8236593.773574717
REAL_HUMANITARIAN_GEOSPATIAL_DATA,KALMAEGI,2025-11-02 18:00:00,96,50,Ensemble probability-weighted,33270.39520274473,0.0,33270.39520274473
REAL_HUMANITARIAN_GEOSPATIAL_DATA,KALMAEGI,2025-11-03 00:00:00,96,49,Deterministic mean-track,93514.01112294168,0.0,93514.01112294168
REAL_HUMANITARIAN_GEOSPATIAL_DATA,KALMAEGI,2025-11-03 00:00:00,96,49,P90 envelope,15892146.485666031,0.0,15892146.485666031
REAL_HUMANITARIAN_GEOSPATIAL_DATA,KALMAEGI,2025-11-03 00:00:00,96,49,Ensemble probability-weighted,54609.72946390815,0.0,54609.72946390815
REAL_HUMANITARIAN_GEOSPATIAL_DATA,KALMAEGI,2025-11-03 06:00:00,96,50,Deterministic mean-track,94110.57509150429,0.0,94110.57509150429
REAL_HUMANITARIAN_GEOSPATIAL_DATA,KALMAEGI,2025-11-03 06:00:00,96,50,P90 envelope,12508141.920062233,0.0,12508141.920062233
REAL_HUMANITARIAN_GEOSPATIAL_DATA,KALMAEGI,2025-11-03 06:00:00,96,50,Ensemble probability-weighted,92126.67152312842,0.0,92126.67152312842
REAL_HUMANITARIAN_GEOSPATIAL_DATA,KALMAEGI,2025-11-03 12:00:00,96,51,Deterministic mean-track,0.0,0.0,0.0
REAL_HUMANITARIAN_GEOSPATIAL_DATA,KALMAEGI,2025-11-03 12:00:00,96,51,P90 envelope,17430814.505343582,0.0,17430814.505343582
REAL_HUMANITARIAN_GEOSPATIAL_DATA,KALMAEGI,2025-11-03 12:00:00,96,51,Ensemble probability-weighted,95082.9154518592,0.0,95082.9154518592
REAL_HUMANITARIAN_GEOSPATIAL_DATA,KALMAEGI,2025-11-03 18:00:00,96,50,Deterministic mean-track,489321.60226631135,0.0,489321.60226631135
REAL_HUMANITARIAN_GEOSPATIAL_DATA,KALMAEGI,2025-11-03 18:00:00,96,50,P90 envelope,21489880.992428176,0.0,21489880.992428176
REAL_HUMANITARIAN_GEOSPATIAL_DATA,KALMAEGI,2025-11-03 18:00:00,96,50,Ensemble probability-weighted,129186.59984176124,0.0,129186.59984176124
REAL_HUMANITARIAN_GEOSPATIAL_DATA,KOTO,2025-11-25 12:00:00,96,46,Deterministic mean-track,0.0,0.0,0.0
REAL_HUMANITARIAN_GEOSPATIAL_DATA,KOTO,2025-11-25 12:00:00,96,46,P90 envelope,1379727.276986347,0.0,1379727.276986347
REAL_HUMANITARIAN_GEOSPATIAL_DATA,KOTO,2025-11-25 12:00:00,96,46,Ensemble probability-weighted,12874.094552665922,0.0,12874.094552665922
REAL_HUMANITARIAN_GEOSPATIAL_DATA,KOTO,2025-11-25 18:00:00,96,50,Deterministic mean-track,0.0,0.0,0.0
REAL_HUMANITARIAN_GEOSPATIAL_DATA,KOTO,2025-11-25 18:00:00,96,50,P90 envelope,1379727.276986347,0.0,1379727.276986347
REAL_HUMANITARIAN_GEOSPATIAL_DATA,KOTO,2025-11-25 18:00:00,96,50,Ensemble probability-weighted,6039.626346164935,0.0,6039.626346164935
REAL_HUMANITARIAN_GEOSPATIAL_DATA,KOTO,2025-11-26 00:00:00,96,47,Deterministic mean-track,0.0,0.0,0.0
REAL_HUMANITARIAN_GEOSPATIAL_DATA,KOTO,2025-11-26 00:00:00,96,47,P90 envelope,1586016.4757799427,0.0,1586016.4757799427
REAL_HUMANITARIAN_GEOSPATIAL_DATA,KOTO,2025-11-26 00:00:00,96,47,Ensemble probability-weighted,5.4135261697972075,0.0,5.4135261697972075
REAL_HUMANITARIAN_GEOSPATIAL_DATA,KOTO,2025-11-26 06:00:00,96,51,Deterministic mean-track,0.0,0.0,0.0
REAL_HUMANITARIAN_GEOSPATIAL_DATA,KOTO,2025-11-26 06:00:00,96,51,P90 envelope,2433660.8169105574,0.0,2433660.8169105574
REAL_HUMANITARIAN_GEOSPATIAL_DATA,KOTO,2025-11-26 06:00:00,96,51,Ensemble probability-weighted,5921.202300161701,0.0,5921.202300161701
REAL_HUMANITARIAN_GEOSPATIAL_DATA,KOTO,2025-11-26 12:00:00,96,51,Deterministic mean-track,0.0,0.0,0.0
REAL_HUMANITARIAN_GEOSPATIAL_DATA,KOTO,2025-11-26 12:00:00,96,51,P90 envelope,2652310.388653629,0.0,2652310.388653629
REAL_HUMANITARIAN_GEOSPATIAL_DATA,KOTO,2025-11-26 12:00:00,96,51,Ensemble probability-weighted,10323.536082626,0.0,10323.536082626
REAL_HUMANITARIAN_GEOSPATIAL_DATA,KOTO,2025-11-26 18:00:00,96,51,Deterministic mean-track,0.0,0.0,0.0
REAL_HUMANITARIAN_GEOSPATIAL_DATA,KOTO,2025-11-26 18:00:00,96,51,P90 envelope,3500117.2649774924,0.0,3500117.2649774924
REAL_HUMANITARIAN_GEOSPATIAL_DATA,KOTO,2025-11-26 18:00:00,96,51,Ensemble probability-weighted,9427.173073852797,0.0,9427.173073852797
REAL_HUMANITARIAN_GEOSPATIAL_DATA,KOTO,2025-11-27 00:00:00,96,50,Deterministic mean-track,0.0,0.0,0.0
REAL_HUMANITARIAN_GEOSPATIAL_DATA,KOTO,2025-11-27 00:00:00,96,50,P90 envelope,681597.9973445162,0.0,681597.9973445162
REAL_HUMANITARIAN_GEOSPATIAL_DATA,KOTO,2025-11-27 00:00:00,96,50,Ensemble probability-weighted,12080.298347814964,0.0,12080.298347814964
REAL_HUMANITARIAN_GEOSPATIAL_DATA,KOTO,2025-11-27 06:00:00,96,50,Deterministic mean-track,0.0,0.0,0.0
REAL_HUMANITARIAN_GEOSPATIAL_DATA,KOTO,2025-11-27 06:00:00,96,50,P90 envelope,2165958.78254514,0.0,2165958.78254514
REAL_HUMANITARIAN_GEOSPATIAL_DATA,KOTO,2025-11-27 06:00:00,96,50,Ensemble probability-weighted,1575.2529952502255,0.0,1575.2529952502255
REAL_HUMANITARIAN_GEOSPATIAL_DATA,KOTO,2025-11-27 12:00:00,96,50,Deterministic mean-track,0.0,0.0,0.0
REAL_HUMANITARIAN_GEOSPATIAL_DATA,KOTO,2025-11-27 12:00:00,96,50,P90 envelope,4422305.340598002,0.0,4422305.340598002
REAL_HUMANITARIAN_GEOSPATIAL_DATA,KOTO,2025-11-27 12:00:00,96,50,Ensemble probability-weighted,16415.90745597305,0.0,16415.90745597305
REAL_HUMANITARIAN_GEOSPATIAL_DATA,KOTO,2025-11-27 18:00:00,96,50,Deterministic mean-track,0.0,0.0,0.0
REAL_HUMANITARIAN_GEOSPATIAL_DATA,KOTO,2025-11-27 18:00:00,96,50,P90 envelope,6212845.234596392,0.0,6212845.234596392
REAL_HUMANITARIAN_GEOSPATIAL_DATA,KOTO,2025-11-27 18:00:00,96,50,Ensemble probability-weighted,23333.35419307055,0.0,23333.35419307055
REAL_HUMANITARIAN_GEOSPATIAL_DATA,KOTO,2025-11-28 00:00:00,96,50,Deterministic mean-track,0.0,0.0,0.0
REAL_HUMANITARIAN_GEOSPATIAL_DATA,KOTO,2025-11-28 00:00:00,96,50,P90 envelope,2433695.6386034265,0.0,2433695.6386034265
REAL_HUMANITARIAN_GEOSPATIAL_DATA,KOTO,2025-11-28 00:00:00,96,50,Ensemble probability-weighted,1577.1447590078417,0.0,1577.1447590078417
REAL_HUMANITARIAN_GEOSPATIAL_DATA,KOTO,2025-11-28 06:00:00,96,41,Deterministic mean-track,0.0,0.0,0.0
REAL_HUMANITARIAN_GEOSPATIAL_DATA,KOTO,2025-11-28 06:00:00,96,41,P90 envelope,5594689.847981596,0.0,5594689.847981596
REAL_HUMANITARIAN_GEOSPATIAL_DATA,KOTO,2025-11-28 06:00:00,96,41,Ensemble probability-weighted,7766.291352466923,0.0,7766.291352466923
REAL_HUMANITARIAN_GEOSPATIAL_DATA,KOTO,2025-11-28 12:00:00,96,43,Deterministic mean-track,0.0,0.0,0.0
REAL_HUMANITARIAN_GEOSPATIAL_DATA,KOTO,2025-11-28 12:00:00,96,43,P90 envelope,4928382.599664683,0.0,4928382.599664683
REAL_HUMANITARIAN_GEOSPATIAL_DATA,KOTO,2025-11-28 12:00:00,96,43,Ensemble probability-weighted,26735.480428810733,0.0,26735.480428810733
REAL_HUMANITARIAN_GEOSPATIAL_DATA,KOTO,2025-11-28 18:00:00,96,40,Deterministic mean-track,0.0,0.0,0.0
REAL_HUMANITARIAN_GEOSPATIAL_DATA,KOTO,2025-11-28 18:00:00,96,40,P90 envelope,5286054.215325876,0.0,5286054.215325876
REAL_HUMANITARIAN_GEOSPATIAL_DATA,KOTO,2025-11-28 18:00:00,96,40,Ensemble probability-weighted,7954.958285350812,0.0,7954.958285350812
REAL_HUMANITARIAN_GEOSPATIAL_DATA,KOTO,2025-11-29 00:00:00,96,37,Deterministic mean-track,0.0,0.0,0.0
REAL_HUMANITARIAN_GEOSPATIAL_DATA,KOTO,2025-11-29 00:00:00,96,37,P90 envelope,4422305.340598002,0.0,4422305.340598002
REAL_HUMANITARIAN_GEOSPATIAL_DATA,KOTO,2025-11-29 00:00:00,96,37,Ensemble probability-weighted,15397.561462404,0.0,15397.561462404
REAL_HUMANITARIAN_GEOSPATIAL_DATA,KOTO,2025-11-29 06:00:00,96,37,Deterministic mean-track,0.0,0.0,0.0
REAL_HUMANITARIAN_GEOSPATIAL_DATA,KOTO,2025-11-29 06:00:00,96,37,P90 envelope,14839982.581850924,0.0,14839982.581850924
REAL_HUMANITARIAN_GEOSPATIAL_DATA,KOTO,2025-11-29 06:00:00,96,37,Ensemble probability-weighted,33978.13031962797,0.0,33978.13031962797
REAL_HUMANITARIAN_GEOSPATIAL_DATA,KOTO,2025-11-29 12:00:00,96,27,Deterministic mean-track,0.0,0.0,0.0
REAL_HUMANITARIAN_GEOSPATIAL_DATA,KOTO,2025-11-29 12:00:00,96,27,P90 envelope,26434224.48859846,0.0,26434224.48859846
REAL_HUMANITARIAN_GEOSPATIAL_DATA,KOTO,2025-11-29 12:00:00,96,27,Ensemble probability-weighted,9680.66442419975,0.0,9680.66442419975
REAL_HUMANITARIAN_GEOSPATIAL_DATA,MELISSA,2025-10-23 00:00:00,96,50,Deterministic mean-track,0.0,0.0,0.0
REAL_HUMANITARIAN_GEOSPATIAL_DATA,MELISSA,2025-10-23 00:00:00,96,50,P90 envelope,1558220.7918737298,0.0,1558220.7918737298
REAL_HUMANITARIAN_GEOSPATIAL_DATA,MELISSA,2025-10-23 00:00:00,96,50,Ensemble probability-weighted,2472.6357195456544,0.0,2472.6357195456544
REAL_HUMANITARIAN_GEOSPATIAL_DATA,MELISSA,2025-10-23 06:00:00,96,50,Deterministic mean-track,0.0,0.0,0.0
REAL_HUMANITARIAN_GEOSPATIAL_DATA,MELISSA,2025-10-23 06:00:00,96,50,P90 envelope,1509442.5436787952,0.0,1509442.5436787952
REAL_HUMANITARIAN_GEOSPATIAL_DATA,MELISSA,2025-10-23 06:00:00,96,50,Ensemble probability-weighted,11222.857184507398,0.0,11222.857184507398
REAL_HUMANITARIAN_GEOSPATIAL_DATA,MELISSA,2025-10-23 12:00:00,96,50,Deterministic mean-track,0.0,0.0,0.0
REAL_HUMANITARIAN_GEOSPATIAL_DATA,MELISSA,2025-10-23 12:00:00,96,50,P90 envelope,3335234.05988526,0.0,3335234.05988526
REAL_HUMANITARIAN_GEOSPATIAL_DATA,MELISSA,2025-10-23 12:00:00,96,50,Ensemble probability-weighted,1690.197462908168,0.0,1690.197462908168
REAL_HUMANITARIAN_GEOSPATIAL_DATA,MELISSA,2025-10-23 18:00:00,96,47,Deterministic mean-track,0.6090082451701164,0.0,0.6090082451701164
REAL_HUMANITARIAN_GEOSPATIAL_DATA,MELISSA,2025-10-23 18:00:00,96,47,P90 envelope,3332924.213318194,0.0,3332924.213318194
REAL_HUMANITARIAN_GEOSPATIAL_DATA,MELISSA,2025-10-23 18:00:00,96,47,Ensemble probability-weighted,22760.70079871263,0.0,22760.70079871263
REAL_HUMANITARIAN_GEOSPATIAL_DATA,MELISSA,2025-10-24 00:00:00,96,51,Deterministic mean-track,0.0,0.0,0.0
REAL_HUMANITARIAN_GEOSPATIAL_DATA,MELISSA,2025-10-24 00:00:00,96,51,P90 envelope,922618.4226393797,0.0,922618.4226393797
REAL_HUMANITARIAN_GEOSPATIAL_DATA,MELISSA,2025-10-24 00:00:00,96,51,Ensemble probability-weighted,411.35353740416,0.0,411.35353740416
REAL_HUMANITARIAN_GEOSPATIAL_DATA,MELISSA,2025-10-24 12:00:00,96,51,Deterministic mean-track,0.0,0.0,0.0
REAL_HUMANITARIAN_GEOSPATIAL_DATA,MELISSA,2025-10-24 12:00:00,96,51,P90 envelope,6505193.673657175,0.0,6505193.673657175
REAL_HUMANITARIAN_GEOSPATIAL_DATA,MELISSA,2025-10-24 12:00:00,96,51,Ensemble probability-weighted,1657.2335415340804,0.0,1657.2335415340804
REAL_HUMANITARIAN_GEOSPATIAL_DATA,MELISSA,2025-10-24 18:00:00,96,50,Deterministic mean-track,0.0,149876.12496933324,149876.12496933324
REAL_HUMANITARIAN_GEOSPATIAL_DATA,MELISSA,2025-10-24 18:00:00,96,50,P90 envelope,6664606.961336029,149876.12496933324,6514730.836366695
REAL_HUMANITARIAN_GEOSPATIAL_DATA,MELISSA,2025-10-24 18:00:00,96,50,Ensemble probability-weighted,5269.0029391819235,149876.12496933324,144607.1220301513
REAL_HUMANITARIAN_GEOSPATIAL_DATA,MELISSA,2025-10-25 00:00:00,96,50,Deterministic mean-track,0.0,84508.7490922212,84508.7490922212
REAL_HUMANITARIAN_GEOSPATIAL_DATA,MELISSA,2025-10-25 00:00:00,96,50,P90 envelope,7512141.7612813385,84508.7490922212,7427633.012189117
REAL_HUMANITARIAN_GEOSPATIAL_DATA,MELISSA,2025-10-25 00:00:00,96,50,Ensemble probability-weighted,35164.209761297345,84508.7490922212,49344.53933092386
REAL_HUMANITARIAN_GEOSPATIAL_DATA,MELISSA,2025-10-25 12:00:00,96,50,Deterministic mean-track,0.0,141187.0859000455,141187.0859000455
REAL_HUMANITARIAN_GEOSPATIAL_DATA,MELISSA,2025-10-25 12:00:00,96,50,P90 envelope,7505947.476041466,141187.0859000455,7364760.39014142
REAL_HUMANITARIAN_GEOSPATIAL_DATA,MELISSA,2025-10-25 12:00:00,96,50,Ensemble probability-weighted,8271.950880747325,141187.0859000455,132915.13501929818
REAL_HUMANITARIAN_GEOSPATIAL_DATA,MELISSA,2025-10-25 18:00:00,96,50,Deterministic mean-track,0.0,0.0,0.0
REAL_HUMANITARIAN_GEOSPATIAL_DATA,MELISSA,2025-10-25 18:00:00,96,50,P90 envelope,7506230.141051793,0.0,7506230.141051793
REAL_HUMANITARIAN_GEOSPATIAL_DATA,MELISSA,2025-10-25 18:00:00,96,50,Ensemble probability-weighted,7629.085261769769,0.0,7629.085261769769
REAL_HUMANITARIAN_GEOSPATIAL_DATA,MELISSA,2025-10-26 00:00:00,96,50,Deterministic mean-track,0.0,0.0,0.0
REAL_HUMANITARIAN_GEOSPATIAL_DATA,MELISSA,2025-10-26 00:00:00,96,50,P90 envelope,6028108.792053379,0.0,6028108.792053379
REAL_HUMANITARIAN_GEOSPATIAL_DATA,MELISSA,2025-10-26 00:00:00,96,50,Ensemble probability-weighted,610.722247982263,0.0,610.722247982263
REAL_HUMANITARIAN_GEOSPATIAL_DATA,MELISSA,2025-10-26 06:00:00,96,50,Deterministic mean-track,0.0,0.0,0.0
REAL_HUMANITARIAN_GEOSPATIAL_DATA,MELISSA,2025-10-26 06:00:00,96,50,P90 envelope,5275204.265447873,0.0,5275204.265447873
REAL_HUMANITARIAN_GEOSPATIAL_DATA,MELISSA,2025-10-26 06:00:00,96,50,Ensemble probability-weighted,6514.0212159428065,0.0,6514.0212159428065
REAL_HUMANITARIAN_GEOSPATIAL_DATA,MELISSA,2025-10-26 12:00:00,96,50,Deterministic mean-track,0.0,0.0,0.0
REAL_HUMANITARIAN_GEOSPATIAL_DATA,MELISSA,2025-10-26 12:00:00,96,50,P90 envelope,2342421.142815278,0.0,2342421.142815278
REAL_HUMANITARIAN_GEOSPATIAL_DATA,MELISSA,2025-10-26 12:00:00,96,50,Ensemble probability-weighted,7640.286048797969,0.0,7640.286048797969
REAL_HUMANITARIAN_GEOSPATIAL_DATA,MELISSA,2025-10-26 18:00:00,96,50,Deterministic mean-track,0.0,0.0,0.0
REAL_HUMANITARIAN_GEOSPATIAL_DATA,MELISSA,2025-10-26 18:00:00,96,50,P90 envelope,11000.452939466693,0.0,11000.452939466693
REAL_HUMANITARIAN_GEOSPATIAL_DATA,MELISSA,2025-10-26 18:00:00,96,50,Ensemble probability-weighted,11.872617152016609,0.0,11.872617152016609
REAL_HUMANITARIAN_GEOSPATIAL_DATA,MELISSA,2025-10-27 00:00:00,96,51,Deterministic mean-track,0.0,0.0,0.0
REAL_HUMANITARIAN_GEOSPATIAL_DATA,MELISSA,2025-10-27 00:00:00,96,51,P90 envelope,0.0,0.0,0.0
REAL_HUMANITARIAN_GEOSPATIAL_DATA,MELISSA,2025-10-27 00:00:00,96,51,Ensemble probability-weighted,0.0,0.0,0.0
REAL_HUMANITARIAN_GEOSPATIAL_DATA,MELISSA,2025-10-27 06:00:00,96,51,Deterministic mean-track,0.0,0.0,0.0
REAL_HUMANITARIAN_GEOSPATIAL_DATA,MELISSA,2025-10-27 06:00:00,96,51,P90 envelope,15514.750114873068,0.0,15514.750114873068
REAL_HUMANITARIAN_GEOSPATIAL_DATA,MELISSA,2025-10-27 06:00:00,96,51,Ensemble probability-weighted,7.282836079597473,0.0,7.282836079597473
REAL_HUMANITARIAN_GEOSPATIAL_DATA,MELISSA,2025-10-27 12:00:00,96,51,Deterministic mean-track,0.0,0.0,0.0
REAL_HUMANITARIAN_GEOSPATIAL_DATA,MELISSA,2025-10-27 12:00:00,96,51,P90 envelope,15514.750114873068,0.0,15514.750114873068
REAL_HUMANITARIAN_GEOSPATIAL_DATA,MELISSA,2025-10-27 12:00:00,96,51,Ensemble probability-weighted,0.0,0.0,0.0
REAL_HUMANITARIAN_GEOSPATIAL_DATA,MELISSA,2025-10-27 18:00:00,96,51,Deterministic mean-track,0.0,0.0,0.0
REAL_HUMANITARIAN_GEOSPATIAL_DATA,MELISSA,2025-10-27 18:00:00,96,51,P90 envelope,0.0,0.0,0.0
REAL_HUMANITARIAN_GEOSPATIAL_DATA,MELISSA,2025-10-27 18:00:00,96,51,Ensemble probability-weighted,0.0,0.0,0.0
REAL_HUMANITARIAN_GEOSPATIAL_DATA,MELISSA,2025-10-28 00:00:00,96,51,Deterministic mean-track,0.0,0.0,0.0
REAL_HUMANITARIAN_GEOSPATIAL_DATA,MELISSA,2025-10-28 00:00:00,96,51,P90 envelope,452.2606349457053,0.0,452.2606349457053
REAL_HUMANITARIAN_GEOSPATIAL_DATA,MELISSA,2025-10-28 00:00:00,96,51,Ensemble probability-weighted,0.0,0.0,0.0
REAL_HUMANITARIAN_GEOSPATIAL_DATA,MELISSA,2025-10-28 06:00:00,96,51,Deterministic mean-track,0.0,0.0,0.0
REAL_HUMANITARIAN_GEOSPATIAL_DATA,MELISSA,2025-10-28 06:00:00,96,51,P90 envelope,63162.0436490498,0.0,63162.0436490498
REAL_HUMANITARIAN_GEOSPATIAL_DATA,MELISSA,2025-10-28 06:00:00,96,51,Ensemble probability-weighted,77.28935660905219,0.0,77.28935660905219
REAL_HUMANITARIAN_GEOSPATIAL_DATA,NOKAEN,2026-01-15 06:00:00,96,43,Deterministic mean-track,0.0,0.0,0.0
REAL_HUMANITARIAN_GEOSPATIAL_DATA,NOKAEN,2026-01-15 06:00:00,96,43,P90 envelope,27564909.735658396,0.0,27564909.735658396
REAL_HUMANITARIAN_GEOSPATIAL_DATA,NOKAEN,2026-01-15 06:00:00,96,43,Ensemble probability-weighted,12138.820829577911,0.0,12138.820829577911
REAL_HUMANITARIAN_GEOSPATIAL_DATA,SONIA,2025-10-25 12:00:00,96,25,Deterministic mean-track,0.0,0.0,0.0
REAL_HUMANITARIAN_GEOSPATIAL_DATA,SONIA,2025-10-25 12:00:00,96,25,P90 envelope,0.0,0.0,0.0
REAL_HUMANITARIAN_GEOSPATIAL_DATA,SONIA,2025-10-25 12:00:00,96,25,Ensemble probability-weighted,0.0,0.0,0.0
REAL_HUMANITARIAN_GEOSPATIAL_DATA,SONIA,2025-10-25 18:00:00,96,20,Deterministic mean-track,0.0,0.0,0.0
REAL_HUMANITARIAN_GEOSPATIAL_DATA,SONIA,2025-10-25 18:00:00,96,20,P90 envelope,0.0,0.0,0.0
REAL_HUMANITARIAN_GEOSPATIAL_DATA,SONIA,2025-10-25 18:00:00,96,20,Ensemble probability-weighted,0.0,0.0,0.0
