marker,cyclone_id,forecast_time,horizon_h,member_count,domain_cell_count,realized_event_cell_count,estimator,brier_score
REAL_HUMANITARIAN_GEOSPATIAL_DATA,DITWAH,2025-11-27 12:00:00,6,51,112,0,Deterministic mean-track,0.008928571428571428
REAL_HUMANITARIAN_GEOSPATIAL_DATA,DITWAH,2025-11-27 12:00:00,6,51,112,0,P90 envelope,0.11607142857142858
REAL_HUMANITARIAN_GEOSPATIAL_DATA,DITWAH,2025-11-27 12:00:00,6,51,112,0,Ensemble probability-weighted,0.0003570055473169661
REAL_HUMANITARIAN_GEOSPATIAL_DATA,DITWAH,2025-11-27 18:00:00,6,51,112,1,Deterministic mean-track,0.008928571428571428
REAL_HUMANITARIAN_GEOSPATIAL_DATA,DITWAH,2025-11-27 18:00:00,6,51,112,1,P90 envelope,0.16071428571428573
REAL_HUMANITARIAN_GEOSPATIAL_DATA,DITWAH,2025-11-27 18:00:00,6,51,112,1,Ensemble probability-weighted,0.009031553797989785
REAL_HUMANITARIAN_GEOSPATIAL_DATA,DITWAH,2025-11-28 00:00:00,6,51,112,1,Deterministic mean-track,0.008928571428571428
REAL_HUMANITARIAN_GEOSPATIAL_DATA,DITWAH,2025-11-28 00:00:00,6,51,112,1,P90 envelope,0.11607142857142858
REAL_HUMANITARIAN_GEOSPATIAL_DATA,DITWAH,2025-11-28 00:00:00,6,51,112,1,Ensemble probability-weighted,0.007641291810841985
REAL_HUMANITARIAN_GEOSPATIAL_DATA,DITWAH,2025-11-28 06:00:00,6,51,120,0,Deterministic mean-track,0.0
REAL_HUMANITARIAN_GEOSPATIAL_DATA,DITWAH,2025-11-28 06:00:00,6,51,120,0,P90 envelope,0.15
REAL_HUMANITARIAN_GEOSPATIAL_DATA,DITWAH,2025-11-28 06:00:00,6,51,120,0,Ensemble probability-weighted,0.0002402921953094964
REAL_HUMANITARIAN_GEOSPATIAL_DATA,DITWAH,2025-11-28 12:00:00,6,51,120,1,Deterministic mean-track,0.0
REAL_HUMANITARIAN_GEOSPATIAL_DATA,DITWAH,2025-11-28 12:00:00,6,51,120,1,P90 envelope,0.10833333333333334
REAL_HUMANITARIAN_GEOSPATIAL_DATA,DITWAH,2025-11-28 12:00:00,6,51,120,1,Ensemble probability-weighted,0.005702934768678713
REAL_HUMANITARIAN_GEOSPATIAL_DATA,DITWAH,2025-11-28 18:00:00,6,51,128,0,Deterministic mean-track,0.0078125
REAL_HUMANITARIAN_GEOSPATIAL_DATA,DITWAH,2025-11-28 18:00:00,6,51,128,0,P90 envelope,0.140625
REAL_HUMANITARIAN_GEOSPATIAL_DATA,DITWAH,2025-11-28 18:00:00,6,51,128,0,Ensemble probability-weighted,0.00017120818915801613
REAL_HUMANITARIAN_GEOSPATIAL_DATA,DITWAH,2025-11-29 00:00:00,6,51,128,0,Deterministic mean-track,0.0
REAL_HUMANITARIAN_GEOSPATIAL_DATA,DITWAH,2025-11-29 00:00:00,6,51,128,0,P90 envelope,0.0625
REAL_HUMANITARIAN_GEOSPATIAL_DATA,DITWAH,2025-11-29 00:00:00,6,51,128,0,Ensemble probability-weighted,0.00016219723183391003
REAL_HUMANITARIAN_GEOSPATIAL_DATA,DITWAH,2025-11-29 06:00:00,6,51,136,0,Deterministic mean-track,0.0
REAL_HUMANITARIAN_GEOSPATIAL_DATA,DITWAH,2025-11-29 06:00:00,6,51,136,0,P90 envelope,0.08823529411764706
REAL_HUMANITARIAN_GEOSPATIAL_DATA,DITWAH,2025-11-29 06:00:00,6,51,136,0,Ensemble probability-weighted,0.00016679105321482692
REAL_HUMANITARIAN_GEOSPATIAL_DATA,DITWAH,2025-11-29 12:00:00,6,51,136,0,Deterministic mean-track,0.0
REAL_HUMANITARIAN_GEOSPATIAL_DATA,DITWAH,2025-11-29 12:00:00,6,51,136,0,P90 envelope,0.051470588235294115
REAL_HUMANITARIAN_GEOSPATIAL_DATA,DITWAH,2025-11-29 12:00:00,6,51,136,0,Ensemble probability-weighted,0.00031096637040052463
REAL_HUMANITARIAN_GEOSPATIAL_DATA,DITWAH,2025-11-29 18:00:00,6,51,143,0,Deterministic mean-track,0.0
REAL_HUMANITARIAN_GEOSPATIAL_DATA,DITWAH,2025-11-29 18:00:00,6,51,143,0,P90 envelope,0.04895104895104895
REAL_HUMANITARIAN_GEOSPATIAL_DATA,DITWAH,2025-11-29 18:00:00,6,51,143,0,Ensemble probability-weighted,0.000284989904367067
REAL_HUMANITARIAN_GEOSPATIAL_DATA,DITWAH,2025-11-30 00:00:00,6,51,143,0,Deterministic mean-track,0.006993006993006993
REAL_HUMANITARIAN_GEOSPATIAL_DATA,DITWAH,2025-11-30 00:00:00,6,51,143,0,P90 envelope,0.04195804195804196
REAL_HUMANITARIAN_GEOSPATIAL_DATA,DITWAH,2025-11-30 00:00:00,6,51,143,0,Ensemble probability-weighted,0.0003710245924778797
REAL_HUMANITARIAN_GEOSPATIAL_DATA,DITWAH,2025-11-30 06:00:00,6,51,151,0,Deterministic mean-track,0.0
REAL_HUMANITARIAN_GEOSPATIAL_DATA,DITWAH,2025-11-30 06:00:00,6,51,151,0,P90 envelope,0.046357615894039736
REAL_HUMANITARIAN_GEOSPATIAL_DATA,DITWAH,2025-11-30 06:00:00,6,51,151,0,Ensemble probability-weighted,0.0005474206303739522
REAL_HUMANITARIAN_GEOSPATIAL_DATA,DITWAH,2025-11-30 12:00:00,6,49,150,1,Deterministic mean-track,0.0
REAL_HUMANITARIAN_GEOSPATIAL_DATA,DITWAH,2025-11-30 12:00:00,6,49,150,1,P90 envelope,0.04
REAL_HUMANITARIAN_GEOSPATIAL_DATA,DITWAH,2025-11-30 12:00:00,6,49,150,1,Ensemble probability-weighted,0.0021907538525614326
REAL_HUMANITARIAN_GEOSPATIAL_DATA,DITWAH,2025-11-30 18:00:00,6,46,159,0,Deterministic mean-track,0.0
REAL_HUMANITARIAN_GEOSPATIAL_DATA,DITWAH,2025-11-30 18:00:00,6,46,159,0,P90 envelope,0.0440251572327044
REAL_HUMANITARIAN_GEOSPATIAL_DATA,DITWAH,2025-11-30 18:00:00,6,46,159,0,Ensemble probability-weighted,0.00013375182794164852
REAL_HUMANITARIAN_GEOSPATIAL_DATA,DITWAH,2025-12-01 00:00:00,6,31,159,1,Deterministic mean-track,0.006289308176100629
REAL_HUMANITARIAN_GEOSPATIAL_DATA,DITWAH,2025-12-01 00:00:00,6,31,159,1,P90 envelope,0.0440251572327044
REAL_HUMANITARIAN_GEOSPATIAL_DATA,DITWAH,2025-12-01 00:00:00,6,31,159,1,Ensemble probability-weighted,0.003193738178914784
REAL_HUMANITARIAN_GEOSPATIAL_DATA,DITWAH,2025-12-01 06:00:00,6,24,159,1,Deterministic mean-track,0.006289308176100629
REAL_HUMANITARIAN_GEOSPATIAL_DATA,DITWAH,2025-12-01 06:00:00,6,24,159,1,P90 envelope,0.025157232704402517
REAL_HUMANITARIAN_GEOSPATIAL_DATA,DITWAH,2025-12-01 06:00:00,6,24,159,1,Ensemble probability-weighted,0.0040400069881201955
REAL_HUMANITARIAN_GEOSPATIAL_DATA,DITWAH,2025-12-01 12:00:00,6,9,159,0,Deterministic mean-track,0.0
REAL_HUMANITARIAN_GEOSPATIAL_DATA,DITWAH,2025-12-01 12:00:00,6,9,159,0,P90 envelope,0.025157232704402517
REAL_HUMANITARIAN_GEOSPATIAL_DATA,DITWAH,2025-12-01 12:00:00,6,9,159,0,Ensemble probability-weighted,0.00038822889975929806
REAL_HUMANITARIAN_GEOSPATIAL_DATA,DITWAH,2025-12-01 18:00:00,6,8,159,0,Deterministic mean-track,0.006289308176100629
REAL_HUMANITARIAN_GEOSPATIAL_DATA,DITWAH,2025-12-01 18:00:00,6,8,159,0,P90 envelope,0.0440251572327044
REAL_HUMANITARIAN_GEOSPATIAL_DATA,DITWAH,2025-12-01 18:00:00,6,8,159,0,Ensemble probability-weighted,9.827044025157233e-05
REAL_HUMANITARIAN_GEOSPATIAL_DATA,DITWAH,2025-12-02 00:00:00,6,1,159,0,Deterministic mean-track,0.0
REAL_HUMANITARIAN_GEOSPATIAL_DATA,DITWAH,2025-12-02 00:00:00,6,1,159,0,P90 envelope,0.006289308176100629
REAL_HUMANITARIAN_GEOSPATIAL_DATA,DITWAH,2025-12-02 00:00:00,6,1,159,0,Ensemble probability-weighted,0.0
REAL_HUMANITARIAN_GEOSPATIAL_DATA,DITWAH,2025-12-02 06:00:00,6,2,159,0,Deterministic mean-track,0.0
REAL_HUMANITARIAN_GEOSPATIAL_DATA,DITWAH,2025-12-02 06:00:00,6,2,159,0,P90 envelope,0.018867924528301886
REAL_HUMANITARIAN_GEOSPATIAL_DATA,DITWAH,2025-12-02 06:00:00,6,2,159,0,Ensemble probability-weighted,0.0015723270440251573
REAL_HUMANITARIAN_GEOSPATIAL_DATA,DITWAH,2025-12-02 12:00:00,6,11,150,1,Deterministic mean-track,0.0
REAL_HUMANITARIAN_GEOSPATIAL_DATA,DITWAH,2025-12-02 12:00:00,6,11,150,1,P90 envelope,0.02
REAL_HUMANITARIAN_GEOSPATIAL_DATA,DITWAH,2025-12-02 12:00:00,6,11,150,1,Ensemble probability-weighted,0.001983471074380165
REAL_HUMANITARIAN_GEOSPATIAL_DATA,DUDZAI,2026-01-15 06:00:00,6,51,54,1,Deterministic mean-track,0.018518518518518517
REAL_HUMANITARIAN_GEOSPATIAL_DATA,DUDZAI,2026-01-15 06:00:00,6,51,54,1,P90 envelope,0.07407407407407407
REAL_HUMANITARIAN_GEOSPATIAL_DATA,DUDZAI,2026-01-15 06:00:00,6,51,54,1,Ensemble probability-weighted,0.013356686174833042
REAL_HUMANITARIAN_GEOSPATIAL_DATA,FINA,2025-11-18 18:00:00,6,51,135,0,Deterministic mean-track,0.007407407407407408
REAL_HUMANITARIAN_GEOSPATIAL_DATA,FINA,2025-11-18 18:00:00,6,51,135,0,P90 envelope,0.06666666666666667
REAL_HUMANITARIAN_GEOSPATIAL_DATA,FINA,2025-11-18 18:00:00,6,51,135,0,Ensemble probability-weighted,0.0004300340324946246
REAL_HUMANITARIAN_GEOSPATIAL_DATA,FINA,2025-11-19 00:00:00,6,51,125,1,Deterministic mean-track,0.008
REAL_HUMANITARIAN_GEOSPATIAL_DATA,FINA,2025-11-19 00:00:00,6,51,125,1,P90 envelope,0.04
REAL_HUMANITARIAN_GEOSPATIAL_DATA,FINA,2025-11-19 00:00:00,6,51,125,1,Ensemble probability-weighted,0.006339100346020761
REAL_HUMANITARIAN_GEOSPATIAL_DATA,FINA,2025-11-19 06:00:00,6,51,125,0,Deterministic mean-track,0.008
REAL_HUMANITARIAN_GEOSPATIAL_DATA,FINA,2025-11-19 06:00:00,6,51,125,0,P90 envelope,0.056
REAL_HUMANITARIAN_GEOSPATIAL_DATA,FINA,2025-11-19 06:00:00,6,51,125,0,Ensemble probability-weighted,0.0001814686658977317
REAL_HUMANITARIAN_GEOSPATIAL_DATA,FINA,2025-11-19 12:00:00,6,51,125,0,Deterministic mean-track,0.0
REAL_HUMANITARIAN_GEOSPATIAL_DATA,FINA,2025-11-19 12:00:00,6,51,125,0,P90 envelope,0.04
REAL_HUMANITARIAN_GEOSPATIAL_DATA,FINA,2025-11-19 12:00:00,6,51,125,0,Ensemble probability-weighted,0.000750480584390619
REAL_HUMANITARIAN_GEOSPATIAL_DATA,FINA,2025-11-19 18:00:00,6,51,125,0,Deterministic mean-track,0.0
REAL_HUMANITARIAN_GEOSPATIAL_DATA,FINA,2025-11-19 18:00:00,6,51,125,0,P90 envelope,0.056
REAL_HUMANITARIAN_GEOSPATIAL_DATA,FINA,2025-11-19 18:00:00,6,51,125,0,Ensemble probability-weighted,0.00038446751249519417
REAL_HUMANITARIAN_GEOSPATIAL_DATA,FINA,2025-11-20 00:00:00,6,51,122,0,Deterministic mean-track,0.0
REAL_HUMANITARIAN_GEOSPATIAL_DATA,FINA,2025-11-20 00:00:00,6,51,122,0,P90 envelope,0.03278688524590164
REAL_HUMANITARIAN_GEOSPATIAL_DATA,FINA,2025-11-20 00:00:00,6,51,122,0,Ensemble probability-weighted,9.454119159717888e-05
REAL_HUMANITARIAN_GEOSPATIAL_DATA,FINA,2025-11-20 06:00:00,6,51,122,0,Deterministic mean-track,0.0
REAL_HUMANITARIAN_GEOSPATIAL_DATA,FINA,2025-11-20 06:00:00,6,51,122,0,P90 envelope,0.09016393442622951
REAL_HUMANITARIAN_GEOSPATIAL_DATA,FINA,2025-11-20 06:00:00,6,51,122,0,Ensemble probability-weighted,0.00016072002571520416
REAL_HUMANITARIAN_GEOSPATIAL_DATA,FINA,2025-11-20 12:00:00,6,51,131,0,Deterministic mean-track,0.0
REAL_HUMANITARIAN_GEOSPATIAL_DATA,FINA,2025-11-20 12:00:00,6,51,131,0,P90 envelope,0.04580152671755725
REAL_HUMANITARIAN_GEOSPATIAL_DATA,FINA,2025-11-20 12:00:00,6,51,131,0,Ensemble probability-weighted,0.00036685831344961275
REAL_HUMANITARIAN_GEOSPATIAL_DATA,FINA,2025-11-20 18:00:00,6,51,142,0,Deterministic mean-track,0.0
REAL_HUMANITARIAN_GEOSPATIAL_DATA,FINA,2025-11-20 18:00:00,6,51,142,0,P90 envelope,0.04225352112676056
REAL_HUMANITARIAN_GEOSPATIAL_DATA,FINA,2025-11-20 18:00:00,6,51,142,0,Ensemble probability-weighted,0.00025450666320104404
REAL_HUMANITARIAN_GEOSPATIAL_DATA,FINA,2025-11-21 00:00:00,6,51,142,0,Deterministic mean-track,0.0
REAL_HUMANITARIAN_GEOSPATIAL_DATA,FINA,2025-11-21 00:00:00,6,51,142,0,P90 envelope,0.04225352112676056
REAL_HUMANITARIAN_GEOSPATIAL_DATA,FINA,2025-11-21 00:00:00,6,51,142,0,Ensemble probability-weighted,0.0008826507681227697
REAL_HUMANITARIAN_GEOSPATIAL_DATA,FINA,2025-11-21 06:00:00,6,51,150,0,Deterministic mean-track,0.0
REAL_HUMANITARIAN_GEOSPATIAL_DATA,FINA,2025-11-21 06:00:00,6,51,150,0,P90 envelope,0.04666666666666667
REAL_HUMANITARIAN_GEOSPATIAL_DATA,FINA,2025-11-21 06:00:00,6,51,150,0,Ensemble probability-weighted,0.0004434191977444573
REAL_HUMANITARIAN_GEOSPATIAL_DATA,FINA,2025-11-21 12:00:00,6,51,154,0,Deterministic mean-track,0.0
REAL_HUMANITARIAN_GEOSPATIAL_DATA,FINA,2025-11-21 12:00:00,6,51,154,0,P90 envelope,0.03896103896103896
REAL_HUMANITARIAN_GEOSPATIAL_DATA,FINA,2025-11-21 12:00:00,6,51,154,0,Ensemble probability-weighted,0.0005642185572981421
REAL_HUMANITARIAN_GEOSPATIAL_DATA,FINA,2025-11-21 18:00:00,6,51,164,0,Deterministic mean-track,0.0
REAL_HUMANITARIAN_GEOSPATIAL_DATA,FINA,2025-11-21 18:00:00,6,51,164,0,P90 envelope,0.024390243902439025
REAL_HUMANITARIAN_GEOSPATIAL_DATA,FINA,2025-11-21 18:00:00,6,51,164,0,Ensemble probability-weighted,0.00014300316013540756
REAL_HUMANITARIAN_GEOSPATIAL_DATA,FINA,2025-11-22 00:00:00,6,51,173,0,Deterministic mean-track,0.005780346820809248
REAL_HUMANITARIAN_GEOSPATIAL_DATA,FINA,2025-11-22 00:00:00,6,51,173,0,P90 envelope,0.03468208092485549
REAL_HUMANITARIAN_GEOSPATIAL_DATA,FINA,2025-11-22 00:00:00,6,51,173,0,Ensemble probability-weighted,0.000742266758227716
REAL_HUMANITARIAN_GEOSPATIAL_DATA,FINA,2025-11-22 06:00:00,6,51,173,1,Deterministic mean-track,0.0
REAL_HUMANITARIAN_GEOSPATIAL_DATA,FINA,2025-11-22 06:00:00,6,51,173,1,P90 envelope,0.028901734104046242
REAL_HUMANITARIAN_GEOSPATIAL_DATA,FINA,2025-11-22 06:00:00,6,51,173,1,Ensemble probability-weighted,0.002891284588186402
REAL_HUMANITARIAN_GEOSPATIAL_DATA,FINA,2025-11-22 12:00:00,6,51,180,0,Deterministic mean-track,0.0
REAL_HUMANITARIAN_GEOSPATIAL_DATA,FINA,2025-11-22 12:00:00,6,51,180,0,P90 envelope,0.022222222222222223
REAL_HUMANITARIAN_GEOSPATIAL_DATA,FINA,2025-11-22 12:00:00,6,51,180,0,Ensemble probability-weighted,0.00022854457687214322
REAL_HUMANITARIAN_GEOSPATIAL_DATA,FINA,2025-11-22 18:00:00,6,51,180,1,Deterministic mean-track,0.0
REAL_HUMANITARIAN_GEOSPATIAL_DATA,FINA,2025-11-22 18:00:00,6,51,180,1,P90 envelope,0.027777777777777776
REAL_HUMANITARIAN_GEOSPATIAL_DATA,FINA,2025-11-22 18:00:00,6,51,180,1,Ensemble probability-weighted,0.003101371267461233
REAL_HUMANITARIAN_GEOSPATIAL_DATA,FINA,2025-11-23 00:00:00,6,51,180,0,Deterministic mean-track,0.0
REAL_HUMANITARIAN_GEOSPATIAL_DATA,FINA,2025-11-23 00:00:00,6,51,180,0,P90 envelope,0.022222222222222223
REAL_HUMANITARIAN_GEOSPATIAL_DATA,FINA,2025-11-23 00:00:00,6,51,180,0,Ensemble probability-weighted,8.116536374898544e-05
REAL_HUMANITARIAN_GEOSPATIAL_DATA,FINA,2025-11-23 06:00:00,6,51,179,1,Deterministic mean-track,0.0
REAL_HUMANITARIAN_GEOSPATIAL_DATA,FINA,2025-11-23 06:00:00,6,51,179,1,P90 envelope,0.0335195530726257
REAL_HUMANITARIAN_GEOSPATIAL_DATA,FINA,2025-11-23 06:00:00,6,51,179,1,Ensemble probability-weighted,0.002635428144310633
REAL_HUMANITARIAN_GEOSPATIAL_DATA,FINA,2025-11-23 12:00:00,6,51,179,0,Deterministic mean-track,0.00558659217877095
REAL_HUMANITARIAN_GEOSPATIAL_DATA,FINA,2025-11-23 12:00:00,6,51,179,0,P90 envelope,0.03910614525139665
REAL_HUMANITARIAN_GEOSPATIAL_DATA,FINA,2025-11-23 12:00:00,6,51,179,0,Ensemble probability-weighted,0.0006550982754806381
REAL_HUMANITARIAN_GEOSPATIAL_DATA,FINA,2025-11-23 18:00:00,6,51,176,1,Deterministic mean-track,0.005681818181818182
REAL_HUMANITARIAN_GEOSPATIAL_DATA,FINA,2025-11-23 18:00:00,6,51,176,1,P90 envelope,0.03977272727272727
REAL_HUMANITARIAN_GEOSPATIAL_DATA,FINA,2025-11-23 18:00:00,6,51,176,1,Ensemble probability-weighted,0.005745167942399776
REAL_HUMANITARIAN_GEOSPATIAL_DATA,FINA,2025-11-24 00:00:00,6,51,176,0,Deterministic mean-track,0.0
REAL_HUMANITARIAN_GEOSPATIAL_DATA,FINA,2025-11-24 00:00:00,6,51,176,0,P90 envelope,0.03409090909090909
REAL_HUMANITARIAN_GEOSPATIAL_DATA,FINA,2025-11-24 00:00:00,6,51,176,0,Ensemble probability-weighted,0.0004041277830205165
REAL_HUMANITARIAN_GEOSPATIAL_DATA,FINA,2025-11-24 06:00:00,6,51,176,0,Deterministic mean-track,0.0
REAL_HUMANITARIAN_GEOSPATIAL_DATA,FINA,2025-11-24 06:00:00,6,51,176,0,P90 envelope,0.03977272727272727
REAL_HUMANITARIAN_GEOSPATIAL_DATA,FINA,2025-11-24 06:00:00,6,51,176,0,Ensemble probability-weighted,0.00039320541050644843
REAL_HUMANITARIAN_GEOSPATIAL_DATA,FINA,2025-11-24 12:00:00,6,51,171,0,Deterministic mean-track,0.0
REAL_HUMANITARIAN_GEOSPATIAL_DATA,FINA,2025-11-24 12:00:00,6,51,171,0,P90 envelope,0.03508771929824561
REAL_HUMANITARIAN_GEOSPATIAL_DATA,FINA,2025-11-24 12:00:00,6,51,171,0,Ensemble probability-weighted,0.00010342400920923353
REAL_HUMANITARIAN_GEOSPATIAL_DATA,FINA,2025-11-24 18:00:00,6,51,171,1,Deterministic mean-track,0.011695906432748537
REAL_HUMANITARIAN_GEOSPATIAL_DATA,FINA,2025-11-24 18:00:00,6,51,171,1,P90 envelope,0.029239766081871343
REAL_HUMANITARIAN_GEOSPATIAL_DATA,FINA,2025-11-24 18:00:00,6,51,171,1,Ensemble probability-weighted,0.0059626189657149406
REAL_HUMANITARIAN_GEOSPATIAL_DATA,FINA,2025-11-25 00:00:00,6,51,171,0,Deterministic mean-track,0.0
REAL_HUMANITARIAN_GEOSPATIAL_DATA,FINA,2025-11-25 00:00:00,6,51,171,0,P90 envelope,0.04678362573099415
REAL_HUMANITARIAN_GEOSPATIAL_DATA,FINA,2025-11-25 00:00:00,6,51,171,0,Ensemble probability-weighted,0.0003350038559168651
REAL_HUMANITARIAN_GEOSPATIAL_DATA,FUNG-WONG,2025-11-05 18:00:00,6,50,90,0,Deterministic mean-track,0.0
REAL_HUMANITARIAN_GEOSPATIAL_DATA,FUNG-WONG,2025-11-05 18:00:00,6,50,90,0,P90 envelope,0.25555555555555554
REAL_HUMANITARIAN_GEOSPATIAL_DATA,FUNG-WONG,2025-11-05 18:00:00,6,50,90,0,Ensemble probability-weighted,9.777777777777778e-05
REAL_HUMANITARIAN_GEOSPATIAL_DATA,FUNG-WONG,2025-11-06 00:00:00,6,50,90,1,Deterministic mean-track,0.0
REAL_HUMANITARIAN_GEOSPATIAL_DATA,FUNG-WONG,2025-11-06 00:00:00,6,50,90,1,P90 envelope,0.23333333333333334
REAL_HUMANITARIAN_GEOSPATIAL_DATA,FUNG-WONG,2025-11-06 00:00:00,6,50,90,1,Ensemble probability-weighted,0.011222222222222222
REAL_HUMANITARIAN_GEOSPATIAL_DATA,FUNG-WONG,2025-11-06 06:00:00,6,51,100,1,Deterministic mean-track,0.01
REAL_HUMANITARIAN_GEOSPATIAL_DATA,FUNG-WONG,2025-11-06 06:00:00,6,51,100,1,P90 envelope,0.2
REAL_HUMANITARIAN_GEOSPATIAL_DATA,FUNG-WONG,2025-11-06 06:00:00,6,51,100,1,Ensemble probability-weighted,0.010126874279123413
REAL_HUMANITARIAN_GEOSPATIAL_DATA,FUNG-WONG,2025-11-06 12:00:00,6,51,110,0,Deterministic mean-track,0.00909090909090909
REAL_HUMANITARIAN_GEOSPATIAL_DATA,FUNG-WONG,2025-11-06 12:00:00,6,51,110,0,P90 envelope,0.16363636363636364
REAL_HUMANITARIAN_GEOSPATIAL_DATA,FUNG-WONG,2025-11-06 12:00:00,6,51,110,0,Ensemble probability-weighted,0.0001712628010205865
REAL_HUMANITARIAN_GEOSPATIAL_DATA,FUNG-WONG,2025-11-06 18:00:00,6,51,119,1,Deterministic mean-track,0.008403361344537815
REAL_HUMANITARIAN_GEOSPATIAL_DATA,FUNG-WONG,2025-11-06 18:00:00,6,51,119,1,P90 envelope,0.12605042016806722
REAL_HUMANITARIAN_GEOSPATIAL_DATA,FUNG-WONG,2025-11-06 18:00:00,6,51,119,1,Ensemble probability-weighted,0.007211188973859441
REAL_HUMANITARIAN_GEOSPATIAL_DATA,FUNG-WONG,2025-11-07 00:00:00,6,51,147,0,Deterministic mean-track,0.0
REAL_HUMANITARIAN_GEOSPATIAL_DATA,FUNG-WONG,2025-11-07 00:00:00,6,51,147,0,P90 envelope,0.10884353741496598
REAL_HUMANITARIAN_GEOSPATIAL_DATA,FUNG-WONG,2025-11-07 00:00:00,6,51,147,0,Ensemble probability-weighted,0.00010200158494770457
REAL_HUMANITARIAN_GEOSPATIAL_DATA,FUNG-WONG,2025-11-07 06:00:00,6,51,176,0,Deterministic mean-track,0.0
REAL_HUMANITARIAN_GEOSPATIAL_DATA,FUNG-WONG,2025-11-07 06:00:00,6,51,176,0,P90 envelope,0.07954545454545454
REAL_HUMANITARIAN_GEOSPATIAL_DATA,FUNG-WONG,2025-11-07 06:00:00,6,51,176,0,Ensemble probability-weighted,8.082555660410333e-05
REAL_HUMANITARIAN_GEOSPATIAL_DATA,FUNG-WONG,2025-11-07 12:00:00,6,51,204,0,Deterministic mean-track,0.0
REAL_HUMANITARIAN_GEOSPATIAL_DATA,FUNG-WONG,2025-11-07 12:00:00,6,51,204,0,P90 envelope,0.05392156862745098
REAL_HUMANITARIAN_GEOSPATIAL_DATA,FUNG-WONG,2025-11-07 12:00:00,6,51,204,0,Ensemble probability-weighted,0.000254427030327702
REAL_HUMANITARIAN_GEOSPATIAL_DATA,FUNG-WONG,2025-11-07 18:00:00,6,51,215,0,Deterministic mean-track,0.0
REAL_HUMANITARIAN_GEOSPATIAL_DATA,FUNG-WONG,2025-11-07 18:00:00,6,51,215,0,P90 envelope,0.05581395348837209
REAL_HUMANITARIAN_GEOSPATIAL_DATA,FUNG-WONG,2025-11-07 18:00:00,6,51,215,0,Ensemble probability-weighted,8.40463864524378e-05
REAL_HUMANITARIAN_GEOSPATIAL_DATA,FUNG-WONG,2025-11-08 00:00:00,6,51,235,1,Deterministic mean-track,0.0
REAL_HUMANITARIAN_GEOSPATIAL_DATA,FUNG-WONG,2025-11-08 00:00:00,6,51,235,1,P90 envelope,0.03404255319148936
REAL_HUMANITARIAN_GEOSPATIAL_DATA,FUNG-WONG,2025-11-08 00:00:00,6,51,235,1,Ensemble probability-weighted,0.0034962003157541703
REAL_HUMANITARIAN_GEOSPATIAL_DATA,FUNG-WONG,2025-11-08 06:00:00,6,51,268,1,Deterministic mean-track,0.007462686567164179
REAL_HUMANITARIAN_GEOSPATIAL_DATA,FUNG-WONG,2025-11-08 06:00:00,6,51,268,1,P90 envelope,0.048507462686567165
REAL_HUMANITARIAN_GEOSPATIAL_DATA,FUNG-WONG,2025-11-08 06:00:00,6,51,268,1,Ensemble probability-weighted,0.0038088106181893306
REAL_HUMANITARIAN_GEOSPATIAL_DATA,FUNG-WONG,2025-11-08 12:00:00,6,51,303,0,Deterministic mean-track,0.0
REAL_HUMANITARIAN_GEOSPATIAL_DATA,FUNG-WONG,2025-11-08 12:00:00,6,51,303,0,P90 envelope,0.0297029702970297
REAL_HUMANITARIAN_GEOSPATIAL_DATA,FUNG-WONG,2025-11-08 12:00:00,6,51,303,0,Ensemble probability-weighted,0.0002969155046992589
REAL_HUMANITARIAN_GEOSPATIAL_DATA,FUNG-WONG,2025-11-08 18:00:00,6,51,332,0,Deterministic mean-track,0.0
REAL_HUMANITARIAN_GEOSPATIAL_DATA,FUNG-WONG,2025-11-08 18:00:00,6,51,332,0,P90 envelope,0.02710843373493976
REAL_HUMANITARIAN_GEOSPATIAL_DATA,FUNG-WONG,2025-11-08 18:00:00,6,51,332,0,Ensemble probability-weighted,4.9795491076184796e-05
REAL_HUMANITARIAN_GEOSPATIAL_DATA,FUNG-WONG,2025-11-09 00:00:00,6,51,365,0,Deterministic mean-track,0.0
REAL_HUMANITARIAN_GEOSPATIAL_DATA,FUNG-WONG,2025-11-09 00:00:00,6,51,365,0,P90 envelope,0.010958904109589041
REAL_HUMANITARIAN_GEOSPATIAL_DATA,FUNG-WONG,2025-11-09 00:00:00,6,51,365,0,Ensemble probability-weighted,6.109346773896237e-05
REAL_HUMANITARIAN_GEOSPATIAL_DATA,FUNG-WONG,2025-11-09 06:00:00,6,51,408,0,Deterministic mean-track,0.0024509803921568627
REAL_HUMANITARIAN_GEOSPATIAL_DATA,FUNG-WONG,2025-11-09 06:00:00,6,51,408,0,P90 envelope,0.01715686274509804
REAL_HUMANITARIAN_GEOSPATIAL_DATA,FUNG-WONG,2025-11-09 06:00:00,6,51,408,0,Ensemble probability-weighted,0.00016113711920754463
REAL_HUMANITARIAN_GEOSPATIAL_DATA,FUNG-WONG,2025-11-09 12:00:00,6,51,377,1,Deterministic mean-track,0.0
REAL_HUMANITARIAN_GEOSPATIAL_DATA,FUNG-WONG,2025-11-09 12:00:00,6,51,377,1,P90 envelope,0.010610079575596816
REAL_HUMANITARIAN_GEOSPATIAL_DATA,FUNG-WONG,2025-11-09 12:00:00,6,51,377,1,Ensemble probability-weighted,0.0007444596395795538
REAL_HUMANITARIAN_GEOSPATIAL_DATA,FUNG-WONG,2025-11-09 18:00:00,6,51,368,1,Deterministic mean-track,0.002717391304347826
REAL_HUMANITARIAN_GEOSPATIAL_DATA,FUNG-WONG,2025-11-09 18:00:00,6,51,368,1,P90 envelope,0.01358695652173913
REAL_HUMANITARIAN_GEOSPATIAL_DATA,FUNG-WONG,2025-11-09 18:00:00,6,51,368,1,Ensemble probability-weighted,0.0022493438978319377
REAL_HUMANITARIAN_GEOSPATIAL_DATA,FUNG-WONG,2025-11-10 00:00:00,6,51,389,0,Deterministic mean-track,0.0
REAL_HUMANITARIAN_GEOSPATIAL_DATA,FUNG-WONG,2025-11-10 00:00:00,6,51,389,0,P90 envelope,0.015424164524421594
REAL_HUMANITARIAN_GEOSPATIAL_DATA,FUNG-WONG,2025-11-10 00:00:00,6,51,389,0,Ensemble probability-weighted,0.0001611007828707369
REAL_HUMANITARIAN_GEOSPATIAL_DATA,FUNG-WONG,2025-11-10 06:00:00,6,51,359,0,Deterministic mean-track,0.0
REAL_HUMANITARIAN_GEOSPATIAL_DATA,FUNG-WONG,2025-11-10 06:00:00,6,51,359,0,P90 envelope,0.022284122562674095
REAL_HUMANITARIAN_GEOSPATIAL_DATA,FUNG-WONG,2025-11-10 06:00:00,6,51,359,0,Ensemble probability-weighted,0.00015849914164147282
REAL_HUMANITARIAN_GEOSPATIAL_DATA,FUNG-WONG,2025-11-10 12:00:00,6,51,338,0,Deterministic mean-track,0.0
REAL_HUMANITARIAN_GEOSPATIAL_DATA,FUNG-WONG,2025-11-10 12:00:00,6,51,338,0,P90 envelope,0.01775147928994083
REAL_HUMANITARIAN_GEOSPATIAL_DATA,FUNG-WONG,2025-11-10 12:00:00,6,51,338,0,Ensemble probability-weighted,0.00026503233849520784
REAL_HUMANITARIAN_GEOSPATIAL_DATA,FUNG-WONG,2025-11-10 18:00:00,6,51,322,1,Deterministic mean-track,0.003105590062111801
REAL_HUMANITARIAN_GEOSPATIAL_DATA,FUNG-WONG,2025-11-10 18:00:00,6,51,322,1,P90 envelope,0.018633540372670808
REAL_HUMANITARIAN_GEOSPATIAL_DATA,FUNG-WONG,2025-11-10 18:00:00,6,51,322,1,Ensemble probability-weighted,0.00163816592280561
REAL_HUMANITARIAN_GEOSPATIAL_DATA,FUNG-WONG,2025-11-11 00:00:00,6,51,303,1,Deterministic mean-track,0.0
REAL_HUMANITARIAN_GEOSPATIAL_DATA,FUNG-WONG,2025-11-11 00:00:00,6,51,303,1,P90 envelope,0.009900990099009901
REAL_HUMANITARIAN_GEOSPATIAL_DATA,FUNG-WONG,2025-11-11 00:00:00,6,51,303,1,Ensemble probability-weighted,0.0016558749300535588
REAL_HUMANITARIAN_GEOSPATIAL_DATA,FUNG-WONG,2025-11-11 06:00:00,6,51,320,0,Deterministic mean-track,0.0
REAL_HUMANITARIAN_GEOSPATIAL_DATA,FUNG-WONG,2025-11-11 06:00:00,6,51,320,0,P90 envelope,0.01875
REAL_HUMANITARIAN_GEOSPATIAL_DATA,FUNG-WONG,2025-11-11 06:00:00,6,51,320,0,Ensemble probability-weighted,0.00021265859284890428
REAL_HUMANITARIAN_GEOSPATIAL_DATA,FUNG-WONG,2025-11-11 12:00:00,6,51,299,0,Deterministic mean-track,0.0
REAL_HUMANITARIAN_GEOSPATIAL_DATA,FUNG-WONG,2025-11-11 12:00:00,6,51,299,0,P90 envelope,0.013377926421404682
REAL_HUMANITARIAN_GEOSPATIAL_DATA,FUNG-WONG,2025-11-11 12:00:00,6,51,299,0,Ensemble probability-weighted,0.00020830681279003835
REAL_HUMANITARIAN_GEOSPATIAL_DATA,FUNG-WONG,2025-11-11 18:00:00,6,51,294,0,Deterministic mean-track,0.0
REAL_HUMANITARIAN_GEOSPATIAL_DATA,FUNG-WONG,2025-11-11 18:00:00,6,51,294,0,P90 envelope,0.023809523809523808
REAL_HUMANITARIAN_GEOSPATIAL_DATA,FUNG-WONG,2025-11-11 18:00:00,6,51,294,0,Ensemble probability-weighted,0.00016215636581429959
REAL_HUMANITARIAN_GEOSPATIAL_DATA,FUNG-WONG,2025-11-12 00:00:00,6,51,283,1,Deterministic mean-track,0.0035335689045936395
REAL_HUMANITARIAN_GEOSPATIAL_DATA,FUNG-WONG,2025-11-12 00:00:00,6,51,283,1,P90 envelope,0.01060070671378092
REAL_HUMANITARIAN_GEOSPATIAL_DATA,FUNG-WONG,2025-11-12 00:00:00,6,51,283,1,Ensemble probability-weighted,0.0020880797410074677
REAL_HUMANITARIAN_GEOSPATIAL_DATA,FUNG-WONG,2025-11-12 06:00:00,6,51,291,0,Deterministic mean-track,0.0
REAL_HUMANITARIAN_GEOSPATIAL_DATA,FUNG-WONG,2025-11-12 06:00:00,6,51,291,0,P90 envelope,0.024054982817869417
REAL_HUMANITARIAN_GEOSPATIAL_DATA,FUNG-WONG,2025-11-12 06:00:00,6,51,291,0,Ensemble probability-weighted,0.00019157315914708988
REAL_HUMANITARIAN_GEOSPATIAL_DATA,FUNG-WONG,2025-11-12 12:00:00,6,20,268,0,Deterministic mean-track,0.0
REAL_HUMANITARIAN_GEOSPATIAL_DATA,FUNG-WONG,2025-11-12 12:00:00,6,20,268,0,P90 envelope,0.048507462686567165
REAL_HUMANITARIAN_GEOSPATIAL_DATA,FUNG-WONG,2025-11-12 12:00:00,6,20,268,0,Ensemble probability-weighted,6.529850746268657e-05
REAL_HUMANITARIAN_GEOSPATIAL_DATA,FUNG-WONG,2025-11-12 18:00:00,6,8,221,1,Deterministic mean-track,0.0
REAL_HUMANITARIAN_GEOSPATIAL_DATA,FUNG-WONG,2025-11-12 18:00:00,6,8,221,1,P90 envelope,0.03619909502262444
REAL_HUMANITARIAN_GEOSPATIAL_DATA,FUNG-WONG,2025-11-12 18:00:00,6,8,221,1,Ensemble probability-weighted,0.003464366515837104
REAL_HUMANITARIAN_GEOSPATIAL_DATA,FUNG-WONG,2025-11-13 00:00:00,6,6,204,0,Deterministic mean-track,0.0
REAL_HUMANITARIAN_GEOSPATIAL_DATA,FUNG-WONG,2025-11-13 00:00:00,6,6,204,0,P90 envelope,0.049019607843137254
REAL_HUMANITARIAN_GEOSPATIAL_DATA,FUNG-WONG,2025-11-13 00:00:00,6,6,204,0,Ensemble probability-weighted,0.00013616557734204792
REAL_HUMANITARIAN_GEOSPATIAL_DATA,FUNG-WONG,2025-11-13 06:00:00,6,1,171,0,Deterministic mean-track,0.005847953216374269
REAL_HUMANITARIAN_GEOSPATIAL_DATA,FUNG-WONG,2025-11-13 06:00:00,6,1,171,0,P90 envelope,0.005847953216374269
REAL_HUMANITARIAN_GEOSPATIAL_DATA,FUNG-WONG,2025-11-13 06:00:00,6,1,171,0,Ensemble probability-weighted,0.005847953216374269
REAL_HUMANITARIAN_GEOSPATIAL_DATA,GEZANI,2026-02-10 00:00:00,6,51,47,1,Deterministic mean-track,0.02127659574468085
REAL_HUMANITARIAN_GEOSPATIAL_DATA,GEZANI,2026-02-10 00:00:00,6,51,47,1,P90 envelope,0.10638297872340426
REAL_HUMANITARIAN_GEOSPATIAL_DATA,GEZANI,2026-02-10 00:00:00,6,51,47,1,Ensemble probability-weighted,0.013227318461802742
REAL_HUMANITARIAN_GEOSPATIAL_DATA,GEZANI,2026-02-10 06:00:00,6,51,53,1,Deterministic mean-track,0.0
REAL_HUMANITARIAN_GEOSPATIAL_DATA,GEZANI,2026-02-10 06:00:00,6,51,53,1,P90 envelope,0.09433962264150944
REAL_HUMANITARIAN_GEOSPATIAL_DATA,GEZANI,2026-02-10 06:00:00,6,51,53,1,Ensemble probability-weighted,0.008966072555548302
REAL_HUMANITARIAN_GEOSPATIAL_DATA,GEZANI,2026-02-10 12:00:00,6,51,71,0,Deterministic mean-track,0.0
REAL_HUMANITARIAN_GEOSPATIAL_DATA,GEZANI,2026-02-10 12:00:00,6,51,71,0,P90 envelope,0.056338028169014086
REAL_HUMANITARIAN_GEOSPATIAL_DATA,GEZANI,2026-02-10 12:00:00,6,51,71,0,Ensemble probability-weighted,7.039546003433133e-05
REAL_HUMANITARIAN_GEOSPATIAL_DATA,GEZANI,2026-02-10 18:00:00,6,51,81,0,Deterministic mean-track,0.012345679012345678
REAL_HUMANITARIAN_GEOSPATIAL_DATA,GEZANI,2026-02-10 18:00:00,6,51,81,0,P90 envelope,0.09876543209876543
REAL_HUMANITARIAN_GEOSPATIAL_DATA,GEZANI,2026-02-10 18:00:00,6,51,81,0,Ensemble probability-weighted,0.0007119768749911003
REAL_HUMANITARIAN_GEOSPATIAL_DATA,GEZANI,2026-02-11 00:00:00,6,46,122,0,Deterministic mean-track,0.0
REAL_HUMANITARIAN_GEOSPATIAL_DATA,GEZANI,2026-02-11 00:00:00,6,46,122,0,P90 envelope,0.13114754098360656
REAL_HUMANITARIAN_GEOSPATIAL_DATA,GEZANI,2026-02-11 00:00:00,6,46,122,0,Ensemble probability-weighted,6.972636276302333e-05
REAL_HUMANITARIAN_GEOSPATIAL_DATA,GEZANI,2026-02-11 06:00:00,6,51,144,0,Deterministic mean-track,0.0
REAL_HUMANITARIAN_GEOSPATIAL_DATA,GEZANI,2026-02-11 06:00:00,6,51,144,0,P90 envelope,0.0625
REAL_HUMANITARIAN_GEOSPATIAL_DATA,GEZANI,2026-02-11 06:00:00,6,51,144,0,Ensemble probability-weighted,0.00028034089452774573
REAL_HUMANITARIAN_GEOSPATIAL_DATA,GEZANI,2026-02-11 12:00:00,6,51,169,0,Deterministic mean-track,0.005917159763313609
REAL_HUMANITARIAN_GEOSPATIAL_DATA,GEZANI,2026-02-11 12:00:00,6,51,169,0,P90 envelope,0.04142011834319527
REAL_HUMANITARIAN_GEOSPATIAL_DATA,GEZANI,2026-02-11 12:00:00,6,51,169,0,Ensemble probability-weighted,0.0003071190188571078
REAL_HUMANITARIAN_GEOSPATIAL_DATA,GEZANI,2026-02-11 18:00:00,6,51,189,0,Deterministic mean-track,0.005291005291005291
REAL_HUMANITARIAN_GEOSPATIAL_DATA,GEZANI,2026-02-11 18:00:00,6,51,189,0,P90 envelope,0.026455026455026454
REAL_HUMANITARIAN_GEOSPATIAL_DATA,GEZANI,2026-02-11 18:00:00,6,51,189,0,Ensemble probability-weighted,0.0010761021910579774
REAL_HUMANITARIAN_GEOSPATIAL_DATA,GEZANI,2026-02-12 00:00:00,6,51,211,0,Deterministic mean-track,0.0
REAL_HUMANITARIAN_GEOSPATIAL_DATA,GEZANI,2026-02-12 00:00:00,6,51,211,0,P90 envelope,0.018957345971563982
REAL_HUMANITARIAN_GEOSPATIAL_DATA,GEZANI,2026-02-12 00:00:00,6,51,211,0,Ensemble probability-weighted,0.00029336146688021923
REAL_HUMANITARIAN_GEOSPATIAL_DATA,GEZANI,2026-02-12 06:00:00,6,51,209,0,Deterministic mean-track,0.004784688995215311
REAL_HUMANITARIAN_GEOSPATIAL_DATA,GEZANI,2026-02-12 06:00:00,6,51,209,0,P90 envelope,0.03349282296650718
REAL_HUMANITARIAN_GEOSPATIAL_DATA,GEZANI,2026-02-12 06:00:00,6,51,209,0,Ensemble probability-weighted,0.0002759336214080341
REAL_HUMANITARIAN_GEOSPATIAL_DATA,GEZANI,2026-02-12 12:00:00,6,51,215,1,Deterministic mean-track,0.004651162790697674
REAL_HUMANITARIAN_GEOSPATIAL_DATA,GEZANI,2026-02-12 12:00:00,6,51,215,1,P90 envelope,0.023255813953488372
REAL_HUMANITARIAN_GEOSPATIAL_DATA,GEZANI,2026-02-12 12:00:00,6,51,215,1,Ensemble probability-weighted,0.003985944583031571
REAL_HUMANITARIAN_GEOSPATIAL_DATA,GEZANI,2026-02-12 18:00:00,6,51,220,0,Deterministic mean-track,0.004545454545454545
REAL_HUMANITARIAN_GEOSPATIAL_DATA,GEZANI,2026-02-12 18:00:00,6,51,220,0,P90 envelope,0.022727272727272728
REAL_HUMANITARIAN_GEOSPATIAL_DATA,GEZANI,2026-02-12 18:00:00,6,51,220,0,Ensemble probability-weighted,0.0007776729230016426
REAL_HUMANITARIAN_GEOSPATIAL_DATA,GEZANI,2026-02-13 00:00:00,6,51,216,0,Deterministic mean-track,0.0
REAL_HUMANITARIAN_GEOSPATIAL_DATA,GEZANI,2026-02-13 00:00:00,6,51,216,0,P90 envelope,0.018518518518518517
REAL_HUMANITARIAN_GEOSPATIAL_DATA,GEZANI,2026-02-13 00:00:00,6,51,216,0,Ensemble probability-weighted,0.00022427271562219656
REAL_HUMANITARIAN_GEOSPATIAL_DATA,GEZANI,2026-02-13 06:00:00,6,51,207,0,Deterministic mean-track,0.0
REAL_HUMANITARIAN_GEOSPATIAL_DATA,GEZANI,2026-02-13 06:00:00,6,51,207,0,P90 envelope,0.024154589371980676
REAL_HUMANITARIAN_GEOSPATIAL_DATA,GEZANI,2026-02-13 06:00:00,6,51,207,0,Ensemble probability-weighted,0.00021545039347556773
REAL_HUMANITARIAN_GEOSPATIAL_DATA,GEZANI,2026-02-13 12:00:00,6,51,198,1,Deterministic mean-track,0.005050505050505051
REAL_HUMANITARIAN_GEOSPATIAL_DATA,GEZANI,2026-02-13 12:00:00,6,51,198,1,P90 envelope,0.025252525252525252
REAL_HUMANITARIAN_GEOSPATIAL_DATA,GEZANI,2026-02-13 12:00:00,6,51,198,1,Ensemble probability-weighted,0.0034466153266614623
REAL_HUMANITARIAN_GEOSPATIAL_DATA,GEZANI,2026-02-13 18:00:00,6,51,200,0,Deterministic mean-track,0.0
REAL_HUMANITARIAN_GEOSPATIAL_DATA,GEZANI,2026-02-13 18:00:00,6,51,200,0,P90 envelope,0.035
REAL_HUMANITARIAN_GEOSPATIAL_DATA,GEZANI,2026-02-13 18:00:00,6,51,200,0,Ensemble probability-weighted,0.00043637062668204545
REAL_HUMANITARIAN_GEOSPATIAL_DATA,KALMAEGI,2025-11-01 12:00:00,6,49,157,0,Deterministic mean-track,0.0
REAL_HUMANITARIAN_GEOSPATIAL_DATA,KALMAEGI,2025-11-01 12:00:00,6,49,157,0,P90 envelope,0.08917197452229299
REAL_HUMANITARIAN_GEOSPATIAL_DATA,KALMAEGI,2025-11-01 12:00:00,6,49,157,0,Ensemble probability-weighted,0.00017773910552131938
REAL_HUMANITARIAN_GEOSPATIAL_DATA,KALMAEGI,2025-11-01 18:00:00,6,51,175,0,Deterministic mean-track,0.0
REAL_HUMANITARIAN_GEOSPATIAL_DATA,KALMAEGI,2025-11-01 18:00:00,6,51,175,0,P90 envelope,0.07428571428571429
REAL_HUMANITARIAN_GEOSPATIAL_DATA,KALMAEGI,2025-11-01 18:00:00,6,51,175,0,Ensemble probability-weighted,5.272697314219806e-05
REAL_HUMANITARIAN_GEOSPATIAL_DATA,KALMAEGI,2025-11-02 00:00:00,6,51,198,1,Deterministic mean-track,0.0
REAL_HUMANITARIAN_GEOSPATIAL_DATA,KALMAEGI,2025-11-02 00:00:00,6,51,198,1,P90 envelope,0.050505050505050504
REAL_HUMANITARIAN_GEOSPATIAL_DATA,KALMAEGI,2025-11-02 00:00:00,6,51,198,1,Ensemble probability-weighted,0.004510697128920889
REAL_HUMANITARIAN_GEOSPATIAL_DATA,KALMAEGI,2025-11-02 12:00:00,6,51,240,0,Deterministic mean-track,0.0
REAL_HUMANITARIAN_GEOSPATIAL_DATA,KALMAEGI,2025-11-02 12:00:00,6,51,240,0,P90 envelope,0.05
REAL_HUMANITARIAN_GEOSPATIAL_DATA,KALMAEGI,2025-11-02 12:00:00,6,51,240,0,Ensemble probability-weighted,0.00010733051390490838
REAL_HUMANITARIAN_GEOSPATIAL_DATA,KALMAEGI,2025-11-02 18:00:00,6,51,240,1,Deterministic mean-track,0.004166666666666667
REAL_HUMANITARIAN_GEOSPATIAL_DATA,KALMAEGI,2025-11-02 18:00:00,6,51,240,1,P90 envelope,0.058333333333333334
REAL_HUMANITARIAN_GEOSPATIAL_DATA,KALMAEGI,2025-11-02 18:00:00,6,51,240,1,Ensemble probability-weighted,0.003588363449955146
REAL_HUMANITARIAN_GEOSPATIAL_DATA,KALMAEGI,2025-11-03 00:00:00,6,51,251,1,Deterministic mean-track,0.00398406374501992
REAL_HUMANITARIAN_GEOSPATIAL_DATA,KALMAEGI,2025-11-03 00:00:00,6,51,251,1,P90 envelope,0.05179282868525897
REAL_HUMANITARIAN_GEOSPATIAL_DATA,KALMAEGI,2025-11-03 00:00:00,6,51,251,1,Ensemble probability-weighted,0.0035536439401946235
REAL_HUMANITARIAN_GEOSPATIAL_DATA,KALMAEGI,2025-11-03 06:00:00,6,51,262,1,Deterministic mean-track,0.003816793893129771
REAL_HUMANITARIAN_GEOSPATIAL_DATA,KALMAEGI,2025-11-03 06:00:00,6,51,262,1,P90 envelope,0.0648854961832061
REAL_HUMANITARIAN_GEOSPATIAL_DATA,KALMAEGI,2025-11-03 06:00:00,6,51,262,1,Ensemble probability-weighted,0.0032635715564477553
REAL_HUMANITARIAN_GEOSPATIAL_DATA,KALMAEGI,2025-11-03 12:00:00,6,51,284,0,Deterministic mean-track,0.0
REAL_HUMANITARIAN_GEOSPATIAL_DATA,KALMAEGI,2025-11-03 12:00:00,6,51,284,0,P90 envelope,0.03169014084507042
REAL_HUMANITARIAN_GEOSPATIAL_DATA,KALMAEGI,2025-11-03 12:00:00,6,51,284,0,Ensemble probability-weighted,0.00011506950197919544
REAL_HUMANITARIAN_GEOSPATIAL_DATA,KALMAEGI,2025-11-03 18:00:00,6,51,275,1,Deterministic mean-track,0.0036363636363636364
REAL_HUMANITARIAN_GEOSPATIAL_DATA,KALMAEGI,2025-11-03 18:00:00,6,51,275,1,P90 envelope,0.02909090909090909
REAL_HUMANITARIAN_GEOSPATIAL_DATA,KALMAEGI,2025-11-03 18:00:00,6,51,275,1,Ensemble probability-weighted,0.0022662612281989444
REAL_HUMANITARIAN_GEOSPATIAL_DATA,KALMAEGI,2025-11-04 00:00:00,6,51,292,0,Deterministic mean-track,0.0
REAL_HUMANITARIAN_GEOSPATIAL_DATA,KALMAEGI,2025-11-04 00:00:00,6,51,292,0,P90 envelope,0.0273972602739726
REAL_HUMANITARIAN_GEOSPATIAL_DATA,KALMAEGI,2025-11-04 00:00:00,6,51,292,0,Ensemble probability-weighted,0.0001738003823608412
REAL_HUMANITARIAN_GEOSPATIAL_DATA,KALMAEGI,2025-11-04 06:00:00,6,51,296,0,Deterministic mean-track,0.0
REAL_HUMANITARIAN_GEOSPATIAL_DATA,KALMAEGI,2025-11-04 06:00:00,6,51,296,0,P90 envelope,0.030405405405405407
REAL_HUMANITARIAN_GEOSPATIAL_DATA,KALMAEGI,2025-11-04 06:00:00,6,51,296,0,Ensemble probability-weighted,5.715057618171805e-05
REAL_HUMANITARIAN_GEOSPATIAL_DATA,KALMAEGI,2025-11-04 12:00:00,6,51,297,0,Deterministic mean-track,0.0
REAL_HUMANITARIAN_GEOSPATIAL_DATA,KALMAEGI,2025-11-04 12:00:00,6,51,297,0,P90 envelope,0.020202020202020204
REAL_HUMANITARIAN_GEOSPATIAL_DATA,KALMAEGI,2025-11-04 12:00:00,6,51,297,0,Ensemble probability-weighted,0.00011909431363487494
REAL_HUMANITARIAN_GEOSPATIAL_DATA,KALMAEGI,2025-11-04 18:00:00,6,51,307,0,Deterministic mean-track,0.003257328990228013
REAL_HUMANITARIAN_GEOSPATIAL_DATA,KALMAEGI,2025-11-04 18:00:00,6,51,307,0,P90 envelope,0.026058631921824105
REAL_HUMANITARIAN_GEOSPATIAL_DATA,KALMAEGI,2025-11-04 18:00:00,6,51,307,0,Ensemble probability-weighted,0.00020663563375148875
REAL_HUMANITARIAN_GEOSPATIAL_DATA,KALMAEGI,2025-11-05 00:00:00,6,51,320,0,Deterministic mean-track,0.0
REAL_HUMANITARIAN_GEOSPATIAL_DATA,KALMAEGI,2025-11-05 00:00:00,6,51,320,0,P90 envelope,0.015625
REAL_HUMANITARIAN_GEOSPATIAL_DATA,KALMAEGI,2025-11-05 00:00:00,6,51,320,0,Ensemble probability-weighted,0.0002078527489427143
REAL_HUMANITARIAN_GEOSPATIAL_DATA,KALMAEGI,2025-11-05 06:00:00,6,51,335,0,Deterministic mean-track,0.0
REAL_HUMANITARIAN_GEOSPATIAL_DATA,KALMAEGI,2025-11-05 06:00:00,6,51,335,0,P90 envelope,0.023880597014925373
REAL_HUMANITARIAN_GEOSPATIAL_DATA,KALMAEGI,2025-11-05 06:00:00,6,51,335,0,Ensemble probability-weighted,4.9349561305353276e-05
REAL_HUMANITARIAN_GEOSPATIAL_DATA,KALMAEGI,2025-11-05 12:00:00,6,51,346,0,Deterministic mean-track,0.0
REAL_HUMANITARIAN_GEOSPATIAL_DATA,KALMAEGI,2025-11-05 12:00:00,6,51,346,0,P90 envelope,0.011560693641618497
REAL_HUMANITARIAN_GEOSPATIAL_DATA,KALMAEGI,2025-11-05 12:00:00,6,51,346,0,Ensemble probability-weighted,2.555708898089441e-05
REAL_HUMANITARIAN_GEOSPATIAL_DATA,KALMAEGI,2025-11-05 18:00:00,6,51,343,0,Deterministic mean-track,0.0
REAL_HUMANITARIAN_GEOSPATIAL_DATA,KALMAEGI,2025-11-05 18:00:00,6,51,343,0,P90 envelope,0.01749271137026239
REAL_HUMANITARIAN_GEOSPATIAL_DATA,KALMAEGI,2025-11-05 18:00:00,6,51,343,0,Ensemble probability-weighted,7.510006803841986e-05
REAL_HUMANITARIAN_GEOSPATIAL_DATA,KALMAEGI,2025-11-06 00:00:00,6,51,327,0,Deterministic mean-track,0.0
REAL_HUMANITARIAN_GEOSPATIAL_DATA,KALMAEGI,2025-11-06 00:00:00,6,51,327,0,P90 envelope,0.01529051987767584
REAL_HUMANITARIAN_GEOSPATIAL_DATA,KALMAEGI,2025-11-06 00:00:00,6,51,327,0,Ensemble probability-weighted,0.00030334134013382296
REAL_HUMANITARIAN_GEOSPATIAL_DATA,KALMAEGI,2025-11-06 06:00:00,6,51,319,0,Deterministic mean-track,0.0
REAL_HUMANITARIAN_GEOSPATIAL_DATA,KALMAEGI,2025-11-06 06:00:00,6,51,319,0,P90 envelope,0.018808777429467086
REAL_HUMANITARIAN_GEOSPATIAL_DATA,KALMAEGI,2025-11-06 06:00:00,6,51,319,0,Ensemble probability-weighted,0.00010847045807074442
REAL_HUMANITARIAN_GEOSPATIAL_DATA,KALMAEGI,2025-11-06 12:00:00,6,51,306,0,Deterministic mean-track,0.0032679738562091504
REAL_HUMANITARIAN_GEOSPATIAL_DATA,KALMAEGI,2025-11-06 12:00:00,6,51,306,0,P90 envelope,0.026143790849673203
REAL_HUMANITARIAN_GEOSPATIAL_DATA,KALMAEGI,2025-11-06 12:00:00,6,51,306,0,Ensemble probability-weighted,0.00047995617572929475
REAL_HUMANITARIAN_GEOSPATIAL_DATA,KALMAEGI,2025-11-06 18:00:00,6,51,277,0,Deterministic mean-track,0.0036101083032490976
REAL_HUMANITARIAN_GEOSPATIAL_DATA,KALMAEGI,2025-11-06 18:00:00,6,51,277,0,P90 envelope,0.032490974729241874
REAL_HUMANITARIAN_GEOSPATIAL_DATA,KALMAEGI,2025-11-06 18:00:00,6,51,277,0,Ensemble probability-weighted,0.00020541946515988715
REAL_HUMANITARIAN_GEOSPATIAL_DATA,KALMAEGI,2025-11-07 00:00:00,6,51,266,0,Deterministic mean-track,0.0
REAL_HUMANITARIAN_GEOSPATIAL_DATA,KALMAEGI,2025-11-07 00:00:00,6,51,266,0,P90 envelope,0.03383458646616541
REAL_HUMANITARIAN_GEOSPATIAL_DATA,KALMAEGI,2025-11-07 00:00:00,6,51,266,0,Ensemble probability-weighted,0.0002572752527223479
REAL_HUMANITARIAN_GEOSPATIAL_DATA,KALMAEGI,2025-11-07 06:00:00,6,51,242,0,Deterministic mean-track,0.0
REAL_HUMANITARIAN_GEOSPATIAL_DATA,KALMAEGI,2025-11-07 06:00:00,6,51,242,0,P90 envelope,0.0371900826446281
REAL_HUMANITARIAN_GEOSPATIAL_DATA,KALMAEGI,2025-11-07 06:00:00,6,51,242,0,Ensemble probability-weighted,7.149189281935429e-05
REAL_HUMANITARIAN_GEOSPATIAL_DATA,KOTO,2025-11-25 12:00:00,6,51,311,1,Deterministic mean-track,0.0
REAL_HUMANITARIAN_GEOSPATIAL_DATA,KOTO,2025-11-25 12:00:00,6,51,311,1,P90 envelope,0.02572347266881029
REAL_HUMANITARIAN_GEOSPATIAL_DATA,KOTO,2025-11-25 12:00:00,6,51,311,1,Ensemble probability-weighted,0.001895140503714253
REAL_HUMANITARIAN_GEOSPATIAL_DATA,KOTO,2025-11-25 18:00:00,6,50,305,0,Deterministic mean-track,0.003278688524590164
REAL_HUMANITARIAN_GEOSPATIAL_DATA,KOTO,2025-11-25 18:00:00,6,50,305,0,P90 envelope,0.036065573770491806
REAL_HUMANITARIAN_GEOSPATIAL_DATA,KOTO,2025-11-25 18:00:00,6,50,305,0,Ensemble probability-weighted,9.836065573770494e-05
REAL_HUMANITARIAN_GEOSPATIAL_DATA,KOTO,2025-11-26 00:00:00,6,51,305,1,Deterministic mean-track,0.0
REAL_HUMANITARIAN_GEOSPATIAL_DATA,KOTO,2025-11-26 00:00:00,6,51,305,1,P90 envelope,0.019672131147540985
REAL_HUMANITARIAN_GEOSPATIAL_DATA,KOTO,2025-11-26 00:00:00,6,51,305,1,Ensemble probability-weighted,0.0021202437902193986
REAL_HUMANITARIAN_GEOSPATIAL_DATA,KOTO,2025-11-26 06:00:00,6,51,320,0,Deterministic mean-track,0.003125
REAL_HUMANITARIAN_GEOSPATIAL_DATA,KOTO,2025-11-26 06:00:00,6,51,320,0,P90 envelope,0.025
REAL_HUMANITARIAN_GEOSPATIAL_DATA,KOTO,2025-11-26 06:00:00,6,51,320,0,Ensemble probability-weighted,0.00024149365628604392
REAL_HUMANITARIAN_GEOSPATIAL_DATA,KOTO,2025-11-26 12:00:00,6,51,329,0,Deterministic mean-track,0.0
REAL_HUMANITARIAN_GEOSPATIAL_DATA,KOTO,2025-11-26 12:00:00,6,51,329,0,P90 envelope,0.02127659574468085
REAL_HUMANITARIAN_GEOSPATIAL_DATA,KOTO,2025-11-26 12:00:00,6,51,329,0,Ensemble probability-weighted,8.64759754548461e-05
REAL_HUMANITARIAN_GEOSPATIAL_DATA,KOTO,2025-11-26 18:00:00,6,51,328,0,Deterministic mean-track,0.0
REAL_HUMANITARIAN_GEOSPATIAL_DATA,KOTO,2025-11-26 18:00:00,6,51,328,0,P90 envelope,0.021341463414634148
REAL_HUMANITARIAN_GEOSPATIAL_DATA,KOTO,2025-11-26 18:00:00,6,51,328,0,Ensemble probability-weighted,7.15015800677038e-05
REAL_HUMANITARIAN_GEOSPATIAL_DATA,KOTO,2025-11-27 00:00:00,6,51,328,0,Deterministic mean-track,0.003048780487804878
REAL_HUMANITARIAN_GEOSPATIAL_DATA,KOTO,2025-11-27 00:00:00,6,51,328,0,P90 envelope,0.021341463414634148
REAL_HUMANITARIAN_GEOSPATIAL_DATA,KOTO,2025-11-27 00:00:00,6,51,328,0,Ensemble probability-weighted,8.205099352031584e-05
REAL_HUMANITARIAN_GEOSPATIAL_DATA,KOTO,2025-11-27 06:00:00,6,51,336,0,Deterministic mean-track,0.0
REAL_HUMANITARIAN_GEOSPATIAL_DATA,KOTO,2025-11-27 06:00:00,6,51,336,0,P90 envelope,0.020833333333333332
REAL_HUMANITARIAN_GEOSPATIAL_DATA,KOTO,2025-11-27 06:00:00,6,51,336,0,Ensemble probability-weighted,0.00017278153091301881
REAL_HUMANITARIAN_GEOSPATIAL_DATA,KOTO,2025-11-27 12:00:00,6,51,341,0,Deterministic mean-track,0.0
REAL_HUMANITARIAN_GEOSPATIAL_DATA,KOTO,2025-11-27 12:00:00,6,51,341,0,P90 envelope,0.020527859237536656
REAL_HUMANITARIAN_GEOSPATIAL_DATA,KOTO,2025-11-27 12:00:00,6,51,341,0,Ensemble probability-weighted,0.00045775310871861823
REAL_HUMANITARIAN_GEOSPATIAL_DATA,KOTO,2025-11-27 18:00:00,6,51,340,0,Deterministic mean-track,0.0
REAL_HUMANITARIAN_GEOSPATIAL_DATA,KOTO,2025-11-27 18:00:00,6,51,340,0,P90 envelope,0.020588235294117647
REAL_HUMANITARIAN_GEOSPATIAL_DATA,KOTO,2025-11-27 18:00:00,6,51,340,0,Ensemble probability-weighted,0.00014813307099079538
REAL_HUMANITARIAN_GEOSPATIAL_DATA,KOTO,2025-11-28 00:00:00,6,51,324,0,Deterministic mean-track,0.0
REAL_HUMANITARIAN_GEOSPATIAL_DATA,KOTO,2025-11-28 00:00:00,6,51,324,0,P90 envelope,0.018518518518518517
REAL_HUMANITARIAN_GEOSPATIAL_DATA,KOTO,2025-11-28 00:00:00,6,51,324,0,Ensemble probability-weighted,0.00024207213749697417
REAL_HUMANITARIAN_GEOSPATIAL_DATA,KOTO,2025-11-28 06:00:00,6,51,318,1,Deterministic mean-track,0.0031446540880503146
REAL_HUMANITARIAN_GEOSPATIAL_DATA,KOTO,2025-11-28 06:00:00,6,51,318,1,P90 envelope,0.015723270440251572
REAL_HUMANITARIAN_GEOSPATIAL_DATA,KOTO,2025-11-28 06:00:00,6,51,318,1,Ensemble probability-weighted,0.0027746947835738073
REAL_HUMANITARIAN_GEOSPATIAL_DATA,KOTO,2025-11-28 12:00:00,6,51,328,0,Deterministic mean-track,0.003048780487804878
REAL_HUMANITARIAN_GEOSPATIAL_DATA,KOTO,2025-11-28 12:00:00,6,51,328,0,P90 envelope,0.01524390243902439
REAL_HUMANITARIAN_GEOSPATIAL_DATA,KOTO,2025-11-28 12:00:00,6,51,328,0,Ensemble probability-weighted,0.0006810232462186213
REAL_HUMANITARIAN_GEOSPATIAL_DATA,KOTO,2025-11-28 18:00:00,6,51,343,0,Deterministic mean-track,0.0
REAL_HUMANITARIAN_GEOSPATIAL_DATA,KOTO,2025-11-28 18:00:00,6,51,343,0,P90 envelope,0.01749271137026239
REAL_HUMANITARIAN_GEOSPATIAL_DATA,KOTO,2025-11-28 18:00:00,6,51,343,0,Ensemble probability-weighted,0.00016477179106936892
REAL_HUMANITARIAN_GEOSPATIAL_DATA,KOTO,2025-11-29 00:00:00,6,51,336,0,Deterministic mean-track,0.0
REAL_HUMANITARIAN_GEOSPATIAL_DATA,KOTO,2025-11-29 00:00:00,6,51,336,0,P90 envelope,0.011904761904761904
REAL_HUMANITARIAN_GEOSPATIAL_DATA,KOTO,2025-11-29 00:00:00,6,51,336,0,Ensemble probability-weighted,5.3779681807363464e-05
REAL_HUMANITARIAN_GEOSPATIAL_DATA,KOTO,2025-11-29 06:00:00,6,51,336,0,Deterministic mean-track,0.0
REAL_HUMANITARIAN_GEOSPATIAL_DATA,KOTO,2025-11-29 06:00:00,6,51,336,0,P90 envelope,0.017857142857142856
REAL_HUMANITARIAN_GEOSPATIAL_DATA,KOTO,2025-11-29 06:00:00,6,51,336,0,Ensemble probability-weighted,5.950092455282767e-05
REAL_HUMANITARIAN_GEOSPATIAL_DATA,KOTO,2025-11-29 12:00:00,6,51,322,0,Deterministic mean-track,0.0
REAL_HUMANITARIAN_GEOSPATIAL_DATA,KOTO,2025-11-29 12:00:00,6,51,322,0,P90 envelope,0.012422360248447204
REAL_HUMANITARIAN_GEOSPATIAL_DATA,KOTO,2025-11-29 12:00:00,6,51,322,0,Ensemble probability-weighted,0.00019342775473360702
REAL_HUMANITARIAN_GEOSPATIAL_DATA,KOTO,2025-11-29 18:00:00,6,51,331,0,Deterministic mean-track,0.0
REAL_HUMANITARIAN_GEOSPATIAL_DATA,KOTO,2025-11-29 18:00:00,6,51,331,0,P90 envelope,0.012084592145015106
REAL_HUMANITARIAN_GEOSPATIAL_DATA,KOTO,2025-11-29 18:00:00,6,51,331,0,Ensemble probability-weighted,4.7622864085507437e-05
REAL_HUMANITARIAN_GEOSPATIAL_DATA,KOTO,2025-11-30 00:00:00,6,51,324,1,Deterministic mean-track,0.0030864197530864196
REAL_HUMANITARIAN_GEOSPATIAL_DATA,KOTO,2025-11-30 00:00:00,6,51,324,1,P90 envelope,0.009259259259259259
REAL_HUMANITARIAN_GEOSPATIAL_DATA,KOTO,2025-11-30 00:00:00,6,51,324,1,Ensemble probability-weighted,0.002869266806214134
REAL_HUMANITARIAN_GEOSPATIAL_DATA,KOTO,2025-11-30 06:00:00,6,51,337,0,Deterministic mean-track,0.0
REAL_HUMANITARIAN_GEOSPATIAL_DATA,KOTO,2025-11-30 06:00:00,6,51,337,0,P90 envelope,0.011869436201780416
REAL_HUMANITARIAN_GEOSPATIAL_DATA,KOTO,2025-11-30 06:00:00,6,51,337,0,Ensemble probability-weighted,3.878900719536083e-05
REAL_HUMANITARIAN_GEOSPATIAL_DATA,KOTO,2025-11-30 12:00:00,6,51,325,0,Deterministic mean-track,0.003076923076923077
REAL_HUMANITARIAN_GEOSPATIAL_DATA,KOTO,2025-11-30 12:00:00,6,51,325,0,P90 envelope,0.012307692307692308
REAL_HUMANITARIAN_GEOSPATIAL_DATA,KOTO,2025-11-30 12:00:00,6,51,325,0,Ensemble probability-weighted,0.00042705468311004646
REAL_HUMANITARIAN_GEOSPATIAL_DATA,KOTO,2025-11-30 18:00:00,6,51,325,0,Deterministic mean-track,0.0
REAL_HUMANITARIAN_GEOSPATIAL_DATA,KOTO,2025-11-30 18:00:00,6,51,325,0,P90 envelope,0.018461538461538463
REAL_HUMANITARIAN_GEOSPATIAL_DATA,KOTO,2025-11-30 18:00:00,6,51,325,0,Ensemble probability-weighted,9.582113388341762e-05
REAL_HUMANITARIAN_GEOSPATIAL_DATA,KOTO,2025-12-01 00:00:00,6,51,335,0,Deterministic mean-track,0.0
REAL_HUMANITARIAN_GEOSPATIAL_DATA,KOTO,2025-12-01 00:00:00,6,51,335,0,P90 envelope,0.011940298507462687
REAL_HUMANITARIAN_GEOSPATIAL_DATA,KOTO,2025-12-01 00:00:00,6,51,335,0,Ensemble probability-weighted,6.885985298421388e-06
REAL_HUMANITARIAN_GEOSPATIAL_DATA,KOTO,2025-12-01 06:00:00,6,39,335,0,Deterministic mean-track,0.0
REAL_HUMANITARIAN_GEOSPATIAL_DATA,KOTO,2025-12-01 06:00:00,6,39,335,0,P90 envelope,0.014925373134328358
REAL_HUMANITARIAN_GEOSPATIAL_DATA,KOTO,2025-12-01 06:00:00,6,39,335,0,Ensemble probability-weighted,2.5513458349279247e-05
REAL_HUMANITARIAN_GEOSPATIAL_DATA,KOTO,2025-12-01 12:00:00,6,30,329,0,Deterministic mean-track,0.0
REAL_HUMANITARIAN_GEOSPATIAL_DATA,KOTO,2025-12-01 12:00:00,6,30,329,0,P90 envelope,0.0121580547112462
REAL_HUMANITARIAN_GEOSPATIAL_DATA,KOTO,2025-12-01 12:00:00,6,30,329,0,Ensemble probability-weighted,8.78081729145559e-05
REAL_HUMANITARIAN_GEOSPATIAL_DATA,KOTO,2025-12-01 18:00:00,6,8,329,0,Deterministic mean-track,0.0
REAL_HUMANITARIAN_GEOSPATIAL_DATA,KOTO,2025-12-01 18:00:00,6,8,329,0,P90 envelope,0.0121580547112462
REAL_HUMANITARIAN_GEOSPATIAL_DATA,KOTO,2025-12-01 18:00:00,6,8,329,0,Ensemble probability-weighted,0.0
REAL_HUMANITARIAN_GEOSPATIAL_DATA,KOTO,2025-12-02 00:00:00,6,9,327,0,Deterministic mean-track,0.0
REAL_HUMANITARIAN_GEOSPATIAL_DATA,KOTO,2025-12-02 00:00:00,6,9,327,0,P90 envelope,0.012232415902140673
REAL_HUMANITARIAN_GEOSPATIAL_DATA,KOTO,2025-12-02 00:00:00,6,9,327,0,Ensemble probability-weighted,0.00018877185034167705
REAL_HUMANITARIAN_GEOSPATIAL_DATA,KOTO,2025-12-02 06:00:00,6,7,327,0,Deterministic mean-track,0.0
REAL_HUMANITARIAN_GEOSPATIAL_DATA,KOTO,2025-12-02 06:00:00,6,7,327,0,P90 envelope,0.012232415902140673
REAL_HUMANITARIAN_GEOSPATIAL_DATA,KOTO,2025-12-02 06:00:00,6,7,327,0,Ensemble probability-weighted,0.0003120514260750171
REAL_HUMANITARIAN_GEOSPATIAL_DATA,KOTO,2025-12-02 12:00:00,6,7,313,1,Deterministic mean-track,0.003194888178913738
REAL_HUMANITARIAN_GEOSPATIAL_DATA,KOTO,2025-12-02 12:00:00,6,7,313,1,P90 envelope,0.006389776357827476
REAL_HUMANITARIAN_GEOSPATIAL_DATA,KOTO,2025-12-02 12:00:00,6,7,313,1,Ensemble probability-weighted,0.0016952467888113713
REAL_HUMANITARIAN_GEOSPATIAL_DATA,KOTO,2025-12-02 18:00:00,6,1,327,0,Deterministic mean-track,0.0
REAL_HUMANITARIAN_GEOSPATIAL_DATA,KOTO,2025-12-02 18:00:00,6,1,327,0,P90 envelope,0.0061162079510703364
REAL_HUMANITARIAN_GEOSPATIAL_DATA,KOTO,2025-12-02 18:00:00,6,1,327,0,Ensemble probability-weighted,0.0
REAL_HUMANITARIAN_GEOSPATIAL_DATA,KOTO,2025-12-03 00:00:00,6,2,325,0,Deterministic mean-track,0.003076923076923077
REAL_HUMANITARIAN_GEOSPATIAL_DATA,KOTO,2025-12-03 00:00:00,6,2,325,0,P90 envelope,0.003076923076923077
REAL_HUMANITARIAN_GEOSPATIAL_DATA,KOTO,2025-12-03 00:00:00,6,2,325,0,Ensemble probability-weighted,0.0007692307692307692
REAL_HUMANITARIAN_GEOSPATIAL_DATA,KOTO,2025-12-03 06:00:00,6,1,314,0,Deterministic mean-track,0.0031847133757961785
REAL_HUMANITARIAN_GEOSPATIAL_DATA,KOTO,2025-12-03 06:00:00,6,1,314,0,P90 envelope,0.0031847133757961785
REAL_HUMANITARIAN_GEOSPATIAL_DATA,KOTO,2025-12-03 06:00:00,6,1,314,0,Ensemble probability-weighted,0.0031847133757961785
REAL_HUMANITARIAN_GEOSPATIAL_DATA,MELISSA,2025-10-23 00:00:00,6,50,146,0,Deterministic mean-track,0.00684931506849315
REAL_HUMANITARIAN_GEOSPATIAL_DATA,MELISSA,2025-10-23 00:00:00,6,50,146,0,P90 envelope,0.08904109589041095
REAL_HUMANITARIAN_GEOSPATIAL_DATA,MELISSA,2025-10-23 00:00:00,6,50,146,0,Ensemble probability-weighted,9.041095890410958e-05
REAL_HUMANITARIAN_GEOSPATIAL_DATA,MELISSA,2025-10-23 06:00:00,6,50,146,1,Deterministic mean-track,0.00684931506849315
REAL_HUMANITARIAN_GEOSPATIAL_DATA,MELISSA,2025-10-23 06:00:00,6,50,146,1,P90 envelope,0.13013698630136986
REAL_HUMANITARIAN_GEOSPATIAL_DATA,MELISSA,2025-10-23 06:00:00,6,50,146,1,Ensemble probability-weighted,0.0063753424657534245
REAL_HUMANITARIAN_GEOSPATIAL_DATA,MELISSA,2025-10-23 12:00:00,6,50,161,0,Deterministic mean-track,0.0
REAL_HUMANITARIAN_GEOSPATIAL_DATA,MELISSA,2025-10-23 12:00:00,6,50,161,0,P90 envelope,0.11180124223602485
REAL_HUMANITARIAN_GEOSPATIAL_DATA,MELISSA,2025-10-23 12:00:00,6,50,161,0,Ensemble probability-weighted,0.0001217391304347826
REAL_HUMANITARIAN_GEOSPATIAL_DATA,MELISSA,2025-10-23 18:00:00,6,51,161,0,Deterministic mean-track,0.0
REAL_HUMANITARIAN_GEOSPATIAL_DATA,MELISSA,2025-10-23 18:00:00,6,51,161,0,P90 envelope,0.12422360248447205
REAL_HUMANITARIAN_GEOSPATIAL_DATA,MELISSA,2025-10-23 18:00:00,6,51,161,0,Ensemble probability-weighted,0.00017432377895744826
REAL_HUMANITARIAN_GEOSPATIAL_DATA,MELISSA,2025-10-24 00:00:00,6,51,161,0,Deterministic mean-track,0.006211180124223602
REAL_HUMANITARIAN_GEOSPATIAL_DATA,MELISSA,2025-10-24 00:00:00,6,51,161,0,P90 envelope,0.10559006211180125
REAL_HUMANITARIAN_GEOSPATIAL_DATA,MELISSA,2025-10-24 00:00:00,6,51,161,0,Ensemble probability-weighted,0.00033193157911075766
REAL_HUMANITARIAN_GEOSPATIAL_DATA,MELISSA,2025-10-24 12:00:00,6,51,158,0,Deterministic mean-track,0.006329113924050633
REAL_HUMANITARIAN_GEOSPATIAL_DATA,MELISSA,2025-10-24 12:00:00,6,51,158,0,P90 envelope,0.06329113924050633
REAL_HUMANITARIAN_GEOSPATIAL_DATA,MELISSA,2025-10-24 12:00:00,6,51,158,0,Ensemble probability-weighted,0.00019466709493427554
REAL_HUMANITARIAN_GEOSPATIAL_DATA,MELISSA,2025-10-24 18:00:00,6,51,168,0,Deterministic mean-track,0.005952380952380952
REAL_HUMANITARIAN_GEOSPATIAL_DATA,MELISSA,2025-10-24 18:00:00,6,51,168,0,P90 envelope,0.10714285714285714
REAL_HUMANITARIAN_GEOSPATIAL_DATA,MELISSA,2025-10-24 18:00:00,6,51,168,0,Ensemble probability-weighted,0.00014188682008751212
REAL_HUMANITARIAN_GEOSPATIAL_DATA,MELISSA,2025-10-25 00:00:00,6,51,168,0,Deterministic mean-track,0.0
REAL_HUMANITARIAN_GEOSPATIAL_DATA,MELISSA,2025-10-25 00:00:00,6,51,168,0,P90 envelope,0.07142857142857142
REAL_HUMANITARIAN_GEOSPATIAL_DATA,MELISSA,2025-10-25 00:00:00,6,51,168,0,Ensemble probability-weighted,0.00022427271562219664
REAL_HUMANITARIAN_GEOSPATIAL_DATA,MELISSA,2025-10-25 12:00:00,6,51,171,0,Deterministic mean-track,0.0
REAL_HUMANITARIAN_GEOSPATIAL_DATA,MELISSA,2025-10-25 12:00:00,6,51,171,0,P90 envelope,0.07017543859649122
REAL_HUMANITARIAN_GEOSPATIAL_DATA,MELISSA,2025-10-25 12:00:00,6,51,171,0,Ensemble probability-weighted,0.00022033810657619315
REAL_HUMANITARIAN_GEOSPATIAL_DATA,MELISSA,2025-10-25 18:00:00,6,51,171,1,Deterministic mean-track,0.005847953216374269
REAL_HUMANITARIAN_GEOSPATIAL_DATA,MELISSA,2025-10-25 18:00:00,6,51,171,1,P90 envelope,0.07602339181286549
REAL_HUMANITARIAN_GEOSPATIAL_DATA,MELISSA,2025-10-25 18:00:00,6,51,171,1,Ensemble probability-weighted,0.005686072158481556
REAL_HUMANITARIAN_GEOSPATIAL_DATA,MELISSA,2025-10-26 00:00:00,6,51,175,0,Deterministic mean-track,0.0
REAL_HUMANITARIAN_GEOSPATIAL_DATA,MELISSA,2025-10-26 00:00:00,6,51,175,0,P90 envelope,0.045714285714285714
REAL_HUMANITARIAN_GEOSPATIAL_DATA,MELISSA,2025-10-26 00:00:00,6,51,175,0,Ensemble probability-weighted,0.0005843906189926952
REAL_HUMANITARIAN_GEOSPATIAL_DATA,MELISSA,2025-10-26 06:00:00,6,51,174,1,Deterministic mean-track,0.0
REAL_HUMANITARIAN_GEOSPATIAL_DATA,MELISSA,2025-10-26 06:00:00,6,51,174,1,P90 envelope,0.06321839080459771
REAL_HUMANITARIAN_GEOSPATIAL_DATA,MELISSA,2025-10-26 06:00:00,6,51,174,1,Ensemble probability-weighted,0.0047042030695532665
REAL_HUMANITARIAN_GEOSPATIAL_DATA,MELISSA,2025-10-26 12:00:00,6,51,174,0,Deterministic mean-track,0.005747126436781609
REAL_HUMANITARIAN_GEOSPATIAL_DATA,MELISSA,2025-10-26 12:00:00,6,51,174,0,P90 envelope,0.08045977011494253
REAL_HUMANITARIAN_GEOSPATIAL_DATA,MELISSA,2025-10-26 12:00:00,6,51,174,0,Ensemble probability-weighted,0.00032259917715113997
REAL_HUMANITARIAN_GEOSPATIAL_DATA,MELISSA,2025-10-26 18:00:00,6,51,172,1,Deterministic mean-track,0.0
REAL_HUMANITARIAN_GEOSPATIAL_DATA,MELISSA,2025-10-26 18:00:00,6,51,172,1,P90 envelope,0.0872093023255814
REAL_HUMANITARIAN_GEOSPATIAL_DATA,MELISSA,2025-10-26 18:00:00,6,51,172,1,Ensemble probability-weighted,0.004682903713240882
REAL_HUMANITARIAN_GEOSPATIAL_DATA,MELISSA,2025-10-27 00:00:00,6,51,172,0,Deterministic mean-track,0.0
REAL_HUMANITARIAN_GEOSPATIAL_DATA,MELISSA,2025-10-27 00:00:00,6,51,172,0,P90 envelope,0.06976744186046512
REAL_HUMANITARIAN_GEOSPATIAL_DATA,MELISSA,2025-10-27 00:00:00,6,51,172,0,Ensemble probability-weighted,0.00012741074541991902
REAL_HUMANITARIAN_GEOSPATIAL_DATA,MELISSA,2025-10-27 06:00:00,6,51,169,1,Deterministic mean-track,0.0
REAL_HUMANITARIAN_GEOSPATIAL_DATA,MELISSA,2025-10-27 06:00:00,6,51,169,1,P90 envelope,0.047337278106508875
REAL_HUMANITARIAN_GEOSPATIAL_DATA,MELISSA,2025-10-27 06:00:00,6,51,169,1,Ensemble probability-weighted,0.0038446751249519412
REAL_HUMANITARIAN_GEOSPATIAL_DATA,MELISSA,2025-10-27 12:00:00,6,51,169,0,Deterministic mean-track,0.0
REAL_HUMANITARIAN_GEOSPATIAL_DATA,MELISSA,2025-10-27 12:00:00,6,51,169,0,P90 envelope,0.05325443786982249
REAL_HUMANITARIAN_GEOSPATIAL_DATA,MELISSA,2025-10-27 12:00:00,6,51,169,0,Ensemble probability-weighted,0.0003981172466666212
REAL_HUMANITARIAN_GEOSPATIAL_DATA,MELISSA,2025-10-27 18:00:00,6,51,167,1,Deterministic mean-track,0.0
REAL_HUMANITARIAN_GEOSPATIAL_DATA,MELISSA,2025-10-27 18:00:00,6,51,167,1,P90 envelope,0.05389221556886228
REAL_HUMANITARIAN_GEOSPATIAL_DATA,MELISSA,2025-10-27 18:00:00,6,51,167,1,Ensemble probability-weighted,0.0036973342818400106
REAL_HUMANITARIAN_GEOSPATIAL_DATA,MELISSA,2025-10-28 00:00:00,6,51,177,0,Deterministic mean-track,0.0
REAL_HUMANITARIAN_GEOSPATIAL_DATA,MELISSA,2025-10-28 00:00:00,6,51,177,0,P90 envelope,0.06779661016949153
REAL_HUMANITARIAN_GEOSPATIAL_DATA,MELISSA,2025-10-28 00:00:00,6,51,177,0,Ensemble probability-weighted,0.00013032797033735397
REAL_HUMANITARIAN_GEOSPATIAL_DATA,MELISSA,2025-10-28 06:00:00,6,51,184,0,Deterministic mean-track,0.0
REAL_HUMANITARIAN_GEOSPATIAL_DATA,MELISSA,2025-10-28 06:00:00,6,51,184,0,P90 envelope,0.04891304347826087
REAL_HUMANITARIAN_GEOSPATIAL_DATA,MELISSA,2025-10-28 06:00:00,6,51,184,0,Ensemble probability-weighted,0.00011283285692793743
REAL_HUMANITARIAN_GEOSPATIAL_DATA,MELISSA,2025-10-28 12:00:00,6,51,184,1,Deterministic mean-track,0.005434782608695652
REAL_HUMANITARIAN_GEOSPATIAL_DATA,MELISSA,2025-10-28 12:00:00,6,51,184,1,P90 envelope,0.04891304347826087
REAL_HUMANITARIAN_GEOSPATIAL_DATA,MELISSA,2025-10-28 12:00:00,6,51,184,1,Ensemble probability-weighted,0.004239590124199722
REAL_HUMANITARIAN_GEOSPATIAL_DATA,MELISSA,2025-10-28 18:00:00,6,51,195,1,Deterministic mean-track,0.0
REAL_HUMANITARIAN_GEOSPATIAL_DATA,MELISSA,2025-10-28 18:00:00,6,51,195,1,P90 envelope,0.06153846153846154
REAL_HUMANITARIAN_GEOSPATIAL_DATA,MELISSA,2025-10-28 18:00:00,6,51,195,1,Ensemble probability-weighted,0.003493725293033251
REAL_HUMANITARIAN_GEOSPATIAL_DATA,MELISSA,2025-10-29 00:00:00,6,51,207,1,Deterministic mean-track,0.0
REAL_HUMANITARIAN_GEOSPATIAL_DATA,MELISSA,2025-10-29 00:00:00,6,51,207,1,P90 envelope,0.03864734299516908
REAL_HUMANITARIAN_GEOSPATIAL_DATA,MELISSA,2025-10-29 00:00:00,6,51,207,1,Ensemble probability-weighted,0.0029735868961584823
REAL_HUMANITARIAN_GEOSPATIAL_DATA,MELISSA,2025-10-29 06:00:00,6,51,221,1,Deterministic mean-track,0.004524886877828055
REAL_HUMANITARIAN_GEOSPATIAL_DATA,MELISSA,2025-10-29 06:00:00,6,51,221,1,P90 envelope,0.03619909502262444
REAL_HUMANITARIAN_GEOSPATIAL_DATA,MELISSA,2025-10-29 06:00:00,6,51,221,1,Ensemble probability-weighted,0.0028008719236075233
REAL_HUMANITARIAN_GEOSPATIAL_DATA,MELISSA,2025-10-29 12:00:00,6,51,231,0,Deterministic mean-track,0.0
REAL_HUMANITARIAN_GEOSPATIAL_DATA,MELISSA,2025-10-29 12:00:00,6,51,231,0,P90 envelope,0.03463203463203463
REAL_HUMANITARIAN_GEOSPATIAL_DATA,MELISSA,2025-10-29 12:00:00,6,51,231,0,Ensemble probability-weighted,0.00013314892207625775
REAL_HUMANITARIAN_GEOSPATIAL_DATA,MELISSA,2025-10-29 18:00:00,6,51,213,0,Deterministic mean-track,0.004694835680751174
REAL_HUMANITARIAN_GEOSPATIAL_DATA,MELISSA,2025-10-29 18:00:00,6,51,213,0,P90 envelope,0.051643192488262914
REAL_HUMANITARIAN_GEOSPATIAL_DATA,MELISSA,2025-10-29 18:00:00,6,51,213,0,Ensemble probability-weighted,0.0001931362621454731
REAL_HUMANITARIAN_GEOSPATIAL_DATA,MELISSA,2025-10-30 00:00:00,6,51,207,0,Deterministic mean-track,0.0
REAL_HUMANITARIAN_GEOSPATIAL_DATA,MELISSA,2025-10-30 00:00:00,6,51,207,0,P90 envelope,0.01932367149758454
REAL_HUMANITARIAN_GEOSPATIAL_DATA,MELISSA,2025-10-30 00:00:00,6,51,207,0,Ensemble probability-weighted,7.615057010774378e-05
REAL_HUMANITARIAN_GEOSPATIAL_DATA,MELISSA,2025-10-30 06:00:00,6,51,197,0,Deterministic mean-track,0.0
REAL_HUMANITARIAN_GEOSPATIAL_DATA,MELISSA,2025-10-30 06:00:00,6,51,197,0,P90 envelope,0.03553299492385787
REAL_HUMANITARIAN_GEOSPATIAL_DATA,MELISSA,2025-10-30 06:00:00,6,51,197,0,Ensemble probability-weighted,0.0003512901129397713
REAL_HUMANITARIAN_GEOSPATIAL_DATA,MELISSA,2025-10-30 12:00:00,6,51,188,0,Deterministic mean-track,0.0
REAL_HUMANITARIAN_GEOSPATIAL_DATA,MELISSA,2025-10-30 12:00:00,6,51,188,0,P90 envelope,0.026595744680851064
REAL_HUMANITARIAN_GEOSPATIAL_DATA,MELISSA,2025-10-30 12:00:00,6,51,188,0,Ensemble probability-weighted,4.2945839161697226e-05
REAL_HUMANITARIAN_GEOSPATIAL_DATA,MELISSA,2025-10-30 18:00:00,6,51,177,0,Deterministic mean-track,0.005649717514124294
REAL_HUMANITARIAN_GEOSPATIAL_DATA,MELISSA,2025-10-30 18:00:00,6,51,177,0,P90 envelope,0.05649717514124294
REAL_HUMANITARIAN_GEOSPATIAL_DATA,MELISSA,2025-10-30 18:00:00,6,51,177,0,Ensemble probability-weighted,0.00043442656779118
REAL_HUMANITARIAN_GEOSPATIAL_DATA,MELISSA,2025-10-31 00:00:00,6,51,175,1,Deterministic mean-track,0.005714285714285714
REAL_HUMANITARIAN_GEOSPATIAL_DATA,MELISSA,2025-10-31 00:00:00,6,51,175,1,P90 envelope,0.04
REAL_HUMANITARIAN_GEOSPATIAL_DATA,MELISSA,2025-10-31 00:00:00,6,51,175,1,Ensemble probability-weighted,0.0030471796561761964
REAL_HUMANITARIAN_GEOSPATIAL_DATA,MELISSA,2025-10-31 12:00:00,6,51,200,0,Deterministic mean-track,0.005
REAL_HUMANITARIAN_GEOSPATIAL_DATA,MELISSA,2025-10-31 12:00:00,6,51,200,0,P90 envelope,0.045
REAL_HUMANITARIAN_GEOSPATIAL_DATA,MELISSA,2025-10-31 12:00:00,6,51,200,0,Ensemble probability-weighted,0.00030757400999615535
REAL_HUMANITARIAN_GEOSPATIAL_DATA,MONTHA,2025-10-27 00:00:00,6,51,158,0,Deterministic mean-track,0.0
REAL_HUMANITARIAN_GEOSPATIAL_DATA,MONTHA,2025-10-27 00:00:00,6,51,158,0,P90 envelope,0.0379746835443038
REAL_HUMANITARIAN_GEOSPATIAL_DATA,MONTHA,2025-10-27 00:00:00,6,51,158,0,Ensemble probability-weighted,0.0001922337562475971
REAL_HUMANITARIAN_GEOSPATIAL_DATA,MONTHA,2025-10-27 06:00:00,6,51,167,1,Deterministic mean-track,0.0
REAL_HUMANITARIAN_GEOSPATIAL_DATA,MONTHA,2025-10-27 06:00:00,6,51,167,1,P90 envelope,0.05389221556886228
REAL_HUMANITARIAN_GEOSPATIAL_DATA,MONTHA,2025-10-27 06:00:00,6,51,167,1,Ensemble probability-weighted,0.0037249606899234975
REAL_HUMANITARIAN_GEOSPATIAL_DATA,MONTHA,2025-10-27 12:00:00,6,50,177,0,Deterministic mean-track,0.0
REAL_HUMANITARIAN_GEOSPATIAL_DATA,MONTHA,2025-10-27 12:00:00,6,50,177,0,P90 envelope,0.05084745762711865
REAL_HUMANITARIAN_GEOSPATIAL_DATA,MONTHA,2025-10-27 12:00:00,6,50,177,0,Ensemble probability-weighted,0.00013559322033898308
REAL_HUMANITARIAN_GEOSPATIAL_DATA,MONTHA,2025-10-27 18:00:00,6,51,186,0,Deterministic mean-track,0.0
REAL_HUMANITARIAN_GEOSPATIAL_DATA,MONTHA,2025-10-27 18:00:00,6,51,186,0,P90 envelope,0.043010752688172046
REAL_HUMANITARIAN_GEOSPATIAL_DATA,MONTHA,2025-10-27 18:00:00,6,51,186,0,Ensemble probability-weighted,5.3742770563844355e-05
REAL_HUMANITARIAN_GEOSPATIAL_DATA,MONTHA,2025-10-28 00:00:00,6,51,182,1,Deterministic mean-track,0.005494505494505495
REAL_HUMANITARIAN_GEOSPATIAL_DATA,MONTHA,2025-10-28 00:00:00,6,51,182,1,P90 envelope,0.027472527472527472
REAL_HUMANITARIAN_GEOSPATIAL_DATA,MONTHA,2025-10-28 00:00:00,6,51,182,1,Ensemble probability-weighted,0.0030863023942608717
REAL_HUMANITARIAN_GEOSPATIAL_DATA,MONTHA,2025-10-28 06:00:00,6,51,184,0,Deterministic mean-track,0.005434782608695652
REAL_HUMANITARIAN_GEOSPATIAL_DATA,MONTHA,2025-10-28 06:00:00,6,51,184,0,P90 envelope,0.043478260869565216
REAL_HUMANITARIAN_GEOSPATIAL_DATA,MONTHA,2025-10-28 06:00:00,6,51,184,0,Ensemble probability-weighted,0.0003238720893301907
REAL_HUMANITARIAN_GEOSPATIAL_DATA,MONTHA,2025-10-28 12:00:00,6,51,196,0,Deterministic mean-track,0.0
REAL_HUMANITARIAN_GEOSPATIAL_DATA,MONTHA,2025-10-28 12:00:00,6,51,196,0,P90 envelope,0.02040816326530612
REAL_HUMANITARIAN_GEOSPATIAL_DATA,MONTHA,2025-10-28 12:00:00,6,51,196,0,Ensemble probability-weighted,5.296236141515429e-05
REAL_HUMANITARIAN_GEOSPATIAL_DATA,MONTHA,2025-10-28 18:00:00,6,51,203,0,Deterministic mean-track,0.0
REAL_HUMANITARIAN_GEOSPATIAL_DATA,MONTHA,2025-10-28 18:00:00,6,51,203,0,P90 envelope,0.024630541871921183
REAL_HUMANITARIAN_GEOSPATIAL_DATA,MONTHA,2025-10-28 18:00:00,6,51,203,0,Ensemble probability-weighted,0.00020075643509601273
REAL_HUMANITARIAN_GEOSPATIAL_DATA,MONTHA,2025-10-29 00:00:00,6,51,205,0,Deterministic mean-track,0.0
REAL_HUMANITARIAN_GEOSPATIAL_DATA,MONTHA,2025-10-29 00:00:00,6,51,205,0,P90 envelope,0.024390243902439025
REAL_HUMANITARIAN_GEOSPATIAL_DATA,MONTHA,2025-10-29 00:00:00,6,51,205,0,Ensemble probability-weighted,3.7509025609287236e-05
REAL_HUMANITARIAN_GEOSPATIAL_DATA,MONTHA,2025-10-29 06:00:00,6,51,199,1,Deterministic mean-track,0.005025125628140704
REAL_HUMANITARIAN_GEOSPATIAL_DATA,MONTHA,2025-10-29 06:00:00,6,51,199,1,P90 envelope,0.020100502512562814
REAL_HUMANITARIAN_GEOSPATIAL_DATA,MONTHA,2025-10-29 06:00:00,6,51,199,1,Ensemble probability-weighted,0.0050425136060927465
REAL_HUMANITARIAN_GEOSPATIAL_DATA,MONTHA,2025-10-29 12:00:00,6,51,193,0,Deterministic mean-track,0.0
REAL_HUMANITARIAN_GEOSPATIAL_DATA,MONTHA,2025-10-29 12:00:00,6,51,193,0,P90 envelope,0.02072538860103627
REAL_HUMANITARIAN_GEOSPATIAL_DATA,MONTHA,2025-10-29 12:00:00,6,51,193,0,Ensemble probability-weighted,2.5896775453044168e-05
REAL_HUMANITARIAN_GEOSPATIAL_DATA,NOKAEN,2026-01-15 06:00:00,6,50,240,0,Deterministic mean-track,0.0
REAL_HUMANITARIAN_GEOSPATIAL_DATA,NOKAEN,2026-01-15 06:00:00,6,50,240,0,P90 envelope,0.08333333333333333
REAL_HUMANITARIAN_GEOSPATIAL_DATA,NOKAEN,2026-01-15 06:00:00,6,50,240,0,Ensemble probability-weighted,6.833333333333335e-05
REAL_HUMANITARIAN_GEOSPATIAL_DATA,PENHA,2026-02-05 00:00:00,6,51,221,0,Deterministic mean-track,0.0
REAL_HUMANITARIAN_GEOSPATIAL_DATA,PENHA,2026-02-05 00:00:00,6,51,221,0,P90 envelope,0.03619909502262444
REAL_HUMANITARIAN_GEOSPATIAL_DATA,PENHA,2026-02-05 00:00:00,6,51,221,0,Ensemble probability-weighted,8.350425610755348e-05
REAL_HUMANITARIAN_GEOSPATIAL_DATA,PENHA,2026-02-05 06:00:00,6,49,238,0,Deterministic mean-track,0.0
REAL_HUMANITARIAN_GEOSPATIAL_DATA,PENHA,2026-02-05 06:00:00,6,49,238,0,P90 envelope,0.06302521008403361
REAL_HUMANITARIAN_GEOSPATIAL_DATA,PENHA,2026-02-05 06:00:00,6,49,238,0,Ensemble probability-weighted,7.349878727001003e-05
REAL_HUMANITARIAN_GEOSPATIAL_DATA,PENHA,2026-02-05 12:00:00,6,47,249,0,Deterministic mean-track,0.0
REAL_HUMANITARIAN_GEOSPATIAL_DATA,PENHA,2026-02-05 12:00:00,6,47,249,0,P90 envelope,0.060240963855421686
REAL_HUMANITARIAN_GEOSPATIAL_DATA,PENHA,2026-02-05 12:00:00,6,47,249,0,Ensemble probability-weighted,9.453840713692252e-05
REAL_HUMANITARIAN_GEOSPATIAL_DATA,SENYAR,2025-11-26 06:00:00,6,34,111,0,Deterministic mean-track,0.0
REAL_HUMANITARIAN_GEOSPATIAL_DATA,SENYAR,2025-11-26 06:00:00,6,34,111,0,P90 envelope,0.2072072072072072
REAL_HUMANITARIAN_GEOSPATIAL_DATA,SENYAR,2025-11-26 06:00:00,6,34,111,0,Ensemble probability-weighted,0.00019483150971040246
REAL_HUMANITARIAN_GEOSPATIAL_DATA,SENYAR,2025-11-26 12:00:00,6,21,128,0,Deterministic mean-track,0.0
REAL_HUMANITARIAN_GEOSPATIAL_DATA,SENYAR,2025-11-26 12:00:00,6,21,128,0,P90 envelope,0.2265625
REAL_HUMANITARIAN_GEOSPATIAL_DATA,SENYAR,2025-11-26 12:00:00,6,21,128,0,Ensemble probability-weighted,0.0005314625850340135
REAL_HUMANITARIAN_GEOSPATIAL_DATA,SENYAR,2025-11-26 18:00:00,6,34,138,0,Deterministic mean-track,0.007246376811594203
REAL_HUMANITARIAN_GEOSPATIAL_DATA,SENYAR,2025-11-26 18:00:00,6,34,138,0,P90 envelope,0.26811594202898553
REAL_HUMANITARIAN_GEOSPATIAL_DATA,SENYAR,2025-11-26 18:00:00,6,34,138,0,Ensemble probability-weighted,0.0009465422997843641
REAL_HUMANITARIAN_GEOSPATIAL_DATA,SENYAR,2025-11-27 00:00:00,6,33,138,0,Deterministic mean-track,0.0
REAL_HUMANITARIAN_GEOSPATIAL_DATA,SENYAR,2025-11-27 00:00:00,6,33,138,0,P90 envelope,0.09420289855072464
REAL_HUMANITARIAN_GEOSPATIAL_DATA,SENYAR,2025-11-27 00:00:00,6,33,138,0,Ensemble probability-weighted,0.0003659786268481921
REAL_HUMANITARIAN_GEOSPATIAL_DATA,SENYAR,2025-11-27 06:00:00,6,22,146,0,Deterministic mean-track,0.0
REAL_HUMANITARIAN_GEOSPATIAL_DATA,SENYAR,2025-11-27 06:00:00,6,22,146,0,P90 envelope,0.1232876712328767
REAL_HUMANITARIAN_GEOSPATIAL_DATA,SENYAR,2025-11-27 06:00:00,6,22,146,0,Ensemble probability-weighted,0.0012170270576248162
REAL_HUMANITARIAN_GEOSPATIAL_DATA,SENYAR,2025-11-27 12:00:00,6,40,146,1,Deterministic mean-track,0.00684931506849315
REAL_HUMANITARIAN_GEOSPATIAL_DATA,SENYAR,2025-11-27 12:00:00,6,40,146,1,P90 envelope,0.06164383561643835
REAL_HUMANITARIAN_GEOSPATIAL_DATA,SENYAR,2025-11-27 12:00:00,6,40,146,1,Ensemble probability-weighted,0.007208904109589042
REAL_HUMANITARIAN_GEOSPATIAL_DATA,SENYAR,2025-11-27 18:00:00,6,23,152,1,Deterministic mean-track,0.013157894736842105
REAL_HUMANITARIAN_GEOSPATIAL_DATA,SENYAR,2025-11-27 18:00:00,6,23,152,1,P90 envelope,0.07894736842105263
REAL_HUMANITARIAN_GEOSPATIAL_DATA,SENYAR,2025-11-27 18:00:00,6,23,152,1,Ensemble probability-weighted,0.006753059397074918
REAL_HUMANITARIAN_GEOSPATIAL_DATA,SONIA,2025-10-25 12:00:00,6,50,64,1,Deterministic mean-track,0.015625
REAL_HUMANITARIAN_GEOSPATIAL_DATA,SONIA,2025-10-25 12:00:00,6,50,64,1,P90 envelope,0.109375
REAL_HUMANITARIAN_GEOSPATIAL_DATA,SONIA,2025-10-25 12:00:00,6,50,64,1,Ensemble probability-weighted,0.0129875
REAL_HUMANITARIAN_GEOSPATIAL_DATA,SONIA,2025-10-25 18:00:00,6,49,71,0,Deterministic mean-track,0.014084507042253521
REAL_HUMANITARIAN_GEOSPATIAL_DATA,SONIA,2025-10-25 18:00:00,6,49,71,0,P90 envelope,0.1267605633802817
REAL_HUMANITARIAN_GEOSPATIAL_DATA,SONIA,2025-10-25 18:00:00,6,49,71,0,Ensemble probability-weighted,0.0005748778384593274
REAL_HUMANITARIAN_GEOSPATIAL_DATA,SONIA,2025-10-26 00:00:00,6,51,71,1,Deterministic mean-track,0.014084507042253521
REAL_HUMANITARIAN_GEOSPATIAL_DATA,SONIA,2025-10-26 00:00:00,6,51,71,1,P90 envelope,0.11267605633802817
REAL_HUMANITARIAN_GEOSPATIAL_DATA,SONIA,2025-10-26 00:00:00,6,51,71,1,Ensemble probability-weighted,0.013380552441910208
REAL_HUMANITARIAN_GEOSPATIAL_DATA,SONIA,2025-10-26 06:00:00,6,49,71,1,Deterministic mean-track,0.014084507042253521
REAL_HUMANITARIAN_GEOSPATIAL_DATA,SONIA,2025-10-26 06:00:00,6,49,71,1,P90 envelope,0.09859154929577464
REAL_HUMANITARIAN_GEOSPATIAL_DATA,SONIA,2025-10-26 06:00:00,6,49,71,1,Ensemble probability-weighted,0.010905080629549892
REAL_HUMANITARIAN_GEOSPATIAL_DATA,SONIA,2025-10-26 12:00:00,6,51,77,0,Deterministic mean-track,0.0
REAL_HUMANITARIAN_GEOSPATIAL_DATA,SONIA,2025-10-26 12:00:00,6,51,77,0,P90 envelope,0.09090909090909091
REAL_HUMANITARIAN_GEOSPATIAL_DATA,SONIA,2025-10-26 12:00:00,6,51,77,0,Ensemble probability-weighted,0.0007539557712568093
REAL_HUMANITARIAN_GEOSPATIAL_DATA,SONIA,2025-10-26 18:00:00,6,51,77,0,Deterministic mean-track,0.0
REAL_HUMANITARIAN_GEOSPATIAL_DATA,SONIA,2025-10-26 18:00:00,6,51,77,0,P90 envelope,0.1038961038961039
REAL_HUMANITARIAN_GEOSPATIAL_DATA,SONIA,2025-10-26 18:00:00,6,51,77,0,Ensemble probability-weighted,0.00033453666671659754
REAL_HUMANITARIAN_GEOSPATIAL_DATA,SONIA,2025-10-27 00:00:00,6,51,83,0,Deterministic mean-track,0.0
REAL_HUMANITARIAN_GEOSPATIAL_DATA,SONIA,2025-10-27 00:00:00,6,51,83,0,P90 envelope,0.08433734939759036
REAL_HUMANITARIAN_GEOSPATIAL_DATA,SONIA,2025-10-27 00:00:00,6,51,83,0,Ensemble probability-weighted,0.0006438672799618312
REAL_HUMANITARIAN_GEOSPATIAL_DATA,SONIA,2025-10-27 06:00:00,6,51,83,0,Deterministic mean-track,0.0
REAL_HUMANITARIAN_GEOSPATIAL_DATA,SONIA,2025-10-27 06:00:00,6,51,83,0,P90 envelope,0.0963855421686747
REAL_HUMANITARIAN_GEOSPATIAL_DATA,SONIA,2025-10-27 06:00:00,6,51,83,0,Ensemble probability-weighted,0.0006531315573713539
REAL_HUMANITARIAN_GEOSPATIAL_DATA,SONIA,2025-10-27 12:00:00,6,51,89,0,Deterministic mean-track,0.0
REAL_HUMANITARIAN_GEOSPATIAL_DATA,SONIA,2025-10-27 12:00:00,6,51,89,0,P90 envelope,0.06741573033707865
REAL_HUMANITARIAN_GEOSPATIAL_DATA,SONIA,2025-10-27 12:00:00,6,51,89,0,Ensemble probability-weighted,0.00014687522949254607
REAL_HUMANITARIAN_GEOSPATIAL_DATA,SONIA,2025-10-27 18:00:00,6,51,96,0,Deterministic mean-track,0.0
REAL_HUMANITARIAN_GEOSPATIAL_DATA,SONIA,2025-10-27 18:00:00,6,51,96,0,P90 envelope,0.08333333333333333
REAL_HUMANITARIAN_GEOSPATIAL_DATA,SONIA,2025-10-27 18:00:00,6,51,96,0,Ensemble probability-weighted,0.00022026784570037164
REAL_HUMANITARIAN_GEOSPATIAL_DATA,SONIA,2025-10-28 00:00:00,6,46,96,0,Deterministic mean-track,0.0
REAL_HUMANITARIAN_GEOSPATIAL_DATA,SONIA,2025-10-28 00:00:00,6,46,96,0,P90 envelope,0.041666666666666664
REAL_HUMANITARIAN_GEOSPATIAL_DATA,SONIA,2025-10-28 00:00:00,6,46,96,0,Ensemble probability-weighted,0.00010337901701323251
REAL_HUMANITARIAN_GEOSPATIAL_DATA,SONIA,2025-10-28 06:00:00,6,46,101,1,Deterministic mean-track,0.0
REAL_HUMANITARIAN_GEOSPATIAL_DATA,SONIA,2025-10-28 06:00:00,6,46,101,1,P90 envelope,0.0594059405940594
REAL_HUMANITARIAN_GEOSPATIAL_DATA,SONIA,2025-10-28 06:00:00,6,46,101,1,Ensemble probability-weighted,0.004234591701136088
REAL_HUMANITARIAN_GEOSPATIAL_DATA,SONIA,2025-10-28 12:00:00,6,40,107,0,Deterministic mean-track,0.0
REAL_HUMANITARIAN_GEOSPATIAL_DATA,SONIA,2025-10-28 12:00:00,6,40,107,0,P90 envelope,0.037383177570093455
REAL_HUMANITARIAN_GEOSPATIAL_DATA,SONIA,2025-10-28 12:00:00,6,40,107,0,Ensemble probability-weighted,0.00015186915887850468
REAL_HUMANITARIAN_GEOSPATIAL_DATA,SONIA,2025-10-28 18:00:00,6,11,115,0,Deterministic mean-track,0.0
REAL_HUMANITARIAN_GEOSPATIAL_DATA,SONIA,2025-10-28 18:00:00,6,11,115,0,P90 envelope,0.1391304347826087
REAL_HUMANITARIAN_GEOSPATIAL_DATA,SONIA,2025-10-28 18:00:00,6,11,115,0,Ensemble probability-weighted,0.00014372978799856272
REAL_HUMANITARIAN_GEOSPATIAL_DATA,SONIA,2025-10-29 06:00:00,6,1,115,0,Deterministic mean-track,0.0
REAL_HUMANITARIAN_GEOSPATIAL_DATA,SONIA,2025-10-29 06:00:00,6,1,115,0,P90 envelope,0.008695652173913044
REAL_HUMANITARIAN_GEOSPATIAL_DATA,SONIA,2025-10-29 06:00:00,6,1,115,0,Ensemble probability-weighted,0.0
REAL_HUMANITARIAN_GEOSPATIAL_DATA,DITWAH,2025-11-27 12:00:00,12,50,112,1,Deterministic mean-track,0.017857142857142856
REAL_HUMANITARIAN_GEOSPATIAL_DATA,DITWAH,2025-11-27 12:00:00,12,50,112,1,P90 envelope,0.16071428571428573
REAL_HUMANITARIAN_GEOSPATIAL_DATA,DITWAH,2025-11-27 12:00:00,12,50,112,1,Ensemble probability-weighted,0.009178571428571428
REAL_HUMANITARIAN_GEOSPATIAL_DATA,DITWAH,2025-11-27 18:00:00,12,51,112,1,Deterministic mean-track,0.008928571428571428
REAL_HUMANITARIAN_GEOSPATIAL_DATA,DITWAH,2025-11-27 18:00:00,12,51,112,1,P90 envelope,0.16071428571428573
REAL_HUMANITARIAN_GEOSPATIAL_DATA,DITWAH,2025-11-27 18:00:00,12,51,112,1,Ensemble probability-weighted,0.007733975943318505
REAL_HUMANITARIAN_GEOSPATIAL_DATA,DITWAH,2025-11-28 00:00:00,12,51,120,0,Deterministic mean-track,0.008333333333333333
REAL_HUMANITARIAN_GEOSPATIAL_DATA,DITWAH,2025-11-28 00:00:00,12,51,120,0,P90 envelope,0.15
REAL_HUMANITARIAN_GEOSPATIAL_DATA,DITWAH,2025-11-28 00:00:00,12,51,120,0,Ensemble probability-weighted,0.0001633986928104575
REAL_HUMANITARIAN_GEOSPATIAL_DATA,DITWAH,2025-11-28 06:00:00,12,51,120,1,Deterministic mean-track,0.008333333333333333
REAL_HUMANITARIAN_GEOSPATIAL_DATA,DITWAH,2025-11-28 06:00:00,12,51,120,1,P90 envelope,0.15
REAL_HUMANITARIAN_GEOSPATIAL_DATA,DITWAH,2025-11-28 06:00:00,12,51,120,1,Ensemble probability-weighted,0.005475458157119056
REAL_HUMANITARIAN_GEOSPATIAL_DATA,DITWAH,2025-11-28 12:00:00,12,51,128,0,Deterministic mean-track,0.0
REAL_HUMANITARIAN_GEOSPATIAL_DATA,DITWAH,2025-11-28 12:00:00,12,51,128,0,P90 envelope,0.1015625
REAL_HUMANITARIAN_GEOSPATIAL_DATA,DITWAH,2025-11-28 12:00:00,12,51,128,0,Ensemble probability-weighted,0.000132160707420223
REAL_HUMANITARIAN_GEOSPATIAL_DATA,DITWAH,2025-11-28 18:00:00,12,50,128,0,Deterministic mean-track,0.0
REAL_HUMANITARIAN_GEOSPATIAL_DATA,DITWAH,2025-11-28 18:00:00,12,50,128,0,P90 envelope,0.1171875
REAL_HUMANITARIAN_GEOSPATIAL_DATA,DITWAH,2025-11-28 18:00:00,12,50,128,0,Ensemble probability-weighted,7.500000000000001e-05
REAL_HUMANITARIAN_GEOSPATIAL_DATA,DITWAH,2025-11-29 00:00:00,12,51,136,0,Deterministic mean-track,0.0
REAL_HUMANITARIAN_GEOSPATIAL_DATA,DITWAH,2025-11-29 00:00:00,12,51,136,0,P90 envelope,0.08823529411764706
REAL_HUMANITARIAN_GEOSPATIAL_DATA,DITWAH,2025-11-29 00:00:00,12,51,136,0,Ensemble probability-weighted,0.00013286744917113328
REAL_HUMANITARIAN_GEOSPATIAL_DATA,DITWAH,2025-11-29 06:00:00,12,51,136,0,Deterministic mean-track,0.0
REAL_HUMANITARIAN_GEOSPATIAL_DATA,DITWAH,2025-11-29 06:00:00,12,51,136,0,P90 envelope,0.09558823529411764
REAL_HUMANITARIAN_GEOSPATIAL_DATA,DITWAH,2025-11-29 06:00:00,12,51,136,0,Ensemble probability-weighted,0.0001752719542257503
REAL_HUMANITARIAN_GEOSPATIAL_DATA,DITWAH,2025-11-29 12:00:00,12,51,143,0,Deterministic mean-track,0.0
REAL_HUMANITARIAN_GEOSPATIAL_DATA,DITWAH,2025-11-29 12:00:00,12,51,143,0,P90 envelope,0.055944055944055944
REAL_HUMANITARIAN_GEOSPATIAL_DATA,DITWAH,2025-11-29 12:00:00,12,51,143,0,Ensemble probability-weighted,0.00026616981634282674
REAL_HUMANITARIAN_GEOSPATIAL_DATA,DITWAH,2025-11-29 18:00:00,12,51,143,0,Deterministic mean-track,0.0
REAL_HUMANITARIAN_GEOSPATIAL_DATA,DITWAH,2025-11-29 18:00:00,12,51,143,0,P90 envelope,0.055944055944055944
REAL_HUMANITARIAN_GEOSPATIAL_DATA,DITWAH,2025-11-29 18:00:00,12,51,143,0,Ensemble probability-weighted,0.00039253326450558283
REAL_HUMANITARIAN_GEOSPATIAL_DATA,DITWAH,2025-11-30 00:00:00,12,50,151,0,Deterministic mean-track,0.006622516556291391
REAL_HUMANITARIAN_GEOSPATIAL_DATA,DITWAH,2025-11-30 00:00:00,12,50,151,0,P90 envelope,0.046357615894039736
REAL_HUMANITARIAN_GEOSPATIAL_DATA,DITWAH,2025-11-30 00:00:00,12,50,151,0,Ensemble probability-weighted,0.001176158940397351
REAL_HUMANITARIAN_GEOSPATIAL_DATA,DITWAH,2025-11-30 06:00:00,12,51,150,1,Deterministic mean-track,0.006666666666666667
REAL_HUMANITARIAN_GEOSPATIAL_DATA,DITWAH,2025-11-30 06:00:00,12,51,150,1,P90 envelope,0.04666666666666667
REAL_HUMANITARIAN_GEOSPATIAL_DATA,DITWAH,2025-11-30 06:00:00,12,51,150,1,Ensemble probability-weighted,0.005984877611175189
REAL_HUMANITARIAN_GEOSPATIAL_DATA,DITWAH,2025-11-30 12:00:00,12,49,159,0,Deterministic mean-track,0.006289308176100629
REAL_HUMANITARIAN_GEOSPATIAL_DATA,DITWAH,2025-11-30 12:00:00,12,49,159,0,P90 envelope,0.05660377358490566
REAL_HUMANITARIAN_GEOSPATIAL_DATA,DITWAH,2025-11-30 12:00:00,12,49,159,0,Ensemble probability-weighted,0.00024098973436120696
REAL_HUMANITARIAN_GEOSPATIAL_DATA,DITWAH,2025-11-30 18:00:00,12,45,159,1,Deterministic mean-track,0.006289308176100629
REAL_HUMANITARIAN_GEOSPATIAL_DATA,DITWAH,2025-11-30 18:00:00,12,45,159,1,P90 envelope,0.0440251572327044
REAL_HUMANITARIAN_GEOSPATIAL_DATA,DITWAH,2025-11-30 18:00:00,12,45,159,1,Ensemble probability-weighted,0.004612159329140461
REAL_HUMANITARIAN_GEOSPATIAL_DATA,DITWAH,2025-12-01 00:00:00,12,29,159,1,Deterministic mean-track,0.006289308176100629
REAL_HUMANITARIAN_GEOSPATIAL_DATA,DITWAH,2025-12-01 00:00:00,12,29,159,1,P90 envelope,0.031446540880503145
REAL_HUMANITARIAN_GEOSPATIAL_DATA,DITWAH,2025-12-01 00:00:00,12,29,159,1,Ensemble probability-weighted,0.00507033405873511
REAL_HUMANITARIAN_GEOSPATIAL_DATA,DITWAH,2025-12-01 06:00:00,12,22,159,0,Deterministic mean-track,0.006289308176100629
REAL_HUMANITARIAN_GEOSPATIAL_DATA,DITWAH,2025-12-01 06:00:00,12,22,159,0,P90 envelope,0.0440251572327044
REAL_HUMANITARIAN_GEOSPATIAL_DATA,DITWAH,2025-12-01 06:00:00,12,22,159,0,Ensemble probability-weighted,0.000389833151411196
REAL_HUMANITARIAN_GEOSPATIAL_DATA,DITWAH,2025-12-01 12:00:00,12,10,159,0,Deterministic mean-track,0.0
REAL_HUMANITARIAN_GEOSPATIAL_DATA,DITWAH,2025-12-01 12:00:00,12,10,159,0,P90 envelope,0.031446540880503145
REAL_HUMANITARIAN_GEOSPATIAL_DATA,DITWAH,2025-12-01 12:00:00,12,10,159,0,Ensemble probability-weighted,0.0008176100628930818
REAL_HUMANITARIAN_GEOSPATIAL_DATA,DITWAH,2025-12-01 18:00:00,12,2,159,0,Deterministic mean-track,0.0
REAL_HUMANITARIAN_GEOSPATIAL_DATA,DITWAH,2025-12-01 18:00:00,12,2,159,0,P90 envelope,0.031446540880503145
REAL_HUMANITARIAN_GEOSPATIAL_DATA,DITWAH,2025-12-01 18:00:00,12,2,159,0,Ensemble probability-weighted,0.0
REAL_HUMANITARIAN_GEOSPATIAL_DATA,DITWAH,2025-12-02 00:00:00,12,4,159,0,Deterministic mean-track,0.0
REAL_HUMANITARIAN_GEOSPATIAL_DATA,DITWAH,2025-12-02 00:00:00,12,4,159,0,P90 envelope,0.018867924528301886
REAL_HUMANITARIAN_GEOSPATIAL_DATA,DITWAH,2025-12-02 00:00:00,12,4,159,0,Ensemble probability-weighted,0.0
REAL_HUMANITARIAN_GEOSPATIAL_DATA,DITWAH,2025-12-02 06:00:00,12,3,150,1,Deterministic mean-track,0.0
REAL_HUMANITARIAN_GEOSPATIAL_DATA,DITWAH,2025-12-02 06:00:00,12,3,150,1,P90 envelope,0.013333333333333334
REAL_HUMANITARIAN_GEOSPATIAL_DATA,DITWAH,2025-12-02 06:00:00,12,3,150,1,Ensemble probability-weighted,0.0029629629629629637
REAL_HUMANITARIAN_GEOSPATIAL_DATA,DUDZAI,2026-01-15 06:00:00,12,51,61,0,Deterministic mean-track,0.0
REAL_HUMANITARIAN_GEOSPATIAL_DATA,DUDZAI,2026-01-15 06:00:00,12,51,61,0,P90 envelope,0.11475409836065574
REAL_HUMANITARIAN_GEOSPATIAL_DATA,DUDZAI,2026-01-15 06:00:00,12,51,61,0,Ensemble probability-weighted,0.000989531138717139
REAL_HUMANITARIAN_GEOSPATIAL_DATA,FINA,2025-11-18 18:00:00,12,51,125,1,Deterministic mean-track,0.008
REAL_HUMANITARIAN_GEOSPATIAL_DATA,FINA,2025-11-18 18:00:00,12,51,125,1,P90 envelope,0.072
REAL_HUMANITARIAN_GEOSPATIAL_DATA,FINA,2025-11-18 18:00:00,12,51,125,1,Ensemble probability-weighted,0.007732410611303344
REAL_HUMANITARIAN_GEOSPATIAL_DATA,FINA,2025-11-19 00:00:00,12,51,125,0,Deterministic mean-track,0.0
REAL_HUMANITARIAN_GEOSPATIAL_DATA,FINA,2025-11-19 00:00:00,12,51,125,0,P90 envelope,0.056
REAL_HUMANITARIAN_GEOSPATIAL_DATA,FINA,2025-11-19 00:00:00,12,51,125,0,Ensemble probability-weighted,0.00020607458669742403
REAL_HUMANITARIAN_GEOSPATIAL_DATA,FINA,2025-11-19 06:00:00,12,51,125,0,Deterministic mean-track,0.008
REAL_HUMANITARIAN_GEOSPATIAL_DATA,FINA,2025-11-19 06:00:00,12,51,125,0,P90 envelope,0.072
REAL_HUMANITARIAN_GEOSPATIAL_DATA,FINA,2025-11-19 06:00:00,12,51,125,0,Ensemble probability-weighted,0.0002337562475970781
REAL_HUMANITARIAN_GEOSPATIAL_DATA,FINA,2025-11-19 12:00:00,12,51,125,0,Deterministic mean-track,0.0
REAL_HUMANITARIAN_GEOSPATIAL_DATA,FINA,2025-11-19 12:00:00,12,51,125,0,P90 envelope,0.056
REAL_HUMANITARIAN_GEOSPATIAL_DATA,FINA,2025-11-19 12:00:00,12,51,125,0,Ensemble probability-weighted,0.0001537870049980777
REAL_HUMANITARIAN_GEOSPATIAL_DATA,FINA,2025-11-19 18:00:00,12,51,122,0,Deterministic mean-track,0.0
REAL_HUMANITARIAN_GEOSPATIAL_DATA,FINA,2025-11-19 18:00:00,12,51,122,0,P90 envelope,0.07377049180327869
REAL_HUMANITARIAN_GEOSPATIAL_DATA,FINA,2025-11-19 18:00:00,12,51,122,0,Ensemble probability-weighted,0.00012605492212957185
REAL_HUMANITARIAN_GEOSPATIAL_DATA,FINA,2025-11-20 00:00:00,12,51,122,0,Deterministic mean-track,0.00819672131147541
REAL_HUMANITARIAN_GEOSPATIAL_DATA,FINA,2025-11-20 00:00:00,12,51,122,0,P90 envelope,0.05737704918032787
REAL_HUMANITARIAN_GEOSPATIAL_DATA,FINA,2025-11-20 00:00:00,12,51,122,0,Ensemble probability-weighted,0.00021744474067351147
REAL_HUMANITARIAN_GEOSPATIAL_DATA,FINA,2025-11-20 06:00:00,12,51,131,0,Deterministic mean-track,0.007633587786259542
REAL_HUMANITARIAN_GEOSPATIAL_DATA,FINA,2025-11-20 06:00:00,12,51,131,0,P90 envelope,0.06870229007633588
REAL_HUMANITARIAN_GEOSPATIAL_DATA,FINA,2025-11-20 06:00:00,12,51,131,0,Ensemble probability-weighted,0.00018489658997860486
REAL_HUMANITARIAN_GEOSPATIAL_DATA,FINA,2025-11-20 12:00:00,12,51,142,0,Deterministic mean-track,0.007042253521126761
REAL_HUMANITARIAN_GEOSPATIAL_DATA,FINA,2025-11-20 12:00:00,12,51,142,0,P90 envelope,0.056338028169014086
REAL_HUMANITARIAN_GEOSPATIAL_DATA,FINA,2025-11-20 12:00:00,12,51,142,0,Ensemble probability-weighted,0.00033302467631625974
REAL_HUMANITARIAN_GEOSPATIAL_DATA,FINA,2025-11-20 18:00:00,12,51,142,0,Deterministic mean-track,0.0
REAL_HUMANITARIAN_GEOSPATIAL_DATA,FINA,2025-11-20 18:00:00,12,51,142,0,P90 envelope,0.04929577464788732
REAL_HUMANITARIAN_GEOSPATIAL_DATA,FINA,2025-11-20 18:00:00,12,51,142,0,Ensemble probability-weighted,0.0005496260918065099
REAL_HUMANITARIAN_GEOSPATIAL_DATA,FINA,2025-11-21 00:00:00,12,51,150,0,Deterministic mean-track,0.0
REAL_HUMANITARIAN_GEOSPATIAL_DATA,FINA,2025-11-21 00:00:00,12,51,150,0,P90 envelope,0.05333333333333334
REAL_HUMANITARIAN_GEOSPATIAL_DATA,FINA,2025-11-21 00:00:00,12,51,150,0,Ensemble probability-weighted,0.00021530180699730876
REAL_HUMANITARIAN_GEOSPATIAL_DATA,FINA,2025-11-21 06:00:00,12,51,154,0,Deterministic mean-track,0.006493506493506494
REAL_HUMANITARIAN_GEOSPATIAL_DATA,FINA,2025-11-21 06:00:00,12,51,154,0,P90 envelope,0.05194805194805195
REAL_HUMANITARIAN_GEOSPATIAL_DATA,FINA,2025-11-21 06:00:00,12,51,154,0,Ensemble probability-weighted,0.00044688106971843994
REAL_HUMANITARIAN_GEOSPATIAL_DATA,FINA,2025-11-21 12:00:00,12,51,164,0,Deterministic mean-track,0.0
REAL_HUMANITARIAN_GEOSPATIAL_DATA,FINA,2025-11-21 12:00:00,12,51,164,0,P90 envelope,0.036585365853658534
REAL_HUMANITARIAN_GEOSPATIAL_DATA,FINA,2025-11-21 12:00:00,12,51,164,0,Ensemble probability-weighted,0.00027428474976791287
REAL_HUMANITARIAN_GEOSPATIAL_DATA,FINA,2025-11-21 18:00:00,12,51,173,0,Deterministic mean-track,0.005780346820809248
REAL_HUMANITARIAN_GEOSPATIAL_DATA,FINA,2025-11-21 18:00:00,12,51,173,0,P90 envelope,0.04046242774566474
REAL_HUMANITARIAN_GEOSPATIAL_DATA,FINA,2025-11-21 18:00:00,12,51,173,0,Ensemble probability-weighted,0.00038002280136808207
REAL_HUMANITARIAN_GEOSPATIAL_DATA,FINA,2025-11-22 00:00:00,12,51,173,1,Deterministic mean-track,0.005780346820809248
REAL_HUMANITARIAN_GEOSPATIAL_DATA,FINA,2025-11-22 00:00:00,12,51,173,1,P90 envelope,0.03468208092485549
REAL_HUMANITARIAN_GEOSPATIAL_DATA,FINA,2025-11-22 00:00:00,12,51,173,1,Ensemble probability-weighted,0.0037580032579732567
REAL_HUMANITARIAN_GEOSPATIAL_DATA,FINA,2025-11-22 06:00:00,12,51,180,0,Deterministic mean-track,0.0
REAL_HUMANITARIAN_GEOSPATIAL_DATA,FINA,2025-11-22 06:00:00,12,51,180,0,P90 envelope,0.03333333333333333
REAL_HUMANITARIAN_GEOSPATIAL_DATA,FINA,2025-11-22 06:00:00,12,51,180,0,Ensemble probability-weighted,0.0002883506343713956
REAL_HUMANITARIAN_GEOSPATIAL_DATA,FINA,2025-11-22 12:00:00,12,51,180,1,Deterministic mean-track,0.0
REAL_HUMANITARIAN_GEOSPATIAL_DATA,FINA,2025-11-22 12:00:00,12,51,180,1,P90 envelope,0.044444444444444446
REAL_HUMANITARIAN_GEOSPATIAL_DATA,FINA,2025-11-22 12:00:00,12,51,180,1,Ensemble probability-weighted,0.0031141868512110727
REAL_HUMANITARIAN_GEOSPATIAL_DATA,FINA,2025-11-22 18:00:00,12,51,180,0,Deterministic mean-track,0.0
REAL_HUMANITARIAN_GEOSPATIAL_DATA,FINA,2025-11-22 18:00:00,12,51,180,0,P90 envelope,0.03333333333333333
REAL_HUMANITARIAN_GEOSPATIAL_DATA,FINA,2025-11-22 18:00:00,12,51,180,0,Ensemble probability-weighted,0.0001751463112478107
REAL_HUMANITARIAN_GEOSPATIAL_DATA,FINA,2025-11-23 00:00:00,12,51,179,1,Deterministic mean-track,0.00558659217877095
REAL_HUMANITARIAN_GEOSPATIAL_DATA,FINA,2025-11-23 00:00:00,12,51,179,1,P90 envelope,0.03910614525139665
REAL_HUMANITARIAN_GEOSPATIAL_DATA,FINA,2025-11-23 00:00:00,12,51,179,1,Ensemble probability-weighted,0.0027965178841829206
REAL_HUMANITARIAN_GEOSPATIAL_DATA,FINA,2025-11-23 06:00:00,12,51,179,0,Deterministic mean-track,0.0
REAL_HUMANITARIAN_GEOSPATIAL_DATA,FINA,2025-11-23 06:00:00,12,51,179,0,P90 envelope,0.03910614525139665
REAL_HUMANITARIAN_GEOSPATIAL_DATA,FINA,2025-11-23 06:00:00,12,51,179,0,Ensemble probability-weighted,0.00015894187667399092
REAL_HUMANITARIAN_GEOSPATIAL_DATA,FINA,2025-11-23 12:00:00,12,51,176,1,Deterministic mean-track,0.005681818181818182
REAL_HUMANITARIAN_GEOSPATIAL_DATA,FINA,2025-11-23 12:00:00,12,51,176,1,P90 envelope,0.03977272727272727
REAL_HUMANITARIAN_GEOSPATIAL_DATA,FINA,2025-11-23 12:00:00,12,51,176,1,Ensemble probability-weighted,0.0051160392855894585
REAL_HUMANITARIAN_GEOSPATIAL_DATA,FINA,2025-11-23 18:00:00,12,51,176,0,Deterministic mean-track,0.0
REAL_HUMANITARIAN_GEOSPATIAL_DATA,FINA,2025-11-23 18:00:00,12,51,176,0,P90 envelope,0.03977272727272727
REAL_HUMANITARIAN_GEOSPATIAL_DATA,FINA,2025-11-23 18:00:00,12,51,176,0,Ensemble probability-weighted,0.0001834958582363427
REAL_HUMANITARIAN_GEOSPATIAL_DATA,FINA,2025-11-24 00:00:00,12,51,176,0,Deterministic mean-track,0.0
REAL_HUMANITARIAN_GEOSPATIAL_DATA,FINA,2025-11-24 00:00:00,12,51,176,0,P90 envelope,0.03409090909090909
REAL_HUMANITARIAN_GEOSPATIAL_DATA,FINA,2025-11-24 00:00:00,12,51,176,0,Ensemble probability-weighted,0.0003364090734332949
REAL_HUMANITARIAN_GEOSPATIAL_DATA,FINA,2025-11-24 06:00:00,12,51,171,0,Deterministic mean-track,0.005847953216374269
REAL_HUMANITARIAN_GEOSPATIAL_DATA,FINA,2025-11-24 06:00:00,12,51,171,0,P90 envelope,0.05263157894736842
REAL_HUMANITARIAN_GEOSPATIAL_DATA,FINA,2025-11-24 06:00:00,12,51,171,0,Ensemble probability-weighted,0.0006610143197285795
REAL_HUMANITARIAN_GEOSPATIAL_DATA,FINA,2025-11-24 12:00:00,12,51,171,1,Deterministic mean-track,0.011695906432748537
REAL_HUMANITARIAN_GEOSPATIAL_DATA,FINA,2025-11-24 12:00:00,12,51,171,1,P90 envelope,0.04678362573099415
REAL_HUMANITARIAN_GEOSPATIAL_DATA,FINA,2025-11-24 12:00:00,12,51,171,1,Ensemble probability-weighted,0.005793992863743365
REAL_HUMANITARIAN_GEOSPATIAL_DATA,FINA,2025-11-24 18:00:00,12,51,171,0,Deterministic mean-track,0.005847953216374269
REAL_HUMANITARIAN_GEOSPATIAL_DATA,FINA,2025-11-24 18:00:00,12,51,171,0,P90 envelope,0.04678362573099415
REAL_HUMANITARIAN_GEOSPATIAL_DATA,FINA,2025-11-24 18:00:00,12,51,171,0,Ensemble probability-weighted,0.0002248348026287685
REAL_HUMANITARIAN_GEOSPATIAL_DATA,FUNG-WONG,2025-11-05 18:00:00,12,49,90,1,Deterministic mean-track,0.022222222222222223
REAL_HUMANITARIAN_GEOSPATIAL_DATA,FUNG-WONG,2025-11-05 18:00:00,12,49,90,1,P90 envelope,0.2111111111111111
REAL_HUMANITARIAN_GEOSPATIAL_DATA,FUNG-WONG,2025-11-05 18:00:00,12,49,90,1,Ensemble probability-weighted,0.011236059049470127
REAL_HUMANITARIAN_GEOSPATIAL_DATA,FUNG-WONG,2025-11-06 00:00:00,12,48,100,1,Deterministic mean-track,0.02
REAL_HUMANITARIAN_GEOSPATIAL_DATA,FUNG-WONG,2025-11-06 00:00:00,12,48,100,1,P90 envelope,0.23
REAL_HUMANITARIAN_GEOSPATIAL_DATA,FUNG-WONG,2025-11-06 00:00:00,12,48,100,1,Ensemble probability-weighted,0.009696180555555555
REAL_HUMANITARIAN_GEOSPATIAL_DATA,FUNG-WONG,2025-11-06 06:00:00,12,51,110,0,Deterministic mean-track,0.00909090909090909
REAL_HUMANITARIAN_GEOSPATIAL_DATA,FUNG-WONG,2025-11-06 06:00:00,12,51,110,0,P90 envelope,0.19090909090909092
REAL_HUMANITARIAN_GEOSPATIAL_DATA,FUNG-WONG,2025-11-06 06:00:00,12,51,110,0,Ensemble probability-weighted,7.339834329453708e-05
REAL_HUMANITARIAN_GEOSPATIAL_DATA,FUNG-WONG,2025-11-06 12:00:00,12,51,119,1,Deterministic mean-track,0.01680672268907563
REAL_HUMANITARIAN_GEOSPATIAL_DATA,FUNG-WONG,2025-11-06 12:00:00,12,51,119,1,P90 envelope,0.11764705882352941
REAL_HUMANITARIAN_GEOSPATIAL_DATA,FUNG-WONG,2025-11-06 12:00:00,12,51,119,1,Ensemble probability-weighted,0.007905815151896976
REAL_HUMANITARIAN_GEOSPATIAL_DATA,FUNG-WONG,2025-11-06 18:00:00,12,51,147,0,Deterministic mean-track,0.0
REAL_HUMANITARIAN_GEOSPATIAL_DATA,FUNG-WONG,2025-11-06 18:00:00,12,51,147,0,P90 envelope,0.11564625850340136
REAL_HUMANITARIAN_GEOSPATIAL_DATA,FUNG-WONG,2025-11-06 18:00:00,12,51,147,0,Ensemble probability-weighted,0.00016477179106936894
REAL_HUMANITARIAN_GEOSPATIAL_DATA,FUNG-WONG,2025-11-07 00:00:00,12,51,176,0,Deterministic mean-track,0.0
REAL_HUMANITARIAN_GEOSPATIAL_DATA,FUNG-WONG,2025-11-07 00:00:00,12,51,176,0,P90 envelope,0.09090909090909091
REAL_HUMANITARIAN_GEOSPATIAL_DATA,FUNG-WONG,2025-11-07 00:00:00,12,51,176,0,Ensemble probability-weighted,0.00012014609765474818
REAL_HUMANITARIAN_GEOSPATIAL_DATA,FUNG-WONG,2025-11-07 06:00:00,12,51,204,0,Deterministic mean-track,0.0
REAL_HUMANITARIAN_GEOSPATIAL_DATA,FUNG-WONG,2025-11-07 06:00:00,12,51,204,0,P90 envelope,0.07352941176470588
REAL_HUMANITARIAN_GEOSPATIAL_DATA,FUNG-WONG,2025-11-07 06:00:00,12,51,204,0,Ensemble probability-weighted,0.0001338097715056803
REAL_HUMANITARIAN_GEOSPATIAL_DATA,FUNG-WONG,2025-11-07 12:00:00,12,50,215,0,Deterministic mean-track,0.004651162790697674
REAL_HUMANITARIAN_GEOSPATIAL_DATA,FUNG-WONG,2025-11-07 12:00:00,12,50,215,0,P90 envelope,0.046511627906976744
REAL_HUMANITARIAN_GEOSPATIAL_DATA,FUNG-WONG,2025-11-07 12:00:00,12,50,215,0,Ensemble probability-weighted,0.00013581395348837212
REAL_HUMANITARIAN_GEOSPATIAL_DATA,FUNG-WONG,2025-11-07 18:00:00,12,51,235,1,Deterministic mean-track,0.00425531914893617
REAL_HUMANITARIAN_GEOSPATIAL_DATA,FUNG-WONG,2025-11-07 18:00:00,12,51,235,1,P90 envelope,0.05531914893617021
REAL_HUMANITARIAN_GEOSPATIAL_DATA,FUNG-WONG,2025-11-07 18:00:00,12,51,235,1,Ensemble probability-weighted,0.003977193714365179
REAL_HUMANITARIAN_GEOSPATIAL_DATA,FUNG-WONG,2025-11-08 00:00:00,12,51,268,1,Deterministic mean-track,0.0037313432835820895
REAL_HUMANITARIAN_GEOSPATIAL_DATA,FUNG-WONG,2025-11-08 00:00:00,12,51,268,1,P90 envelope,0.04477611940298507
REAL_HUMANITARIAN_GEOSPATIAL_DATA,FUNG-WONG,2025-11-08 00:00:00,12,51,268,1,Ensemble probability-weighted,0.003673960072761911
REAL_HUMANITARIAN_GEOSPATIAL_DATA,FUNG-WONG,2025-11-08 06:00:00,12,50,303,0,Deterministic mean-track,0.0
REAL_HUMANITARIAN_GEOSPATIAL_DATA,FUNG-WONG,2025-11-08 06:00:00,12,50,303,0,P90 envelope,0.0429042904290429
REAL_HUMANITARIAN_GEOSPATIAL_DATA,FUNG-WONG,2025-11-08 06:00:00,12,50,303,0,Ensemble probability-weighted,6.732673267326734e-05
REAL_HUMANITARIAN_GEOSPATIAL_DATA,FUNG-WONG,2025-11-08 12:00:00,12,51,332,0,Deterministic mean-track,0.0
REAL_HUMANITARIAN_GEOSPATIAL_DATA,FUNG-WONG,2025-11-08 12:00:00,12,51,332,0,P90 envelope,0.02108433734939759
REAL_HUMANITARIAN_GEOSPATIAL_DATA,FUNG-WONG,2025-11-08 12:00:00,12,51,332,0,Ensemble probability-weighted,1.737052014285516e-05
REAL_HUMANITARIAN_GEOSPATIAL_DATA,FUNG-WONG,2025-11-08 18:00:00,12,51,365,0,Deterministic mean-track,0.0
REAL_HUMANITARIAN_GEOSPATIAL_DATA,FUNG-WONG,2025-11-08 18:00:00,12,51,365,0,P90 envelope,0.0273972602739726
REAL_HUMANITARIAN_GEOSPATIAL_DATA,FUNG-WONG,2025-11-08 18:00:00,12,51,365,0,Ensemble probability-weighted,4.3186761677542364e-05
REAL_HUMANITARIAN_GEOSPATIAL_DATA,FUNG-WONG,2025-11-09 00:00:00,12,51,408,0,Deterministic mean-track,0.0
REAL_HUMANITARIAN_GEOSPATIAL_DATA,FUNG-WONG,2025-11-09 00:00:00,12,51,408,0,P90 envelope,0.01715686274509804
REAL_HUMANITARIAN_GEOSPATIAL_DATA,FUNG-WONG,2025-11-09 00:00:00,12,51,408,0,Ensemble probability-weighted,9.234758878561038e-05
REAL_HUMANITARIAN_GEOSPATIAL_DATA,FUNG-WONG,2025-11-09 06:00:00,12,51,377,1,Deterministic mean-track,0.0
REAL_HUMANITARIAN_GEOSPATIAL_DATA,FUNG-WONG,2025-11-09 06:00:00,12,51,377,1,P90 envelope,0.023872679045092837
REAL_HUMANITARIAN_GEOSPATIAL_DATA,FUNG-WONG,2025-11-09 06:00:00,12,51,377,1,Ensemble probability-weighted,0.0011197488825456846
REAL_HUMANITARIAN_GEOSPATIAL_DATA,FUNG-WONG,2025-11-09 12:00:00,12,51,368,1,Deterministic mean-track,0.005434782608695652
REAL_HUMANITARIAN_GEOSPATIAL_DATA,FUNG-WONG,2025-11-09 12:00:00,12,51,368,1,P90 envelope,0.01358695652173913
REAL_HUMANITARIAN_GEOSPATIAL_DATA,FUNG-WONG,2025-11-09 12:00:00,12,51,368,1,Ensemble probability-weighted,0.002869924610935593
REAL_HUMANITARIAN_GEOSPATIAL_DATA,FUNG-WONG,2025-11-09 18:00:00,12,51,389,0,Deterministic mean-track,0.0
REAL_HUMANITARIAN_GEOSPATIAL_DATA,FUNG-WONG,2025-11-09 18:00:00,12,51,389,0,P90 envelope,0.010282776349614395
REAL_HUMANITARIAN_GEOSPATIAL_DATA,FUNG-WONG,2025-11-09 18:00:00,12,51,389,0,Ensemble probability-weighted,7.807952053244303e-05
REAL_HUMANITARIAN_GEOSPATIAL_DATA,FUNG-WONG,2025-11-10 00:00:00,12,51,359,0,Deterministic mean-track,0.002785515320334262
REAL_HUMANITARIAN_GEOSPATIAL_DATA,FUNG-WONG,2025-11-10 00:00:00,12,51,359,0,P90 envelope,0.019498607242339833
REAL_HUMANITARIAN_GEOSPATIAL_DATA,FUNG-WONG,2025-11-10 00:00:00,12,51,359,0,Ensemble probability-weighted,0.0004851358862404539
REAL_HUMANITARIAN_GEOSPATIAL_DATA,FUNG-WONG,2025-11-10 06:00:00,12,51,338,0,Deterministic mean-track,0.0029585798816568047
REAL_HUMANITARIAN_GEOSPATIAL_DATA,FUNG-WONG,2025-11-10 06:00:00,12,51,338,0,P90 envelope,0.026627218934911243
REAL_HUMANITARIAN_GEOSPATIAL_DATA,FUNG-WONG,2025-11-10 06:00:00,12,51,338,0,Ensemble probability-weighted,8.303588287618101e-05
REAL_HUMANITARIAN_GEOSPATIAL_DATA,FUNG-WONG,2025-11-10 12:00:00,12,51,322,1,Deterministic mean-track,0.003105590062111801
REAL_HUMANITARIAN_GEOSPATIAL_DATA,FUNG-WONG,2025-11-10 12:00:00,12,51,322,1,P90 envelope,0.015527950310559006
REAL_HUMANITARIAN_GEOSPATIAL_DATA,FUNG-WONG,2025-11-10 12:00:00,12,51,322,1,Ensemble probability-weighted,0.0017312978047143836
REAL_HUMANITARIAN_GEOSPATIAL_DATA,FUNG-WONG,2025-11-10 18:00:00,12,51,303,1,Deterministic mean-track,0.0033003300330033004
REAL_HUMANITARIAN_GEOSPATIAL_DATA,FUNG-WONG,2025-11-10 18:00:00,12,51,303,1,P90 envelope,0.019801980198019802
REAL_HUMANITARIAN_GEOSPATIAL_DATA,FUNG-WONG,2025-11-10 18:00:00,12,51,303,1,Ensemble probability-weighted,0.0029983390495912335
REAL_HUMANITARIAN_GEOSPATIAL_DATA,FUNG-WONG,2025-11-11 00:00:00,12,51,320,0,Deterministic mean-track,0.0
REAL_HUMANITARIAN_GEOSPATIAL_DATA,FUNG-WONG,2025-11-11 00:00:00,12,51,320,0,P90 envelope,0.01875
REAL_HUMANITARIAN_GEOSPATIAL_DATA,FUNG-WONG,2025-11-11 00:00:00,12,51,320,0,Ensemble probability-weighted,9.010957324106112e-05
REAL_HUMANITARIAN_GEOSPATIAL_DATA,FUNG-WONG,2025-11-11 06:00:00,12,51,299,0,Deterministic mean-track,0.0033444816053511705
REAL_HUMANITARIAN_GEOSPATIAL_DATA,FUNG-WONG,2025-11-11 06:00:00,12,51,299,0,P90 envelope,0.033444816053511704
REAL_HUMANITARIAN_GEOSPATIAL_DATA,FUNG-WONG,2025-11-11 06:00:00,12,51,299,0,Ensemble probability-weighted,0.00011829769615236745
REAL_HUMANITARIAN_GEOSPATIAL_DATA,FUNG-WONG,2025-11-11 12:00:00,12,51,294,0,Deterministic mean-track,0.0
REAL_HUMANITARIAN_GEOSPATIAL_DATA,FUNG-WONG,2025-11-11 12:00:00,12,51,294,0,P90 envelope,0.017006802721088437
REAL_HUMANITARIAN_GEOSPATIAL_DATA,FUNG-WONG,2025-11-11 12:00:00,12,51,294,0,Ensemble probability-weighted,0.0002785427896648856
REAL_HUMANITARIAN_GEOSPATIAL_DATA,FUNG-WONG,2025-11-11 18:00:00,12,49,283,1,Deterministic mean-track,0.0035335689045936395
REAL_HUMANITARIAN_GEOSPATIAL_DATA,FUNG-WONG,2025-11-11 18:00:00,12,49,283,1,P90 envelope,0.028268551236749116
REAL_HUMANITARIAN_GEOSPATIAL_DATA,FUNG-WONG,2025-11-11 18:00:00,12,49,283,1,Ensemble probability-weighted,0.0028492250725919554
REAL_HUMANITARIAN_GEOSPATIAL_DATA,FUNG-WONG,2025-11-12 00:00:00,12,49,291,0,Deterministic mean-track,0.0
REAL_HUMANITARIAN_GEOSPATIAL_DATA,FUNG-WONG,2025-11-12 00:00:00,12,49,291,0,P90 envelope,0.024054982817869417
REAL_HUMANITARIAN_GEOSPATIAL_DATA,FUNG-WONG,2025-11-12 00:00:00,12,49,291,0,Ensemble probability-weighted,0.0002934058117250687
REAL_HUMANITARIAN_GEOSPATIAL_DATA,FUNG-WONG,2025-11-12 06:00:00,12,31,268,0,Deterministic mean-track,0.0
REAL_HUMANITARIAN_GEOSPATIAL_DATA,FUNG-WONG,2025-11-12 06:00:00,12,31,268,0,P90 envelope,0.029850746268656716
REAL_HUMANITARIAN_GEOSPATIAL_DATA,FUNG-WONG,2025-11-12 06:00:00,12,31,268,0,Ensemble probability-weighted,0.00010095205553916161
REAL_HUMANITARIAN_GEOSPATIAL_DATA,FUNG-WONG,2025-11-12 12:00:00,12,26,221,1,Deterministic mean-track,0.0
REAL_HUMANITARIAN_GEOSPATIAL_DATA,FUNG-WONG,2025-11-12 12:00:00,12,26,221,1,P90 envelope,0.03619909502262444
REAL_HUMANITARIAN_GEOSPATIAL_DATA,FUNG-WONG,2025-11-12 12:00:00,12,26,221,1,Ensemble probability-weighted,0.0015261452783207044
REAL_HUMANITARIAN_GEOSPATIAL_DATA,FUNG-WONG,2025-11-12 18:00:00,12,8,204,0,Deterministic mean-track,0.004901960784313725
REAL_HUMANITARIAN_GEOSPATIAL_DATA,FUNG-WONG,2025-11-12 18:00:00,12,8,204,0,P90 envelope,0.03431372549019608
REAL_HUMANITARIAN_GEOSPATIAL_DATA,FUNG-WONG,2025-11-12 18:00:00,12,8,204,0,Ensemble probability-weighted,0.0003829656862745098
REAL_HUMANITARIAN_GEOSPATIAL_DATA,FUNG-WONG,2025-11-13 00:00:00,12,4,171,0,Deterministic mean-track,0.0
REAL_HUMANITARIAN_GEOSPATIAL_DATA,FUNG-WONG,2025-11-13 00:00:00,12,4,171,0,P90 envelope,0.14619883040935672
REAL_HUMANITARIAN_GEOSPATIAL_DATA,FUNG-WONG,2025-11-13 00:00:00,12,4,171,0,Ensemble probability-weighted,0.0003654970760233918
REAL_HUMANITARIAN_GEOSPATIAL_DATA,FUNG-WONG,2025-11-13 06:00:00,12,1,131,0,Deterministic mean-track,0.0
REAL_HUMANITARIAN_GEOSPATIAL_DATA,FUNG-WONG,2025-11-13 06:00:00,12,1,131,0,P90 envelope,0.007633587786259542
REAL_HUMANITARIAN_GEOSPATIAL_DATA,FUNG-WONG,2025-11-13 06:00:00,12,1,131,0,Ensemble probability-weighted,0.0
REAL_HUMANITARIAN_GEOSPATIAL_DATA,GEZANI,2026-02-10 00:00:00,12,51,53,1,Deterministic mean-track,0.018867924528301886
REAL_HUMANITARIAN_GEOSPATIAL_DATA,GEZANI,2026-02-10 00:00:00,12,51,53,1,P90 envelope,0.09433962264150944
REAL_HUMANITARIAN_GEOSPATIAL_DATA,GEZANI,2026-02-10 00:00:00,12,51,53,1,Ensemble probability-weighted,0.01315894467294872
REAL_HUMANITARIAN_GEOSPATIAL_DATA,GEZANI,2026-02-10 06:00:00,12,51,71,0,Deterministic mean-track,0.0
REAL_HUMANITARIAN_GEOSPATIAL_DATA,GEZANI,2026-02-10 06:00:00,12,51,71,0,P90 envelope,0.11267605633802817
REAL_HUMANITARIAN_GEOSPATIAL_DATA,GEZANI,2026-02-10 06:00:00,12,51,71,0,Ensemble probability-weighted,0.0002869968755245817
REAL_HUMANITARIAN_GEOSPATIAL_DATA,GEZANI,2026-02-10 12:00:00,12,51,81,0,Deterministic mean-track,0.0
REAL_HUMANITARIAN_GEOSPATIAL_DATA,GEZANI,2026-02-10 12:00:00,12,51,81,0,P90 envelope,0.09876543209876543
REAL_HUMANITARIAN_GEOSPATIAL_DATA,GEZANI,2026-02-10 12:00:00,12,51,81,0,Ensemble probability-weighted,0.00029428377499632146
REAL_HUMANITARIAN_GEOSPATIAL_DATA,GEZANI,2026-02-10 18:00:00,12,49,122,0,Deterministic mean-track,0.00819672131147541
REAL_HUMANITARIAN_GEOSPATIAL_DATA,GEZANI,2026-02-10 18:00:00,12,49,122,0,P90 envelope,0.09836065573770492
REAL_HUMANITARIAN_GEOSPATIAL_DATA,GEZANI,2026-02-10 18:00:00,12,49,122,0,Ensemble probability-weighted,0.00017752166105652697
REAL_HUMANITARIAN_GEOSPATIAL_DATA,GEZANI,2026-02-11 00:00:00,12,49,144,0,Deterministic mean-track,0.006944444444444444
REAL_HUMANITARIAN_GEOSPATIAL_DATA,GEZANI,2026-02-11 00:00:00,12,49,144,0,P90 envelope,0.05555555555555555
REAL_HUMANITARIAN_GEOSPATIAL_DATA,GEZANI,2026-02-11 00:00:00,12,49,144,0,Ensemble probability-weighted,0.0004916932759498358
REAL_HUMANITARIAN_GEOSPATIAL_DATA,GEZANI,2026-02-11 06:00:00,12,51,169,0,Deterministic mean-track,0.0
REAL_HUMANITARIAN_GEOSPATIAL_DATA,GEZANI,2026-02-11 06:00:00,12,51,169,0,P90 envelope,0.05325443786982249
REAL_HUMANITARIAN_GEOSPATIAL_DATA,GEZANI,2026-02-11 06:00:00,12,51,169,0,Ensemble probability-weighted,0.0002593449492571132
REAL_HUMANITARIAN_GEOSPATIAL_DATA,GEZANI,2026-02-11 12:00:00,12,51,189,0,Deterministic mean-track,0.0
REAL_HUMANITARIAN_GEOSPATIAL_DATA,GEZANI,2026-02-11 12:00:00,12,51,189,0,P90 envelope,0.031746031746031744
REAL_HUMANITARIAN_GEOSPATIAL_DATA,GEZANI,2026-02-11 12:00:00,12,51,189,0,Ensemble probability-weighted,0.00032750936249590615
REAL_HUMANITARIAN_GEOSPATIAL_DATA,GEZANI,2026-02-11 18:00:00,12,51,211,0,Deterministic mean-track,0.0
REAL_HUMANITARIAN_GEOSPATIAL_DATA,GEZANI,2026-02-11 18:00:00,12,51,211,0,P90 envelope,0.018957345971563982
REAL_HUMANITARIAN_GEOSPATIAL_DATA,GEZANI,2026-02-11 18:00:00,12,51,211,0,Ensemble probability-weighted,0.00011479361747486839
REAL_HUMANITARIAN_GEOSPATIAL_DATA,GEZANI,2026-02-12 00:00:00,12,51,209,0,Deterministic mean-track,0.0
REAL_HUMANITARIAN_GEOSPATIAL_DATA,GEZANI,2026-02-12 00:00:00,12,51,209,0,P90 envelope,0.03349282296650718
REAL_HUMANITARIAN_GEOSPATIAL_DATA,GEZANI,2026-02-12 00:00:00,12,51,209,0,Ensemble probability-weighted,0.00020051176488983808
REAL_HUMANITARIAN_GEOSPATIAL_DATA,GEZANI,2026-02-12 06:00:00,12,51,215,1,Deterministic mean-track,0.004651162790697674
REAL_HUMANITARIAN_GEOSPATIAL_DATA,GEZANI,2026-02-12 06:00:00,12,51,215,1,P90 envelope,0.018604651162790697
REAL_HUMANITARIAN_GEOSPATIAL_DATA,GEZANI,2026-02-12 06:00:00,12,51,215,1,Ensemble probability-weighted,0.0044383644930840556
REAL_HUMANITARIAN_GEOSPATIAL_DATA,GEZANI,2026-02-12 12:00:00,12,51,220,0,Deterministic mean-track,0.0
REAL_HUMANITARIAN_GEOSPATIAL_DATA,GEZANI,2026-02-12 12:00:00,12,51,220,0,P90 envelope,0.022727272727272728
REAL_HUMANITARIAN_GEOSPATIAL_DATA,GEZANI,2026-02-12 12:00:00,12,51,220,0,Ensemble probability-weighted,0.0008615567439096851
REAL_HUMANITARIAN_GEOSPATIAL_DATA,GEZANI,2026-02-12 18:00:00,12,51,216,0,Deterministic mean-track,0.004629629629629629
REAL_HUMANITARIAN_GEOSPATIAL_DATA,GEZANI,2026-02-12 18:00:00,12,51,216,0,P90 envelope,0.027777777777777776
REAL_HUMANITARIAN_GEOSPATIAL_DATA,GEZANI,2026-02-12 18:00:00,12,51,216,0,Ensemble probability-weighted,0.0008080937531148987
REAL_HUMANITARIAN_GEOSPATIAL_DATA,GEZANI,2026-02-13 00:00:00,12,51,207,0,Deterministic mean-track,0.0
REAL_HUMANITARIAN_GEOSPATIAL_DATA,GEZANI,2026-02-13 00:00:00,12,51,207,0,P90 envelope,0.01932367149758454
REAL_HUMANITARIAN_GEOSPATIAL_DATA,GEZANI,2026-02-13 00:00:00,12,51,207,0,Ensemble probability-weighted,0.00012815583749839805
REAL_HUMANITARIAN_GEOSPATIAL_DATA,GEZANI,2026-02-13 06:00:00,12,51,198,1,Deterministic mean-track,0.005050505050505051
REAL_HUMANITARIAN_GEOSPATIAL_DATA,GEZANI,2026-02-13 06:00:00,12,51,198,1,P90 envelope,0.030303030303030304
REAL_HUMANITARIAN_GEOSPATIAL_DATA,GEZANI,2026-02-13 06:00:00,12,51,198,1,Ensemble probability-weighted,0.004586425578351761
REAL_HUMANITARIAN_GEOSPATIAL_DATA,GEZANI,2026-02-13 12:00:00,12,50,200,0,Deterministic mean-track,0.0
REAL_HUMANITARIAN_GEOSPATIAL_DATA,GEZANI,2026-02-13 12:00:00,12,50,200,0,P90 envelope,0.025
REAL_HUMANITARIAN_GEOSPATIAL_DATA,GEZANI,2026-02-13 12:00:00,12,50,200,0,Ensemble probability-weighted,9e-05
REAL_HUMANITARIAN_GEOSPATIAL_DATA,GEZANI,2026-02-13 18:00:00,12,51,201,1,Deterministic mean-track,0.0
REAL_HUMANITARIAN_GEOSPATIAL_DATA,GEZANI,2026-02-13 18:00:00,12,51,201,1,P90 envelope,0.03482587064676617
REAL_HUMANITARIAN_GEOSPATIAL_DATA,GEZANI,2026-02-13 18:00:00,12,51,201,1,Ensemble probability-weighted,0.003456382065068736
REAL_HUMANITARIAN_GEOSPATIAL_DATA,KALMAEGI,2025-11-01 12:00:00,12,51,175,0,Deterministic mean-track,0.0
REAL_HUMANITARIAN_GEOSPATIAL_DATA,KALMAEGI,2025-11-01 12:00:00,12,51,175,0,P90 envelope,0.08571428571428572
REAL_HUMANITARIAN_GEOSPATIAL_DATA,KALMAEGI,2025-11-01 12:00:00,12,51,175,0,Ensemble probability-weighted,8.348437414181358e-05
REAL_HUMANITARIAN_GEOSPATIAL_DATA,KALMAEGI,2025-11-01 18:00:00,12,51,198,1,Deterministic mean-track,0.005050505050505051
REAL_HUMANITARIAN_GEOSPATIAL_DATA,KALMAEGI,2025-11-01 18:00:00,12,51,198,1,P90 envelope,0.06060606060606061
REAL_HUMANITARIAN_GEOSPATIAL_DATA,KALMAEGI,2025-11-01 18:00:00,12,51,198,1,Ensemble probability-weighted,0.004314579862446068
REAL_HUMANITARIAN_GEOSPATIAL_DATA,KALMAEGI,2025-11-02 00:00:00,12,51,227,0,Deterministic mean-track,0.004405286343612335
REAL_HUMANITARIAN_GEOSPATIAL_DATA,KALMAEGI,2025-11-02 00:00:00,12,51,227,0,P90 envelope,0.05726872246696035
REAL_HUMANITARIAN_GEOSPATIAL_DATA,KALMAEGI,2025-11-02 00:00:00,12,51,227,0,Ensemble probability-weighted,8.807185308259953e-05
REAL_HUMANITARIAN_GEOSPATIAL_DATA,KALMAEGI,2025-11-02 12:00:00,12,51,240,1,Deterministic mean-track,0.004166666666666667
REAL_HUMANITARIAN_GEOSPATIAL_DATA,KALMAEGI,2025-11-02 12:00:00,12,51,240,1,P90 envelope,0.05416666666666667
REAL_HUMANITARIAN_GEOSPATIAL_DATA,KALMAEGI,2025-11-02 12:00:00,12,51,240,1,Ensemble probability-weighted,0.0035771498141740363
REAL_HUMANITARIAN_GEOSPATIAL_DATA,KALMAEGI,2025-11-02 18:00:00,12,51,251,1,Deterministic mean-track,0.0
REAL_HUMANITARIAN_GEOSPATIAL_DATA,KALMAEGI,2025-11-02 18:00:00,12,51,251,1,P90 envelope,0.06374501992031872
REAL_HUMANITARIAN_GEOSPATIAL_DATA,KALMAEGI,2025-11-02 18:00:00,12,51,251,1,Ensemble probability-weighted,0.0034494854109130575
REAL_HUMANITARIAN_GEOSPATIAL_DATA,KALMAEGI,2025-11-03 00:00:00,12,51,262,1,Deterministic mean-track,0.0
REAL_HUMANITARIAN_GEOSPATIAL_DATA,KALMAEGI,2025-11-03 00:00:00,12,51,262,1,P90 envelope,0.07251908396946564
REAL_HUMANITARIAN_GEOSPATIAL_DATA,KALMAEGI,2025-11-03 00:00:00,12,51,262,1,Ensemble probability-weighted,0.003248897223909771
REAL_HUMANITARIAN_GEOSPATIAL_DATA,KALMAEGI,2025-11-03 06:00:00,12,51,284,0,Deterministic mean-track,0.0
REAL_HUMANITARIAN_GEOSPATIAL_DATA,KALMAEGI,2025-11-03 06:00:00,12,51,284,0,P90 envelope,0.06338028169014084
REAL_HUMANITARIAN_GEOSPATIAL_DATA,KALMAEGI,2025-11-03 06:00:00,12,51,284,0,Ensemble probability-weighted,9.340936043017042e-05
REAL_HUMANITARIAN_GEOSPATIAL_DATA,KALMAEGI,2025-11-03 12:00:00,12,51,275,1,Deterministic mean-track,0.0036363636363636364
REAL_HUMANITARIAN_GEOSPATIAL_DATA,KALMAEGI,2025-11-03 12:00:00,12,51,275,1,P90 envelope,0.04
REAL_HUMANITARIAN_GEOSPATIAL_DATA,KALMAEGI,2025-11-03 12:00:00,12,51,275,1,Ensemble probability-weighted,0.00287162280241865
REAL_HUMANITARIAN_GEOSPATIAL_DATA,KALMAEGI,2025-11-03 18:00:00,12,51,292,0,Deterministic mean-track,0.0
REAL_HUMANITARIAN_GEOSPATIAL_DATA,KALMAEGI,2025-11-03 18:00:00,12,51,292,0,P90 envelope,0.05136986301369863
REAL_HUMANITARIAN_GEOSPATIAL_DATA,KALMAEGI,2025-11-03 18:00:00,12,51,292,0,Ensemble probability-weighted,8.558352161708088e-05
REAL_HUMANITARIAN_GEOSPATIAL_DATA,KALMAEGI,2025-11-04 00:00:00,12,51,296,0,Deterministic mean-track,0.0
REAL_HUMANITARIAN_GEOSPATIAL_DATA,KALMAEGI,2025-11-04 00:00:00,12,51,296,0,P90 envelope,0.04054054054054054
REAL_HUMANITARIAN_GEOSPATIAL_DATA,KALMAEGI,2025-11-04 00:00:00,12,51,296,0,Ensemble probability-weighted,0.00016625622161954342
REAL_HUMANITARIAN_GEOSPATIAL_DATA,KALMAEGI,2025-11-04 06:00:00,12,51,297,0,Deterministic mean-track,0.0
REAL_HUMANITARIAN_GEOSPATIAL_DATA,KALMAEGI,2025-11-04 06:00:00,12,51,297,0,P90 envelope,0.04377104377104377
REAL_HUMANITARIAN_GEOSPATIAL_DATA,KALMAEGI,2025-11-04 06:00:00,12,51,297,0,Ensemble probability-weighted,7.249219090818476e-05
REAL_HUMANITARIAN_GEOSPATIAL_DATA,KALMAEGI,2025-11-04 12:00:00,12,51,307,0,Deterministic mean-track,0.0
REAL_HUMANITARIAN_GEOSPATIAL_DATA,KALMAEGI,2025-11-04 12:00:00,12,51,307,0,P90 envelope,0.029315960912052116
REAL_HUMANITARIAN_GEOSPATIAL_DATA,KALMAEGI,2025-11-04 12:00:00,12,51,307,0,Ensemble probability-weighted,0.00011897203155388743
REAL_HUMANITARIAN_GEOSPATIAL_DATA,KALMAEGI,2025-11-04 18:00:00,12,51,320,0,Deterministic mean-track,0.003125
REAL_HUMANITARIAN_GEOSPATIAL_DATA,KALMAEGI,2025-11-04 18:00:00,12,51,320,0,P90 envelope,0.028125
REAL_HUMANITARIAN_GEOSPATIAL_DATA,KALMAEGI,2025-11-04 18:00:00,12,51,320,0,Ensemble probability-weighted,4.084967320261438e-05
REAL_HUMANITARIAN_GEOSPATIAL_DATA,KALMAEGI,2025-11-05 00:00:00,12,51,335,0,Deterministic mean-track,0.0
REAL_HUMANITARIAN_GEOSPATIAL_DATA,KALMAEGI,2025-11-05 00:00:00,12,51,335,0,P90 envelope,0.023880597014925373
REAL_HUMANITARIAN_GEOSPATIAL_DATA,KALMAEGI,2025-11-05 00:00:00,12,51,335,0,Ensemble probability-weighted,7.574583828263528e-05
REAL_HUMANITARIAN_GEOSPATIAL_DATA,KALMAEGI,2025-11-05 06:00:00,12,51,346,0,Deterministic mean-track,0.002890173410404624
REAL_HUMANITARIAN_GEOSPATIAL_DATA,KALMAEGI,2025-11-05 06:00:00,12,51,346,0,P90 envelope,0.02601156069364162
REAL_HUMANITARIAN_GEOSPATIAL_DATA,KALMAEGI,2025-11-05 06:00:00,12,51,346,0,Ensemble probability-weighted,0.00016556548948492466
REAL_HUMANITARIAN_GEOSPATIAL_DATA,KALMAEGI,2025-11-05 12:00:00,12,51,343,0,Deterministic mean-track,0.0
REAL_HUMANITARIAN_GEOSPATIAL_DATA,KALMAEGI,2025-11-05 12:00:00,12,51,343,0,P90 envelope,0.01749271137026239
REAL_HUMANITARIAN_GEOSPATIAL_DATA,KALMAEGI,2025-11-05 12:00:00,12,51,343,0,Ensemble probability-weighted,7.734186111419359e-05
REAL_HUMANITARIAN_GEOSPATIAL_DATA,KALMAEGI,2025-11-05 18:00:00,12,51,327,0,Deterministic mean-track,0.0030581039755351682
REAL_HUMANITARIAN_GEOSPATIAL_DATA,KALMAEGI,2025-11-05 18:00:00,12,51,327,0,P90 envelope,0.021406727828746176
REAL_HUMANITARIAN_GEOSPATIAL_DATA,KALMAEGI,2025-11-05 18:00:00,12,51,327,0,Ensemble probability-weighted,0.00017165827775014785
REAL_HUMANITARIAN_GEOSPATIAL_DATA,KALMAEGI,2025-11-06 00:00:00,12,51,319,0,Deterministic mean-track,0.0
REAL_HUMANITARIAN_GEOSPATIAL_DATA,KALMAEGI,2025-11-06 00:00:00,12,51,319,0,P90 envelope,0.01567398119122257
REAL_HUMANITARIAN_GEOSPATIAL_DATA,KALMAEGI,2025-11-06 00:00:00,12,51,319,0,Ensemble probability-weighted,0.0003495159204501765
REAL_HUMANITARIAN_GEOSPATIAL_DATA,KALMAEGI,2025-11-06 06:00:00,12,51,306,0,Deterministic mean-track,0.0
REAL_HUMANITARIAN_GEOSPATIAL_DATA,KALMAEGI,2025-11-06 06:00:00,12,51,306,0,P90 envelope,0.0457516339869281
REAL_HUMANITARIAN_GEOSPATIAL_DATA,KALMAEGI,2025-11-06 06:00:00,12,51,306,0,Ensemble probability-weighted,7.664221654315963e-05
REAL_HUMANITARIAN_GEOSPATIAL_DATA,KALMAEGI,2025-11-06 12:00:00,12,51,277,0,Deterministic mean-track,0.0
REAL_HUMANITARIAN_GEOSPATIAL_DATA,KALMAEGI,2025-11-06 12:00:00,12,51,277,0,P90 envelope,0.02527075812274368
REAL_HUMANITARIAN_GEOSPATIAL_DATA,KALMAEGI,2025-11-06 12:00:00,12,51,277,0,Ensemble probability-weighted,2.6371417824580106e-05
REAL_HUMANITARIAN_GEOSPATIAL_DATA,KALMAEGI,2025-11-06 18:00:00,12,51,266,0,Deterministic mean-track,0.0
REAL_HUMANITARIAN_GEOSPATIAL_DATA,KALMAEGI,2025-11-06 18:00:00,12,51,266,0,P90 envelope,0.045112781954887216
REAL_HUMANITARIAN_GEOSPATIAL_DATA,KALMAEGI,2025-11-06 18:00:00,12,51,266,0,Ensemble probability-weighted,0.00037434994637689965
REAL_HUMANITARIAN_GEOSPATIAL_DATA,KALMAEGI,2025-11-07 00:00:00,12,46,242,0,Deterministic mean-track,0.004132231404958678
REAL_HUMANITARIAN_GEOSPATIAL_DATA,KALMAEGI,2025-11-07 00:00:00,12,46,242,0,P90 envelope,0.04132231404958678
REAL_HUMANITARIAN_GEOSPATIAL_DATA,KALMAEGI,2025-11-07 00:00:00,12,46,242,0,Ensemble probability-weighted,0.00013865237700948305
REAL_HUMANITARIAN_GEOSPATIAL_DATA,KALMAEGI,2025-11-07 06:00:00,12,45,236,0,Deterministic mean-track,0.00423728813559322
REAL_HUMANITARIAN_GEOSPATIAL_DATA,KALMAEGI,2025-11-07 06:00:00,12,45,236,0,P90 envelope,0.038135593220338986
REAL_HUMANITARIAN_GEOSPATIAL_DATA,KALMAEGI,2025-11-07 06:00:00,12,45,236,0,Ensemble probability-weighted,0.00022389621259677757
REAL_HUMANITARIAN_GEOSPATIAL_DATA,KOTO,2025-11-25 12:00:00,12,51,305,0,Deterministic mean-track,0.003278688524590164
REAL_HUMANITARIAN_GEOSPATIAL_DATA,KOTO,2025-11-25 12:00:00,12,51,305,0,P90 envelope,0.029508196721311476
REAL_HUMANITARIAN_GEOSPATIAL_DATA,KOTO,2025-11-25 12:00:00,12,51,305,0,Ensemble probability-weighted,0.0001411815127851205
REAL_HUMANITARIAN_GEOSPATIAL_DATA,KOTO,2025-11-25 18:00:00,12,51,305,1,Deterministic mean-track,0.006557377049180328
REAL_HUMANITARIAN_GEOSPATIAL_DATA,KOTO,2025-11-25 18:00:00,12,51,305,1,P90 envelope,0.04590163934426229
REAL_HUMANITARIAN_GEOSPATIAL_DATA,KOTO,2025-11-25 18:00:00,12,51,305,1,Ensemble probability-weighted,0.003364405871638272
REAL_HUMANITARIAN_GEOSPATIAL_DATA,KOTO,2025-11-26 00:00:00,12,51,320,0,Deterministic mean-track,0.0
REAL_HUMANITARIAN_GEOSPATIAL_DATA,KOTO,2025-11-26 00:00:00,12,51,320,0,P90 envelope,0.025
REAL_HUMANITARIAN_GEOSPATIAL_DATA,KOTO,2025-11-26 00:00:00,12,51,320,0,Ensemble probability-weighted,0.00010572856593617842
REAL_HUMANITARIAN_GEOSPATIAL_DATA,KOTO,2025-11-26 06:00:00,12,50,329,0,Deterministic mean-track,0.0
REAL_HUMANITARIAN_GEOSPATIAL_DATA,KOTO,2025-11-26 06:00:00,12,50,329,0,P90 envelope,0.0243161094224924
REAL_HUMANITARIAN_GEOSPATIAL_DATA,KOTO,2025-11-26 06:00:00,12,50,329,0,Ensemble probability-weighted,7.051671732522797e-05
REAL_HUMANITARIAN_GEOSPATIAL_DATA,KOTO,2025-11-26 12:00:00,12,51,328,0,Deterministic mean-track,0.0
REAL_HUMANITARIAN_GEOSPATIAL_DATA,KOTO,2025-11-26 12:00:00,12,51,328,0,P90 envelope,0.018292682926829267
REAL_HUMANITARIAN_GEOSPATIAL_DATA,KOTO,2025-11-26 12:00:00,12,51,328,0,Ensemble probability-weighted,0.00011018276272728127
REAL_HUMANITARIAN_GEOSPATIAL_DATA,KOTO,2025-11-26 18:00:00,12,51,328,0,Deterministic mean-track,0.0
REAL_HUMANITARIAN_GEOSPATIAL_DATA,KOTO,2025-11-26 18:00:00,12,51,328,0,P90 envelope,0.027439024390243903
REAL_HUMANITARIAN_GEOSPATIAL_DATA,KOTO,2025-11-26 18:00:00,12,51,328,0,Ensemble probability-weighted,9.260040697292787e-05
REAL_HUMANITARIAN_GEOSPATIAL_DATA,KOTO,2025-11-27 00:00:00,12,51,336,0,Deterministic mean-track,0.0
REAL_HUMANITARIAN_GEOSPATIAL_DATA,KOTO,2025-11-27 00:00:00,12,51,336,0,P90 envelope,0.023809523809523808
REAL_HUMANITARIAN_GEOSPATIAL_DATA,KOTO,2025-11-27 00:00:00,12,51,336,0,Ensemble probability-weighted,8.925138682924152e-05
REAL_HUMANITARIAN_GEOSPATIAL_DATA,KOTO,2025-11-27 06:00:00,12,51,341,0,Deterministic mean-track,0.0
REAL_HUMANITARIAN_GEOSPATIAL_DATA,KOTO,2025-11-27 06:00:00,12,51,341,0,P90 envelope,0.02932551319648094
REAL_HUMANITARIAN_GEOSPATIAL_DATA,KOTO,2025-11-27 06:00:00,12,51,341,0,Ensemble probability-weighted,0.0001172569539574786
REAL_HUMANITARIAN_GEOSPATIAL_DATA,KOTO,2025-11-27 12:00:00,12,51,340,0,Deterministic mean-track,0.0029411764705882353
REAL_HUMANITARIAN_GEOSPATIAL_DATA,KOTO,2025-11-27 12:00:00,12,51,340,0,P90 envelope,0.023529411764705882
REAL_HUMANITARIAN_GEOSPATIAL_DATA,KOTO,2025-11-27 12:00:00,12,51,340,0,Ensemble probability-weighted,0.00020128005065924866
REAL_HUMANITARIAN_GEOSPATIAL_DATA,KOTO,2025-11-27 18:00:00,12,51,324,0,Deterministic mean-track,0.0
REAL_HUMANITARIAN_GEOSPATIAL_DATA,KOTO,2025-11-27 18:00:00,12,51,324,0,P90 envelope,0.012345679012345678
REAL_HUMANITARIAN_GEOSPATIAL_DATA,KOTO,2025-11-27 18:00:00,12,51,324,0,Ensemble probability-weighted,6.882443124913969e-05
REAL_HUMANITARIAN_GEOSPATIAL_DATA,KOTO,2025-11-28 00:00:00,12,51,318,1,Deterministic mean-track,0.0031446540880503146
REAL_HUMANITARIAN_GEOSPATIAL_DATA,KOTO,2025-11-28 00:00:00,12,51,318,1,P90 envelope,0.018867924528301886
REAL_HUMANITARIAN_GEOSPATIAL_DATA,KOTO,2025-11-28 00:00:00,12,51,318,1,Ensemble probability-weighted,0.00271545293416417
REAL_HUMANITARIAN_GEOSPATIAL_DATA,KOTO,2025-11-28 06:00:00,12,51,328,0,Deterministic mean-track,0.003048780487804878
REAL_HUMANITARIAN_GEOSPATIAL_DATA,KOTO,2025-11-28 06:00:00,12,51,328,0,P90 envelope,0.021341463414634148
REAL_HUMANITARIAN_GEOSPATIAL_DATA,KOTO,2025-11-28 06:00:00,12,51,328,0,Ensemble probability-weighted,0.0002860063202708152
REAL_HUMANITARIAN_GEOSPATIAL_DATA,KOTO,2025-11-28 12:00:00,12,51,343,0,Deterministic mean-track,0.0
REAL_HUMANITARIAN_GEOSPATIAL_DATA,KOTO,2025-11-28 12:00:00,12,51,343,0,P90 envelope,0.01749271137026239
REAL_HUMANITARIAN_GEOSPATIAL_DATA,KOTO,2025-11-28 12:00:00,12,51,343,0,Ensemble probability-weighted,0.0001658926876072558
REAL_HUMANITARIAN_GEOSPATIAL_DATA,KOTO,2025-11-28 18:00:00,12,51,336,0,Deterministic mean-track,0.0
REAL_HUMANITARIAN_GEOSPATIAL_DATA,KOTO,2025-11-28 18:00:00,12,51,336,0,P90 envelope,0.017857142857142856
REAL_HUMANITARIAN_GEOSPATIAL_DATA,KOTO,2025-11-28 18:00:00,12,51,336,0,Ensemble probability-weighted,0.00013730982589114078
REAL_HUMANITARIAN_GEOSPATIAL_DATA,KOTO,2025-11-29 00:00:00,12,51,336,0,Deterministic mean-track,0.0
REAL_HUMANITARIAN_GEOSPATIAL_DATA,KOTO,2025-11-29 00:00:00,12,51,336,0,P90 envelope,0.020833333333333332
REAL_HUMANITARIAN_GEOSPATIAL_DATA,KOTO,2025-11-29 00:00:00,12,51,336,0,Ensemble probability-weighted,7.78089013383131e-05
REAL_HUMANITARIAN_GEOSPATIAL_DATA,KOTO,2025-11-29 06:00:00,12,51,322,0,Deterministic mean-track,0.0
REAL_HUMANITARIAN_GEOSPATIAL_DATA,KOTO,2025-11-29 06:00:00,12,51,322,0,P90 envelope,0.021739130434782608
REAL_HUMANITARIAN_GEOSPATIAL_DATA,KOTO,2025-11-29 06:00:00,12,51,322,0,Ensemble probability-weighted,5.731192732847616e-05
REAL_HUMANITARIAN_GEOSPATIAL_DATA,KOTO,2025-11-29 12:00:00,12,51,331,0,Deterministic mean-track,0.0
REAL_HUMANITARIAN_GEOSPATIAL_DATA,KOTO,2025-11-29 12:00:00,12,51,331,0,P90 envelope,0.012084592145015106
REAL_HUMANITARIAN_GEOSPATIAL_DATA,KOTO,2025-11-29 12:00:00,12,51,331,0,Ensemble probability-weighted,9.989186125252779e-05
REAL_HUMANITARIAN_GEOSPATIAL_DATA,KOTO,2025-11-29 18:00:00,12,51,324,1,Deterministic mean-track,0.0030864197530864196
REAL_HUMANITARIAN_GEOSPATIAL_DATA,KOTO,2025-11-29 18:00:00,12,51,324,1,P90 envelope,0.015432098765432098
REAL_HUMANITARIAN_GEOSPATIAL_DATA,KOTO,2025-11-29 18:00:00,12,51,324,1,Ensemble probability-weighted,0.002355456828095557
REAL_HUMANITARIAN_GEOSPATIAL_DATA,KOTO,2025-11-30 00:00:00,12,51,337,0,Deterministic mean-track,0.0
REAL_HUMANITARIAN_GEOSPATIAL_DATA,KOTO,2025-11-30 00:00:00,12,51,337,0,P90 envelope,0.011869436201780416
REAL_HUMANITARIAN_GEOSPATIAL_DATA,KOTO,2025-11-30 00:00:00,12,51,337,0,Ensemble probability-weighted,9.469081168279262e-05
REAL_HUMANITARIAN_GEOSPATIAL_DATA,KOTO,2025-11-30 06:00:00,12,51,325,0,Deterministic mean-track,0.0
REAL_HUMANITARIAN_GEOSPATIAL_DATA,KOTO,2025-11-30 06:00:00,12,51,325,0,P90 envelope,0.015384615384615385
REAL_HUMANITARIAN_GEOSPATIAL_DATA,KOTO,2025-11-30 06:00:00,12,51,325,0,Ensemble probability-weighted,4.8502055422470653e-05
REAL_HUMANITARIAN_GEOSPATIAL_DATA,KOTO,2025-11-30 12:00:00,12,51,325,0,Deterministic mean-track,0.0
REAL_HUMANITARIAN_GEOSPATIAL_DATA,KOTO,2025-11-30 12:00:00,12,51,325,0,P90 envelope,0.009230769230769232
REAL_HUMANITARIAN_GEOSPATIAL_DATA,KOTO,2025-11-30 12:00:00,12,51,325,0,Ensemble probability-weighted,0.0001289444888060805
REAL_HUMANITARIAN_GEOSPATIAL_DATA,KOTO,2025-11-30 18:00:00,12,51,335,0,Deterministic mean-track,0.0
REAL_HUMANITARIAN_GEOSPATIAL_DATA,KOTO,2025-11-30 18:00:00,12,51,335,0,P90 envelope,0.01791044776119403
REAL_HUMANITARIAN_GEOSPATIAL_DATA,KOTO,2025-11-30 18:00:00,12,51,335,0,Ensemble probability-weighted,5.738321082017824e-05
REAL_HUMANITARIAN_GEOSPATIAL_DATA,KOTO,2025-12-01 00:00:00,12,51,335,0,Deterministic mean-track,0.0
REAL_HUMANITARIAN_GEOSPATIAL_DATA,KOTO,2025-12-01 00:00:00,12,51,335,0,P90 envelope,0.011940298507462687
REAL_HUMANITARIAN_GEOSPATIAL_DATA,KOTO,2025-12-01 00:00:00,12,51,335,0,Ensemble probability-weighted,2.0657955895264163e-05
REAL_HUMANITARIAN_GEOSPATIAL_DATA,KOTO,2025-12-01 06:00:00,12,36,329,0,Deterministic mean-track,0.0
REAL_HUMANITARIAN_GEOSPATIAL_DATA,KOTO,2025-12-01 06:00:00,12,36,329,0,P90 envelope,0.0121580547112462
REAL_HUMANITARIAN_GEOSPATIAL_DATA,KOTO,2025-12-01 06:00:00,12,36,329,0,Ensemble probability-weighted,1.876243010994784e-05
REAL_HUMANITARIAN_GEOSPATIAL_DATA,KOTO,2025-12-01 12:00:00,12,29,329,0,Deterministic mean-track,0.0
REAL_HUMANITARIAN_GEOSPATIAL_DATA,KOTO,2025-12-01 12:00:00,12,29,329,0,P90 envelope,0.0121580547112462
REAL_HUMANITARIAN_GEOSPATIAL_DATA,KOTO,2025-12-01 12:00:00,12,29,329,0,Ensemble probability-weighted,1.807083042694144e-05
REAL_HUMANITARIAN_GEOSPATIAL_DATA,KOTO,2025-12-01 18:00:00,12,8,327,0,Deterministic mean-track,0.0
REAL_HUMANITARIAN_GEOSPATIAL_DATA,KOTO,2025-12-01 18:00:00,12,8,327,0,P90 envelope,0.012232415902140673
REAL_HUMANITARIAN_GEOSPATIAL_DATA,KOTO,2025-12-01 18:00:00,12,8,327,0,Ensemble probability-weighted,4.7782874617737003e-05
REAL_HUMANITARIAN_GEOSPATIAL_DATA,KOTO,2025-12-02 00:00:00,12,7,327,0,Deterministic mean-track,0.0
REAL_HUMANITARIAN_GEOSPATIAL_DATA,KOTO,2025-12-02 00:00:00,12,7,327,0,P90 envelope,0.021406727828746176
REAL_HUMANITARIAN_GEOSPATIAL_DATA,KOTO,2025-12-02 00:00:00,12,7,327,0,Ensemble probability-weighted,0.0
REAL_HUMANITARIAN_GEOSPATIAL_DATA,KOTO,2025-12-02 06:00:00,12,8,313,1,Deterministic mean-track,0.003194888178913738
REAL_HUMANITARIAN_GEOSPATIAL_DATA,KOTO,2025-12-02 06:00:00,12,8,313,1,P90 envelope,0.009584664536741214
REAL_HUMANITARIAN_GEOSPATIAL_DATA,KOTO,2025-12-02 06:00:00,12,8,313,1,Ensemble probability-weighted,0.0033945686900958465
REAL_HUMANITARIAN_GEOSPATIAL_DATA,KOTO,2025-12-02 12:00:00,12,6,327,0,Deterministic mean-track,0.0030581039755351682
REAL_HUMANITARIAN_GEOSPATIAL_DATA,KOTO,2025-12-02 12:00:00,12,6,327,0,P90 envelope,0.021406727828746176
REAL_HUMANITARIAN_GEOSPATIAL_DATA,KOTO,2025-12-02 12:00:00,12,6,327,0,Ensemble probability-weighted,0.0005096839959225281
REAL_HUMANITARIAN_GEOSPATIAL_DATA,KOTO,2025-12-02 18:00:00,12,1,325,0,Deterministic mean-track,0.003076923076923077
REAL_HUMANITARIAN_GEOSPATIAL_DATA,KOTO,2025-12-02 18:00:00,12,1,325,0,P90 envelope,0.003076923076923077
REAL_HUMANITARIAN_GEOSPATIAL_DATA,KOTO,2025-12-02 18:00:00,12,1,325,0,Ensemble probability-weighted,0.003076923076923077
REAL_HUMANITARIAN_GEOSPATIAL_DATA,MELISSA,2025-10-23 00:00:00,12,48,146,1,Deterministic mean-track,0.00684931506849315
REAL_HUMANITARIAN_GEOSPATIAL_DATA,MELISSA,2025-10-23 00:00:00,12,48,146,1,P90 envelope,0.10273972602739725
REAL_HUMANITARIAN_GEOSPATIAL_DATA,MELISSA,2025-10-23 00:00:00,12,48,146,1,Ensemble probability-weighted,0.005348054604261796
REAL_HUMANITARIAN_GEOSPATIAL_DATA,MELISSA,2025-10-23 06:00:00,12,51,161,0,Deterministic mean-track,0.0
REAL_HUMANITARIAN_GEOSPATIAL_DATA,MELISSA,2025-10-23 06:00:00,12,51,161,0,P90 envelope,0.13664596273291926
REAL_HUMANITARIAN_GEOSPATIAL_DATA,MELISSA,2025-10-23 06:00:00,12,51,161,0,Ensemble probability-weighted,8.119189704867453e-05
REAL_HUMANITARIAN_GEOSPATIAL_DATA,MELISSA,2025-10-23 12:00:00,12,51,161,0,Deterministic mean-track,0.0
REAL_HUMANITARIAN_GEOSPATIAL_DATA,MELISSA,2025-10-23 12:00:00,12,51,161,0,P90 envelope,0.10559006211180125
REAL_HUMANITARIAN_GEOSPATIAL_DATA,MELISSA,2025-10-23 12:00:00,12,51,161,0,Ensemble probability-weighted,0.0002411876941740038
REAL_HUMANITARIAN_GEOSPATIAL_DATA,MELISSA,2025-10-23 18:00:00,12,49,161,0,Deterministic mean-track,0.0
REAL_HUMANITARIAN_GEOSPATIAL_DATA,MELISSA,2025-10-23 18:00:00,12,49,161,0,P90 envelope,0.11801242236024845
REAL_HUMANITARIAN_GEOSPATIAL_DATA,MELISSA,2025-10-23 18:00:00,12,49,161,0,Ensemble probability-weighted,0.00022764841771415116
REAL_HUMANITARIAN_GEOSPATIAL_DATA,MELISSA,2025-10-24 00:00:00,12,51,158,1,Deterministic mean-track,0.006329113924050633
REAL_HUMANITARIAN_GEOSPATIAL_DATA,MELISSA,2025-10-24 00:00:00,12,51,158,1,P90 envelope,0.08227848101265822
REAL_HUMANITARIAN_GEOSPATIAL_DATA,MELISSA,2025-10-24 00:00:00,12,51,158,1,Ensemble probability-weighted,0.004613610149942329
REAL_HUMANITARIAN_GEOSPATIAL_DATA,MELISSA,2025-10-24 12:00:00,12,51,168,0,Deterministic mean-track,0.005952380952380952
REAL_HUMANITARIAN_GEOSPATIAL_DATA,MELISSA,2025-10-24 12:00:00,12,51,168,0,P90 envelope,0.08928571428571429
REAL_HUMANITARIAN_GEOSPATIAL_DATA,MELISSA,2025-10-24 12:00:00,12,51,168,0,Ensemble probability-weighted,0.00014646381428388348
REAL_HUMANITARIAN_GEOSPATIAL_DATA,MELISSA,2025-10-24 18:00:00,12,51,168,0,Deterministic mean-track,0.0
REAL_HUMANITARIAN_GEOSPATIAL_DATA,MELISSA,2025-10-24 18:00:00,12,51,168,0,P90 envelope,0.10119047619047619
REAL_HUMANITARIAN_GEOSPATIAL_DATA,MELISSA,2025-10-24 18:00:00,12,51,168,0,Ensemble probability-weighted,0.00017163728236392598
REAL_HUMANITARIAN_GEOSPATIAL_DATA,MELISSA,2025-10-25 00:00:00,12,51,168,1,Deterministic mean-track,0.005952380952380952
REAL_HUMANITARIAN_GEOSPATIAL_DATA,MELISSA,2025-10-25 00:00:00,12,51,168,1,P90 envelope,0.07738095238095238
REAL_HUMANITARIAN_GEOSPATIAL_DATA,MELISSA,2025-10-25 00:00:00,12,51,168,1,Ensemble probability-weighted,0.0035219970341077607
REAL_HUMANITARIAN_GEOSPATIAL_DATA,MELISSA,2025-10-25 12:00:00,12,50,171,1,Deterministic mean-track,0.0
REAL_HUMANITARIAN_GEOSPATIAL_DATA,MELISSA,2025-10-25 12:00:00,12,50,171,1,P90 envelope,0.10526315789473684
REAL_HUMANITARIAN_GEOSPATIAL_DATA,MELISSA,2025-10-25 12:00:00,12,50,171,1,Ensemble probability-weighted,0.0044304093567251466
REAL_HUMANITARIAN_GEOSPATIAL_DATA,MELISSA,2025-10-25 18:00:00,12,51,175,0,Deterministic mean-track,0.005714285714285714
REAL_HUMANITARIAN_GEOSPATIAL_DATA,MELISSA,2025-10-25 18:00:00,12,51,175,0,P90 envelope,0.12
REAL_HUMANITARIAN_GEOSPATIAL_DATA,MELISSA,2025-10-25 18:00:00,12,51,175,0,Ensemble probability-weighted,0.00022408963585434174
REAL_HUMANITARIAN_GEOSPATIAL_DATA,MELISSA,2025-10-26 00:00:00,12,51,174,1,Deterministic mean-track,0.0
REAL_HUMANITARIAN_GEOSPATIAL_DATA,MELISSA,2025-10-26 00:00:00,12,51,174,1,P90 envelope,0.04597701149425287
REAL_HUMANITARIAN_GEOSPATIAL_DATA,MELISSA,2025-10-26 00:00:00,12,51,174,1,Ensemble probability-weighted,0.003939687211373167
REAL_HUMANITARIAN_GEOSPATIAL_DATA,MELISSA,2025-10-26 06:00:00,12,51,174,0,Deterministic mean-track,0.0
REAL_HUMANITARIAN_GEOSPATIAL_DATA,MELISSA,2025-10-26 06:00:00,12,51,174,0,P90 envelope,0.09770114942528736
REAL_HUMANITARIAN_GEOSPATIAL_DATA,MELISSA,2025-10-26 06:00:00,12,51,174,0,Ensemble probability-weighted,9.059291961093654e-05
REAL_HUMANITARIAN_GEOSPATIAL_DATA,MELISSA,2025-10-26 12:00:00,12,51,172,1,Deterministic mean-track,0.0
REAL_HUMANITARIAN_GEOSPATIAL_DATA,MELISSA,2025-10-26 12:00:00,12,51,172,1,P90 envelope,0.06976744186046512
REAL_HUMANITARIAN_GEOSPATIAL_DATA,MELISSA,2025-10-26 12:00:00,12,51,172,1,Ensemble probability-weighted,0.005418309594699713
REAL_HUMANITARIAN_GEOSPATIAL_DATA,MELISSA,2025-10-26 18:00:00,12,51,172,0,Deterministic mean-track,0.0
REAL_HUMANITARIAN_GEOSPATIAL_DATA,MELISSA,2025-10-26 18:00:00,12,51,172,0,P90 envelope,0.08139534883720931
REAL_HUMANITARIAN_GEOSPATIAL_DATA,MELISSA,2025-10-26 18:00:00,12,51,172,0,Ensemble probability-weighted,0.0001207049167136075
REAL_HUMANITARIAN_GEOSPATIAL_DATA,MELISSA,2025-10-27 00:00:00,12,51,169,1,Deterministic mean-track,0.005917159763313609
REAL_HUMANITARIAN_GEOSPATIAL_DATA,MELISSA,2025-10-27 00:00:00,12,51,169,1,P90 envelope,0.05917159763313609
REAL_HUMANITARIAN_GEOSPATIAL_DATA,MELISSA,2025-10-27 00:00:00,12,51,169,1,Ensemble probability-weighted,0.004431613694323305
REAL_HUMANITARIAN_GEOSPATIAL_DATA,MELISSA,2025-10-27 06:00:00,12,51,169,0,Deterministic mean-track,0.0
REAL_HUMANITARIAN_GEOSPATIAL_DATA,MELISSA,2025-10-27 06:00:00,12,51,169,0,P90 envelope,0.07100591715976332
REAL_HUMANITARIAN_GEOSPATIAL_DATA,MELISSA,2025-10-27 06:00:00,12,51,169,0,Ensemble probability-weighted,0.00030029415177139433
REAL_HUMANITARIAN_GEOSPATIAL_DATA,MELISSA,2025-10-27 12:00:00,12,51,167,1,Deterministic mean-track,0.005988023952095809
REAL_HUMANITARIAN_GEOSPATIAL_DATA,MELISSA,2025-10-27 12:00:00,12,51,167,1,P90 envelope,0.05389221556886228
REAL_HUMANITARIAN_GEOSPATIAL_DATA,MELISSA,2025-10-27 12:00:00,12,51,167,1,Ensemble probability-weighted,0.003936763151896899
REAL_HUMANITARIAN_GEOSPATIAL_DATA,MELISSA,2025-10-27 18:00:00,12,51,177,0,Deterministic mean-track,0.0
REAL_HUMANITARIAN_GEOSPATIAL_DATA,MELISSA,2025-10-27 18:00:00,12,51,177,0,P90 envelope,0.06779661016949153
REAL_HUMANITARIAN_GEOSPATIAL_DATA,MELISSA,2025-10-27 18:00:00,12,51,177,0,Ensemble probability-weighted,0.00011946730614257445
REAL_HUMANITARIAN_GEOSPATIAL_DATA,MELISSA,2025-10-28 00:00:00,12,51,184,0,Deterministic mean-track,0.0
REAL_HUMANITARIAN_GEOSPATIAL_DATA,MELISSA,2025-10-28 00:00:00,12,51,184,0,P90 envelope,0.04891304347826087
REAL_HUMANITARIAN_GEOSPATIAL_DATA,MELISSA,2025-10-28 00:00:00,12,51,184,0,Ensemble probability-weighted,0.00017342828009294083
REAL_HUMANITARIAN_GEOSPATIAL_DATA,MELISSA,2025-10-28 06:00:00,12,51,184,1,Deterministic mean-track,0.0
REAL_HUMANITARIAN_GEOSPATIAL_DATA,MELISSA,2025-10-28 06:00:00,12,51,184,1,P90 envelope,0.043478260869565216
REAL_HUMANITARIAN_GEOSPATIAL_DATA,MELISSA,2025-10-28 06:00:00,12,51,184,1,Ensemble probability-weighted,0.0035500559985289937
REAL_HUMANITARIAN_GEOSPATIAL_DATA,MELISSA,2025-10-28 12:00:00,12,51,195,1,Deterministic mean-track,0.005128205128205128
REAL_HUMANITARIAN_GEOSPATIAL_DATA,MELISSA,2025-10-28 12:00:00,12,51,195,1,P90 envelope,0.046153846153846156
REAL_HUMANITARIAN_GEOSPATIAL_DATA,MELISSA,2025-10-28 12:00:00,12,51,195,1,Ensemble probability-weighted,0.004209426354755075
REAL_HUMANITARIAN_GEOSPATIAL_DATA,MELISSA,2025-10-28 18:00:00,12,51,207,1,Deterministic mean-track,0.004830917874396135
REAL_HUMANITARIAN_GEOSPATIAL_DATA,MELISSA,2025-10-28 18:00:00,12,51,207,1,P90 envelope,0.07246376811594203
REAL_HUMANITARIAN_GEOSPATIAL_DATA,MELISSA,2025-10-28 18:00:00,12,51,207,1,Ensemble probability-weighted,0.003855819110821367
REAL_HUMANITARIAN_GEOSPATIAL_DATA,MELISSA,2025-10-29 00:00:00,12,51,221,1,Deterministic mean-track,0.004524886877828055
REAL_HUMANITARIAN_GEOSPATIAL_DATA,MELISSA,2025-10-29 00:00:00,12,51,221,1,P90 envelope,0.049773755656108594
REAL_HUMANITARIAN_GEOSPATIAL_DATA,MELISSA,2025-10-29 00:00:00,12,51,221,1,Ensemble probability-weighted,0.002943525027791261
REAL_HUMANITARIAN_GEOSPATIAL_DATA,MELISSA,2025-10-29 06:00:00,12,51,231,0,Deterministic mean-track,0.0
REAL_HUMANITARIAN_GEOSPATIAL_DATA,MELISSA,2025-10-29 06:00:00,12,51,231,0,P90 envelope,0.04329004329004329
REAL_HUMANITARIAN_GEOSPATIAL_DATA,MELISSA,2025-10-29 06:00:00,12,51,231,0,Ensemble probability-weighted,0.00017142923717318183
REAL_HUMANITARIAN_GEOSPATIAL_DATA,MELISSA,2025-10-29 12:00:00,12,51,213,0,Deterministic mean-track,0.0
REAL_HUMANITARIAN_GEOSPATIAL_DATA,MELISSA,2025-10-29 12:00:00,12,51,213,0,P90 envelope,0.03755868544600939
REAL_HUMANITARIAN_GEOSPATIAL_DATA,MELISSA,2025-10-29 12:00:00,12,51,213,0,Ensemble probability-weighted,0.00014440094366016687
REAL_HUMANITARIAN_GEOSPATIAL_DATA,MELISSA,2025-10-29 18:00:00,12,51,207,0,Deterministic mean-track,0.0
REAL_HUMANITARIAN_GEOSPATIAL_DATA,MELISSA,2025-10-29 18:00:00,12,51,207,0,P90 envelope,0.06280193236714976
REAL_HUMANITARIAN_GEOSPATIAL_DATA,MELISSA,2025-10-29 18:00:00,12,51,207,0,Ensemble probability-weighted,9.47238798901203e-05
REAL_HUMANITARIAN_GEOSPATIAL_DATA,MELISSA,2025-10-30 00:00:00,12,51,197,0,Deterministic mean-track,0.0
REAL_HUMANITARIAN_GEOSPATIAL_DATA,MELISSA,2025-10-30 00:00:00,12,51,197,0,P90 envelope,0.030456852791878174
REAL_HUMANITARIAN_GEOSPATIAL_DATA,MELISSA,2025-10-30 00:00:00,12,51,197,0,Ensemble probability-weighted,6.830641084939997e-05
REAL_HUMANITARIAN_GEOSPATIAL_DATA,MELISSA,2025-10-30 06:00:00,12,51,188,0,Deterministic mean-track,0.0
REAL_HUMANITARIAN_GEOSPATIAL_DATA,MELISSA,2025-10-30 06:00:00,12,51,188,0,P90 envelope,0.0425531914893617
REAL_HUMANITARIAN_GEOSPATIAL_DATA,MELISSA,2025-10-30 06:00:00,12,51,188,0,Ensemble probability-weighted,6.339623876250544e-05
REAL_HUMANITARIAN_GEOSPATIAL_DATA,MELISSA,2025-10-30 12:00:00,12,51,177,0,Deterministic mean-track,0.0
REAL_HUMANITARIAN_GEOSPATIAL_DATA,MELISSA,2025-10-30 12:00:00,12,51,177,0,P90 envelope,0.03389830508474576
REAL_HUMANITARIAN_GEOSPATIAL_DATA,MELISSA,2025-10-30 12:00:00,12,51,177,0,Ensemble probability-weighted,0.00023893461228514888
REAL_HUMANITARIAN_GEOSPATIAL_DATA,MELISSA,2025-10-30 18:00:00,12,51,175,1,Deterministic mean-track,0.005714285714285714
REAL_HUMANITARIAN_GEOSPATIAL_DATA,MELISSA,2025-10-30 18:00:00,12,51,175,1,P90 envelope,0.05142857142857143
REAL_HUMANITARIAN_GEOSPATIAL_DATA,MELISSA,2025-10-30 18:00:00,12,51,175,1,Ensemble probability-weighted,0.004468610973801285
REAL_HUMANITARIAN_GEOSPATIAL_DATA,MELISSA,2025-10-31 00:00:00,12,51,184,0,Deterministic mean-track,0.0
REAL_HUMANITARIAN_GEOSPATIAL_DATA,MELISSA,2025-10-31 00:00:00,12,51,184,0,P90 envelope,0.03804347826086957
REAL_HUMANITARIAN_GEOSPATIAL_DATA,MELISSA,2025-10-31 00:00:00,12,51,184,0,Ensemble probability-weighted,0.0003552145495879511
REAL_HUMANITARIAN_GEOSPATIAL_DATA,MELISSA,2025-10-31 12:00:00,12,51,222,0,Deterministic mean-track,0.0045045045045045045
REAL_HUMANITARIAN_GEOSPATIAL_DATA,MELISSA,2025-10-31 12:00:00,12,51,222,0,P90 envelope,0.04954954954954955
REAL_HUMANITARIAN_GEOSPATIAL_DATA,MELISSA,2025-10-31 12:00:00,12,51,222,0,Ensemble probability-weighted,0.00017145172854515412
REAL_HUMANITARIAN_GEOSPATIAL_DATA,MONTHA,2025-10-27 00:00:00,12,51,167,1,Deterministic mean-track,0.005988023952095809
REAL_HUMANITARIAN_GEOSPATIAL_DATA,MONTHA,2025-10-27 00:00:00,12,51,167,1,P90 envelope,0.041916167664670656
REAL_HUMANITARIAN_GEOSPATIAL_DATA,MONTHA,2025-10-27 00:00:00,12,51,167,1,Ensemble probability-weighted,0.00451921992232375
REAL_HUMANITARIAN_GEOSPATIAL_DATA,MONTHA,2025-10-27 06:00:00,12,51,177,0,Deterministic mean-track,0.0
REAL_HUMANITARIAN_GEOSPATIAL_DATA,MONTHA,2025-10-27 06:00:00,12,51,177,0,P90 envelope,0.06779661016949153
REAL_HUMANITARIAN_GEOSPATIAL_DATA,MONTHA,2025-10-27 06:00:00,12,51,177,0,Ensemble probability-weighted,7.168038368554469e-05
REAL_HUMANITARIAN_GEOSPATIAL_DATA,MONTHA,2025-10-27 12:00:00,12,51,186,0,Deterministic mean-track,0.0
REAL_HUMANITARIAN_GEOSPATIAL_DATA,MONTHA,2025-10-27 12:00:00,12,51,186,0,P90 envelope,0.043010752688172046
REAL_HUMANITARIAN_GEOSPATIAL_DATA,MONTHA,2025-10-27 12:00:00,12,51,186,0,Ensemble probability-weighted,9.7150392942334e-05
REAL_HUMANITARIAN_GEOSPATIAL_DATA,MONTHA,2025-10-27 18:00:00,12,51,182,1,Deterministic mean-track,0.0
REAL_HUMANITARIAN_GEOSPATIAL_DATA,MONTHA,2025-10-27 18:00:00,12,51,182,1,P90 envelope,0.04395604395604396
REAL_HUMANITARIAN_GEOSPATIAL_DATA,MONTHA,2025-10-27 18:00:00,12,51,182,1,Ensemble probability-weighted,0.0033947213878009726
REAL_HUMANITARIAN_GEOSPATIAL_DATA,MONTHA,2025-10-28 00:00:00,12,51,184,0,Deterministic mean-track,0.0
REAL_HUMANITARIAN_GEOSPATIAL_DATA,MONTHA,2025-10-28 00:00:00,12,51,184,0,P90 envelope,0.03260869565217391
REAL_HUMANITARIAN_GEOSPATIAL_DATA,MONTHA,2025-10-28 00:00:00,12,51,184,0,Ensemble probability-weighted,0.00026118716881466994
REAL_HUMANITARIAN_GEOSPATIAL_DATA,MONTHA,2025-10-28 06:00:00,12,51,196,0,Deterministic mean-track,0.0
REAL_HUMANITARIAN_GEOSPATIAL_DATA,MONTHA,2025-10-28 06:00:00,12,51,196,0,P90 envelope,0.03571428571428571
REAL_HUMANITARIAN_GEOSPATIAL_DATA,MONTHA,2025-10-28 06:00:00,12,51,196,0,Ensemble probability-weighted,0.0001412329637737448
REAL_HUMANITARIAN_GEOSPATIAL_DATA,MONTHA,2025-10-28 12:00:00,12,51,203,0,Deterministic mean-track,0.0
REAL_HUMANITARIAN_GEOSPATIAL_DATA,MONTHA,2025-10-28 12:00:00,12,51,203,0,P90 envelope,0.019704433497536946
REAL_HUMANITARIAN_GEOSPATIAL_DATA,MONTHA,2025-10-28 12:00:00,12,51,203,0,Ensemble probability-weighted,0.00012121143251080013
REAL_HUMANITARIAN_GEOSPATIAL_DATA,MONTHA,2025-10-28 18:00:00,12,51,205,0,Deterministic mean-track,0.0
REAL_HUMANITARIAN_GEOSPATIAL_DATA,MONTHA,2025-10-28 18:00:00,12,51,205,0,P90 envelope,0.03902439024390244
REAL_HUMANITARIAN_GEOSPATIAL_DATA,MONTHA,2025-10-28 18:00:00,12,51,205,0,Ensemble probability-weighted,9.377256402321809e-06
REAL_HUMANITARIAN_GEOSPATIAL_DATA,MONTHA,2025-10-29 00:00:00,12,51,199,1,Deterministic mean-track,0.005025125628140704
REAL_HUMANITARIAN_GEOSPATIAL_DATA,MONTHA,2025-10-29 00:00:00,12,51,199,1,P90 envelope,0.035175879396984924
REAL_HUMANITARIAN_GEOSPATIAL_DATA,MONTHA,2025-10-29 00:00:00,12,51,199,1,Ensemble probability-weighted,0.005123657503202286
REAL_HUMANITARIAN_GEOSPATIAL_DATA,MONTHA,2025-10-29 06:00:00,12,51,193,0,Deterministic mean-track,0.0
REAL_HUMANITARIAN_GEOSPATIAL_DATA,MONTHA,2025-10-29 06:00:00,12,51,193,0,P90 envelope,0.031088082901554404
REAL_HUMANITARIAN_GEOSPATIAL_DATA,MONTHA,2025-10-29 06:00:00,12,51,193,0,Ensemble probability-weighted,9.561886321124001e-05
REAL_HUMANITARIAN_GEOSPATIAL_DATA,NOKAEN,2026-01-15 06:00:00,12,50,240,0,Deterministic mean-track,0.0
REAL_HUMANITARIAN_GEOSPATIAL_DATA,NOKAEN,2026-01-15 06:00:00,12,50,240,0,P90 envelope,0.10416666666666667
REAL_HUMANITARIAN_GEOSPATIAL_DATA,NOKAEN,2026-01-15 06:00:00,12,50,240,0,Ensemble probability-weighted,4.166666666666667e-05
REAL_HUMANITARIAN_GEOSPATIAL_DATA,PENHA,2026-02-05 00:00:00,12,49,238,0,Deterministic mean-track,0.004201680672268907
REAL_HUMANITARIAN_GEOSPATIAL_DATA,PENHA,2026-02-05 00:00:00,12,49,238,0,P90 envelope,0.03361344537815126
REAL_HUMANITARIAN_GEOSPATIAL_DATA,PENHA,2026-02-05 00:00:00,12,49,238,0,Ensemble probability-weighted,0.00020649659280621871
REAL_HUMANITARIAN_GEOSPATIAL_DATA,PENHA,2026-02-05 06:00:00,12,47,249,0,Deterministic mean-track,0.0
REAL_HUMANITARIAN_GEOSPATIAL_DATA,PENHA,2026-02-05 06:00:00,12,47,249,0,P90 envelope,0.07630522088353414
REAL_HUMANITARIAN_GEOSPATIAL_DATA,PENHA,2026-02-05 06:00:00,12,47,249,0,Ensemble probability-weighted,7.635794422597586e-05
REAL_HUMANITARIAN_GEOSPATIAL_DATA,PENHA,2026-02-05 12:00:00,12,47,264,0,Deterministic mean-track,0.0
REAL_HUMANITARIAN_GEOSPATIAL_DATA,PENHA,2026-02-05 12:00:00,12,47,264,0,P90 envelope,0.06818181818181818
REAL_HUMANITARIAN_GEOSPATIAL_DATA,PENHA,2026-02-05 12:00:00,12,47,264,0,Ensemble probability-weighted,4.115395695296103e-05
REAL_HUMANITARIAN_GEOSPATIAL_DATA,SENYAR,2025-11-26 06:00:00,12,22,128,0,Deterministic mean-track,0.0
REAL_HUMANITARIAN_GEOSPATIAL_DATA,SENYAR,2025-11-26 06:00:00,12,22,128,0,P90 envelope,0.21875
REAL_HUMANITARIAN_GEOSPATIAL_DATA,SENYAR,2025-11-26 06:00:00,12,22,128,0,Ensemble probability-weighted,0.000193698347107438
REAL_HUMANITARIAN_GEOSPATIAL_DATA,SENYAR,2025-11-26 12:00:00,12,17,138,0,Deterministic mean-track,0.0
REAL_HUMANITARIAN_GEOSPATIAL_DATA,SENYAR,2025-11-26 12:00:00,12,17,138,0,P90 envelope,0.15217391304347827
REAL_HUMANITARIAN_GEOSPATIAL_DATA,SENYAR,2025-11-26 12:00:00,12,17,138,0,Ensemble probability-weighted,0.00010029587282483326
REAL_HUMANITARIAN_GEOSPATIAL_DATA,SENYAR,2025-11-26 18:00:00,12,28,138,0,Deterministic mean-track,0.007246376811594203
REAL_HUMANITARIAN_GEOSPATIAL_DATA,SENYAR,2025-11-26 18:00:00,12,28,138,0,P90 envelope,0.21014492753623187
REAL_HUMANITARIAN_GEOSPATIAL_DATA,SENYAR,2025-11-26 18:00:00,12,28,138,0,Ensemble probability-weighted,0.0003697131026323573
REAL_HUMANITARIAN_GEOSPATIAL_DATA,SENYAR,2025-11-27 00:00:00,12,22,146,0,Deterministic mean-track,0.0
REAL_HUMANITARIAN_GEOSPATIAL_DATA,SENYAR,2025-11-27 00:00:00,12,22,146,0,P90 envelope,0.08904109589041095
REAL_HUMANITARIAN_GEOSPATIAL_DATA,SENYAR,2025-11-27 00:00:00,12,22,146,0,Ensemble probability-weighted,0.0001839692063851466
REAL_HUMANITARIAN_GEOSPATIAL_DATA,SENYAR,2025-11-27 06:00:00,12,25,146,1,Deterministic mean-track,0.0136986301369863
REAL_HUMANITARIAN_GEOSPATIAL_DATA,SENYAR,2025-11-27 06:00:00,12,25,146,1,P90 envelope,0.1232876712328767
REAL_HUMANITARIAN_GEOSPATIAL_DATA,SENYAR,2025-11-27 06:00:00,12,25,146,1,Ensemble probability-weighted,0.0069698630136986305
REAL_HUMANITARIAN_GEOSPATIAL_DATA,SENYAR,2025-11-27 12:00:00,12,33,152,1,Deterministic mean-track,0.006578947368421052
REAL_HUMANITARIAN_GEOSPATIAL_DATA,SENYAR,2025-11-27 12:00:00,12,33,152,1,P90 envelope,0.11842105263157894
REAL_HUMANITARIAN_GEOSPATIAL_DATA,SENYAR,2025-11-27 12:00:00,12,33,152,1,Ensemble probability-weighted,0.007044125465178097
REAL_HUMANITARIAN_GEOSPATIAL_DATA,SENYAR,2025-11-27 18:00:00,12,23,157,1,Deterministic mean-track,0.006369426751592357
REAL_HUMANITARIAN_GEOSPATIAL_DATA,SENYAR,2025-11-27 18:00:00,12,23,157,1,P90 envelope,0.05732484076433121
REAL_HUMANITARIAN_GEOSPATIAL_DATA,SENYAR,2025-11-27 18:00:00,12,23,157,1,Ensemble probability-weighted,0.0067547228877945405
REAL_HUMANITARIAN_GEOSPATIAL_DATA,SONIA,2025-10-25 12:00:00,12,50,71,0,Deterministic mean-track,0.014084507042253521
REAL_HUMANITARIAN_GEOSPATIAL_DATA,SONIA,2025-10-25 12:00:00,12,50,71,0,P90 envelope,0.14084507042253522
REAL_HUMANITARIAN_GEOSPATIAL_DATA,SONIA,2025-10-25 12:00:00,12,50,71,0,Ensemble probability-weighted,0.0008
REAL_HUMANITARIAN_GEOSPATIAL_DATA,SONIA,2025-10-25 18:00:00,12,49,71,1,Deterministic mean-track,0.014084507042253521
REAL_HUMANITARIAN_GEOSPATIAL_DATA,SONIA,2025-10-25 18:00:00,12,49,71,1,P90 envelope,0.18309859154929578
REAL_HUMANITARIAN_GEOSPATIAL_DATA,SONIA,2025-10-25 18:00:00,12,49,71,1,Ensemble probability-weighted,0.012729437851599395
REAL_HUMANITARIAN_GEOSPATIAL_DATA,SONIA,2025-10-26 00:00:00,12,51,71,1,Deterministic mean-track,0.014084507042253521
REAL_HUMANITARIAN_GEOSPATIAL_DATA,SONIA,2025-10-26 00:00:00,12,51,71,1,P90 envelope,0.15492957746478872
REAL_HUMANITARIAN_GEOSPATIAL_DATA,SONIA,2025-10-26 00:00:00,12,51,71,1,Ensemble probability-weighted,0.012579127204596283
REAL_HUMANITARIAN_GEOSPATIAL_DATA,SONIA,2025-10-26 06:00:00,12,50,77,0,Deterministic mean-track,0.0
REAL_HUMANITARIAN_GEOSPATIAL_DATA,SONIA,2025-10-26 06:00:00,12,50,77,0,P90 envelope,0.12987012987012986
REAL_HUMANITARIAN_GEOSPATIAL_DATA,SONIA,2025-10-26 06:00:00,12,50,77,0,Ensemble probability-weighted,0.00030649350649350655
REAL_HUMANITARIAN_GEOSPATIAL_DATA,SONIA,2025-10-26 12:00:00,12,51,77,0,Deterministic mean-track,0.0
REAL_HUMANITARIAN_GEOSPATIAL_DATA,SONIA,2025-10-26 12:00:00,12,51,77,0,P90 envelope,0.1038961038961039
REAL_HUMANITARIAN_GEOSPATIAL_DATA,SONIA,2025-10-26 12:00:00,12,51,77,0,Ensemble probability-weighted,0.0004943153732081067
REAL_HUMANITARIAN_GEOSPATIAL_DATA,SONIA,2025-10-26 18:00:00,12,51,83,0,Deterministic mean-track,0.0
REAL_HUMANITARIAN_GEOSPATIAL_DATA,SONIA,2025-10-26 18:00:00,12,51,83,0,P90 envelope,0.10843373493975904
REAL_HUMANITARIAN_GEOSPATIAL_DATA,SONIA,2025-10-26 18:00:00,12,51,83,0,Ensemble probability-weighted,0.00025476762876187566
REAL_HUMANITARIAN_GEOSPATIAL_DATA,SONIA,2025-10-27 00:00:00,12,51,83,0,Deterministic mean-track,0.0
REAL_HUMANITARIAN_GEOSPATIAL_DATA,SONIA,2025-10-27 00:00:00,12,51,83,0,P90 envelope,0.0963855421686747
REAL_HUMANITARIAN_GEOSPATIAL_DATA,SONIA,2025-10-27 00:00:00,12,51,83,0,Ensemble probability-weighted,0.0003705710963809101
REAL_HUMANITARIAN_GEOSPATIAL_DATA,SONIA,2025-10-27 06:00:00,12,51,89,0,Deterministic mean-track,0.0
REAL_HUMANITARIAN_GEOSPATIAL_DATA,SONIA,2025-10-27 06:00:00,12,51,89,0,P90 envelope,0.11235955056179775
REAL_HUMANITARIAN_GEOSPATIAL_DATA,SONIA,2025-10-27 06:00:00,12,51,89,0,Ensemble probability-weighted,0.00034990863496753624
REAL_HUMANITARIAN_GEOSPATIAL_DATA,SONIA,2025-10-27 12:00:00,12,51,96,0,Deterministic mean-track,0.010416666666666666
REAL_HUMANITARIAN_GEOSPATIAL_DATA,SONIA,2025-10-27 12:00:00,12,51,96,0,P90 envelope,0.07291666666666667
REAL_HUMANITARIAN_GEOSPATIAL_DATA,SONIA,2025-10-27 12:00:00,12,51,96,0,Ensemble probability-weighted,0.0004925990003844676
REAL_HUMANITARIAN_GEOSPATIAL_DATA,SONIA,2025-10-27 18:00:00,12,51,96,0,Deterministic mean-track,0.0
REAL_HUMANITARIAN_GEOSPATIAL_DATA,SONIA,2025-10-27 18:00:00,12,51,96,0,P90 envelope,0.08333333333333333
REAL_HUMANITARIAN_GEOSPATIAL_DATA,SONIA,2025-10-27 18:00:00,12,51,96,0,Ensemble probability-weighted,0.0002883506343713957
REAL_HUMANITARIAN_GEOSPATIAL_DATA,SONIA,2025-10-28 00:00:00,12,45,101,1,Deterministic mean-track,0.0
REAL_HUMANITARIAN_GEOSPATIAL_DATA,SONIA,2025-10-28 00:00:00,12,45,101,1,P90 envelope,0.07920792079207921
REAL_HUMANITARIAN_GEOSPATIAL_DATA,SONIA,2025-10-28 00:00:00,12,45,101,1,Ensemble probability-weighted,0.005730350812859063
REAL_HUMANITARIAN_GEOSPATIAL_DATA,SONIA,2025-10-28 06:00:00,12,46,107,0,Deterministic mean-track,0.0
REAL_HUMANITARIAN_GEOSPATIAL_DATA,SONIA,2025-10-28 06:00:00,12,46,107,0,P90 envelope,0.06542056074766354
REAL_HUMANITARIAN_GEOSPATIAL_DATA,SONIA,2025-10-28 06:00:00,12,46,107,0,Ensemble probability-weighted,0.0002915039838877798
REAL_HUMANITARIAN_GEOSPATIAL_DATA,SONIA,2025-10-28 12:00:00,12,40,115,0,Deterministic mean-track,0.0
REAL_HUMANITARIAN_GEOSPATIAL_DATA,SONIA,2025-10-28 12:00:00,12,40,115,0,P90 envelope,0.06956521739130435
REAL_HUMANITARIAN_GEOSPATIAL_DATA,SONIA,2025-10-28 12:00:00,12,40,115,0,Ensemble probability-weighted,0.00015217391304347827
REAL_HUMANITARIAN_GEOSPATIAL_DATA,SONIA,2025-10-28 18:00:00,12,4,116,0,Deterministic mean-track,0.008620689655172414
REAL_HUMANITARIAN_GEOSPATIAL_DATA,SONIA,2025-10-28 18:00:00,12,4,116,0,P90 envelope,0.04310344827586207
REAL_HUMANITARIAN_GEOSPATIAL_DATA,SONIA,2025-10-28 18:00:00,12,4,116,0,Ensemble probability-weighted,0.0005387931034482759
REAL_HUMANITARIAN_GEOSPATIAL_DATA,SONIA,2025-10-29 06:00:00,12,1,113,0,Deterministic mean-track,0.0
REAL_HUMANITARIAN_GEOSPATIAL_DATA,SONIA,2025-10-29 06:00:00,12,1,113,0,P90 envelope,0.008849557522123894
REAL_HUMANITARIAN_GEOSPATIAL_DATA,SONIA,2025-10-29 06:00:00,12,1,113,0,Ensemble probability-weighted,0.0
REAL_HUMANITARIAN_GEOSPATIAL_DATA,DITWAH,2025-11-27 12:00:00,24,51,120,0,Deterministic mean-track,0.008333333333333333
REAL_HUMANITARIAN_GEOSPATIAL_DATA,DITWAH,2025-11-27 12:00:00,24,51,120,0,P90 envelope,0.19166666666666668
REAL_HUMANITARIAN_GEOSPATIAL_DATA,DITWAH,2025-11-27 12:00:00,24,51,120,0,Ensemble probability-weighted,0.00015378700499807765
REAL_HUMANITARIAN_GEOSPATIAL_DATA,DITWAH,2025-11-27 18:00:00,24,51,120,1,Deterministic mean-track,0.0
REAL_HUMANITARIAN_GEOSPATIAL_DATA,DITWAH,2025-11-27 18:00:00,24,51,120,1,P90 envelope,0.19166666666666668
REAL_HUMANITARIAN_GEOSPATIAL_DATA,DITWAH,2025-11-27 18:00:00,24,51,120,1,Ensemble probability-weighted,0.0065519671921056
REAL_HUMANITARIAN_GEOSPATIAL_DATA,DITWAH,2025-11-28 00:00:00,24,51,128,0,Deterministic mean-track,0.0
REAL_HUMANITARIAN_GEOSPATIAL_DATA,DITWAH,2025-11-28 00:00:00,24,51,128,0,P90 envelope,0.1484375
REAL_HUMANITARIAN_GEOSPATIAL_DATA,DITWAH,2025-11-28 00:00:00,24,51,128,0,Ensemble probability-weighted,0.00013216070742022302
REAL_HUMANITARIAN_GEOSPATIAL_DATA,DITWAH,2025-11-28 06:00:00,24,51,128,0,Deterministic mean-track,0.0
REAL_HUMANITARIAN_GEOSPATIAL_DATA,DITWAH,2025-11-28 06:00:00,24,51,128,0,P90 envelope,0.1328125
REAL_HUMANITARIAN_GEOSPATIAL_DATA,DITWAH,2025-11-28 06:00:00,24,51,128,0,Ensemble probability-weighted,0.00012014609765474818
REAL_HUMANITARIAN_GEOSPATIAL_DATA,DITWAH,2025-11-28 12:00:00,24,51,136,0,Deterministic mean-track,0.0
REAL_HUMANITARIAN_GEOSPATIAL_DATA,DITWAH,2025-11-28 12:00:00,24,51,136,0,P90 envelope,0.10294117647058823
REAL_HUMANITARIAN_GEOSPATIAL_DATA,DITWAH,2025-11-28 12:00:00,24,51,136,0,Ensemble probability-weighted,6.784720808738721e-05
REAL_HUMANITARIAN_GEOSPATIAL_DATA,DITWAH,2025-11-28 18:00:00,24,50,136,0,Deterministic mean-track,0.0
REAL_HUMANITARIAN_GEOSPATIAL_DATA,DITWAH,2025-11-28 18:00:00,24,50,136,0,P90 envelope,0.125
REAL_HUMANITARIAN_GEOSPATIAL_DATA,DITWAH,2025-11-28 18:00:00,24,50,136,0,Ensemble probability-weighted,5.294117647058824e-05
REAL_HUMANITARIAN_GEOSPATIAL_DATA,DITWAH,2025-11-29 00:00:00,24,51,143,0,Deterministic mean-track,0.0
REAL_HUMANITARIAN_GEOSPATIAL_DATA,DITWAH,2025-11-29 00:00:00,24,51,143,0,P90 envelope,0.09090909090909091
REAL_HUMANITARIAN_GEOSPATIAL_DATA,DITWAH,2025-11-29 00:00:00,24,51,143,0,Ensemble probability-weighted,0.00014787212019045935
REAL_HUMANITARIAN_GEOSPATIAL_DATA,DITWAH,2025-11-29 06:00:00,24,50,143,0,Deterministic mean-track,0.0
REAL_HUMANITARIAN_GEOSPATIAL_DATA,DITWAH,2025-11-29 06:00:00,24,50,143,0,P90 envelope,0.09090909090909091
REAL_HUMANITARIAN_GEOSPATIAL_DATA,DITWAH,2025-11-29 06:00:00,24,50,143,0,Ensemble probability-weighted,0.00012027972027972029
REAL_HUMANITARIAN_GEOSPATIAL_DATA,DITWAH,2025-11-29 12:00:00,24,51,151,0,Deterministic mean-track,0.006622516556291391
REAL_HUMANITARIAN_GEOSPATIAL_DATA,DITWAH,2025-11-29 12:00:00,24,51,151,0,P90 envelope,0.06622516556291391
REAL_HUMANITARIAN_GEOSPATIAL_DATA,DITWAH,2025-11-29 12:00:00,24,51,151,0,Ensemble probability-weighted,0.00018841454254731375
REAL_HUMANITARIAN_GEOSPATIAL_DATA,DITWAH,2025-11-29 18:00:00,24,50,150,1,Deterministic mean-track,0.006666666666666667
REAL_HUMANITARIAN_GEOSPATIAL_DATA,DITWAH,2025-11-29 18:00:00,24,50,150,1,P90 envelope,0.07333333333333333
REAL_HUMANITARIAN_GEOSPATIAL_DATA,DITWAH,2025-11-29 18:00:00,24,50,150,1,Ensemble probability-weighted,0.006210666666666666
REAL_HUMANITARIAN_GEOSPATIAL_DATA,DITWAH,2025-11-30 00:00:00,24,50,159,0,Deterministic mean-track,0.0
REAL_HUMANITARIAN_GEOSPATIAL_DATA,DITWAH,2025-11-30 00:00:00,24,50,159,0,P90 envelope,0.05660377358490566
REAL_HUMANITARIAN_GEOSPATIAL_DATA,DITWAH,2025-11-30 00:00:00,24,50,159,0,Ensemble probability-weighted,6.0377358490566044e-05
REAL_HUMANITARIAN_GEOSPATIAL_DATA,DITWAH,2025-11-30 06:00:00,24,48,159,1,Deterministic mean-track,0.012578616352201259
REAL_HUMANITARIAN_GEOSPATIAL_DATA,DITWAH,2025-11-30 06:00:00,24,48,159,1,P90 envelope,0.09433962264150944
REAL_HUMANITARIAN_GEOSPATIAL_DATA,DITWAH,2025-11-30 06:00:00,24,48,159,1,Ensemble probability-weighted,0.006444903039832284
REAL_HUMANITARIAN_GEOSPATIAL_DATA,DITWAH,2025-11-30 12:00:00,24,49,159,1,Deterministic mean-track,0.006289308176100629
REAL_HUMANITARIAN_GEOSPATIAL_DATA,DITWAH,2025-11-30 12:00:00,24,49,159,1,P90 envelope,0.06918238993710692
REAL_HUMANITARIAN_GEOSPATIAL_DATA,DITWAH,2025-11-30 12:00:00,24,49,159,1,Ensemble probability-weighted,0.003292653218391708
REAL_HUMANITARIAN_GEOSPATIAL_DATA,DITWAH,2025-11-30 18:00:00,24,42,159,0,Deterministic mean-track,0.006289308176100629
REAL_HUMANITARIAN_GEOSPATIAL_DATA,DITWAH,2025-11-30 18:00:00,24,42,159,0,P90 envelope,0.06918238993710692
REAL_HUMANITARIAN_GEOSPATIAL_DATA,DITWAH,2025-11-30 18:00:00,24,42,159,0,Ensemble probability-weighted,0.00018539910723199132
REAL_HUMANITARIAN_GEOSPATIAL_DATA,DITWAH,2025-12-01 00:00:00,24,24,159,0,Deterministic mean-track,0.0
REAL_HUMANITARIAN_GEOSPATIAL_DATA,DITWAH,2025-12-01 00:00:00,24,24,159,0,P90 envelope,0.05660377358490566
REAL_HUMANITARIAN_GEOSPATIAL_DATA,DITWAH,2025-12-01 00:00:00,24,24,159,0,Ensemble probability-weighted,0.0002074598183088749
REAL_HUMANITARIAN_GEOSPATIAL_DATA,DITWAH,2025-12-01 06:00:00,24,11,159,0,Deterministic mean-track,0.006289308176100629
REAL_HUMANITARIAN_GEOSPATIAL_DATA,DITWAH,2025-12-01 06:00:00,24,11,159,0,P90 envelope,0.05660377358490566
REAL_HUMANITARIAN_GEOSPATIAL_DATA,DITWAH,2025-12-01 06:00:00,24,11,159,0,Ensemble probability-weighted,0.0001559332605644784
REAL_HUMANITARIAN_GEOSPATIAL_DATA,DITWAH,2025-12-01 12:00:00,24,13,159,0,Deterministic mean-track,0.0
REAL_HUMANITARIAN_GEOSPATIAL_DATA,DITWAH,2025-12-01 12:00:00,24,13,159,0,P90 envelope,0.031446540880503145
REAL_HUMANITARIAN_GEOSPATIAL_DATA,DITWAH,2025-12-01 12:00:00,24,13,159,0,Ensemble probability-weighted,0.00040936325406572147
REAL_HUMANITARIAN_GEOSPATIAL_DATA,DITWAH,2025-12-01 18:00:00,24,8,150,1,Deterministic mean-track,0.006666666666666667
REAL_HUMANITARIAN_GEOSPATIAL_DATA,DITWAH,2025-12-01 18:00:00,24,8,150,1,P90 envelope,0.06666666666666667
REAL_HUMANITARIAN_GEOSPATIAL_DATA,DITWAH,2025-12-01 18:00:00,24,8,150,1,Ensemble probability-weighted,0.007291666666666667
REAL_HUMANITARIAN_GEOSPATIAL_DATA,DUDZAI,2026-01-15 06:00:00,24,51,68,0,Deterministic mean-track,0.014705882352941176
REAL_HUMANITARIAN_GEOSPATIAL_DATA,DUDZAI,2026-01-15 06:00:00,24,51,68,0,P90 envelope,0.16176470588235295
REAL_HUMANITARIAN_GEOSPATIAL_DATA,DUDZAI,2026-01-15 06:00:00,24,51,68,0,Ensemble probability-weighted,0.0002261573602912907
REAL_HUMANITARIAN_GEOSPATIAL_DATA,FINA,2025-11-18 18:00:00,24,51,125,0,Deterministic mean-track,0.008
REAL_HUMANITARIAN_GEOSPATIAL_DATA,FINA,2025-11-18 18:00:00,24,51,125,0,P90 envelope,0.144
REAL_HUMANITARIAN_GEOSPATIAL_DATA,FINA,2025-11-18 18:00:00,24,51,125,0,Ensemble probability-weighted,7.99692425990004e-05
REAL_HUMANITARIAN_GEOSPATIAL_DATA,FINA,2025-11-19 00:00:00,24,51,125,0,Deterministic mean-track,0.0
REAL_HUMANITARIAN_GEOSPATIAL_DATA,FINA,2025-11-19 00:00:00,24,51,125,0,P90 envelope,0.104
REAL_HUMANITARIAN_GEOSPATIAL_DATA,FINA,2025-11-19 00:00:00,24,51,125,0,Ensemble probability-weighted,0.00018146866589773174
REAL_HUMANITARIAN_GEOSPATIAL_DATA,FINA,2025-11-19 06:00:00,24,51,122,0,Deterministic mean-track,0.0
REAL_HUMANITARIAN_GEOSPATIAL_DATA,FINA,2025-11-19 06:00:00,24,51,122,0,P90 envelope,0.13934426229508196
REAL_HUMANITARIAN_GEOSPATIAL_DATA,FINA,2025-11-19 06:00:00,24,51,122,0,Ensemble probability-weighted,5.987608801154663e-05
REAL_HUMANITARIAN_GEOSPATIAL_DATA,FINA,2025-11-19 12:00:00,24,51,122,0,Deterministic mean-track,0.0
REAL_HUMANITARIAN_GEOSPATIAL_DATA,FINA,2025-11-19 12:00:00,24,51,122,0,P90 envelope,0.09836065573770492
REAL_HUMANITARIAN_GEOSPATIAL_DATA,FINA,2025-11-19 12:00:00,24,51,122,0,Ensemble probability-weighted,0.00012290354907633258
REAL_HUMANITARIAN_GEOSPATIAL_DATA,FINA,2025-11-19 18:00:00,24,51,131,0,Deterministic mean-track,0.0
REAL_HUMANITARIAN_GEOSPATIAL_DATA,FINA,2025-11-19 18:00:00,24,51,131,0,P90 envelope,0.09923664122137404
REAL_HUMANITARIAN_GEOSPATIAL_DATA,FINA,2025-11-19 18:00:00,24,51,131,0,Ensemble probability-weighted,0.0002905517842520933
REAL_HUMANITARIAN_GEOSPATIAL_DATA,FINA,2025-11-20 00:00:00,24,51,142,0,Deterministic mean-track,0.0
REAL_HUMANITARIAN_GEOSPATIAL_DATA,FINA,2025-11-20 00:00:00,24,51,142,0,P90 envelope,0.08450704225352113
REAL_HUMANITARIAN_GEOSPATIAL_DATA,FINA,2025-11-20 00:00:00,24,51,142,0,Ensemble probability-weighted,9.205560158335636e-05
REAL_HUMANITARIAN_GEOSPATIAL_DATA,FINA,2025-11-20 06:00:00,24,51,142,0,Deterministic mean-track,0.0
REAL_HUMANITARIAN_GEOSPATIAL_DATA,FINA,2025-11-20 06:00:00,24,51,142,0,P90 envelope,0.09154929577464789
REAL_HUMANITARIAN_GEOSPATIAL_DATA,FINA,2025-11-20 06:00:00,24,51,142,0,Ensemble probability-weighted,0.00014891347314954705
REAL_HUMANITARIAN_GEOSPATIAL_DATA,FINA,2025-11-20 12:00:00,24,51,150,0,Deterministic mean-track,0.0
REAL_HUMANITARIAN_GEOSPATIAL_DATA,FINA,2025-11-20 12:00:00,24,51,150,0,P90 envelope,0.08
REAL_HUMANITARIAN_GEOSPATIAL_DATA,FINA,2025-11-20 12:00:00,24,51,150,0,Ensemble probability-weighted,0.00021273869024734078
REAL_HUMANITARIAN_GEOSPATIAL_DATA,FINA,2025-11-20 18:00:00,24,51,154,0,Deterministic mean-track,0.0
REAL_HUMANITARIAN_GEOSPATIAL_DATA,FINA,2025-11-20 18:00:00,24,51,154,0,P90 envelope,0.07792207792207792
REAL_HUMANITARIAN_GEOSPATIAL_DATA,FINA,2025-11-20 18:00:00,24,51,154,0,Ensemble probability-weighted,0.00014479945275793025
REAL_HUMANITARIAN_GEOSPATIAL_DATA,FINA,2025-11-21 00:00:00,24,51,164,0,Deterministic mean-track,0.0
REAL_HUMANITARIAN_GEOSPATIAL_DATA,FINA,2025-11-21 00:00:00,24,51,164,0,P90 envelope,0.07317073170731707
REAL_HUMANITARIAN_GEOSPATIAL_DATA,FINA,2025-11-21 00:00:00,24,51,164,0,Ensemble probability-weighted,0.00010080550632495944
REAL_HUMANITARIAN_GEOSPATIAL_DATA,FINA,2025-11-21 06:00:00,24,51,173,0,Deterministic mean-track,0.005780346820809248
REAL_HUMANITARIAN_GEOSPATIAL_DATA,FINA,2025-11-21 06:00:00,24,51,173,0,P90 envelope,0.05202312138728324
REAL_HUMANITARIAN_GEOSPATIAL_DATA,FINA,2025-11-21 06:00:00,24,51,173,0,Ensemble probability-weighted,0.00018667786733870702
REAL_HUMANITARIAN_GEOSPATIAL_DATA,FINA,2025-11-21 12:00:00,24,50,173,1,Deterministic mean-track,0.005780346820809248
REAL_HUMANITARIAN_GEOSPATIAL_DATA,FINA,2025-11-21 12:00:00,24,50,173,1,P90 envelope,0.04046242774566474
REAL_HUMANITARIAN_GEOSPATIAL_DATA,FINA,2025-11-21 12:00:00,24,50,173,1,Ensemble probability-weighted,0.0033734104046242775
REAL_HUMANITARIAN_GEOSPATIAL_DATA,FINA,2025-11-21 18:00:00,24,51,180,0,Deterministic mean-track,0.0
REAL_HUMANITARIAN_GEOSPATIAL_DATA,FINA,2025-11-21 18:00:00,24,51,180,0,P90 envelope,0.05555555555555555
REAL_HUMANITARIAN_GEOSPATIAL_DATA,FINA,2025-11-21 18:00:00,24,51,180,0,Ensemble probability-weighted,0.0002093212012473835
REAL_HUMANITARIAN_GEOSPATIAL_DATA,FINA,2025-11-22 00:00:00,24,51,180,1,Deterministic mean-track,0.0
REAL_HUMANITARIAN_GEOSPATIAL_DATA,FINA,2025-11-22 00:00:00,24,51,180,1,P90 envelope,0.044444444444444446
REAL_HUMANITARIAN_GEOSPATIAL_DATA,FINA,2025-11-22 00:00:00,24,51,180,1,Ensemble probability-weighted,0.003616130548079799
REAL_HUMANITARIAN_GEOSPATIAL_DATA,FINA,2025-11-22 06:00:00,24,51,180,0,Deterministic mean-track,0.0
REAL_HUMANITARIAN_GEOSPATIAL_DATA,FINA,2025-11-22 06:00:00,24,51,180,0,P90 envelope,0.044444444444444446
REAL_HUMANITARIAN_GEOSPATIAL_DATA,FINA,2025-11-22 06:00:00,24,51,180,0,Ensemble probability-weighted,6.407791874919904e-05
REAL_HUMANITARIAN_GEOSPATIAL_DATA,FINA,2025-11-22 12:00:00,24,51,179,1,Deterministic mean-track,0.00558659217877095
REAL_HUMANITARIAN_GEOSPATIAL_DATA,FINA,2025-11-22 12:00:00,24,51,179,1,P90 envelope,0.03910614525139665
REAL_HUMANITARIAN_GEOSPATIAL_DATA,FINA,2025-11-22 12:00:00,24,51,179,1,Ensemble probability-weighted,0.004205516142265867
REAL_HUMANITARIAN_GEOSPATIAL_DATA,FINA,2025-11-22 18:00:00,24,51,179,0,Deterministic mean-track,0.00558659217877095
REAL_HUMANITARIAN_GEOSPATIAL_DATA,FINA,2025-11-22 18:00:00,24,51,179,0,P90 envelope,0.03910614525139665
REAL_HUMANITARIAN_GEOSPATIAL_DATA,FINA,2025-11-22 18:00:00,24,51,179,0,Ensemble probability-weighted,0.00027492648938203825
REAL_HUMANITARIAN_GEOSPATIAL_DATA,FINA,2025-11-23 00:00:00,24,51,176,1,Deterministic mean-track,0.005681818181818182
REAL_HUMANITARIAN_GEOSPATIAL_DATA,FINA,2025-11-23 00:00:00,24,51,176,1,P90 envelope,0.056818181818181816
REAL_HUMANITARIAN_GEOSPATIAL_DATA,FINA,2025-11-23 00:00:00,24,51,176,1,Ensemble probability-weighted,0.0054415259865086855
REAL_HUMANITARIAN_GEOSPATIAL_DATA,FINA,2025-11-23 06:00:00,24,51,176,0,Deterministic mean-track,0.0
REAL_HUMANITARIAN_GEOSPATIAL_DATA,FINA,2025-11-23 06:00:00,24,51,176,0,P90 envelope,0.0625
REAL_HUMANITARIAN_GEOSPATIAL_DATA,FINA,2025-11-23 06:00:00,24,51,176,0,Ensemble probability-weighted,8.301003110691693e-05
REAL_HUMANITARIAN_GEOSPATIAL_DATA,FINA,2025-11-23 12:00:00,24,51,176,0,Deterministic mean-track,0.005681818181818182
REAL_HUMANITARIAN_GEOSPATIAL_DATA,FINA,2025-11-23 12:00:00,24,51,176,0,P90 envelope,0.056818181818181816
REAL_HUMANITARIAN_GEOSPATIAL_DATA,FINA,2025-11-23 12:00:00,24,51,176,0,Ensemble probability-weighted,8.301003110691692e-05
REAL_HUMANITARIAN_GEOSPATIAL_DATA,FINA,2025-11-23 18:00:00,24,51,171,0,Deterministic mean-track,0.0
REAL_HUMANITARIAN_GEOSPATIAL_DATA,FINA,2025-11-23 18:00:00,24,51,171,0,P90 envelope,0.05847953216374269
REAL_HUMANITARIAN_GEOSPATIAL_DATA,FINA,2025-11-23 18:00:00,24,51,171,0,Ensemble probability-weighted,8.99339210515074e-05
REAL_HUMANITARIAN_GEOSPATIAL_DATA,FINA,2025-11-24 00:00:00,24,51,171,1,Deterministic mean-track,0.011695906432748537
REAL_HUMANITARIAN_GEOSPATIAL_DATA,FINA,2025-11-24 00:00:00,24,51,171,1,P90 envelope,0.05263157894736842
REAL_HUMANITARIAN_GEOSPATIAL_DATA,FINA,2025-11-24 00:00:00,24,51,171,1,Ensemble probability-weighted,0.005796241211769653
REAL_HUMANITARIAN_GEOSPATIAL_DATA,FINA,2025-11-24 06:00:00,24,51,171,0,Deterministic mean-track,0.0
REAL_HUMANITARIAN_GEOSPATIAL_DATA,FINA,2025-11-24 06:00:00,24,51,171,0,P90 envelope,0.07017543859649122
REAL_HUMANITARIAN_GEOSPATIAL_DATA,FINA,2025-11-24 06:00:00,24,51,171,0,Ensemble probability-weighted,0.00017761949407672716
REAL_HUMANITARIAN_GEOSPATIAL_DATA,FUNG-WONG,2025-11-05 18:00:00,24,50,110,0,Deterministic mean-track,0.0
REAL_HUMANITARIAN_GEOSPATIAL_DATA,FUNG-WONG,2025-11-05 18:00:00,24,50,110,0,P90 envelope,0.16363636363636364
REAL_HUMANITARIAN_GEOSPATIAL_DATA,FUNG-WONG,2025-11-05 18:00:00,24,50,110,0,Ensemble probability-weighted,8.727272727272728e-05
REAL_HUMANITARIAN_GEOSPATIAL_DATA,FUNG-WONG,2025-11-06 00:00:00,24,48,119,1,Deterministic mean-track,0.01680672268907563
REAL_HUMANITARIAN_GEOSPATIAL_DATA,FUNG-WONG,2025-11-06 00:00:00,24,48,119,1,P90 envelope,0.19327731092436976
REAL_HUMANITARIAN_GEOSPATIAL_DATA,FUNG-WONG,2025-11-06 00:00:00,24,48,119,1,Ensemble probability-weighted,0.008461718020541548
REAL_HUMANITARIAN_GEOSPATIAL_DATA,FUNG-WONG,2025-11-06 06:00:00,24,49,147,0,Deterministic mean-track,0.006802721088435374
REAL_HUMANITARIAN_GEOSPATIAL_DATA,FUNG-WONG,2025-11-06 06:00:00,24,49,147,0,P90 envelope,0.16326530612244897
REAL_HUMANITARIAN_GEOSPATIAL_DATA,FUNG-WONG,2025-11-06 06:00:00,24,49,147,0,Ensemble probability-weighted,0.00015583076212575826
REAL_HUMANITARIAN_GEOSPATIAL_DATA,FUNG-WONG,2025-11-06 12:00:00,24,51,176,0,Deterministic mean-track,0.0
REAL_HUMANITARIAN_GEOSPATIAL_DATA,FUNG-WONG,2025-11-06 12:00:00,24,51,176,0,P90 envelope,0.125
REAL_HUMANITARIAN_GEOSPATIAL_DATA,FUNG-WONG,2025-11-06 12:00:00,24,51,176,0,Ensemble probability-weighted,0.00011140819964349375
REAL_HUMANITARIAN_GEOSPATIAL_DATA,FUNG-WONG,2025-11-06 18:00:00,24,51,204,0,Deterministic mean-track,0.004901960784313725
REAL_HUMANITARIAN_GEOSPATIAL_DATA,FUNG-WONG,2025-11-06 18:00:00,24,51,204,0,P90 envelope,0.10294117647058823
REAL_HUMANITARIAN_GEOSPATIAL_DATA,FUNG-WONG,2025-11-06 18:00:00,24,51,204,0,Ensemble probability-weighted,4.711611672735223e-05
REAL_HUMANITARIAN_GEOSPATIAL_DATA,FUNG-WONG,2025-11-07 00:00:00,24,51,215,0,Deterministic mean-track,0.0
REAL_HUMANITARIAN_GEOSPATIAL_DATA,FUNG-WONG,2025-11-07 00:00:00,24,51,215,0,P90 envelope,0.08837209302325581
REAL_HUMANITARIAN_GEOSPATIAL_DATA,FUNG-WONG,2025-11-07 00:00:00,24,51,215,0,Ensemble probability-weighted,0.0001055050383126347
REAL_HUMANITARIAN_GEOSPATIAL_DATA,FUNG-WONG,2025-11-07 06:00:00,24,51,235,1,Deterministic mean-track,0.00425531914893617
REAL_HUMANITARIAN_GEOSPATIAL_DATA,FUNG-WONG,2025-11-07 06:00:00,24,51,235,1,P90 envelope,0.08085106382978724
REAL_HUMANITARIAN_GEOSPATIAL_DATA,FUNG-WONG,2025-11-07 06:00:00,24,51,235,1,Ensemble probability-weighted,0.004297855980105851
REAL_HUMANITARIAN_GEOSPATIAL_DATA,FUNG-WONG,2025-11-07 12:00:00,24,50,268,1,Deterministic mean-track,0.0037313432835820895
REAL_HUMANITARIAN_GEOSPATIAL_DATA,FUNG-WONG,2025-11-07 12:00:00,24,50,268,1,P90 envelope,0.048507462686567165
REAL_HUMANITARIAN_GEOSPATIAL_DATA,FUNG-WONG,2025-11-07 12:00:00,24,50,268,1,Ensemble probability-weighted,0.0031895522388059707
REAL_HUMANITARIAN_GEOSPATIAL_DATA,FUNG-WONG,2025-11-07 18:00:00,24,51,303,0,Deterministic mean-track,0.0
REAL_HUMANITARIAN_GEOSPATIAL_DATA,FUNG-WONG,2025-11-07 18:00:00,24,51,303,0,P90 envelope,0.056105610561056105
REAL_HUMANITARIAN_GEOSPATIAL_DATA,FUNG-WONG,2025-11-07 18:00:00,24,51,303,0,Ensemble probability-weighted,0.00010658505296896473
REAL_HUMANITARIAN_GEOSPATIAL_DATA,FUNG-WONG,2025-11-08 00:00:00,24,51,332,0,Deterministic mean-track,0.0
REAL_HUMANITARIAN_GEOSPATIAL_DATA,FUNG-WONG,2025-11-08 00:00:00,24,51,332,0,P90 envelope,0.06325301204819277
REAL_HUMANITARIAN_GEOSPATIAL_DATA,FUNG-WONG,2025-11-08 00:00:00,24,51,332,0,Ensemble probability-weighted,1.9686589495235846e-05
REAL_HUMANITARIAN_GEOSPATIAL_DATA,FUNG-WONG,2025-11-08 06:00:00,24,51,365,0,Deterministic mean-track,0.0
REAL_HUMANITARIAN_GEOSPATIAL_DATA,FUNG-WONG,2025-11-08 06:00:00,24,51,365,0,P90 envelope,0.043835616438356165
REAL_HUMANITARIAN_GEOSPATIAL_DATA,FUNG-WONG,2025-11-08 06:00:00,24,51,365,0,Ensemble probability-weighted,6.530681034164941e-05
REAL_HUMANITARIAN_GEOSPATIAL_DATA,FUNG-WONG,2025-11-08 12:00:00,24,51,408,0,Deterministic mean-track,0.0024509803921568627
REAL_HUMANITARIAN_GEOSPATIAL_DATA,FUNG-WONG,2025-11-08 12:00:00,24,51,408,0,P90 envelope,0.031862745098039214
REAL_HUMANITARIAN_GEOSPATIAL_DATA,FUNG-WONG,2025-11-08 12:00:00,24,51,408,0,Ensemble probability-weighted,0.0001017708121310808
REAL_HUMANITARIAN_GEOSPATIAL_DATA,FUNG-WONG,2025-11-08 18:00:00,24,51,377,1,Deterministic mean-track,0.002652519893899204
REAL_HUMANITARIAN_GEOSPATIAL_DATA,FUNG-WONG,2025-11-08 18:00:00,24,51,377,1,P90 envelope,0.050397877984084884
REAL_HUMANITARIAN_GEOSPATIAL_DATA,FUNG-WONG,2025-11-08 18:00:00,24,51,377,1,Ensemble probability-weighted,0.0018183171744799234
REAL_HUMANITARIAN_GEOSPATIAL_DATA,FUNG-WONG,2025-11-09 00:00:00,24,51,368,1,Deterministic mean-track,0.002717391304347826
REAL_HUMANITARIAN_GEOSPATIAL_DATA,FUNG-WONG,2025-11-09 00:00:00,24,51,368,1,P90 envelope,0.019021739130434784
REAL_HUMANITARIAN_GEOSPATIAL_DATA,FUNG-WONG,2025-11-09 00:00:00,24,51,368,1,Ensemble probability-weighted,0.0020926315965431362
REAL_HUMANITARIAN_GEOSPATIAL_DATA,FUNG-WONG,2025-11-09 06:00:00,24,51,389,0,Deterministic mean-track,0.002570694087403599
REAL_HUMANITARIAN_GEOSPATIAL_DATA,FUNG-WONG,2025-11-09 06:00:00,24,51,389,0,P90 envelope,0.02570694087403599
REAL_HUMANITARIAN_GEOSPATIAL_DATA,FUNG-WONG,2025-11-09 06:00:00,24,51,389,0,Ensemble probability-weighted,0.00016406582795424737
REAL_HUMANITARIAN_GEOSPATIAL_DATA,FUNG-WONG,2025-11-09 12:00:00,24,51,359,0,Deterministic mean-track,0.0
REAL_HUMANITARIAN_GEOSPATIAL_DATA,FUNG-WONG,2025-11-09 12:00:00,24,51,359,0,P90 envelope,0.025069637883008356
REAL_HUMANITARIAN_GEOSPATIAL_DATA,FUNG-WONG,2025-11-09 12:00:00,24,51,359,0,Ensemble probability-weighted,0.00013493845842449712
REAL_HUMANITARIAN_GEOSPATIAL_DATA,FUNG-WONG,2025-11-09 18:00:00,24,51,338,0,Deterministic mean-track,0.0
REAL_HUMANITARIAN_GEOSPATIAL_DATA,FUNG-WONG,2025-11-09 18:00:00,24,51,338,0,P90 envelope,0.023668639053254437
REAL_HUMANITARIAN_GEOSPATIAL_DATA,FUNG-WONG,2025-11-09 18:00:00,24,51,338,0,Ensemble probability-weighted,0.00019450871194283498
REAL_HUMANITARIAN_GEOSPATIAL_DATA,FUNG-WONG,2025-11-10 00:00:00,24,51,322,1,Deterministic mean-track,0.003105590062111801
REAL_HUMANITARIAN_GEOSPATIAL_DATA,FUNG-WONG,2025-11-10 00:00:00,24,51,322,1,P90 envelope,0.021739130434782608
REAL_HUMANITARIAN_GEOSPATIAL_DATA,FUNG-WONG,2025-11-10 00:00:00,24,51,322,1,Ensemble probability-weighted,0.0020286034277308537
REAL_HUMANITARIAN_GEOSPATIAL_DATA,FUNG-WONG,2025-11-10 06:00:00,24,51,303,1,Deterministic mean-track,0.0033003300330033004
REAL_HUMANITARIAN_GEOSPATIAL_DATA,FUNG-WONG,2025-11-10 06:00:00,24,51,303,1,P90 envelope,0.0429042904290429
REAL_HUMANITARIAN_GEOSPATIAL_DATA,FUNG-WONG,2025-11-10 06:00:00,24,51,303,1,Ensemble probability-weighted,0.0026354423216254728
REAL_HUMANITARIAN_GEOSPATIAL_DATA,FUNG-WONG,2025-11-10 12:00:00,24,51,320,0,Deterministic mean-track,0.003125
REAL_HUMANITARIAN_GEOSPATIAL_DATA,FUNG-WONG,2025-11-10 12:00:00,24,51,320,0,P90 envelope,0.03125
REAL_HUMANITARIAN_GEOSPATIAL_DATA,FUNG-WONG,2025-11-10 12:00:00,24,51,320,0,Ensemble probability-weighted,0.00011293733179546328
REAL_HUMANITARIAN_GEOSPATIAL_DATA,FUNG-WONG,2025-11-10 18:00:00,24,51,299,0,Deterministic mean-track,0.0
REAL_HUMANITARIAN_GEOSPATIAL_DATA,FUNG-WONG,2025-11-10 18:00:00,24,51,299,0,P90 envelope,0.033444816053511704
REAL_HUMANITARIAN_GEOSPATIAL_DATA,FUNG-WONG,2025-11-10 18:00:00,24,51,299,0,Ensemble probability-weighted,0.0001530154982840405
REAL_HUMANITARIAN_GEOSPATIAL_DATA,FUNG-WONG,2025-11-11 00:00:00,24,51,294,0,Deterministic mean-track,0.0
REAL_HUMANITARIAN_GEOSPATIAL_DATA,FUNG-WONG,2025-11-11 00:00:00,24,51,294,0,P90 envelope,0.03741496598639456
REAL_HUMANITARIAN_GEOSPATIAL_DATA,FUNG-WONG,2025-11-11 00:00:00,24,51,294,0,Ensemble probability-weighted,9.807844706510056e-05
REAL_HUMANITARIAN_GEOSPATIAL_DATA,FUNG-WONG,2025-11-11 06:00:00,24,50,283,1,Deterministic mean-track,0.0035335689045936395
REAL_HUMANITARIAN_GEOSPATIAL_DATA,FUNG-WONG,2025-11-11 06:00:00,24,50,283,1,P90 envelope,0.06713780918727916
REAL_HUMANITARIAN_GEOSPATIAL_DATA,FUNG-WONG,2025-11-11 06:00:00,24,50,283,1,Ensemble probability-weighted,0.003471378091872791
REAL_HUMANITARIAN_GEOSPATIAL_DATA,FUNG-WONG,2025-11-11 12:00:00,24,49,291,0,Deterministic mean-track,0.0
REAL_HUMANITARIAN_GEOSPATIAL_DATA,FUNG-WONG,2025-11-11 12:00:00,24,49,291,0,P90 envelope,0.044673539518900345
REAL_HUMANITARIAN_GEOSPATIAL_DATA,FUNG-WONG,2025-11-11 12:00:00,24,49,291,0,Ensemble probability-weighted,0.00017318099131089426
REAL_HUMANITARIAN_GEOSPATIAL_DATA,FUNG-WONG,2025-11-11 18:00:00,24,42,268,0,Deterministic mean-track,0.0
REAL_HUMANITARIAN_GEOSPATIAL_DATA,FUNG-WONG,2025-11-11 18:00:00,24,42,268,0,P90 envelope,0.10820895522388059
REAL_HUMANITARIAN_GEOSPATIAL_DATA,FUNG-WONG,2025-11-11 18:00:00,24,42,268,0,Ensemble probability-weighted,0.00010999424645480083
REAL_HUMANITARIAN_GEOSPATIAL_DATA,FUNG-WONG,2025-11-12 00:00:00,24,39,221,1,Deterministic mean-track,0.004524886877828055
REAL_HUMANITARIAN_GEOSPATIAL_DATA,FUNG-WONG,2025-11-12 00:00:00,24,39,221,1,P90 envelope,0.058823529411764705
REAL_HUMANITARIAN_GEOSPATIAL_DATA,FUNG-WONG,2025-11-12 00:00:00,24,39,221,1,Ensemble probability-weighted,0.0035193564605329316
REAL_HUMANITARIAN_GEOSPATIAL_DATA,FUNG-WONG,2025-11-12 06:00:00,24,44,204,0,Deterministic mean-track,0.004901960784313725
REAL_HUMANITARIAN_GEOSPATIAL_DATA,FUNG-WONG,2025-11-12 06:00:00,24,44,204,0,P90 envelope,0.09313725490196079
REAL_HUMANITARIAN_GEOSPATIAL_DATA,FUNG-WONG,2025-11-12 06:00:00,24,44,204,0,Ensemble probability-weighted,6.076810889645115e-05
REAL_HUMANITARIAN_GEOSPATIAL_DATA,FUNG-WONG,2025-11-12 12:00:00,24,13,171,0,Deterministic mean-track,0.005847953216374269
REAL_HUMANITARIAN_GEOSPATIAL_DATA,FUNG-WONG,2025-11-12 12:00:00,24,13,171,0,P90 envelope,0.05847953216374269
REAL_HUMANITARIAN_GEOSPATIAL_DATA,FUNG-WONG,2025-11-12 12:00:00,24,13,171,0,Ensemble probability-weighted,0.00024222291428769167
REAL_HUMANITARIAN_GEOSPATIAL_DATA,FUNG-WONG,2025-11-12 18:00:00,24,2,131,0,Deterministic mean-track,0.007633587786259542
REAL_HUMANITARIAN_GEOSPATIAL_DATA,FUNG-WONG,2025-11-12 18:00:00,24,2,131,0,P90 envelope,0.16030534351145037
REAL_HUMANITARIAN_GEOSPATIAL_DATA,FUNG-WONG,2025-11-12 18:00:00,24,2,131,0,Ensemble probability-weighted,0.0
REAL_HUMANITARIAN_GEOSPATIAL_DATA,GEZANI,2026-02-10 00:00:00,24,51,81,0,Deterministic mean-track,0.012345679012345678
REAL_HUMANITARIAN_GEOSPATIAL_DATA,GEZANI,2026-02-10 00:00:00,24,51,81,0,P90 envelope,0.12345679012345678
REAL_HUMANITARIAN_GEOSPATIAL_DATA,GEZANI,2026-02-10 00:00:00,24,51,81,0,Ensemble probability-weighted,0.00016138142499798273
REAL_HUMANITARIAN_GEOSPATIAL_DATA,GEZANI,2026-02-10 06:00:00,24,44,122,0,Deterministic mean-track,0.0
REAL_HUMANITARIAN_GEOSPATIAL_DATA,GEZANI,2026-02-10 06:00:00,24,44,122,0,P90 envelope,0.12295081967213115
REAL_HUMANITARIAN_GEOSPATIAL_DATA,GEZANI,2026-02-10 06:00:00,24,44,122,0,Ensemble probability-weighted,0.00012701530957864786
REAL_HUMANITARIAN_GEOSPATIAL_DATA,GEZANI,2026-02-10 12:00:00,24,51,144,0,Deterministic mean-track,0.0
REAL_HUMANITARIAN_GEOSPATIAL_DATA,GEZANI,2026-02-10 12:00:00,24,51,144,0,P90 envelope,0.0625
REAL_HUMANITARIAN_GEOSPATIAL_DATA,GEZANI,2026-02-10 12:00:00,24,51,144,0,Ensemble probability-weighted,8.810713828014867e-05
REAL_HUMANITARIAN_GEOSPATIAL_DATA,GEZANI,2026-02-10 18:00:00,24,49,169,0,Deterministic mean-track,0.0
REAL_HUMANITARIAN_GEOSPATIAL_DATA,GEZANI,2026-02-10 18:00:00,24,49,169,0,P90 envelope,0.05917159763313609
REAL_HUMANITARIAN_GEOSPATIAL_DATA,GEZANI,2026-02-10 18:00:00,24,49,169,0,Ensemble probability-weighted,5.668249669146732e-05
REAL_HUMANITARIAN_GEOSPATIAL_DATA,GEZANI,2026-02-11 00:00:00,24,49,189,0,Deterministic mean-track,0.0
REAL_HUMANITARIAN_GEOSPATIAL_DATA,GEZANI,2026-02-11 00:00:00,24,49,189,0,P90 envelope,0.05291005291005291
REAL_HUMANITARIAN_GEOSPATIAL_DATA,GEZANI,2026-02-11 00:00:00,24,49,189,0,Ensemble probability-weighted,0.00018510805682817342
REAL_HUMANITARIAN_GEOSPATIAL_DATA,GEZANI,2026-02-11 06:00:00,24,51,211,0,Deterministic mean-track,0.0
REAL_HUMANITARIAN_GEOSPATIAL_DATA,GEZANI,2026-02-11 06:00:00,24,51,211,0,P90 envelope,0.05687203791469194
REAL_HUMANITARIAN_GEOSPATIAL_DATA,GEZANI,2026-02-11 06:00:00,24,51,211,0,Ensemble probability-weighted,0.00011843785929946739
REAL_HUMANITARIAN_GEOSPATIAL_DATA,GEZANI,2026-02-11 12:00:00,24,51,209,0,Deterministic mean-track,0.004784688995215311
REAL_HUMANITARIAN_GEOSPATIAL_DATA,GEZANI,2026-02-11 12:00:00,24,51,209,0,P90 envelope,0.0430622009569378
REAL_HUMANITARIAN_GEOSPATIAL_DATA,GEZANI,2026-02-11 12:00:00,24,51,209,0,Ensemble probability-weighted,0.00022074689712642723
REAL_HUMANITARIAN_GEOSPATIAL_DATA,GEZANI,2026-02-11 18:00:00,24,51,215,1,Deterministic mean-track,0.009302325581395349
REAL_HUMANITARIAN_GEOSPATIAL_DATA,GEZANI,2026-02-11 18:00:00,24,51,215,1,P90 envelope,0.037209302325581395
REAL_HUMANITARIAN_GEOSPATIAL_DATA,GEZANI,2026-02-11 18:00:00,24,51,215,1,Ensemble probability-weighted,0.004468764249886001
REAL_HUMANITARIAN_GEOSPATIAL_DATA,GEZANI,2026-02-12 00:00:00,24,51,220,0,Deterministic mean-track,0.0
REAL_HUMANITARIAN_GEOSPATIAL_DATA,GEZANI,2026-02-12 00:00:00,24,51,220,0,P90 envelope,0.03636363636363636
REAL_HUMANITARIAN_GEOSPATIAL_DATA,GEZANI,2026-02-12 00:00:00,24,51,220,0,Ensemble probability-weighted,0.00020097165425885148
REAL_HUMANITARIAN_GEOSPATIAL_DATA,GEZANI,2026-02-12 06:00:00,24,51,216,0,Deterministic mean-track,0.0
REAL_HUMANITARIAN_GEOSPATIAL_DATA,GEZANI,2026-02-12 06:00:00,24,51,216,0,P90 envelope,0.027777777777777776
REAL_HUMANITARIAN_GEOSPATIAL_DATA,GEZANI,2026-02-12 06:00:00,24,51,216,0,Ensemble probability-weighted,0.00015485497031056432
REAL_HUMANITARIAN_GEOSPATIAL_DATA,GEZANI,2026-02-12 12:00:00,24,51,207,0,Deterministic mean-track,0.0
REAL_HUMANITARIAN_GEOSPATIAL_DATA,GEZANI,2026-02-12 12:00:00,24,51,207,0,P90 envelope,0.024154589371980676
REAL_HUMANITARIAN_GEOSPATIAL_DATA,GEZANI,2026-02-12 12:00:00,24,51,207,0,Ensemble probability-weighted,0.00011143985869425917
REAL_HUMANITARIAN_GEOSPATIAL_DATA,GEZANI,2026-02-12 18:00:00,24,51,198,1,Deterministic mean-track,0.005050505050505051
REAL_HUMANITARIAN_GEOSPATIAL_DATA,GEZANI,2026-02-12 18:00:00,24,51,198,1,P90 envelope,0.03535353535353535
REAL_HUMANITARIAN_GEOSPATIAL_DATA,GEZANI,2026-02-12 18:00:00,24,51,198,1,Ensemble probability-weighted,0.004355356719831922
REAL_HUMANITARIAN_GEOSPATIAL_DATA,GEZANI,2026-02-13 00:00:00,24,51,200,0,Deterministic mean-track,0.0
REAL_HUMANITARIAN_GEOSPATIAL_DATA,GEZANI,2026-02-13 00:00:00,24,51,200,0,P90 envelope,0.035
REAL_HUMANITARIAN_GEOSPATIAL_DATA,GEZANI,2026-02-13 00:00:00,24,51,200,0,Ensemble probability-weighted,0.00020184544405997692
REAL_HUMANITARIAN_GEOSPATIAL_DATA,GEZANI,2026-02-13 06:00:00,24,51,201,1,Deterministic mean-track,0.004975124378109453
REAL_HUMANITARIAN_GEOSPATIAL_DATA,GEZANI,2026-02-13 06:00:00,24,51,201,1,P90 envelope,0.03482587064676617
REAL_HUMANITARIAN_GEOSPATIAL_DATA,GEZANI,2026-02-13 06:00:00,24,51,201,1,Ensemble probability-weighted,0.004925392262065298
REAL_HUMANITARIAN_GEOSPATIAL_DATA,GEZANI,2026-02-13 12:00:00,24,50,214,0,Deterministic mean-track,0.0
REAL_HUMANITARIAN_GEOSPATIAL_DATA,GEZANI,2026-02-13 12:00:00,24,50,214,0,P90 envelope,0.04672897196261682
REAL_HUMANITARIAN_GEOSPATIAL_DATA,GEZANI,2026-02-13 12:00:00,24,50,214,0,Ensemble probability-weighted,6.355140186915887e-05
REAL_HUMANITARIAN_GEOSPATIAL_DATA,GEZANI,2026-02-13 18:00:00,24,51,228,0,Deterministic mean-track,0.0043859649122807015
REAL_HUMANITARIAN_GEOSPATIAL_DATA,GEZANI,2026-02-13 18:00:00,24,51,228,0,P90 envelope,0.07456140350877193
REAL_HUMANITARIAN_GEOSPATIAL_DATA,GEZANI,2026-02-13 18:00:00,24,51,228,0,Ensemble probability-weighted,8.094052894635667e-05
REAL_HUMANITARIAN_GEOSPATIAL_DATA,KALMAEGI,2025-11-01 12:00:00,24,51,227,0,Deterministic mean-track,0.0
REAL_HUMANITARIAN_GEOSPATIAL_DATA,KALMAEGI,2025-11-01 12:00:00,24,51,227,0,P90 envelope,0.08370044052863436
REAL_HUMANITARIAN_GEOSPATIAL_DATA,KALMAEGI,2025-11-01 12:00:00,24,51,227,0,Ensemble probability-weighted,4.0648547576584405e-05
REAL_HUMANITARIAN_GEOSPATIAL_DATA,KALMAEGI,2025-11-01 18:00:00,24,51,240,0,Deterministic mean-track,0.004166666666666667
REAL_HUMANITARIAN_GEOSPATIAL_DATA,KALMAEGI,2025-11-01 18:00:00,24,51,240,0,P90 envelope,0.075
REAL_HUMANITARIAN_GEOSPATIAL_DATA,KALMAEGI,2025-11-01 18:00:00,24,51,240,0,Ensemble probability-weighted,8.009739843649878e-05
REAL_HUMANITARIAN_GEOSPATIAL_DATA,KALMAEGI,2025-11-02 00:00:00,24,51,240,1,Deterministic mean-track,0.004166666666666667
REAL_HUMANITARIAN_GEOSPATIAL_DATA,KALMAEGI,2025-11-02 00:00:00,24,51,240,1,P90 envelope,0.08333333333333333
REAL_HUMANITARIAN_GEOSPATIAL_DATA,KALMAEGI,2025-11-02 00:00:00,24,51,240,1,Ensemble probability-weighted,0.003706907599641164
REAL_HUMANITARIAN_GEOSPATIAL_DATA,KALMAEGI,2025-11-02 12:00:00,24,51,262,1,Deterministic mean-track,0.003816793893129771
REAL_HUMANITARIAN_GEOSPATIAL_DATA,KALMAEGI,2025-11-02 12:00:00,24,51,262,1,P90 envelope,0.08396946564885496
REAL_HUMANITARIAN_GEOSPATIAL_DATA,KALMAEGI,2025-11-02 12:00:00,24,51,262,1,Ensemble probability-weighted,0.00325916925668636
REAL_HUMANITARIAN_GEOSPATIAL_DATA,KALMAEGI,2025-11-02 18:00:00,24,51,284,0,Deterministic mean-track,0.0
REAL_HUMANITARIAN_GEOSPATIAL_DATA,KALMAEGI,2025-11-02 18:00:00,24,51,284,0,P90 envelope,0.1056338028169014
REAL_HUMANITARIAN_GEOSPATIAL_DATA,KALMAEGI,2025-11-02 18:00:00,24,51,284,0,Ensemble probability-weighted,2.1660141549025023e-05
REAL_HUMANITARIAN_GEOSPATIAL_DATA,KALMAEGI,2025-11-03 00:00:00,24,51,275,1,Deterministic mean-track,0.0036363636363636364
REAL_HUMANITARIAN_GEOSPATIAL_DATA,KALMAEGI,2025-11-03 00:00:00,24,51,275,1,P90 envelope,0.08
REAL_HUMANITARIAN_GEOSPATIAL_DATA,KALMAEGI,2025-11-03 00:00:00,24,51,275,1,Ensemble probability-weighted,0.003258886442277446
REAL_HUMANITARIAN_GEOSPATIAL_DATA,KALMAEGI,2025-11-03 06:00:00,24,51,292,0,Deterministic mean-track,0.0
REAL_HUMANITARIAN_GEOSPATIAL_DATA,KALMAEGI,2025-11-03 06:00:00,24,51,292,0,P90 envelope,0.08561643835616438
REAL_HUMANITARIAN_GEOSPATIAL_DATA,KALMAEGI,2025-11-03 06:00:00,24,51,292,0,Ensemble probability-weighted,4.8716773843569125e-05
REAL_HUMANITARIAN_GEOSPATIAL_DATA,KALMAEGI,2025-11-03 12:00:00,24,51,296,0,Deterministic mean-track,0.0
REAL_HUMANITARIAN_GEOSPATIAL_DATA,KALMAEGI,2025-11-03 12:00:00,24,51,296,0,P90 envelope,0.05067567567567568
REAL_HUMANITARIAN_GEOSPATIAL_DATA,KALMAEGI,2025-11-03 12:00:00,24,51,296,0,Ensemble probability-weighted,5.065619252470464e-05
REAL_HUMANITARIAN_GEOSPATIAL_DATA,KALMAEGI,2025-11-03 18:00:00,24,51,297,0,Deterministic mean-track,0.0
REAL_HUMANITARIAN_GEOSPATIAL_DATA,KALMAEGI,2025-11-03 18:00:00,24,51,297,0,P90 envelope,0.08754208754208755
REAL_HUMANITARIAN_GEOSPATIAL_DATA,KALMAEGI,2025-11-03 18:00:00,24,51,297,0,Ensemble probability-weighted,6.47251704537364e-05
REAL_HUMANITARIAN_GEOSPATIAL_DATA,KALMAEGI,2025-11-04 00:00:00,24,51,307,0,Deterministic mean-track,0.0
REAL_HUMANITARIAN_GEOSPATIAL_DATA,KALMAEGI,2025-11-04 00:00:00,24,51,307,0,P90 envelope,0.05537459283387622
REAL_HUMANITARIAN_GEOSPATIAL_DATA,KALMAEGI,2025-11-04 00:00:00,24,51,307,0,Ensemble probability-weighted,8.766360219760128e-05
REAL_HUMANITARIAN_GEOSPATIAL_DATA,KALMAEGI,2025-11-04 06:00:00,24,51,320,0,Deterministic mean-track,0.0
REAL_HUMANITARIAN_GEOSPATIAL_DATA,KALMAEGI,2025-11-04 06:00:00,24,51,320,0,P90 envelope,0.05625
REAL_HUMANITARIAN_GEOSPATIAL_DATA,KALMAEGI,2025-11-04 06:00:00,24,51,320,0,Ensemble probability-weighted,9.491541714725105e-05
REAL_HUMANITARIAN_GEOSPATIAL_DATA,KALMAEGI,2025-11-04 12:00:00,24,51,335,0,Deterministic mean-track,0.0
REAL_HUMANITARIAN_GEOSPATIAL_DATA,KALMAEGI,2025-11-04 12:00:00,24,51,335,0,P90 envelope,0.050746268656716415
REAL_HUMANITARIAN_GEOSPATIAL_DATA,KALMAEGI,2025-11-04 12:00:00,24,51,335,0,Ensemble probability-weighted,5.049722552175685e-05
REAL_HUMANITARIAN_GEOSPATIAL_DATA,KALMAEGI,2025-11-04 18:00:00,24,50,346,0,Deterministic mean-track,0.002890173410404624
REAL_HUMANITARIAN_GEOSPATIAL_DATA,KALMAEGI,2025-11-04 18:00:00,24,50,346,0,P90 envelope,0.049132947976878616
REAL_HUMANITARIAN_GEOSPATIAL_DATA,KALMAEGI,2025-11-04 18:00:00,24,50,346,0,Ensemble probability-weighted,4.624277456647399e-05
REAL_HUMANITARIAN_GEOSPATIAL_DATA,KALMAEGI,2025-11-05 00:00:00,24,51,343,0,Deterministic mean-track,0.0
REAL_HUMANITARIAN_GEOSPATIAL_DATA,KALMAEGI,2025-11-05 00:00:00,24,51,343,0,P90 envelope,0.037900874635568516
REAL_HUMANITARIAN_GEOSPATIAL_DATA,KALMAEGI,2025-11-05 00:00:00,24,51,343,0,Ensemble probability-weighted,0.00011545234340234693
REAL_HUMANITARIAN_GEOSPATIAL_DATA,KALMAEGI,2025-11-05 06:00:00,24,51,327,0,Deterministic mean-track,0.0
REAL_HUMANITARIAN_GEOSPATIAL_DATA,KALMAEGI,2025-11-05 06:00:00,24,51,327,0,P90 envelope,0.04281345565749235
REAL_HUMANITARIAN_GEOSPATIAL_DATA,KALMAEGI,2025-11-05 06:00:00,24,51,327,0,Ensemble probability-weighted,0.00016107660309431682
REAL_HUMANITARIAN_GEOSPATIAL_DATA,KALMAEGI,2025-11-05 12:00:00,24,51,319,0,Deterministic mean-track,0.0
REAL_HUMANITARIAN_GEOSPATIAL_DATA,KALMAEGI,2025-11-05 12:00:00,24,51,319,0,P90 envelope,0.01567398119122257
REAL_HUMANITARIAN_GEOSPATIAL_DATA,KALMAEGI,2025-11-05 12:00:00,24,51,319,0,Ensemble probability-weighted,9.400773032797852e-05
REAL_HUMANITARIAN_GEOSPATIAL_DATA,KALMAEGI,2025-11-05 18:00:00,24,51,306,0,Deterministic mean-track,0.0
REAL_HUMANITARIAN_GEOSPATIAL_DATA,KALMAEGI,2025-11-05 18:00:00,24,51,306,0,P90 envelope,0.049019607843137254
REAL_HUMANITARIAN_GEOSPATIAL_DATA,KALMAEGI,2025-11-05 18:00:00,24,51,306,0,Ensemble probability-weighted,7.41293569843675e-05
REAL_HUMANITARIAN_GEOSPATIAL_DATA,KALMAEGI,2025-11-06 00:00:00,24,51,277,0,Deterministic mean-track,0.0036101083032490976
REAL_HUMANITARIAN_GEOSPATIAL_DATA,KALMAEGI,2025-11-06 00:00:00,24,51,277,0,P90 envelope,0.036101083032490974
REAL_HUMANITARIAN_GEOSPATIAL_DATA,KALMAEGI,2025-11-06 00:00:00,24,51,277,0,Ensemble probability-weighted,3.0535325902145384e-05
REAL_HUMANITARIAN_GEOSPATIAL_DATA,KALMAEGI,2025-11-06 06:00:00,24,51,266,0,Deterministic mean-track,0.0
REAL_HUMANITARIAN_GEOSPATIAL_DATA,KALMAEGI,2025-11-06 06:00:00,24,51,266,0,P90 envelope,0.045112781954887216
REAL_HUMANITARIAN_GEOSPATIAL_DATA,KALMAEGI,2025-11-06 06:00:00,24,51,266,0,Ensemble probability-weighted,0.00014742739200943538
REAL_HUMANITARIAN_GEOSPATIAL_DATA,KALMAEGI,2025-11-06 12:00:00,24,51,242,0,Deterministic mean-track,0.0
REAL_HUMANITARIAN_GEOSPATIAL_DATA,KALMAEGI,2025-11-06 12:00:00,24,51,242,0,P90 envelope,0.0371900826446281
REAL_HUMANITARIAN_GEOSPATIAL_DATA,KALMAEGI,2025-11-06 12:00:00,24,51,242,0,Ensemble probability-weighted,0.00012550798961619977
REAL_HUMANITARIAN_GEOSPATIAL_DATA,KALMAEGI,2025-11-06 18:00:00,24,46,236,0,Deterministic mean-track,0.0
REAL_HUMANITARIAN_GEOSPATIAL_DATA,KALMAEGI,2025-11-06 18:00:00,24,46,236,0,P90 envelope,0.046610169491525424
REAL_HUMANITARIAN_GEOSPATIAL_DATA,KALMAEGI,2025-11-06 18:00:00,24,46,236,0,Ensemble probability-weighted,5.606997532921085e-05
REAL_HUMANITARIAN_GEOSPATIAL_DATA,KOTO,2025-11-25 12:00:00,24,51,320,0,Deterministic mean-track,0.003125
REAL_HUMANITARIAN_GEOSPATIAL_DATA,KOTO,2025-11-25 12:00:00,24,51,320,0,P90 envelope,0.03125
REAL_HUMANITARIAN_GEOSPATIAL_DATA,KOTO,2025-11-25 12:00:00,24,51,320,0,Ensemble probability-weighted,0.00015378700499807762
REAL_HUMANITARIAN_GEOSPATIAL_DATA,KOTO,2025-11-25 18:00:00,24,51,329,0,Deterministic mean-track,0.0
REAL_HUMANITARIAN_GEOSPATIAL_DATA,KOTO,2025-11-25 18:00:00,24,51,329,0,P90 envelope,0.03951367781155015
REAL_HUMANITARIAN_GEOSPATIAL_DATA,KOTO,2025-11-25 18:00:00,24,51,329,0,Ensemble probability-weighted,6.894706151129622e-05
REAL_HUMANITARIAN_GEOSPATIAL_DATA,KOTO,2025-11-26 00:00:00,24,51,328,0,Deterministic mean-track,0.0
REAL_HUMANITARIAN_GEOSPATIAL_DATA,KOTO,2025-11-26 00:00:00,24,51,328,0,P90 envelope,0.027439024390243903
REAL_HUMANITARIAN_GEOSPATIAL_DATA,KOTO,2025-11-26 00:00:00,24,51,328,0,Ensemble probability-weighted,0.00017230708639266325
REAL_HUMANITARIAN_GEOSPATIAL_DATA,KOTO,2025-11-26 06:00:00,24,51,328,0,Deterministic mean-track,0.003048780487804878
REAL_HUMANITARIAN_GEOSPATIAL_DATA,KOTO,2025-11-26 06:00:00,24,51,328,0,P90 envelope,0.036585365853658534
REAL_HUMANITARIAN_GEOSPATIAL_DATA,KOTO,2025-11-26 06:00:00,24,51,328,0,Ensemble probability-weighted,7.97066794197354e-05
REAL_HUMANITARIAN_GEOSPATIAL_DATA,KOTO,2025-11-26 12:00:00,24,51,336,0,Deterministic mean-track,0.002976190476190476
REAL_HUMANITARIAN_GEOSPATIAL_DATA,KOTO,2025-11-26 12:00:00,24,51,336,0,P90 envelope,0.026785714285714284
REAL_HUMANITARIAN_GEOSPATIAL_DATA,KOTO,2025-11-26 12:00:00,24,51,336,0,Ensemble probability-weighted,0.00013387708024386225
REAL_HUMANITARIAN_GEOSPATIAL_DATA,KOTO,2025-11-26 18:00:00,24,51,341,0,Deterministic mean-track,0.0
REAL_HUMANITARIAN_GEOSPATIAL_DATA,KOTO,2025-11-26 18:00:00,24,51,341,0,P90 envelope,0.04105571847507331
REAL_HUMANITARIAN_GEOSPATIAL_DATA,KOTO,2025-11-26 18:00:00,24,51,341,0,Ensemble probability-weighted,4.0588945600665666e-05
REAL_HUMANITARIAN_GEOSPATIAL_DATA,KOTO,2025-11-27 00:00:00,24,51,340,0,Deterministic mean-track,0.0
REAL_HUMANITARIAN_GEOSPATIAL_DATA,KOTO,2025-11-27 00:00:00,24,51,340,0,P90 envelope,0.023529411764705882
REAL_HUMANITARIAN_GEOSPATIAL_DATA,KOTO,2025-11-27 00:00:00,24,51,340,0,Ensemble probability-weighted,0.00010064002532962437
REAL_HUMANITARIAN_GEOSPATIAL_DATA,KOTO,2025-11-27 06:00:00,24,51,324,0,Deterministic mean-track,0.0
REAL_HUMANITARIAN_GEOSPATIAL_DATA,KOTO,2025-11-27 06:00:00,24,51,324,0,P90 envelope,0.030864197530864196
REAL_HUMANITARIAN_GEOSPATIAL_DATA,KOTO,2025-11-27 06:00:00,24,51,324,0,Ensemble probability-weighted,5.339826562433251e-05
REAL_HUMANITARIAN_GEOSPATIAL_DATA,KOTO,2025-11-27 12:00:00,24,51,318,1,Deterministic mean-track,0.0031446540880503146
REAL_HUMANITARIAN_GEOSPATIAL_DATA,KOTO,2025-11-27 12:00:00,24,51,318,1,P90 envelope,0.03459119496855346
REAL_HUMANITARIAN_GEOSPATIAL_DATA,KOTO,2025-11-27 12:00:00,24,51,318,1,Ensemble probability-weighted,0.0021641410294540803
REAL_HUMANITARIAN_GEOSPATIAL_DATA,KOTO,2025-11-27 18:00:00,24,51,328,0,Deterministic mean-track,0.0
REAL_HUMANITARIAN_GEOSPATIAL_DATA,KOTO,2025-11-27 18:00:00,24,51,328,0,P90 envelope,0.021341463414634148
REAL_HUMANITARIAN_GEOSPATIAL_DATA,KOTO,2025-11-27 18:00:00,24,51,328,0,Ensemble probability-weighted,0.00010080550632495947
REAL_HUMANITARIAN_GEOSPATIAL_DATA,KOTO,2025-11-28 00:00:00,24,51,343,0,Deterministic mean-track,0.0
REAL_HUMANITARIAN_GEOSPATIAL_DATA,KOTO,2025-11-28 00:00:00,24,51,343,0,P90 envelope,0.029154518950437316
REAL_HUMANITARIAN_GEOSPATIAL_DATA,KOTO,2025-11-28 00:00:00,24,51,343,0,Ensemble probability-weighted,0.00010872696417502576
REAL_HUMANITARIAN_GEOSPATIAL_DATA,KOTO,2025-11-28 06:00:00,24,50,336,0,Deterministic mean-track,0.0
REAL_HUMANITARIAN_GEOSPATIAL_DATA,KOTO,2025-11-28 06:00:00,24,50,336,0,P90 envelope,0.020833333333333332
REAL_HUMANITARIAN_GEOSPATIAL_DATA,KOTO,2025-11-28 06:00:00,24,50,336,0,Ensemble probability-weighted,0.00014404761904761909
REAL_HUMANITARIAN_GEOSPATIAL_DATA,KOTO,2025-11-28 12:00:00,24,51,336,0,Deterministic mean-track,0.0
REAL_HUMANITARIAN_GEOSPATIAL_DATA,KOTO,2025-11-28 12:00:00,24,51,336,0,P90 envelope,0.020833333333333332
REAL_HUMANITARIAN_GEOSPATIAL_DATA,KOTO,2025-11-28 12:00:00,24,51,336,0,Ensemble probability-weighted,0.00023457095256403215
REAL_HUMANITARIAN_GEOSPATIAL_DATA,KOTO,2025-11-28 18:00:00,24,51,322,0,Deterministic mean-track,0.0
REAL_HUMANITARIAN_GEOSPATIAL_DATA,KOTO,2025-11-28 18:00:00,24,51,322,0,P90 envelope,0.024844720496894408
REAL_HUMANITARIAN_GEOSPATIAL_DATA,KOTO,2025-11-28 18:00:00,24,51,322,0,Ensemble probability-weighted,0.00010148987131084321
REAL_HUMANITARIAN_GEOSPATIAL_DATA,KOTO,2025-11-29 00:00:00,24,51,331,0,Deterministic mean-track,0.0030211480362537764
REAL_HUMANITARIAN_GEOSPATIAL_DATA,KOTO,2025-11-29 00:00:00,24,51,331,0,P90 envelope,0.021148036253776436
REAL_HUMANITARIAN_GEOSPATIAL_DATA,KOTO,2025-11-29 00:00:00,24,51,331,0,Ensemble probability-weighted,4.7622864085507437e-05
REAL_HUMANITARIAN_GEOSPATIAL_DATA,KOTO,2025-11-29 06:00:00,24,51,324,1,Deterministic mean-track,0.0030864197530864196
REAL_HUMANITARIAN_GEOSPATIAL_DATA,KOTO,2025-11-29 06:00:00,24,51,324,1,P90 envelope,0.021604938271604937
REAL_HUMANITARIAN_GEOSPATIAL_DATA,KOTO,2025-11-29 06:00:00,24,51,324,1,Ensemble probability-weighted,0.0021193178312235083
REAL_HUMANITARIAN_GEOSPATIAL_DATA,KOTO,2025-11-29 12:00:00,24,51,337,0,Deterministic mean-track,0.002967359050445104
REAL_HUMANITARIAN_GEOSPATIAL_DATA,KOTO,2025-11-29 12:00:00,24,51,337,0,P90 envelope,0.020771513353115726
REAL_HUMANITARIAN_GEOSPATIAL_DATA,KOTO,2025-11-29 12:00:00,24,51,337,0,Ensemble probability-weighted,0.0001836773576015616
REAL_HUMANITARIAN_GEOSPATIAL_DATA,KOTO,2025-11-29 18:00:00,24,51,325,0,Deterministic mean-track,0.0
REAL_HUMANITARIAN_GEOSPATIAL_DATA,KOTO,2025-11-29 18:00:00,24,51,325,0,P90 envelope,0.03076923076923077
REAL_HUMANITARIAN_GEOSPATIAL_DATA,KOTO,2025-11-29 18:00:00,24,51,325,0,Ensemble probability-weighted,7.807647946056251e-05
REAL_HUMANITARIAN_GEOSPATIAL_DATA,KOTO,2025-11-30 00:00:00,24,51,325,0,Deterministic mean-track,0.0
REAL_HUMANITARIAN_GEOSPATIAL_DATA,KOTO,2025-11-30 00:00:00,24,51,325,0,P90 envelope,0.021538461538461538
REAL_HUMANITARIAN_GEOSPATIAL_DATA,KOTO,2025-11-30 00:00:00,24,51,325,0,Ensemble probability-weighted,4.8502055422470653e-05
REAL_HUMANITARIAN_GEOSPATIAL_DATA,KOTO,2025-11-30 06:00:00,24,51,335,0,Deterministic mean-track,0.0
REAL_HUMANITARIAN_GEOSPATIAL_DATA,KOTO,2025-11-30 06:00:00,24,51,335,0,P90 envelope,0.023880597014925373
REAL_HUMANITARIAN_GEOSPATIAL_DATA,KOTO,2025-11-30 06:00:00,24,51,335,0,Ensemble probability-weighted,3.90205833577212e-05
REAL_HUMANITARIAN_GEOSPATIAL_DATA,KOTO,2025-11-30 12:00:00,24,51,335,0,Deterministic mean-track,0.0
REAL_HUMANITARIAN_GEOSPATIAL_DATA,KOTO,2025-11-30 12:00:00,24,51,335,0,P90 envelope,0.020895522388059702
REAL_HUMANITARIAN_GEOSPATIAL_DATA,KOTO,2025-11-30 12:00:00,24,51,335,0,Ensemble probability-weighted,3.0986933842896245e-05
REAL_HUMANITARIAN_GEOSPATIAL_DATA,KOTO,2025-11-30 18:00:00,24,48,329,0,Deterministic mean-track,0.0
REAL_HUMANITARIAN_GEOSPATIAL_DATA,KOTO,2025-11-30 18:00:00,24,48,329,0,P90 envelope,0.0243161094224924
REAL_HUMANITARIAN_GEOSPATIAL_DATA,KOTO,2025-11-30 18:00:00,24,48,329,0,Ensemble probability-weighted,2.902313407632557e-05
REAL_HUMANITARIAN_GEOSPATIAL_DATA,KOTO,2025-12-01 00:00:00,24,42,329,0,Deterministic mean-track,0.0
REAL_HUMANITARIAN_GEOSPATIAL_DATA,KOTO,2025-12-01 00:00:00,24,42,329,0,P90 envelope,0.0121580547112462
REAL_HUMANITARIAN_GEOSPATIAL_DATA,KOTO,2025-12-01 00:00:00,24,42,329,0,Ensemble probability-weighted,4.480008822171219e-05
REAL_HUMANITARIAN_GEOSPATIAL_DATA,KOTO,2025-12-01 06:00:00,24,35,327,0,Deterministic mean-track,0.0
REAL_HUMANITARIAN_GEOSPATIAL_DATA,KOTO,2025-12-01 06:00:00,24,35,327,0,P90 envelope,0.01834862385321101
REAL_HUMANITARIAN_GEOSPATIAL_DATA,KOTO,2025-12-01 06:00:00,24,35,327,0,Ensemble probability-weighted,0.00010484927916120575
REAL_HUMANITARIAN_GEOSPATIAL_DATA,KOTO,2025-12-01 12:00:00,24,26,327,0,Deterministic mean-track,0.0030581039755351682
REAL_HUMANITARIAN_GEOSPATIAL_DATA,KOTO,2025-12-01 12:00:00,24,26,327,0,P90 envelope,0.021406727828746176
REAL_HUMANITARIAN_GEOSPATIAL_DATA,KOTO,2025-12-01 12:00:00,24,26,327,0,Ensemble probability-weighted,0.00029404845918607386
REAL_HUMANITARIAN_GEOSPATIAL_DATA,KOTO,2025-12-01 18:00:00,24,8,313,1,Deterministic mean-track,0.003194888178913738
REAL_HUMANITARIAN_GEOSPATIAL_DATA,KOTO,2025-12-01 18:00:00,24,8,313,1,P90 envelope,0.022364217252396165
REAL_HUMANITARIAN_GEOSPATIAL_DATA,KOTO,2025-12-01 18:00:00,24,8,313,1,Ensemble probability-weighted,0.0026457667731629394
REAL_HUMANITARIAN_GEOSPATIAL_DATA,KOTO,2025-12-02 00:00:00,24,7,327,0,Deterministic mean-track,0.0
REAL_HUMANITARIAN_GEOSPATIAL_DATA,KOTO,2025-12-02 00:00:00,24,7,327,0,P90 envelope,0.03058103975535168
REAL_HUMANITARIAN_GEOSPATIAL_DATA,KOTO,2025-12-02 00:00:00,24,7,327,0,Ensemble probability-weighted,0.00018723085564501028
REAL_HUMANITARIAN_GEOSPATIAL_DATA,KOTO,2025-12-02 06:00:00,24,4,325,0,Deterministic mean-track,0.0
REAL_HUMANITARIAN_GEOSPATIAL_DATA,KOTO,2025-12-02 06:00:00,24,4,325,0,P90 envelope,0.015384615384615385
REAL_HUMANITARIAN_GEOSPATIAL_DATA,KOTO,2025-12-02 06:00:00,24,4,325,0,Ensemble probability-weighted,0.0
REAL_HUMANITARIAN_GEOSPATIAL_DATA,KOTO,2025-12-02 12:00:00,24,3,314,0,Deterministic mean-track,0.0
REAL_HUMANITARIAN_GEOSPATIAL_DATA,KOTO,2025-12-02 12:00:00,24,3,314,0,P90 envelope,0.09872611464968153
REAL_HUMANITARIAN_GEOSPATIAL_DATA,KOTO,2025-12-02 12:00:00,24,3,314,0,Ensemble probability-weighted,0.0003538570417551309
REAL_HUMANITARIAN_GEOSPATIAL_DATA,MELISSA,2025-10-23 00:00:00,24,51,161,0,Deterministic mean-track,0.0
REAL_HUMANITARIAN_GEOSPATIAL_DATA,MELISSA,2025-10-23 00:00:00,24,51,161,0,P90 envelope,0.16770186335403728
REAL_HUMANITARIAN_GEOSPATIAL_DATA,MELISSA,2025-10-23 00:00:00,24,51,161,0,Ensemble probability-weighted,7.641590310463486e-05
REAL_HUMANITARIAN_GEOSPATIAL_DATA,MELISSA,2025-10-23 06:00:00,24,51,161,0,Deterministic mean-track,0.006211180124223602
REAL_HUMANITARIAN_GEOSPATIAL_DATA,MELISSA,2025-10-23 06:00:00,24,51,161,0,P90 envelope,0.15527950310559005
REAL_HUMANITARIAN_GEOSPATIAL_DATA,MELISSA,2025-10-23 06:00:00,24,51,161,0,Ensemble probability-weighted,5.9699924300496e-05
REAL_HUMANITARIAN_GEOSPATIAL_DATA,MELISSA,2025-10-23 12:00:00,24,51,158,1,Deterministic mean-track,0.0
REAL_HUMANITARIAN_GEOSPATIAL_DATA,MELISSA,2025-10-23 12:00:00,24,51,158,1,P90 envelope,0.10126582278481013
REAL_HUMANITARIAN_GEOSPATIAL_DATA,MELISSA,2025-10-23 12:00:00,24,51,158,1,Ensemble probability-weighted,0.006443480842324521
REAL_HUMANITARIAN_GEOSPATIAL_DATA,MELISSA,2025-10-23 18:00:00,24,51,158,0,Deterministic mean-track,0.0
REAL_HUMANITARIAN_GEOSPATIAL_DATA,MELISSA,2025-10-23 18:00:00,24,51,158,0,P90 envelope,0.14556962025316456
REAL_HUMANITARIAN_GEOSPATIAL_DATA,MELISSA,2025-10-23 18:00:00,24,51,158,0,Ensemble probability-weighted,7.300016060035333e-05
REAL_HUMANITARIAN_GEOSPATIAL_DATA,MELISSA,2025-10-24 00:00:00,24,51,168,0,Deterministic mean-track,0.0
REAL_HUMANITARIAN_GEOSPATIAL_DATA,MELISSA,2025-10-24 00:00:00,24,51,168,0,P90 envelope,0.09523809523809523
REAL_HUMANITARIAN_GEOSPATIAL_DATA,MELISSA,2025-10-24 00:00:00,24,51,168,0,Ensemble probability-weighted,0.00013730982589114078
REAL_HUMANITARIAN_GEOSPATIAL_DATA,MELISSA,2025-10-24 12:00:00,24,51,168,1,Deterministic mean-track,0.005952380952380952
REAL_HUMANITARIAN_GEOSPATIAL_DATA,MELISSA,2025-10-24 12:00:00,24,51,168,1,P90 envelope,0.08928571428571429
REAL_HUMANITARIAN_GEOSPATIAL_DATA,MELISSA,2025-10-24 12:00:00,24,51,168,1,Ensemble probability-weighted,0.005190311418685122
REAL_HUMANITARIAN_GEOSPATIAL_DATA,MELISSA,2025-10-24 18:00:00,24,51,171,0,Deterministic mean-track,0.005847953216374269
REAL_HUMANITARIAN_GEOSPATIAL_DATA,MELISSA,2025-10-24 18:00:00,24,51,171,0,P90 envelope,0.12280701754385964
REAL_HUMANITARIAN_GEOSPATIAL_DATA,MELISSA,2025-10-24 18:00:00,24,51,171,0,Ensemble probability-weighted,0.00015963270986642567
REAL_HUMANITARIAN_GEOSPATIAL_DATA,MELISSA,2025-10-25 00:00:00,24,51,171,1,Deterministic mean-track,0.0
REAL_HUMANITARIAN_GEOSPATIAL_DATA,MELISSA,2025-10-25 00:00:00,24,51,171,1,P90 envelope,0.13450292397660818
REAL_HUMANITARIAN_GEOSPATIAL_DATA,MELISSA,2025-10-25 00:00:00,24,51,171,1,Ensemble probability-weighted,0.005245395945329169
REAL_HUMANITARIAN_GEOSPATIAL_DATA,MELISSA,2025-10-25 12:00:00,24,50,174,1,Deterministic mean-track,0.0
REAL_HUMANITARIAN_GEOSPATIAL_DATA,MELISSA,2025-10-25 12:00:00,24,50,174,1,P90 envelope,0.12643678160919541
REAL_HUMANITARIAN_GEOSPATIAL_DATA,MELISSA,2025-10-25 12:00:00,24,50,174,1,Ensemble probability-weighted,0.004857471264367816
REAL_HUMANITARIAN_GEOSPATIAL_DATA,MELISSA,2025-10-25 18:00:00,24,51,174,0,Deterministic mean-track,0.005747126436781609
REAL_HUMANITARIAN_GEOSPATIAL_DATA,MELISSA,2025-10-25 18:00:00,24,51,174,0,P90 envelope,0.1839080459770115
REAL_HUMANITARIAN_GEOSPATIAL_DATA,MELISSA,2025-10-25 18:00:00,24,51,174,0,Ensemble probability-weighted,7.512583577492301e-05
REAL_HUMANITARIAN_GEOSPATIAL_DATA,MELISSA,2025-10-26 00:00:00,24,51,172,1,Deterministic mean-track,0.0
REAL_HUMANITARIAN_GEOSPATIAL_DATA,MELISSA,2025-10-26 00:00:00,24,51,172,1,P90 envelope,0.09883720930232558
REAL_HUMANITARIAN_GEOSPATIAL_DATA,MELISSA,2025-10-26 00:00:00,24,51,172,1,Ensemble probability-weighted,0.0050405479109108305
REAL_HUMANITARIAN_GEOSPATIAL_DATA,MELISSA,2025-10-26 06:00:00,24,51,172,0,Deterministic mean-track,0.005813953488372093
REAL_HUMANITARIAN_GEOSPATIAL_DATA,MELISSA,2025-10-26 06:00:00,24,51,172,0,P90 envelope,0.12790697674418605
REAL_HUMANITARIAN_GEOSPATIAL_DATA,MELISSA,2025-10-26 06:00:00,24,51,172,0,Ensemble probability-weighted,6.705828706311526e-05
REAL_HUMANITARIAN_GEOSPATIAL_DATA,MELISSA,2025-10-26 12:00:00,24,51,169,1,Deterministic mean-track,0.005917159763313609
REAL_HUMANITARIAN_GEOSPATIAL_DATA,MELISSA,2025-10-26 12:00:00,24,51,169,1,P90 envelope,0.09467455621301775
REAL_HUMANITARIAN_GEOSPATIAL_DATA,MELISSA,2025-10-26 12:00:00,24,51,169,1,Ensemble probability-weighted,0.005089075890247038
REAL_HUMANITARIAN_GEOSPATIAL_DATA,MELISSA,2025-10-26 18:00:00,24,51,169,0,Deterministic mean-track,0.0
REAL_HUMANITARIAN_GEOSPATIAL_DATA,MELISSA,2025-10-26 18:00:00,24,51,169,0,P90 envelope,0.1242603550295858
REAL_HUMANITARIAN_GEOSPATIAL_DATA,MELISSA,2025-10-26 18:00:00,24,51,169,0,Ensemble probability-weighted,0.00013422238601903225
REAL_HUMANITARIAN_GEOSPATIAL_DATA,MELISSA,2025-10-27 00:00:00,24,51,167,1,Deterministic mean-track,0.005988023952095809
REAL_HUMANITARIAN_GEOSPATIAL_DATA,MELISSA,2025-10-27 00:00:00,24,51,167,1,P90 envelope,0.0718562874251497
REAL_HUMANITARIAN_GEOSPATIAL_DATA,MELISSA,2025-10-27 00:00:00,24,51,167,1,Ensemble probability-weighted,0.005967304146033193
REAL_HUMANITARIAN_GEOSPATIAL_DATA,MELISSA,2025-10-27 06:00:00,24,51,177,0,Deterministic mean-track,0.0
REAL_HUMANITARIAN_GEOSPATIAL_DATA,MELISSA,2025-10-27 06:00:00,24,51,177,0,P90 envelope,0.07909604519774012
REAL_HUMANITARIAN_GEOSPATIAL_DATA,MELISSA,2025-10-27 06:00:00,24,51,177,0,Ensemble probability-weighted,0.00018245915847229556
REAL_HUMANITARIAN_GEOSPATIAL_DATA,MELISSA,2025-10-27 12:00:00,24,51,184,0,Deterministic mean-track,0.0
REAL_HUMANITARIAN_GEOSPATIAL_DATA,MELISSA,2025-10-27 12:00:00,24,51,184,0,P90 envelope,0.07608695652173914
REAL_HUMANITARIAN_GEOSPATIAL_DATA,MELISSA,2025-10-27 12:00:00,24,51,184,0,Ensemble probability-weighted,0.00015044380923724988
REAL_HUMANITARIAN_GEOSPATIAL_DATA,MELISSA,2025-10-27 18:00:00,24,51,184,1,Deterministic mean-track,0.005434782608695652
REAL_HUMANITARIAN_GEOSPATIAL_DATA,MELISSA,2025-10-27 18:00:00,24,51,184,1,P90 envelope,0.08152173913043478
REAL_HUMANITARIAN_GEOSPATIAL_DATA,MELISSA,2025-10-27 18:00:00,24,51,184,1,Ensemble probability-weighted,0.003543787506477442
REAL_HUMANITARIAN_GEOSPATIAL_DATA,MELISSA,2025-10-28 00:00:00,24,51,195,1,Deterministic mean-track,0.0
REAL_HUMANITARIAN_GEOSPATIAL_DATA,MELISSA,2025-10-28 00:00:00,24,51,195,1,P90 envelope,0.07692307692307693
REAL_HUMANITARIAN_GEOSPATIAL_DATA,MELISSA,2025-10-28 00:00:00,24,51,195,1,Ensemble probability-weighted,0.0038604481511055914
REAL_HUMANITARIAN_GEOSPATIAL_DATA,MELISSA,2025-10-28 06:00:00,24,51,207,1,Deterministic mean-track,0.004830917874396135
REAL_HUMANITARIAN_GEOSPATIAL_DATA,MELISSA,2025-10-28 06:00:00,24,51,207,1,P90 envelope,0.07246376811594203
REAL_HUMANITARIAN_GEOSPATIAL_DATA,MELISSA,2025-10-28 06:00:00,24,51,207,1,Ensemble probability-weighted,0.004340582496141395
REAL_HUMANITARIAN_GEOSPATIAL_DATA,MELISSA,2025-10-28 12:00:00,24,51,221,1,Deterministic mean-track,0.004524886877828055
REAL_HUMANITARIAN_GEOSPATIAL_DATA,MELISSA,2025-10-28 12:00:00,24,51,221,1,P90 envelope,0.06787330316742081
REAL_HUMANITARIAN_GEOSPATIAL_DATA,MELISSA,2025-10-28 12:00:00,24,51,221,1,Ensemble probability-weighted,0.003637654156685298
REAL_HUMANITARIAN_GEOSPATIAL_DATA,MELISSA,2025-10-28 18:00:00,24,51,231,0,Deterministic mean-track,0.0
REAL_HUMANITARIAN_GEOSPATIAL_DATA,MELISSA,2025-10-28 18:00:00,24,51,231,0,P90 envelope,0.08225108225108226
REAL_HUMANITARIAN_GEOSPATIAL_DATA,MELISSA,2025-10-28 18:00:00,24,51,231,0,Ensemble probability-weighted,7.65606301938482e-05
REAL_HUMANITARIAN_GEOSPATIAL_DATA,MELISSA,2025-10-29 00:00:00,24,51,213,0,Deterministic mean-track,0.004694835680751174
REAL_HUMANITARIAN_GEOSPATIAL_DATA,MELISSA,2025-10-29 00:00:00,24,51,213,0,P90 envelope,0.051643192488262914
REAL_HUMANITARIAN_GEOSPATIAL_DATA,MELISSA,2025-10-29 00:00:00,24,51,213,0,Ensemble probability-weighted,0.00013537588468140642
REAL_HUMANITARIAN_GEOSPATIAL_DATA,MELISSA,2025-10-29 06:00:00,24,51,207,0,Deterministic mean-track,0.0
REAL_HUMANITARIAN_GEOSPATIAL_DATA,MELISSA,2025-10-29 06:00:00,24,51,207,0,P90 envelope,0.06763285024154589
REAL_HUMANITARIAN_GEOSPATIAL_DATA,MELISSA,2025-10-29 06:00:00,24,51,207,0,Ensemble probability-weighted,9.658121086835793e-05
REAL_HUMANITARIAN_GEOSPATIAL_DATA,MELISSA,2025-10-29 12:00:00,24,51,197,0,Deterministic mean-track,0.005076142131979695
REAL_HUMANITARIAN_GEOSPATIAL_DATA,MELISSA,2025-10-29 12:00:00,24,51,197,0,P90 envelope,0.05583756345177665
REAL_HUMANITARIAN_GEOSPATIAL_DATA,MELISSA,2025-10-29 12:00:00,24,51,197,0,Ensemble probability-weighted,0.0001307579864831371
REAL_HUMANITARIAN_GEOSPATIAL_DATA,MELISSA,2025-10-29 18:00:00,24,51,188,0,Deterministic mean-track,0.005319148936170213
REAL_HUMANITARIAN_GEOSPATIAL_DATA,MELISSA,2025-10-29 18:00:00,24,51,188,0,P90 envelope,0.0797872340425532
REAL_HUMANITARIAN_GEOSPATIAL_DATA,MELISSA,2025-10-29 18:00:00,24,51,188,0,Ensemble probability-weighted,0.00012679247752501088
REAL_HUMANITARIAN_GEOSPATIAL_DATA,MELISSA,2025-10-30 00:00:00,24,51,177,0,Deterministic mean-track,0.0
REAL_HUMANITARIAN_GEOSPATIAL_DATA,MELISSA,2025-10-30 00:00:00,24,51,177,0,P90 envelope,0.05084745762711865
REAL_HUMANITARIAN_GEOSPATIAL_DATA,MELISSA,2025-10-30 00:00:00,24,51,177,0,Ensemble probability-weighted,0.0003475412542329439
REAL_HUMANITARIAN_GEOSPATIAL_DATA,MELISSA,2025-10-30 06:00:00,24,51,175,1,Deterministic mean-track,0.005714285714285714
REAL_HUMANITARIAN_GEOSPATIAL_DATA,MELISSA,2025-10-30 06:00:00,24,51,175,1,P90 envelope,0.05142857142857143
REAL_HUMANITARIAN_GEOSPATIAL_DATA,MELISSA,2025-10-30 06:00:00,24,51,175,1,Ensemble probability-weighted,0.0038798264403800734
REAL_HUMANITARIAN_GEOSPATIAL_DATA,MELISSA,2025-10-30 12:00:00,24,51,184,0,Deterministic mean-track,0.0
REAL_HUMANITARIAN_GEOSPATIAL_DATA,MELISSA,2025-10-30 12:00:00,24,51,184,0,P90 envelope,0.06521739130434782
REAL_HUMANITARIAN_GEOSPATIAL_DATA,MELISSA,2025-10-30 12:00:00,24,51,184,0,Ensemble probability-weighted,0.00013372783043311102
REAL_HUMANITARIAN_GEOSPATIAL_DATA,MELISSA,2025-10-30 18:00:00,24,51,200,0,Deterministic mean-track,0.0
REAL_HUMANITARIAN_GEOSPATIAL_DATA,MELISSA,2025-10-30 18:00:00,24,51,200,0,P90 envelope,0.09
REAL_HUMANITARIAN_GEOSPATIAL_DATA,MELISSA,2025-10-30 18:00:00,24,51,200,0,Ensemble probability-weighted,8.842752787389467e-05
REAL_HUMANITARIAN_GEOSPATIAL_DATA,MELISSA,2025-10-31 00:00:00,24,51,222,0,Deterministic mean-track,0.0
REAL_HUMANITARIAN_GEOSPATIAL_DATA,MELISSA,2025-10-31 00:00:00,24,51,222,0,P90 envelope,0.08558558558558559
REAL_HUMANITARIAN_GEOSPATIAL_DATA,MELISSA,2025-10-31 00:00:00,24,51,222,0,Ensemble probability-weighted,0.00014720602955897074
REAL_HUMANITARIAN_GEOSPATIAL_DATA,MONTHA,2025-10-27 00:00:00,24,49,186,0,Deterministic mean-track,0.0
REAL_HUMANITARIAN_GEOSPATIAL_DATA,MONTHA,2025-10-27 00:00:00,24,49,186,0,P90 envelope,0.053763440860215055
REAL_HUMANITARIAN_GEOSPATIAL_DATA,MONTHA,2025-10-27 00:00:00,24,49,186,0,Ensemble probability-weighted,0.00023063866758026445
REAL_HUMANITARIAN_GEOSPATIAL_DATA,MONTHA,2025-10-27 06:00:00,24,51,182,1,Deterministic mean-track,0.005494505494505495
REAL_HUMANITARIAN_GEOSPATIAL_DATA,MONTHA,2025-10-27 06:00:00,24,51,182,1,P90 envelope,0.04945054945054945
REAL_HUMANITARIAN_GEOSPATIAL_DATA,MONTHA,2025-10-27 06:00:00,24,51,182,1,Ensemble probability-weighted,0.004112957400154633
REAL_HUMANITARIAN_GEOSPATIAL_DATA,MONTHA,2025-10-27 12:00:00,24,51,184,0,Deterministic mean-track,0.005434782608695652
REAL_HUMANITARIAN_GEOSPATIAL_DATA,MONTHA,2025-10-27 12:00:00,24,51,184,0,P90 envelope,0.043478260869565216
REAL_HUMANITARIAN_GEOSPATIAL_DATA,MONTHA,2025-10-27 12:00:00,24,51,184,0,Ensemble probability-weighted,0.000365662036340538
REAL_HUMANITARIAN_GEOSPATIAL_DATA,MONTHA,2025-10-27 18:00:00,24,51,196,0,Deterministic mean-track,0.00510204081632653
REAL_HUMANITARIAN_GEOSPATIAL_DATA,MONTHA,2025-10-27 18:00:00,24,51,196,0,P90 envelope,0.10204081632653061
REAL_HUMANITARIAN_GEOSPATIAL_DATA,MONTHA,2025-10-27 18:00:00,24,51,196,0,Ensemble probability-weighted,0.0001902721873062951
REAL_HUMANITARIAN_GEOSPATIAL_DATA,MONTHA,2025-10-28 00:00:00,24,51,203,0,Deterministic mean-track,0.0
REAL_HUMANITARIAN_GEOSPATIAL_DATA,MONTHA,2025-10-28 00:00:00,24,51,203,0,P90 envelope,0.04926108374384237
REAL_HUMANITARIAN_GEOSPATIAL_DATA,MONTHA,2025-10-28 00:00:00,24,51,203,0,Ensemble probability-weighted,0.00018371107739918147
REAL_HUMANITARIAN_GEOSPATIAL_DATA,MONTHA,2025-10-28 06:00:00,24,51,205,0,Deterministic mean-track,0.0
REAL_HUMANITARIAN_GEOSPATIAL_DATA,MONTHA,2025-10-28 06:00:00,24,51,205,0,P90 envelope,0.09268292682926829
REAL_HUMANITARIAN_GEOSPATIAL_DATA,MONTHA,2025-10-28 06:00:00,24,51,205,0,Ensemble probability-weighted,3.563357432882287e-05
REAL_HUMANITARIAN_GEOSPATIAL_DATA,MONTHA,2025-10-28 12:00:00,24,51,199,1,Deterministic mean-track,0.005025125628140704
REAL_HUMANITARIAN_GEOSPATIAL_DATA,MONTHA,2025-10-28 12:00:00,24,51,199,1,P90 envelope,0.06532663316582915
REAL_HUMANITARIAN_GEOSPATIAL_DATA,MONTHA,2025-10-28 12:00:00,24,51,199,1,Ensemble probability-weighted,0.00511399751545115
REAL_HUMANITARIAN_GEOSPATIAL_DATA,MONTHA,2025-10-28 18:00:00,24,51,193,0,Deterministic mean-track,0.0
REAL_HUMANITARIAN_GEOSPATIAL_DATA,MONTHA,2025-10-28 18:00:00,24,51,193,0,P90 envelope,0.05181347150259067
REAL_HUMANITARIAN_GEOSPATIAL_DATA,MONTHA,2025-10-28 18:00:00,24,51,193,0,Ensemble probability-weighted,7.968238600936667e-05
REAL_HUMANITARIAN_GEOSPATIAL_DATA,NOKAEN,2026-01-15 06:00:00,24,50,276,0,Deterministic mean-track,0.0036231884057971015
REAL_HUMANITARIAN_GEOSPATIAL_DATA,NOKAEN,2026-01-15 06:00:00,24,50,276,0,P90 envelope,0.09420289855072464
REAL_HUMANITARIAN_GEOSPATIAL_DATA,NOKAEN,2026-01-15 06:00:00,24,50,276,0,Ensemble probability-weighted,7.82608695652174e-05
REAL_HUMANITARIAN_GEOSPATIAL_DATA,PENHA,2026-02-05 00:00:00,24,50,264,0,Deterministic mean-track,0.003787878787878788
REAL_HUMANITARIAN_GEOSPATIAL_DATA,PENHA,2026-02-05 00:00:00,24,50,264,0,P90 envelope,0.04924242424242424
REAL_HUMANITARIAN_GEOSPATIAL_DATA,PENHA,2026-02-05 00:00:00,24,50,264,0,Ensemble probability-weighted,8.636363636363637e-05
REAL_HUMANITARIAN_GEOSPATIAL_DATA,PENHA,2026-02-05 06:00:00,24,48,257,1,Deterministic mean-track,0.0038910505836575876
REAL_HUMANITARIAN_GEOSPATIAL_DATA,PENHA,2026-02-05 06:00:00,24,48,257,1,P90 envelope,0.08560311284046693
REAL_HUMANITARIAN_GEOSPATIAL_DATA,PENHA,2026-02-05 06:00:00,24,48,257,1,Ensemble probability-weighted,0.003798165261565067
REAL_HUMANITARIAN_GEOSPATIAL_DATA,PENHA,2026-02-05 12:00:00,24,44,285,0,Deterministic mean-track,0.0
REAL_HUMANITARIAN_GEOSPATIAL_DATA,PENHA,2026-02-05 12:00:00,24,44,285,0,P90 envelope,0.08421052631578947
REAL_HUMANITARIAN_GEOSPATIAL_DATA,PENHA,2026-02-05 12:00:00,24,44,285,0,Ensemble probability-weighted,3.8060026098303604e-05
REAL_HUMANITARIAN_GEOSPATIAL_DATA,SENYAR,2025-11-26 06:00:00,24,5,138,0,Deterministic mean-track,0.007246376811594203
REAL_HUMANITARIAN_GEOSPATIAL_DATA,SENYAR,2025-11-26 06:00:00,24,5,138,0,P90 envelope,0.13043478260869565
REAL_HUMANITARIAN_GEOSPATIAL_DATA,SENYAR,2025-11-26 06:00:00,24,5,138,0,Ensemble probability-weighted,0.0008695652173913045
REAL_HUMANITARIAN_GEOSPATIAL_DATA,SENYAR,2025-11-26 12:00:00,24,11,146,0,Deterministic mean-track,0.00684931506849315
REAL_HUMANITARIAN_GEOSPATIAL_DATA,SENYAR,2025-11-26 12:00:00,24,11,146,0,P90 envelope,0.4931506849315068
REAL_HUMANITARIAN_GEOSPATIAL_DATA,SENYAR,2025-11-26 12:00:00,24,11,146,0,Ensemble probability-weighted,0.0010755122834823956
REAL_HUMANITARIAN_GEOSPATIAL_DATA,SENYAR,2025-11-26 18:00:00,24,19,146,1,Deterministic mean-track,0.00684931506849315
REAL_HUMANITARIAN_GEOSPATIAL_DATA,SENYAR,2025-11-26 18:00:00,24,19,146,1,P90 envelope,0.2191780821917808
REAL_HUMANITARIAN_GEOSPATIAL_DATA,SENYAR,2025-11-26 18:00:00,24,19,146,1,Ensemble probability-weighted,0.007095966303646643
REAL_HUMANITARIAN_GEOSPATIAL_DATA,SENYAR,2025-11-27 00:00:00,24,20,152,1,Deterministic mean-track,0.006578947368421052
REAL_HUMANITARIAN_GEOSPATIAL_DATA,SENYAR,2025-11-27 00:00:00,24,20,152,1,P90 envelope,0.11842105263157894
REAL_HUMANITARIAN_GEOSPATIAL_DATA,SENYAR,2025-11-27 00:00:00,24,20,152,1,Ensemble probability-weighted,0.007055921052631579
REAL_HUMANITARIAN_GEOSPATIAL_DATA,SENYAR,2025-11-27 06:00:00,24,26,157,1,Deterministic mean-track,0.012738853503184714
REAL_HUMANITARIAN_GEOSPATIAL_DATA,SENYAR,2025-11-27 06:00:00,24,26,157,1,P90 envelope,0.1464968152866242
REAL_HUMANITARIAN_GEOSPATIAL_DATA,SENYAR,2025-11-27 06:00:00,24,26,157,1,Ensemble probability-weighted,0.006614404703576679
REAL_HUMANITARIAN_GEOSPATIAL_DATA,SENYAR,2025-11-27 12:00:00,24,36,176,0,Deterministic mean-track,0.0
REAL_HUMANITARIAN_GEOSPATIAL_DATA,SENYAR,2025-11-27 12:00:00,24,36,176,0,P90 envelope,0.07954545454545454
REAL_HUMANITARIAN_GEOSPATIAL_DATA,SENYAR,2025-11-27 12:00:00,24,36,176,0,Ensemble probability-weighted,0.00015344416386083053
REAL_HUMANITARIAN_GEOSPATIAL_DATA,SENYAR,2025-11-27 18:00:00,24,20,179,1,Deterministic mean-track,0.0
REAL_HUMANITARIAN_GEOSPATIAL_DATA,SENYAR,2025-11-27 18:00:00,24,20,179,1,P90 envelope,0.055865921787709494
REAL_HUMANITARIAN_GEOSPATIAL_DATA,SENYAR,2025-11-27 18:00:00,24,20,179,1,Ensemble probability-weighted,0.005139664804469274
REAL_HUMANITARIAN_GEOSPATIAL_DATA,SONIA,2025-10-25 12:00:00,24,50,71,1,Deterministic mean-track,0.014084507042253521
REAL_HUMANITARIAN_GEOSPATIAL_DATA,SONIA,2025-10-25 12:00:00,24,50,71,1,P90 envelope,0.18309859154929578
REAL_HUMANITARIAN_GEOSPATIAL_DATA,SONIA,2025-10-25 12:00:00,24,50,71,1,Ensemble probability-weighted,0.013211267605633804
REAL_HUMANITARIAN_GEOSPATIAL_DATA,SONIA,2025-10-25 18:00:00,24,49,77,0,Deterministic mean-track,0.0
REAL_HUMANITARIAN_GEOSPATIAL_DATA,SONIA,2025-10-25 18:00:00,24,49,77,0,P90 envelope,0.2077922077922078
REAL_HUMANITARIAN_GEOSPATIAL_DATA,SONIA,2025-10-25 18:00:00,24,49,77,0,Ensemble probability-weighted,0.00014604304483521475
REAL_HUMANITARIAN_GEOSPATIAL_DATA,SONIA,2025-10-26 00:00:00,24,51,77,0,Deterministic mean-track,0.0
REAL_HUMANITARIAN_GEOSPATIAL_DATA,SONIA,2025-10-26 00:00:00,24,51,77,0,P90 envelope,0.15584415584415584
REAL_HUMANITARIAN_GEOSPATIAL_DATA,SONIA,2025-10-26 00:00:00,24,51,77,0,Ensemble probability-weighted,0.0002696265672044219
REAL_HUMANITARIAN_GEOSPATIAL_DATA,SONIA,2025-10-26 06:00:00,24,50,83,0,Deterministic mean-track,0.0
REAL_HUMANITARIAN_GEOSPATIAL_DATA,SONIA,2025-10-26 06:00:00,24,50,83,0,P90 envelope,0.1566265060240964
REAL_HUMANITARIAN_GEOSPATIAL_DATA,SONIA,2025-10-26 06:00:00,24,50,83,0,Ensemble probability-weighted,0.0005397590361445783
REAL_HUMANITARIAN_GEOSPATIAL_DATA,SONIA,2025-10-26 12:00:00,24,51,83,0,Deterministic mean-track,0.012048192771084338
REAL_HUMANITARIAN_GEOSPATIAL_DATA,SONIA,2025-10-26 12:00:00,24,51,83,0,P90 envelope,0.12048192771084337
REAL_HUMANITARIAN_GEOSPATIAL_DATA,SONIA,2025-10-26 12:00:00,24,51,83,0,Ensemble probability-weighted,0.00018528554819045504
REAL_HUMANITARIAN_GEOSPATIAL_DATA,SONIA,2025-10-26 18:00:00,24,51,89,0,Deterministic mean-track,0.0
REAL_HUMANITARIAN_GEOSPATIAL_DATA,SONIA,2025-10-26 18:00:00,24,51,89,0,P90 envelope,0.1348314606741573
REAL_HUMANITARIAN_GEOSPATIAL_DATA,SONIA,2025-10-26 18:00:00,24,51,89,0,Ensemble probability-weighted,0.00022463270392977637
REAL_HUMANITARIAN_GEOSPATIAL_DATA,SONIA,2025-10-27 00:00:00,24,51,96,0,Deterministic mean-track,0.0
REAL_HUMANITARIAN_GEOSPATIAL_DATA,SONIA,2025-10-27 00:00:00,24,51,96,0,P90 envelope,0.125
REAL_HUMANITARIAN_GEOSPATIAL_DATA,SONIA,2025-10-27 00:00:00,24,51,96,0,Ensemble probability-weighted,0.0002483019351531463
REAL_HUMANITARIAN_GEOSPATIAL_DATA,SONIA,2025-10-27 06:00:00,24,51,96,0,Deterministic mean-track,0.0
REAL_HUMANITARIAN_GEOSPATIAL_DATA,SONIA,2025-10-27 06:00:00,24,51,96,0,P90 envelope,0.125
REAL_HUMANITARIAN_GEOSPATIAL_DATA,SONIA,2025-10-27 06:00:00,24,51,96,0,Ensemble probability-weighted,8.810713828014866e-05
REAL_HUMANITARIAN_GEOSPATIAL_DATA,SONIA,2025-10-27 12:00:00,24,50,101,1,Deterministic mean-track,0.019801980198019802
REAL_HUMANITARIAN_GEOSPATIAL_DATA,SONIA,2025-10-27 12:00:00,24,50,101,1,P90 envelope,0.0891089108910891
REAL_HUMANITARIAN_GEOSPATIAL_DATA,SONIA,2025-10-27 12:00:00,24,50,101,1,Ensemble probability-weighted,0.008431683168316833
REAL_HUMANITARIAN_GEOSPATIAL_DATA,SONIA,2025-10-27 18:00:00,24,49,107,0,Deterministic mean-track,0.0
REAL_HUMANITARIAN_GEOSPATIAL_DATA,SONIA,2025-10-27 18:00:00,24,49,107,0,P90 envelope,0.102803738317757
REAL_HUMANITARIAN_GEOSPATIAL_DATA,SONIA,2025-10-27 18:00:00,24,49,107,0,Ensemble probability-weighted,0.00021408525264006044
REAL_HUMANITARIAN_GEOSPATIAL_DATA,SONIA,2025-10-28 00:00:00,24,46,115,0,Deterministic mean-track,0.0
REAL_HUMANITARIAN_GEOSPATIAL_DATA,SONIA,2025-10-28 00:00:00,24,46,115,0,P90 envelope,0.10434782608695652
REAL_HUMANITARIAN_GEOSPATIAL_DATA,SONIA,2025-10-28 00:00:00,24,46,115,0,Ensemble probability-weighted,0.000332867592668694
REAL_HUMANITARIAN_GEOSPATIAL_DATA,SONIA,2025-10-28 06:00:00,24,43,116,0,Deterministic mean-track,0.0
REAL_HUMANITARIAN_GEOSPATIAL_DATA,SONIA,2025-10-28 06:00:00,24,43,116,0,P90 envelope,0.09482758620689655
REAL_HUMANITARIAN_GEOSPATIAL_DATA,SONIA,2025-10-28 06:00:00,24,43,116,0,Ensemble probability-weighted,0.00015851998284254303
REAL_HUMANITARIAN_GEOSPATIAL_DATA,SONIA,2025-10-28 12:00:00,24,30,115,0,Deterministic mean-track,0.0
REAL_HUMANITARIAN_GEOSPATIAL_DATA,SONIA,2025-10-28 12:00:00,24,30,115,0,P90 envelope,0.10434782608695652
REAL_HUMANITARIAN_GEOSPATIAL_DATA,SONIA,2025-10-28 12:00:00,24,30,115,0,Ensemble probability-weighted,0.0003768115942028986
REAL_HUMANITARIAN_GEOSPATIAL_DATA,SONIA,2025-10-28 18:00:00,24,3,113,0,Deterministic mean-track,0.0
REAL_HUMANITARIAN_GEOSPATIAL_DATA,SONIA,2025-10-28 18:00:00,24,3,113,0,P90 envelope,0.04424778761061947
REAL_HUMANITARIAN_GEOSPATIAL_DATA,SONIA,2025-10-28 18:00:00,24,3,113,0,Ensemble probability-weighted,0.0
REAL_HUMANITARIAN_GEOSPATIAL_DATA,DITWAH,2025-11-27 12:00:00,48,51,136,0,Deterministic mean-track,0.007352941176470588
REAL_HUMANITARIAN_GEOSPATIAL_DATA,DITWAH,2025-11-27 12:00:00,48,51,136,0,P90 envelope,0.19852941176470587
REAL_HUMANITARIAN_GEOSPATIAL_DATA,DITWAH,2025-11-27 12:00:00,48,51,136,0,Ensemble probability-weighted,9.894384512743967e-05
REAL_HUMANITARIAN_GEOSPATIAL_DATA,DITWAH,2025-11-27 18:00:00,48,50,136,0,Deterministic mean-track,0.007352941176470588
REAL_HUMANITARIAN_GEOSPATIAL_DATA,DITWAH,2025-11-27 18:00:00,48,50,136,0,P90 envelope,0.23529411764705882
REAL_HUMANITARIAN_GEOSPATIAL_DATA,DITWAH,2025-11-27 18:00:00,48,50,136,0,Ensemble probability-weighted,3.823529411764706e-05
REAL_HUMANITARIAN_GEOSPATIAL_DATA,DITWAH,2025-11-28 00:00:00,48,47,143,0,Deterministic mean-track,0.006993006993006993
REAL_HUMANITARIAN_GEOSPATIAL_DATA,DITWAH,2025-11-28 00:00:00,48,47,143,0,P90 envelope,0.16783216783216784
REAL_HUMANITARIAN_GEOSPATIAL_DATA,DITWAH,2025-11-28 00:00:00,48,47,143,0,Ensemble probability-weighted,6.331377992763235e-05
REAL_HUMANITARIAN_GEOSPATIAL_DATA,DITWAH,2025-11-28 06:00:00,48,48,143,0,Deterministic mean-track,0.0
REAL_HUMANITARIAN_GEOSPATIAL_DATA,DITWAH,2025-11-28 06:00:00,48,48,143,0,P90 envelope,0.21678321678321677
REAL_HUMANITARIAN_GEOSPATIAL_DATA,DITWAH,2025-11-28 06:00:00,48,48,143,0,Ensemble probability-weighted,8.19493006993007e-05
REAL_HUMANITARIAN_GEOSPATIAL_DATA,DITWAH,2025-11-28 12:00:00,48,47,151,0,Deterministic mean-track,0.0
REAL_HUMANITARIAN_GEOSPATIAL_DATA,DITWAH,2025-11-28 12:00:00,48,47,151,0,P90 envelope,0.12582781456953643
REAL_HUMANITARIAN_GEOSPATIAL_DATA,DITWAH,2025-11-28 12:00:00,48,47,151,0,Ensemble probability-weighted,6.59553482292488e-05
REAL_HUMANITARIAN_GEOSPATIAL_DATA,DITWAH,2025-11-28 18:00:00,48,46,150,1,Deterministic mean-track,0.006666666666666667
REAL_HUMANITARIAN_GEOSPATIAL_DATA,DITWAH,2025-11-28 18:00:00,48,46,150,1,P90 envelope,0.22
REAL_HUMANITARIAN_GEOSPATIAL_DATA,DITWAH,2025-11-28 18:00:00,48,46,150,1,Ensemble probability-weighted,0.0059073724007561446
REAL_HUMANITARIAN_GEOSPATIAL_DATA,DITWAH,2025-11-29 00:00:00,48,47,159,0,Deterministic mean-track,0.006289308176100629
REAL_HUMANITARIAN_GEOSPATIAL_DATA,DITWAH,2025-11-29 00:00:00,48,47,159,0,P90 envelope,0.18867924528301888
REAL_HUMANITARIAN_GEOSPATIAL_DATA,DITWAH,2025-11-29 00:00:00,48,47,159,0,Ensemble probability-weighted,5.4095452850118586e-05
REAL_HUMANITARIAN_GEOSPATIAL_DATA,DITWAH,2025-11-29 06:00:00,48,45,159,1,Deterministic mean-track,0.006289308176100629
REAL_HUMANITARIAN_GEOSPATIAL_DATA,DITWAH,2025-11-29 06:00:00,48,45,159,1,P90 envelope,0.1509433962264151
REAL_HUMANITARIAN_GEOSPATIAL_DATA,DITWAH,2025-11-29 06:00:00,48,45,159,1,Ensemble probability-weighted,0.006062582498641199
REAL_HUMANITARIAN_GEOSPATIAL_DATA,DITWAH,2025-11-29 12:00:00,48,49,159,1,Deterministic mean-track,0.006289308176100629
REAL_HUMANITARIAN_GEOSPATIAL_DATA,DITWAH,2025-11-29 12:00:00,48,49,159,1,P90 envelope,0.18867924528301888
REAL_HUMANITARIAN_GEOSPATIAL_DATA,DITWAH,2025-11-29 12:00:00,48,49,159,1,Ensemble probability-weighted,0.00609808806079228
REAL_HUMANITARIAN_GEOSPATIAL_DATA,DITWAH,2025-11-29 18:00:00,48,47,159,0,Deterministic mean-track,0.006289308176100629
REAL_HUMANITARIAN_GEOSPATIAL_DATA,DITWAH,2025-11-29 18:00:00,48,47,159,0,P90 envelope,0.1761006289308176
REAL_HUMANITARIAN_GEOSPATIAL_DATA,DITWAH,2025-11-29 18:00:00,48,47,159,0,Ensemble probability-weighted,0.00012527368028448515
REAL_HUMANITARIAN_GEOSPATIAL_DATA,DITWAH,2025-11-30 00:00:00,48,50,159,0,Deterministic mean-track,0.0
REAL_HUMANITARIAN_GEOSPATIAL_DATA,DITWAH,2025-11-30 00:00:00,48,50,159,0,P90 envelope,0.1069182389937107
REAL_HUMANITARIAN_GEOSPATIAL_DATA,DITWAH,2025-11-30 00:00:00,48,50,159,0,Ensemble probability-weighted,5.0314465408805034e-05
REAL_HUMANITARIAN_GEOSPATIAL_DATA,DITWAH,2025-11-30 06:00:00,48,45,159,0,Deterministic mean-track,0.006289308176100629
REAL_HUMANITARIAN_GEOSPATIAL_DATA,DITWAH,2025-11-30 06:00:00,48,45,159,0,P90 envelope,0.1509433962264151
REAL_HUMANITARIAN_GEOSPATIAL_DATA,DITWAH,2025-11-30 06:00:00,48,45,159,0,Ensemble probability-weighted,3.1058311980743844e-05
REAL_HUMANITARIAN_GEOSPATIAL_DATA,DITWAH,2025-11-30 12:00:00,48,46,159,0,Deterministic mean-track,0.0
REAL_HUMANITARIAN_GEOSPATIAL_DATA,DITWAH,2025-11-30 12:00:00,48,46,159,0,P90 envelope,0.0880503144654088
REAL_HUMANITARIAN_GEOSPATIAL_DATA,DITWAH,2025-11-30 12:00:00,48,46,159,0,Ensemble probability-weighted,0.00013672409078479628
REAL_HUMANITARIAN_GEOSPATIAL_DATA,DITWAH,2025-11-30 18:00:00,48,33,150,1,Deterministic mean-track,0.006666666666666667
REAL_HUMANITARIAN_GEOSPATIAL_DATA,DITWAH,2025-11-30 18:00:00,48,33,150,1,P90 envelope,0.11333333333333333
REAL_HUMANITARIAN_GEOSPATIAL_DATA,DITWAH,2025-11-30 18:00:00,48,33,150,1,Ensemble probability-weighted,0.006397306397306399
REAL_HUMANITARIAN_GEOSPATIAL_DATA,DUDZAI,2026-01-15 06:00:00,48,51,88,0,Deterministic mean-track,0.0
REAL_HUMANITARIAN_GEOSPATIAL_DATA,DUDZAI,2026-01-15 06:00:00,48,51,88,0,P90 envelope,0.3409090909090909
REAL_HUMANITARIAN_GEOSPATIAL_DATA,DUDZAI,2026-01-15 06:00:00,48,51,88,0,Ensemble probability-weighted,8.737898011254413e-05
REAL_HUMANITARIAN_GEOSPATIAL_DATA,FINA,2025-11-18 18:00:00,48,51,131,0,Deterministic mean-track,0.0
REAL_HUMANITARIAN_GEOSPATIAL_DATA,FINA,2025-11-18 18:00:00,48,51,131,0,P90 envelope,0.22900763358778625
REAL_HUMANITARIAN_GEOSPATIAL_DATA,FINA,2025-11-18 18:00:00,48,51,131,0,Ensemble probability-weighted,6.456706316713185e-05
REAL_HUMANITARIAN_GEOSPATIAL_DATA,FINA,2025-11-19 00:00:00,48,51,142,0,Deterministic mean-track,0.0
REAL_HUMANITARIAN_GEOSPATIAL_DATA,FINA,2025-11-19 00:00:00,48,51,142,0,P90 envelope,0.2112676056338028
REAL_HUMANITARIAN_GEOSPATIAL_DATA,FINA,2025-11-19 00:00:00,48,51,142,0,Ensemble probability-weighted,9.476311927698448e-05
REAL_HUMANITARIAN_GEOSPATIAL_DATA,FINA,2025-11-19 06:00:00,48,51,142,0,Deterministic mean-track,0.0
REAL_HUMANITARIAN_GEOSPATIAL_DATA,FINA,2025-11-19 06:00:00,48,51,142,0,P90 envelope,0.23943661971830985
REAL_HUMANITARIAN_GEOSPATIAL_DATA,FINA,2025-11-19 06:00:00,48,51,142,0,Ensemble probability-weighted,8.122553080884384e-05
REAL_HUMANITARIAN_GEOSPATIAL_DATA,FINA,2025-11-19 12:00:00,48,51,150,0,Deterministic mean-track,0.0
REAL_HUMANITARIAN_GEOSPATIAL_DATA,FINA,2025-11-19 12:00:00,48,51,150,0,P90 envelope,0.17333333333333334
REAL_HUMANITARIAN_GEOSPATIAL_DATA,FINA,2025-11-19 12:00:00,48,51,150,0,Ensemble probability-weighted,8.714596949891068e-05
REAL_HUMANITARIAN_GEOSPATIAL_DATA,FINA,2025-11-19 18:00:00,48,51,154,0,Deterministic mean-track,0.0
REAL_HUMANITARIAN_GEOSPATIAL_DATA,FINA,2025-11-19 18:00:00,48,51,154,0,P90 envelope,0.18181818181818182
REAL_HUMANITARIAN_GEOSPATIAL_DATA,FINA,2025-11-19 18:00:00,48,51,154,0,Ensemble probability-weighted,0.00010485477613505296
REAL_HUMANITARIAN_GEOSPATIAL_DATA,FINA,2025-11-20 00:00:00,48,51,164,0,Deterministic mean-track,0.006097560975609756
REAL_HUMANITARIAN_GEOSPATIAL_DATA,FINA,2025-11-20 00:00:00,48,51,164,0,P90 envelope,0.1402439024390244
REAL_HUMANITARIAN_GEOSPATIAL_DATA,FINA,2025-11-20 00:00:00,48,51,164,0,Ensemble probability-weighted,6.329648071567221e-05
REAL_HUMANITARIAN_GEOSPATIAL_DATA,FINA,2025-11-20 06:00:00,48,51,173,0,Deterministic mean-track,0.0
REAL_HUMANITARIAN_GEOSPATIAL_DATA,FINA,2025-11-20 06:00:00,48,51,173,0,P90 envelope,0.10982658959537572
REAL_HUMANITARIAN_GEOSPATIAL_DATA,FINA,2025-11-20 06:00:00,48,51,173,0,Ensemble probability-weighted,9.778364479646557e-05
REAL_HUMANITARIAN_GEOSPATIAL_DATA,FINA,2025-11-20 12:00:00,48,51,173,1,Deterministic mean-track,0.0
REAL_HUMANITARIAN_GEOSPATIAL_DATA,FINA,2025-11-20 12:00:00,48,51,173,1,P90 envelope,0.11560693641618497
REAL_HUMANITARIAN_GEOSPATIAL_DATA,FINA,2025-11-20 12:00:00,48,51,173,1,Ensemble probability-weighted,0.005349209841479378
REAL_HUMANITARIAN_GEOSPATIAL_DATA,FINA,2025-11-20 18:00:00,48,51,180,0,Deterministic mean-track,0.0
REAL_HUMANITARIAN_GEOSPATIAL_DATA,FINA,2025-11-20 18:00:00,48,51,180,0,P90 envelope,0.1
REAL_HUMANITARIAN_GEOSPATIAL_DATA,FINA,2025-11-20 18:00:00,48,51,180,0,Ensemble probability-weighted,6.407791874919902e-05
REAL_HUMANITARIAN_GEOSPATIAL_DATA,FINA,2025-11-21 00:00:00,48,51,180,1,Deterministic mean-track,0.005555555555555556
REAL_HUMANITARIAN_GEOSPATIAL_DATA,FINA,2025-11-21 00:00:00,48,51,180,1,P90 envelope,0.09444444444444444
REAL_HUMANITARIAN_GEOSPATIAL_DATA,FINA,2025-11-21 00:00:00,48,51,180,1,Ensemble probability-weighted,0.005186039557435174
REAL_HUMANITARIAN_GEOSPATIAL_DATA,FINA,2025-11-21 06:00:00,48,51,180,0,Deterministic mean-track,0.005555555555555556
REAL_HUMANITARIAN_GEOSPATIAL_DATA,FINA,2025-11-21 06:00:00,48,51,180,0,P90 envelope,0.07222222222222222
REAL_HUMANITARIAN_GEOSPATIAL_DATA,FINA,2025-11-21 06:00:00,48,51,180,0,Ensemble probability-weighted,7.048571062411893e-05
REAL_HUMANITARIAN_GEOSPATIAL_DATA,FINA,2025-11-21 12:00:00,48,50,179,1,Deterministic mean-track,0.00558659217877095
REAL_HUMANITARIAN_GEOSPATIAL_DATA,FINA,2025-11-21 12:00:00,48,50,179,1,P90 envelope,0.0893854748603352
REAL_HUMANITARIAN_GEOSPATIAL_DATA,FINA,2025-11-21 12:00:00,48,50,179,1,Ensemble probability-weighted,0.004433519553072626
REAL_HUMANITARIAN_GEOSPATIAL_DATA,FINA,2025-11-21 18:00:00,48,51,179,0,Deterministic mean-track,0.0
REAL_HUMANITARIAN_GEOSPATIAL_DATA,FINA,2025-11-21 18:00:00,48,51,179,0,P90 envelope,0.0893854748603352
REAL_HUMANITARIAN_GEOSPATIAL_DATA,FINA,2025-11-21 18:00:00,48,51,179,0,Ensemble probability-weighted,6.873162234550958e-05
REAL_HUMANITARIAN_GEOSPATIAL_DATA,FINA,2025-11-22 00:00:00,48,51,176,1,Deterministic mean-track,0.005681818181818182
REAL_HUMANITARIAN_GEOSPATIAL_DATA,FINA,2025-11-22 00:00:00,48,51,176,1,P90 envelope,0.09659090909090909
REAL_HUMANITARIAN_GEOSPATIAL_DATA,FINA,2025-11-22 00:00:00,48,51,176,1,Ensemble probability-weighted,0.0045131243228129034
REAL_HUMANITARIAN_GEOSPATIAL_DATA,FINA,2025-11-22 06:00:00,48,51,176,0,Deterministic mean-track,0.0
REAL_HUMANITARIAN_GEOSPATIAL_DATA,FINA,2025-11-22 06:00:00,48,51,176,0,P90 envelope,0.10795454545454546
REAL_HUMANITARIAN_GEOSPATIAL_DATA,FINA,2025-11-22 06:00:00,48,51,176,0,Ensemble probability-weighted,9.830135262661215e-05
REAL_HUMANITARIAN_GEOSPATIAL_DATA,FINA,2025-11-22 12:00:00,48,51,176,0,Deterministic mean-track,0.005681818181818182
REAL_HUMANITARIAN_GEOSPATIAL_DATA,FINA,2025-11-22 12:00:00,48,51,176,0,P90 envelope,0.11931818181818182
REAL_HUMANITARIAN_GEOSPATIAL_DATA,FINA,2025-11-22 12:00:00,48,51,176,0,Ensemble probability-weighted,6.990318409003531e-05
REAL_HUMANITARIAN_GEOSPATIAL_DATA,FINA,2025-11-22 18:00:00,48,51,171,0,Deterministic mean-track,0.0
REAL_HUMANITARIAN_GEOSPATIAL_DATA,FINA,2025-11-22 18:00:00,48,51,171,0,P90 envelope,0.12280701754385964
REAL_HUMANITARIAN_GEOSPATIAL_DATA,FINA,2025-11-22 18:00:00,48,51,171,0,Ensemble probability-weighted,9.667896513037046e-05
REAL_HUMANITARIAN_GEOSPATIAL_DATA,FINA,2025-11-23 00:00:00,48,51,171,1,Deterministic mean-track,0.005847953216374269
REAL_HUMANITARIAN_GEOSPATIAL_DATA,FINA,2025-11-23 00:00:00,48,51,171,1,P90 envelope,0.14619883040935672
REAL_HUMANITARIAN_GEOSPATIAL_DATA,FINA,2025-11-23 00:00:00,48,51,171,1,Ensemble probability-weighted,0.005690568854534131
REAL_HUMANITARIAN_GEOSPATIAL_DATA,FINA,2025-11-23 06:00:00,48,45,171,0,Deterministic mean-track,0.005847953216374269
REAL_HUMANITARIAN_GEOSPATIAL_DATA,FINA,2025-11-23 06:00:00,48,45,171,0,P90 envelope,0.17543859649122806
REAL_HUMANITARIAN_GEOSPATIAL_DATA,FINA,2025-11-23 06:00:00,48,45,171,0,Ensemble probability-weighted,0.00010396361273554256
REAL_HUMANITARIAN_GEOSPATIAL_DATA,FUNG-WONG,2025-11-05 18:00:00,48,50,204,0,Deterministic mean-track,0.0
REAL_HUMANITARIAN_GEOSPATIAL_DATA,FUNG-WONG,2025-11-05 18:00:00,48,50,204,0,P90 envelope,0.16666666666666666
REAL_HUMANITARIAN_GEOSPATIAL_DATA,FUNG-WONG,2025-11-05 18:00:00,48,50,204,0,Ensemble probability-weighted,4.11764705882353e-05
REAL_HUMANITARIAN_GEOSPATIAL_DATA,FUNG-WONG,2025-11-06 00:00:00,48,47,215,0,Deterministic mean-track,0.0
REAL_HUMANITARIAN_GEOSPATIAL_DATA,FUNG-WONG,2025-11-06 00:00:00,48,47,215,0,P90 envelope,0.18604651162790697
REAL_HUMANITARIAN_GEOSPATIAL_DATA,FUNG-WONG,2025-11-06 00:00:00,48,47,215,0,Ensemble probability-weighted,6.316653857896343e-05
REAL_HUMANITARIAN_GEOSPATIAL_DATA,FUNG-WONG,2025-11-06 06:00:00,48,49,235,1,Deterministic mean-track,0.00425531914893617
REAL_HUMANITARIAN_GEOSPATIAL_DATA,FUNG-WONG,2025-11-06 06:00:00,48,49,235,1,P90 envelope,0.1276595744680851
REAL_HUMANITARIAN_GEOSPATIAL_DATA,FUNG-WONG,2025-11-06 06:00:00,48,49,235,1,Ensemble probability-weighted,0.004322666973867272
REAL_HUMANITARIAN_GEOSPATIAL_DATA,FUNG-WONG,2025-11-06 12:00:00,48,51,268,1,Deterministic mean-track,0.0037313432835820895
REAL_HUMANITARIAN_GEOSPATIAL_DATA,FUNG-WONG,2025-11-06 12:00:00,48,51,268,1,P90 envelope,0.12313432835820895
REAL_HUMANITARIAN_GEOSPATIAL_DATA,FUNG-WONG,2025-11-06 12:00:00,48,51,268,1,Ensemble probability-weighted,0.0035290674654409617
REAL_HUMANITARIAN_GEOSPATIAL_DATA,FUNG-WONG,2025-11-06 18:00:00,48,51,303,0,Deterministic mean-track,0.0
REAL_HUMANITARIAN_GEOSPATIAL_DATA,FUNG-WONG,2025-11-06 18:00:00,48,51,303,0,P90 envelope,0.11551155115511551
REAL_HUMANITARIAN_GEOSPATIAL_DATA,FUNG-WONG,2025-11-06 18:00:00,48,51,303,0,Ensemble probability-weighted,3.045287227684707e-05
REAL_HUMANITARIAN_GEOSPATIAL_DATA,FUNG-WONG,2025-11-07 00:00:00,48,51,332,0,Deterministic mean-track,0.0030120481927710845
REAL_HUMANITARIAN_GEOSPATIAL_DATA,FUNG-WONG,2025-11-07 00:00:00,48,51,332,0,P90 envelope,0.06626506024096386
REAL_HUMANITARIAN_GEOSPATIAL_DATA,FUNG-WONG,2025-11-07 00:00:00,48,51,332,0,Ensemble probability-weighted,2.3160693523806876e-05
REAL_HUMANITARIAN_GEOSPATIAL_DATA,FUNG-WONG,2025-11-07 06:00:00,48,51,365,0,Deterministic mean-track,0.0
REAL_HUMANITARIAN_GEOSPATIAL_DATA,FUNG-WONG,2025-11-07 06:00:00,48,51,365,0,P90 envelope,0.07945205479452055
REAL_HUMANITARIAN_GEOSPATIAL_DATA,FUNG-WONG,2025-11-07 06:00:00,48,51,365,0,Ensemble probability-weighted,3.8973419074855304e-05
REAL_HUMANITARIAN_GEOSPATIAL_DATA,FUNG-WONG,2025-11-07 12:00:00,48,50,408,0,Deterministic mean-track,0.0
REAL_HUMANITARIAN_GEOSPATIAL_DATA,FUNG-WONG,2025-11-07 12:00:00,48,50,408,0,P90 envelope,0.06372549019607843
REAL_HUMANITARIAN_GEOSPATIAL_DATA,FUNG-WONG,2025-11-07 12:00:00,48,50,408,0,Ensemble probability-weighted,5.88235294117647e-05
REAL_HUMANITARIAN_GEOSPATIAL_DATA,FUNG-WONG,2025-11-07 18:00:00,48,51,377,1,Deterministic mean-track,0.002652519893899204
REAL_HUMANITARIAN_GEOSPATIAL_DATA,FUNG-WONG,2025-11-07 18:00:00,48,51,377,1,P90 envelope,0.07161803713527852
REAL_HUMANITARIAN_GEOSPATIAL_DATA,FUNG-WONG,2025-11-07 18:00:00,48,51,377,1,Ensemble probability-weighted,0.00257195508358854
REAL_HUMANITARIAN_GEOSPATIAL_DATA,FUNG-WONG,2025-11-08 00:00:00,48,50,368,1,Deterministic mean-track,0.005434782608695652
REAL_HUMANITARIAN_GEOSPATIAL_DATA,FUNG-WONG,2025-11-08 00:00:00,48,50,368,1,P90 envelope,0.05434782608695652
REAL_HUMANITARIAN_GEOSPATIAL_DATA,FUNG-WONG,2025-11-08 00:00:00,48,50,368,1,Ensemble probability-weighted,0.002759782608695652
REAL_HUMANITARIAN_GEOSPATIAL_DATA,FUNG-WONG,2025-11-08 06:00:00,48,51,389,0,Deterministic mean-track,0.0
REAL_HUMANITARIAN_GEOSPATIAL_DATA,FUNG-WONG,2025-11-08 06:00:00,48,51,389,0,P90 envelope,0.05141388174807198
REAL_HUMANITARIAN_GEOSPATIAL_DATA,FUNG-WONG,2025-11-08 06:00:00,48,51,389,0,Ensemble probability-weighted,2.8662102473934785e-05
REAL_HUMANITARIAN_GEOSPATIAL_DATA,FUNG-WONG,2025-11-08 12:00:00,48,50,359,0,Deterministic mean-track,0.0
REAL_HUMANITARIAN_GEOSPATIAL_DATA,FUNG-WONG,2025-11-08 12:00:00,48,50,359,0,P90 envelope,0.052924791086350974
REAL_HUMANITARIAN_GEOSPATIAL_DATA,FUNG-WONG,2025-11-08 12:00:00,48,50,359,0,Ensemble probability-weighted,0.00011476323119777159
REAL_HUMANITARIAN_GEOSPATIAL_DATA,FUNG-WONG,2025-11-08 18:00:00,48,51,338,0,Deterministic mean-track,0.0
REAL_HUMANITARIAN_GEOSPATIAL_DATA,FUNG-WONG,2025-11-08 18:00:00,48,51,338,0,P90 envelope,0.0650887573964497
REAL_HUMANITARIAN_GEOSPATIAL_DATA,FUNG-WONG,2025-11-08 18:00:00,48,51,338,0,Ensemble probability-weighted,4.5499113904756706e-05
REAL_HUMANITARIAN_GEOSPATIAL_DATA,FUNG-WONG,2025-11-09 00:00:00,48,51,322,1,Deterministic mean-track,0.003105590062111801
REAL_HUMANITARIAN_GEOSPATIAL_DATA,FUNG-WONG,2025-11-09 00:00:00,48,51,322,1,P90 envelope,0.055900621118012424
REAL_HUMANITARIAN_GEOSPATIAL_DATA,FUNG-WONG,2025-11-09 00:00:00,48,51,322,1,Ensemble probability-weighted,0.0027879864648331625
REAL_HUMANITARIAN_GEOSPATIAL_DATA,FUNG-WONG,2025-11-09 06:00:00,48,51,303,1,Deterministic mean-track,0.0033003300330033004
REAL_HUMANITARIAN_GEOSPATIAL_DATA,FUNG-WONG,2025-11-09 06:00:00,48,51,303,1,P90 envelope,0.052805280528052806
REAL_HUMANITARIAN_GEOSPATIAL_DATA,FUNG-WONG,2025-11-09 06:00:00,48,51,303,1,Ensemble probability-weighted,0.003245768636840616
REAL_HUMANITARIAN_GEOSPATIAL_DATA,FUNG-WONG,2025-11-09 12:00:00,48,51,320,0,Deterministic mean-track,0.003125
REAL_HUMANITARIAN_GEOSPATIAL_DATA,FUNG-WONG,2025-11-09 12:00:00,48,51,320,0,P90 envelope,0.065625
REAL_HUMANITARIAN_GEOSPATIAL_DATA,FUNG-WONG,2025-11-09 12:00:00,48,51,320,0,Ensemble probability-weighted,9.731833910034603e-05
REAL_HUMANITARIAN_GEOSPATIAL_DATA,FUNG-WONG,2025-11-09 18:00:00,48,51,299,0,Deterministic mean-track,0.0
REAL_HUMANITARIAN_GEOSPATIAL_DATA,FUNG-WONG,2025-11-09 18:00:00,48,51,299,0,P90 envelope,0.0802675585284281
REAL_HUMANITARIAN_GEOSPATIAL_DATA,FUNG-WONG,2025-11-09 18:00:00,48,51,299,0,Ensemble probability-weighted,8.615158306748498e-05
REAL_HUMANITARIAN_GEOSPATIAL_DATA,FUNG-WONG,2025-11-10 00:00:00,48,51,294,0,Deterministic mean-track,0.0
REAL_HUMANITARIAN_GEOSPATIAL_DATA,FUNG-WONG,2025-11-10 00:00:00,48,51,294,0,P90 envelope,0.08843537414965986
REAL_HUMANITARIAN_GEOSPATIAL_DATA,FUNG-WONG,2025-11-10 00:00:00,48,51,294,0,Ensemble probability-weighted,6.930876925933773e-05
REAL_HUMANITARIAN_GEOSPATIAL_DATA,FUNG-WONG,2025-11-10 06:00:00,48,49,283,1,Deterministic mean-track,0.007067137809187279
REAL_HUMANITARIAN_GEOSPATIAL_DATA,FUNG-WONG,2025-11-10 06:00:00,48,49,283,1,P90 envelope,0.1519434628975265
REAL_HUMANITARIAN_GEOSPATIAL_DATA,FUNG-WONG,2025-11-10 06:00:00,48,49,283,1,Ensemble probability-weighted,0.0033039825867608166
REAL_HUMANITARIAN_GEOSPATIAL_DATA,FUNG-WONG,2025-11-10 12:00:00,48,47,291,0,Deterministic mean-track,0.003436426116838488
REAL_HUMANITARIAN_GEOSPATIAL_DATA,FUNG-WONG,2025-11-10 12:00:00,48,47,291,0,P90 envelope,0.16494845360824742
REAL_HUMANITARIAN_GEOSPATIAL_DATA,FUNG-WONG,2025-11-10 12:00:00,48,47,291,0,Ensemble probability-weighted,5.600332286382325e-05
REAL_HUMANITARIAN_GEOSPATIAL_DATA,FUNG-WONG,2025-11-10 18:00:00,48,41,268,0,Deterministic mean-track,0.0
REAL_HUMANITARIAN_GEOSPATIAL_DATA,FUNG-WONG,2025-11-10 18:00:00,48,41,268,0,P90 envelope,0.16417910447761194
REAL_HUMANITARIAN_GEOSPATIAL_DATA,FUNG-WONG,2025-11-10 18:00:00,48,41,268,0,Ensemble probability-weighted,6.21520594528843e-05
REAL_HUMANITARIAN_GEOSPATIAL_DATA,FUNG-WONG,2025-11-11 00:00:00,48,38,221,1,Deterministic mean-track,0.0
REAL_HUMANITARIAN_GEOSPATIAL_DATA,FUNG-WONG,2025-11-11 00:00:00,48,38,221,1,P90 envelope,0.21266968325791855
REAL_HUMANITARIAN_GEOSPATIAL_DATA,FUNG-WONG,2025-11-11 00:00:00,48,38,221,1,Ensemble probability-weighted,0.004336872187613593
REAL_HUMANITARIAN_GEOSPATIAL_DATA,FUNG-WONG,2025-11-11 06:00:00,48,42,204,0,Deterministic mean-track,0.004901960784313725
REAL_HUMANITARIAN_GEOSPATIAL_DATA,FUNG-WONG,2025-11-11 06:00:00,48,42,204,0,P90 envelope,0.28431372549019607
REAL_HUMANITARIAN_GEOSPATIAL_DATA,FUNG-WONG,2025-11-11 06:00:00,48,42,204,0,Ensemble probability-weighted,4.168334000266773e-05
REAL_HUMANITARIAN_GEOSPATIAL_DATA,FUNG-WONG,2025-11-11 12:00:00,48,33,171,0,Deterministic mean-track,0.0
REAL_HUMANITARIAN_GEOSPATIAL_DATA,FUNG-WONG,2025-11-11 12:00:00,48,33,171,0,P90 envelope,0.42105263157894735
REAL_HUMANITARIAN_GEOSPATIAL_DATA,FUNG-WONG,2025-11-11 12:00:00,48,33,171,0,Ensemble probability-weighted,4.833019187086173e-05
REAL_HUMANITARIAN_GEOSPATIAL_DATA,FUNG-WONG,2025-11-11 18:00:00,48,16,131,0,Deterministic mean-track,0.007633587786259542
REAL_HUMANITARIAN_GEOSPATIAL_DATA,FUNG-WONG,2025-11-11 18:00:00,48,16,131,0,P90 envelope,0.45038167938931295
REAL_HUMANITARIAN_GEOSPATIAL_DATA,FUNG-WONG,2025-11-11 18:00:00,48,16,131,0,Ensemble probability-weighted,8.945610687022901e-05
REAL_HUMANITARIAN_GEOSPATIAL_DATA,GEZANI,2026-02-10 00:00:00,48,46,189,0,Deterministic mean-track,0.0
REAL_HUMANITARIAN_GEOSPATIAL_DATA,GEZANI,2026-02-10 00:00:00,48,46,189,0,P90 envelope,0.10582010582010581
REAL_HUMANITARIAN_GEOSPATIAL_DATA,GEZANI,2026-02-10 00:00:00,48,46,189,0,Ensemble probability-weighted,0.00015002850541602904
REAL_HUMANITARIAN_GEOSPATIAL_DATA,GEZANI,2026-02-10 06:00:00,48,48,211,0,Deterministic mean-track,0.0
REAL_HUMANITARIAN_GEOSPATIAL_DATA,GEZANI,2026-02-10 06:00:00,48,48,211,0,P90 envelope,0.08056872037914692
REAL_HUMANITARIAN_GEOSPATIAL_DATA,GEZANI,2026-02-10 06:00:00,48,48,211,0,Ensemble probability-weighted,4.525408109531332e-05
REAL_HUMANITARIAN_GEOSPATIAL_DATA,GEZANI,2026-02-10 12:00:00,48,49,209,0,Deterministic mean-track,0.0
REAL_HUMANITARIAN_GEOSPATIAL_DATA,GEZANI,2026-02-10 12:00:00,48,49,209,0,P90 envelope,0.06698564593301436
REAL_HUMANITARIAN_GEOSPATIAL_DATA,GEZANI,2026-02-10 12:00:00,48,49,209,0,Ensemble probability-weighted,6.974765299147683e-05
REAL_HUMANITARIAN_GEOSPATIAL_DATA,GEZANI,2026-02-10 18:00:00,48,49,215,1,Deterministic mean-track,0.0
REAL_HUMANITARIAN_GEOSPATIAL_DATA,GEZANI,2026-02-10 18:00:00,48,49,215,1,P90 envelope,0.09302325581395349
REAL_HUMANITARIAN_GEOSPATIAL_DATA,GEZANI,2026-02-10 18:00:00,48,49,215,1,Ensemble probability-weighted,0.003622521623742044
REAL_HUMANITARIAN_GEOSPATIAL_DATA,GEZANI,2026-02-11 00:00:00,48,49,220,0,Deterministic mean-track,0.0
REAL_HUMANITARIAN_GEOSPATIAL_DATA,GEZANI,2026-02-11 00:00:00,48,49,220,0,P90 envelope,0.08181818181818182
REAL_HUMANITARIAN_GEOSPATIAL_DATA,GEZANI,2026-02-11 00:00:00,48,49,220,0,Ensemble probability-weighted,0.00011926848661542537
REAL_HUMANITARIAN_GEOSPATIAL_DATA,GEZANI,2026-02-11 06:00:00,48,51,216,0,Deterministic mean-track,0.0
REAL_HUMANITARIAN_GEOSPATIAL_DATA,GEZANI,2026-02-11 06:00:00,48,51,216,0,P90 envelope,0.0787037037037037
REAL_HUMANITARIAN_GEOSPATIAL_DATA,GEZANI,2026-02-11 06:00:00,48,51,216,0,Ensemble probability-weighted,0.00013527560624830904
REAL_HUMANITARIAN_GEOSPATIAL_DATA,GEZANI,2026-02-11 12:00:00,48,51,207,0,Deterministic mean-track,0.0
REAL_HUMANITARIAN_GEOSPATIAL_DATA,GEZANI,2026-02-11 12:00:00,48,51,207,0,P90 envelope,0.0821256038647343
REAL_HUMANITARIAN_GEOSPATIAL_DATA,GEZANI,2026-02-11 12:00:00,48,51,207,0,Ensemble probability-weighted,9.286654891188265e-05
REAL_HUMANITARIAN_GEOSPATIAL_DATA,GEZANI,2026-02-11 18:00:00,48,51,198,1,Deterministic mean-track,0.010101010101010102
REAL_HUMANITARIAN_GEOSPATIAL_DATA,GEZANI,2026-02-11 18:00:00,48,51,198,1,P90 envelope,0.10101010101010101
REAL_HUMANITARIAN_GEOSPATIAL_DATA,GEZANI,2026-02-11 18:00:00,48,51,198,1,Ensemble probability-weighted,0.005100990683458965
REAL_HUMANITARIAN_GEOSPATIAL_DATA,GEZANI,2026-02-12 00:00:00,48,51,200,0,Deterministic mean-track,0.0
REAL_HUMANITARIAN_GEOSPATIAL_DATA,GEZANI,2026-02-12 00:00:00,48,51,200,0,P90 envelope,0.08
REAL_HUMANITARIAN_GEOSPATIAL_DATA,GEZANI,2026-02-12 00:00:00,48,51,200,0,Ensemble probability-weighted,4.421376393694732e-05
REAL_HUMANITARIAN_GEOSPATIAL_DATA,GEZANI,2026-02-12 06:00:00,48,51,201,1,Deterministic mean-track,0.004975124378109453
REAL_HUMANITARIAN_GEOSPATIAL_DATA,GEZANI,2026-02-12 06:00:00,48,51,201,1,P90 envelope,0.06965174129353234
REAL_HUMANITARIAN_GEOSPATIAL_DATA,GEZANI,2026-02-12 06:00:00,48,51,201,1,Ensemble probability-weighted,0.004942607225311351
REAL_HUMANITARIAN_GEOSPATIAL_DATA,GEZANI,2026-02-12 12:00:00,48,51,214,0,Deterministic mean-track,0.0
REAL_HUMANITARIAN_GEOSPATIAL_DATA,GEZANI,2026-02-12 12:00:00,48,51,214,0,P90 envelope,0.08411214953271028
REAL_HUMANITARIAN_GEOSPATIAL_DATA,GEZANI,2026-02-12 12:00:00,48,51,214,0,Ensemble probability-weighted,0.00011677751547751226
REAL_HUMANITARIAN_GEOSPATIAL_DATA,GEZANI,2026-02-12 18:00:00,48,51,228,0,Deterministic mean-track,0.0
REAL_HUMANITARIAN_GEOSPATIAL_DATA,GEZANI,2026-02-12 18:00:00,48,51,228,0,P90 envelope,0.08333333333333333
REAL_HUMANITARIAN_GEOSPATIAL_DATA,GEZANI,2026-02-12 18:00:00,48,51,228,0,Ensemble probability-weighted,8.937183404493547e-05
REAL_HUMANITARIAN_GEOSPATIAL_DATA,GEZANI,2026-02-13 00:00:00,48,51,233,0,Deterministic mean-track,0.0
REAL_HUMANITARIAN_GEOSPATIAL_DATA,GEZANI,2026-02-13 00:00:00,48,51,233,0,P90 envelope,0.12017167381974249
REAL_HUMANITARIAN_GEOSPATIAL_DATA,GEZANI,2026-02-13 00:00:00,48,51,233,0,Ensemble probability-weighted,8.580390836802618e-05
REAL_HUMANITARIAN_GEOSPATIAL_DATA,GEZANI,2026-02-13 06:00:00,48,51,236,0,Deterministic mean-track,0.0
REAL_HUMANITARIAN_GEOSPATIAL_DATA,GEZANI,2026-02-13 06:00:00,48,51,236,0,P90 envelope,0.0847457627118644
REAL_HUMANITARIAN_GEOSPATIAL_DATA,GEZANI,2026-02-13 06:00:00,48,51,236,0,Ensemble probability-weighted,0.00010100417701144932
REAL_HUMANITARIAN_GEOSPATIAL_DATA,GEZANI,2026-02-13 12:00:00,48,50,238,0,Deterministic mean-track,0.0
REAL_HUMANITARIAN_GEOSPATIAL_DATA,GEZANI,2026-02-13 12:00:00,48,50,238,0,P90 envelope,0.15126050420168066
REAL_HUMANITARIAN_GEOSPATIAL_DATA,GEZANI,2026-02-13 12:00:00,48,50,238,0,Ensemble probability-weighted,7.22689075630252e-05
REAL_HUMANITARIAN_GEOSPATIAL_DATA,GEZANI,2026-02-13 18:00:00,48,51,239,0,Deterministic mean-track,0.0041841004184100415
REAL_HUMANITARIAN_GEOSPATIAL_DATA,GEZANI,2026-02-13 18:00:00,48,51,239,0,P90 envelope,0.2301255230125523
REAL_HUMANITARIAN_GEOSPATIAL_DATA,GEZANI,2026-02-13 18:00:00,48,51,239,0,Ensemble probability-weighted,5.308547243657493e-05
REAL_HUMANITARIAN_GEOSPATIAL_DATA,KALMAEGI,2025-11-01 12:00:00,48,51,262,1,Deterministic mean-track,0.007633587786259542
REAL_HUMANITARIAN_GEOSPATIAL_DATA,KALMAEGI,2025-11-01 12:00:00,48,51,262,1,P90 envelope,0.12595419847328243
REAL_HUMANITARIAN_GEOSPATIAL_DATA,KALMAEGI,2025-11-01 12:00:00,48,51,262,1,Ensemble probability-weighted,0.0036949969330644997
REAL_HUMANITARIAN_GEOSPATIAL_DATA,KALMAEGI,2025-11-01 18:00:00,48,51,284,0,Deterministic mean-track,0.0035211267605633804
REAL_HUMANITARIAN_GEOSPATIAL_DATA,KALMAEGI,2025-11-01 18:00:00,48,51,284,0,P90 envelope,0.10915492957746478
REAL_HUMANITARIAN_GEOSPATIAL_DATA,KALMAEGI,2025-11-01 18:00:00,48,51,284,0,Ensemble probability-weighted,5.415035387256256e-05
REAL_HUMANITARIAN_GEOSPATIAL_DATA,KALMAEGI,2025-11-02 00:00:00,48,51,275,1,Deterministic mean-track,0.0036363636363636364
REAL_HUMANITARIAN_GEOSPATIAL_DATA,KALMAEGI,2025-11-02 00:00:00,48,51,275,1,P90 envelope,0.17454545454545456
REAL_HUMANITARIAN_GEOSPATIAL_DATA,KALMAEGI,2025-11-02 00:00:00,48,51,275,1,Ensemble probability-weighted,0.0035231204781377796
REAL_HUMANITARIAN_GEOSPATIAL_DATA,KALMAEGI,2025-11-02 12:00:00,48,51,296,0,Deterministic mean-track,0.0
REAL_HUMANITARIAN_GEOSPATIAL_DATA,KALMAEGI,2025-11-02 12:00:00,48,51,296,0,P90 envelope,0.17905405405405406
REAL_HUMANITARIAN_GEOSPATIAL_DATA,KALMAEGI,2025-11-02 12:00:00,48,51,296,0,Ensemble probability-weighted,4.026517867348317e-05
REAL_HUMANITARIAN_GEOSPATIAL_DATA,KALMAEGI,2025-11-02 18:00:00,48,50,297,0,Deterministic mean-track,0.0
REAL_HUMANITARIAN_GEOSPATIAL_DATA,KALMAEGI,2025-11-02 18:00:00,48,50,297,0,P90 envelope,0.1447811447811448
REAL_HUMANITARIAN_GEOSPATIAL_DATA,KALMAEGI,2025-11-02 18:00:00,48,50,297,0,Ensemble probability-weighted,2.424242424242424e-05
REAL_HUMANITARIAN_GEOSPATIAL_DATA,KALMAEGI,2025-11-03 00:00:00,48,51,307,0,Deterministic mean-track,0.003257328990228013
REAL_HUMANITARIAN_GEOSPATIAL_DATA,KALMAEGI,2025-11-03 00:00:00,48,51,307,0,P90 envelope,0.15960912052117263
REAL_HUMANITARIAN_GEOSPATIAL_DATA,KALMAEGI,2025-11-03 00:00:00,48,51,307,0,Ensemble probability-weighted,6.386919588682379e-05
REAL_HUMANITARIAN_GEOSPATIAL_DATA,KALMAEGI,2025-11-03 06:00:00,48,50,320,0,Deterministic mean-track,0.0
REAL_HUMANITARIAN_GEOSPATIAL_DATA,KALMAEGI,2025-11-03 06:00:00,48,50,320,0,P90 envelope,0.128125
REAL_HUMANITARIAN_GEOSPATIAL_DATA,KALMAEGI,2025-11-03 06:00:00,48,50,320,0,Ensemble probability-weighted,4.2499999999999996e-05
REAL_HUMANITARIAN_GEOSPATIAL_DATA,KALMAEGI,2025-11-03 12:00:00,48,51,335,0,Deterministic mean-track,0.0
REAL_HUMANITARIAN_GEOSPATIAL_DATA,KALMAEGI,2025-11-03 12:00:00,48,51,335,0,P90 envelope,0.09253731343283582
REAL_HUMANITARIAN_GEOSPATIAL_DATA,KALMAEGI,2025-11-03 12:00:00,48,51,335,0,Ensemble probability-weighted,2.180562011166773e-05
REAL_HUMANITARIAN_GEOSPATIAL_DATA,KALMAEGI,2025-11-03 18:00:00,48,51,346,0,Deterministic mean-track,0.002890173410404624
REAL_HUMANITARIAN_GEOSPATIAL_DATA,KALMAEGI,2025-11-03 18:00:00,48,51,346,0,P90 envelope,0.0953757225433526
REAL_HUMANITARIAN_GEOSPATIAL_DATA,KALMAEGI,2025-11-03 18:00:00,48,51,346,0,Ensemble probability-weighted,5.667006687067891e-05
REAL_HUMANITARIAN_GEOSPATIAL_DATA,KALMAEGI,2025-11-04 00:00:00,48,51,343,0,Deterministic mean-track,0.0
REAL_HUMANITARIAN_GEOSPATIAL_DATA,KALMAEGI,2025-11-04 00:00:00,48,51,343,0,P90 envelope,0.09329446064139942
REAL_HUMANITARIAN_GEOSPATIAL_DATA,KALMAEGI,2025-11-04 00:00:00,48,51,343,0,Ensemble probability-weighted,2.914330998505845e-05
REAL_HUMANITARIAN_GEOSPATIAL_DATA,KALMAEGI,2025-11-04 06:00:00,48,51,327,0,Deterministic mean-track,0.0
REAL_HUMANITARIAN_GEOSPATIAL_DATA,KALMAEGI,2025-11-04 06:00:00,48,51,327,0,P90 envelope,0.09785932721712538
REAL_HUMANITARIAN_GEOSPATIAL_DATA,KALMAEGI,2025-11-04 06:00:00,48,51,327,0,Ensemble probability-weighted,6.584153119183754e-05
REAL_HUMANITARIAN_GEOSPATIAL_DATA,KALMAEGI,2025-11-04 12:00:00,48,51,319,0,Deterministic mean-track,0.003134796238244514
REAL_HUMANITARIAN_GEOSPATIAL_DATA,KALMAEGI,2025-11-04 12:00:00,48,51,319,0,P90 envelope,0.06583072100313479
REAL_HUMANITARIAN_GEOSPATIAL_DATA,KALMAEGI,2025-11-04 12:00:00,48,51,319,0,Ensemble probability-weighted,8.195545720900691e-05
REAL_HUMANITARIAN_GEOSPATIAL_DATA,KALMAEGI,2025-11-04 18:00:00,48,50,306,0,Deterministic mean-track,0.0
REAL_HUMANITARIAN_GEOSPATIAL_DATA,KALMAEGI,2025-11-04 18:00:00,48,50,306,0,P90 envelope,0.09477124183006536
REAL_HUMANITARIAN_GEOSPATIAL_DATA,KALMAEGI,2025-11-04 18:00:00,48,50,306,0,Ensemble probability-weighted,3.0065359477124182e-05
REAL_HUMANITARIAN_GEOSPATIAL_DATA,KALMAEGI,2025-11-05 00:00:00,48,51,277,0,Deterministic mean-track,0.0036101083032490976
REAL_HUMANITARIAN_GEOSPATIAL_DATA,KALMAEGI,2025-11-05 00:00:00,48,51,277,0,P90 envelope,0.10108303249097472
REAL_HUMANITARIAN_GEOSPATIAL_DATA,KALMAEGI,2025-11-05 00:00:00,48,51,277,0,Ensemble probability-weighted,1.8043601669449546e-05
REAL_HUMANITARIAN_GEOSPATIAL_DATA,KALMAEGI,2025-11-05 06:00:00,48,50,266,0,Deterministic mean-track,0.0
REAL_HUMANITARIAN_GEOSPATIAL_DATA,KALMAEGI,2025-11-05 06:00:00,48,50,266,0,P90 envelope,0.08270676691729323
REAL_HUMANITARIAN_GEOSPATIAL_DATA,KALMAEGI,2025-11-05 06:00:00,48,50,266,0,Ensemble probability-weighted,8.1203007518797e-05
REAL_HUMANITARIAN_GEOSPATIAL_DATA,KALMAEGI,2025-11-05 12:00:00,48,51,242,0,Deterministic mean-track,0.0
REAL_HUMANITARIAN_GEOSPATIAL_DATA,KALMAEGI,2025-11-05 12:00:00,48,51,242,0,P90 envelope,0.07024793388429752
REAL_HUMANITARIAN_GEOSPATIAL_DATA,KALMAEGI,2025-11-05 12:00:00,48,51,242,0,Ensemble probability-weighted,0.000100088649947096
REAL_HUMANITARIAN_GEOSPATIAL_DATA,KALMAEGI,2025-11-05 18:00:00,48,51,236,0,Deterministic mean-track,0.00423728813559322
REAL_HUMANITARIAN_GEOSPATIAL_DATA,KALMAEGI,2025-11-05 18:00:00,48,51,236,0,P90 envelope,0.09745762711864407
REAL_HUMANITARIAN_GEOSPATIAL_DATA,KALMAEGI,2025-11-05 18:00:00,48,51,236,0,Ensemble probability-weighted,8.308408109006314e-05
REAL_HUMANITARIAN_GEOSPATIAL_DATA,KOTO,2025-11-25 12:00:00,48,51,336,0,Deterministic mean-track,0.0
REAL_HUMANITARIAN_GEOSPATIAL_DATA,KOTO,2025-11-25 12:00:00,48,51,336,0,P90 envelope,0.08035714285714286
REAL_HUMANITARIAN_GEOSPATIAL_DATA,KOTO,2025-11-25 12:00:00,48,51,336,0,Ensemble probability-weighted,5.2635433258270637e-05
REAL_HUMANITARIAN_GEOSPATIAL_DATA,KOTO,2025-11-25 18:00:00,48,50,341,0,Deterministic mean-track,0.002932551319648094
REAL_HUMANITARIAN_GEOSPATIAL_DATA,KOTO,2025-11-25 18:00:00,48,50,341,0,P90 envelope,0.06451612903225806
REAL_HUMANITARIAN_GEOSPATIAL_DATA,KOTO,2025-11-25 18:00:00,48,50,341,0,Ensemble probability-weighted,6.217008797653958e-05
REAL_HUMANITARIAN_GEOSPATIAL_DATA,KOTO,2025-11-26 00:00:00,48,51,340,0,Deterministic mean-track,0.0
REAL_HUMANITARIAN_GEOSPATIAL_DATA,KOTO,2025-11-26 00:00:00,48,51,340,0,P90 envelope,0.047058823529411764
REAL_HUMANITARIAN_GEOSPATIAL_DATA,KOTO,2025-11-26 00:00:00,48,51,340,0,Ensemble probability-weighted,9.837845172671144e-05
REAL_HUMANITARIAN_GEOSPATIAL_DATA,KOTO,2025-11-26 06:00:00,48,51,324,0,Deterministic mean-track,0.0
REAL_HUMANITARIAN_GEOSPATIAL_DATA,KOTO,2025-11-26 06:00:00,48,51,324,0,P90 envelope,0.06481481481481481
REAL_HUMANITARIAN_GEOSPATIAL_DATA,KOTO,2025-11-26 06:00:00,48,51,324,0,Ensemble probability-weighted,3.797209999952535e-05
REAL_HUMANITARIAN_GEOSPATIAL_DATA,KOTO,2025-11-26 12:00:00,48,51,318,1,Deterministic mean-track,0.0031446540880503146
REAL_HUMANITARIAN_GEOSPATIAL_DATA,KOTO,2025-11-26 12:00:00,48,51,318,1,P90 envelope,0.0660377358490566
REAL_HUMANITARIAN_GEOSPATIAL_DATA,KOTO,2025-11-26 12:00:00,48,51,318,1,Ensemble probability-weighted,0.002570370853977305
REAL_HUMANITARIAN_GEOSPATIAL_DATA,KOTO,2025-11-26 18:00:00,48,51,328,0,Deterministic mean-track,0.003048780487804878
REAL_HUMANITARIAN_GEOSPATIAL_DATA,KOTO,2025-11-26 18:00:00,48,51,328,0,P90 envelope,0.06707317073170732
REAL_HUMANITARIAN_GEOSPATIAL_DATA,KOTO,2025-11-26 18:00:00,48,51,328,0,Ensemble probability-weighted,6.446863776596243e-05
REAL_HUMANITARIAN_GEOSPATIAL_DATA,KOTO,2025-11-27 00:00:00,48,51,343,0,Deterministic mean-track,0.0
REAL_HUMANITARIAN_GEOSPATIAL_DATA,KOTO,2025-11-27 00:00:00,48,51,343,0,P90 envelope,0.04664723032069971
REAL_HUMANITARIAN_GEOSPATIAL_DATA,KOTO,2025-11-27 00:00:00,48,51,343,0,Ensemble probability-weighted,2.914330998505845e-05
REAL_HUMANITARIAN_GEOSPATIAL_DATA,KOTO,2025-11-27 06:00:00,48,50,336,0,Deterministic mean-track,0.002976190476190476
REAL_HUMANITARIAN_GEOSPATIAL_DATA,KOTO,2025-11-27 06:00:00,48,50,336,0,P90 envelope,0.0625
REAL_HUMANITARIAN_GEOSPATIAL_DATA,KOTO,2025-11-27 06:00:00,48,50,336,0,Ensemble probability-weighted,5.238095238095237e-05
REAL_HUMANITARIAN_GEOSPATIAL_DATA,KOTO,2025-11-27 12:00:00,48,51,336,0,Deterministic mean-track,0.0
REAL_HUMANITARIAN_GEOSPATIAL_DATA,KOTO,2025-11-27 12:00:00,48,51,336,0,P90 envelope,0.047619047619047616
REAL_HUMANITARIAN_GEOSPATIAL_DATA,KOTO,2025-11-27 12:00:00,48,51,336,0,Ensemble probability-weighted,4.0048699218249395e-05
REAL_HUMANITARIAN_GEOSPATIAL_DATA,KOTO,2025-11-27 18:00:00,48,51,322,0,Deterministic mean-track,0.003105590062111801
REAL_HUMANITARIAN_GEOSPATIAL_DATA,KOTO,2025-11-27 18:00:00,48,51,322,0,P90 envelope,0.034161490683229816
REAL_HUMANITARIAN_GEOSPATIAL_DATA,KOTO,2025-11-27 18:00:00,48,51,322,0,Ensemble probability-weighted,4.537194246837696e-05
REAL_HUMANITARIAN_GEOSPATIAL_DATA,KOTO,2025-11-28 00:00:00,48,51,331,0,Deterministic mean-track,0.0030211480362537764
REAL_HUMANITARIAN_GEOSPATIAL_DATA,KOTO,2025-11-28 00:00:00,48,51,331,0,P90 envelope,0.03625377643504532
REAL_HUMANITARIAN_GEOSPATIAL_DATA,KOTO,2025-11-28 00:00:00,48,51,331,0,Ensemble probability-weighted,4.065366446323806e-05
REAL_HUMANITARIAN_GEOSPATIAL_DATA,KOTO,2025-11-28 06:00:00,48,49,324,1,Deterministic mean-track,0.0030864197530864196
REAL_HUMANITARIAN_GEOSPATIAL_DATA,KOTO,2025-11-28 06:00:00,48,49,324,1,P90 envelope,0.046296296296296294
REAL_HUMANITARIAN_GEOSPATIAL_DATA,KOTO,2025-11-28 06:00:00,48,49,324,1,Ensemble probability-weighted,0.002941161347380978
REAL_HUMANITARIAN_GEOSPATIAL_DATA,KOTO,2025-11-28 12:00:00,48,51,337,0,Deterministic mean-track,0.0
REAL_HUMANITARIAN_GEOSPATIAL_DATA,KOTO,2025-11-28 12:00:00,48,51,337,0,P90 envelope,0.050445103857566766
REAL_HUMANITARIAN_GEOSPATIAL_DATA,KOTO,2025-11-28 12:00:00,48,51,337,0,Ensemble probability-weighted,2.738047566731354e-05
REAL_HUMANITARIAN_GEOSPATIAL_DATA,KOTO,2025-11-28 18:00:00,48,50,325,0,Deterministic mean-track,0.0
REAL_HUMANITARIAN_GEOSPATIAL_DATA,KOTO,2025-11-28 18:00:00,48,50,325,0,P90 envelope,0.04
REAL_HUMANITARIAN_GEOSPATIAL_DATA,KOTO,2025-11-28 18:00:00,48,50,325,0,Ensemble probability-weighted,5.2923076923076925e-05
REAL_HUMANITARIAN_GEOSPATIAL_DATA,KOTO,2025-11-29 00:00:00,48,51,325,0,Deterministic mean-track,0.003076923076923077
REAL_HUMANITARIAN_GEOSPATIAL_DATA,KOTO,2025-11-29 00:00:00,48,51,325,0,P90 envelope,0.06461538461538462
REAL_HUMANITARIAN_GEOSPATIAL_DATA,KOTO,2025-11-29 00:00:00,48,51,325,0,Ensemble probability-weighted,3.5489308845710235e-05
REAL_HUMANITARIAN_GEOSPATIAL_DATA,KOTO,2025-11-29 06:00:00,48,51,335,0,Deterministic mean-track,0.0029850746268656717
REAL_HUMANITARIAN_GEOSPATIAL_DATA,KOTO,2025-11-29 06:00:00,48,51,335,0,P90 envelope,0.05970149253731343
REAL_HUMANITARIAN_GEOSPATIAL_DATA,KOTO,2025-11-29 06:00:00,48,51,335,0,Ensemble probability-weighted,6.656452455140677e-05
REAL_HUMANITARIAN_GEOSPATIAL_DATA,KOTO,2025-11-29 12:00:00,48,51,335,0,Deterministic mean-track,0.0029850746268656717
REAL_HUMANITARIAN_GEOSPATIAL_DATA,KOTO,2025-11-29 12:00:00,48,51,335,0,P90 envelope,0.056716417910447764
REAL_HUMANITARIAN_GEOSPATIAL_DATA,KOTO,2025-11-29 12:00:00,48,51,335,0,Ensemble probability-weighted,2.6396276977281984e-05
REAL_HUMANITARIAN_GEOSPATIAL_DATA,KOTO,2025-11-29 18:00:00,48,50,329,0,Deterministic mean-track,0.0
REAL_HUMANITARIAN_GEOSPATIAL_DATA,KOTO,2025-11-29 18:00:00,48,50,329,0,P90 envelope,0.07598784194528875
REAL_HUMANITARIAN_GEOSPATIAL_DATA,KOTO,2025-11-29 18:00:00,48,50,329,0,Ensemble probability-weighted,5.2279635258358665e-05
REAL_HUMANITARIAN_GEOSPATIAL_DATA,KOTO,2025-11-30 00:00:00,48,42,329,0,Deterministic mean-track,0.0
REAL_HUMANITARIAN_GEOSPATIAL_DATA,KOTO,2025-11-30 00:00:00,48,42,329,0,P90 envelope,0.04559270516717325
REAL_HUMANITARIAN_GEOSPATIAL_DATA,KOTO,2025-11-30 00:00:00,48,42,329,0,Ensemble probability-weighted,1.5507722845977294e-05
REAL_HUMANITARIAN_GEOSPATIAL_DATA,KOTO,2025-11-30 06:00:00,48,49,327,0,Deterministic mean-track,0.0030581039755351682
REAL_HUMANITARIAN_GEOSPATIAL_DATA,KOTO,2025-11-30 06:00:00,48,49,327,0,P90 envelope,0.05198776758409786
REAL_HUMANITARIAN_GEOSPATIAL_DATA,KOTO,2025-11-30 06:00:00,48,49,327,0,Ensemble probability-weighted,5.349453018428865e-05
REAL_HUMANITARIAN_GEOSPATIAL_DATA,KOTO,2025-11-30 12:00:00,48,44,327,0,Deterministic mean-track,0.0
REAL_HUMANITARIAN_GEOSPATIAL_DATA,KOTO,2025-11-30 12:00:00,48,44,327,0,P90 envelope,0.04281345565749235
REAL_HUMANITARIAN_GEOSPATIAL_DATA,KOTO,2025-11-30 12:00:00,48,44,327,0,Ensemble probability-weighted,4.5808375666590845e-05
REAL_HUMANITARIAN_GEOSPATIAL_DATA,KOTO,2025-11-30 18:00:00,48,48,313,1,Deterministic mean-track,0.0
REAL_HUMANITARIAN_GEOSPATIAL_DATA,KOTO,2025-11-30 18:00:00,48,48,313,1,P90 envelope,0.054313099041533544
REAL_HUMANITARIAN_GEOSPATIAL_DATA,KOTO,2025-11-30 18:00:00,48,48,313,1,Ensemble probability-weighted,0.002608326677316294
REAL_HUMANITARIAN_GEOSPATIAL_DATA,KOTO,2025-12-01 00:00:00,48,46,327,0,Deterministic mean-track,0.0
REAL_HUMANITARIAN_GEOSPATIAL_DATA,KOTO,2025-12-01 00:00:00,48,46,327,0,P90 envelope,0.04281345565749235
REAL_HUMANITARIAN_GEOSPATIAL_DATA,KOTO,2025-12-01 00:00:00,48,46,327,0,Ensemble probability-weighted,8.237803714815906e-05
REAL_HUMANITARIAN_GEOSPATIAL_DATA,KOTO,2025-12-01 06:00:00,48,32,325,0,Deterministic mean-track,0.0
REAL_HUMANITARIAN_GEOSPATIAL_DATA,KOTO,2025-12-01 06:00:00,48,32,325,0,P90 envelope,0.06461538461538462
REAL_HUMANITARIAN_GEOSPATIAL_DATA,KOTO,2025-12-01 06:00:00,48,32,325,0,Ensemble probability-weighted,4.807692307692308e-05
REAL_HUMANITARIAN_GEOSPATIAL_DATA,KOTO,2025-12-01 12:00:00,48,11,314,0,Deterministic mean-track,0.0
REAL_HUMANITARIAN_GEOSPATIAL_DATA,KOTO,2025-12-01 12:00:00,48,11,314,0,P90 envelope,0.10191082802547771
REAL_HUMANITARIAN_GEOSPATIAL_DATA,KOTO,2025-12-01 12:00:00,48,11,314,0,Ensemble probability-weighted,0.0001842396167815971
REAL_HUMANITARIAN_GEOSPATIAL_DATA,MELISSA,2025-10-23 00:00:00,48,51,168,0,Deterministic mean-track,0.0
REAL_HUMANITARIAN_GEOSPATIAL_DATA,MELISSA,2025-10-23 00:00:00,48,51,168,0,P90 envelope,0.25595238095238093
REAL_HUMANITARIAN_GEOSPATIAL_DATA,MELISSA,2025-10-23 00:00:00,48,51,168,0,Ensemble probability-weighted,0.00011900184910565536
REAL_HUMANITARIAN_GEOSPATIAL_DATA,MELISSA,2025-10-23 06:00:00,48,50,168,0,Deterministic mean-track,0.0
REAL_HUMANITARIAN_GEOSPATIAL_DATA,MELISSA,2025-10-23 06:00:00,48,50,168,0,P90 envelope,0.2976190476190476
REAL_HUMANITARIAN_GEOSPATIAL_DATA,MELISSA,2025-10-23 06:00:00,48,50,168,0,Ensemble probability-weighted,3.80952380952381e-05
REAL_HUMANITARIAN_GEOSPATIAL_DATA,MELISSA,2025-10-23 12:00:00,48,50,168,1,Deterministic mean-track,0.005952380952380952
REAL_HUMANITARIAN_GEOSPATIAL_DATA,MELISSA,2025-10-23 12:00:00,48,50,168,1,P90 envelope,0.2976190476190476
REAL_HUMANITARIAN_GEOSPATIAL_DATA,MELISSA,2025-10-23 12:00:00,48,50,168,1,Ensemble probability-weighted,0.005542857142857143
REAL_HUMANITARIAN_GEOSPATIAL_DATA,MELISSA,2025-10-23 18:00:00,48,50,171,0,Deterministic mean-track,0.005847953216374269
REAL_HUMANITARIAN_GEOSPATIAL_DATA,MELISSA,2025-10-23 18:00:00,48,50,171,0,P90 envelope,0.29239766081871343
REAL_HUMANITARIAN_GEOSPATIAL_DATA,MELISSA,2025-10-23 18:00:00,48,50,171,0,Ensemble probability-weighted,0.00014502923976608188
REAL_HUMANITARIAN_GEOSPATIAL_DATA,MELISSA,2025-10-24 00:00:00,48,50,171,1,Deterministic mean-track,0.005847953216374269
REAL_HUMANITARIAN_GEOSPATIAL_DATA,MELISSA,2025-10-24 00:00:00,48,50,171,1,P90 envelope,0.2631578947368421
REAL_HUMANITARIAN_GEOSPATIAL_DATA,MELISSA,2025-10-24 00:00:00,48,50,171,1,Ensemble probability-weighted,0.005906432748538012
REAL_HUMANITARIAN_GEOSPATIAL_DATA,MELISSA,2025-10-24 12:00:00,48,51,174,1,Deterministic mean-track,0.011494252873563218
REAL_HUMANITARIAN_GEOSPATIAL_DATA,MELISSA,2025-10-24 12:00:00,48,51,174,1,P90 envelope,0.14367816091954022
REAL_HUMANITARIAN_GEOSPATIAL_DATA,MELISSA,2025-10-24 12:00:00,48,51,174,1,Ensemble probability-weighted,0.005563731014154591
REAL_HUMANITARIAN_GEOSPATIAL_DATA,MELISSA,2025-10-24 18:00:00,48,51,174,0,Deterministic mean-track,0.0
REAL_HUMANITARIAN_GEOSPATIAL_DATA,MELISSA,2025-10-24 18:00:00,48,51,174,0,P90 envelope,0.3218390804597701
REAL_HUMANITARIAN_GEOSPATIAL_DATA,MELISSA,2025-10-24 18:00:00,48,51,174,0,Ensemble probability-weighted,3.75629178874615e-05
REAL_HUMANITARIAN_GEOSPATIAL_DATA,MELISSA,2025-10-25 00:00:00,48,51,172,1,Deterministic mean-track,0.005813953488372093
REAL_HUMANITARIAN_GEOSPATIAL_DATA,MELISSA,2025-10-25 00:00:00,48,51,172,1,P90 envelope,0.3488372093023256
REAL_HUMANITARIAN_GEOSPATIAL_DATA,MELISSA,2025-10-25 00:00:00,48,51,172,1,Ensemble probability-weighted,0.00586312956555171
REAL_HUMANITARIAN_GEOSPATIAL_DATA,MELISSA,2025-10-25 12:00:00,48,50,169,1,Deterministic mean-track,0.005917159763313609
REAL_HUMANITARIAN_GEOSPATIAL_DATA,MELISSA,2025-10-25 12:00:00,48,50,169,1,P90 envelope,0.2485207100591716
REAL_HUMANITARIAN_GEOSPATIAL_DATA,MELISSA,2025-10-25 12:00:00,48,50,169,1,Ensemble probability-weighted,0.005718343195266272
REAL_HUMANITARIAN_GEOSPATIAL_DATA,MELISSA,2025-10-25 18:00:00,48,51,169,0,Deterministic mean-track,0.0
REAL_HUMANITARIAN_GEOSPATIAL_DATA,MELISSA,2025-10-25 18:00:00,48,51,169,0,P90 envelope,0.30177514792899407
REAL_HUMANITARIAN_GEOSPATIAL_DATA,MELISSA,2025-10-25 18:00:00,48,51,169,0,Ensemble probability-weighted,6.369875946665939e-05
REAL_HUMANITARIAN_GEOSPATIAL_DATA,MELISSA,2025-10-26 00:00:00,48,51,167,1,Deterministic mean-track,0.005988023952095809
REAL_HUMANITARIAN_GEOSPATIAL_DATA,MELISSA,2025-10-26 00:00:00,48,51,167,1,P90 envelope,0.17365269461077845
REAL_HUMANITARIAN_GEOSPATIAL_DATA,MELISSA,2025-10-26 00:00:00,48,51,167,1,Ensemble probability-weighted,0.0053710341715645996
REAL_HUMANITARIAN_GEOSPATIAL_DATA,MELISSA,2025-10-26 06:00:00,48,51,177,0,Deterministic mean-track,0.005649717514124294
REAL_HUMANITARIAN_GEOSPATIAL_DATA,MELISSA,2025-10-26 06:00:00,48,51,177,0,P90 envelope,0.1977401129943503
REAL_HUMANITARIAN_GEOSPATIAL_DATA,MELISSA,2025-10-26 06:00:00,48,51,177,0,Ensemble probability-weighted,5.8647586651809274e-05
REAL_HUMANITARIAN_GEOSPATIAL_DATA,MELISSA,2025-10-26 12:00:00,48,51,184,0,Deterministic mean-track,0.005434782608695652
REAL_HUMANITARIAN_GEOSPATIAL_DATA,MELISSA,2025-10-26 12:00:00,48,51,184,0,P90 envelope,0.15217391304347827
REAL_HUMANITARIAN_GEOSPATIAL_DATA,MELISSA,2025-10-26 12:00:00,48,51,184,0,Ensemble probability-weighted,7.522190461862494e-05
REAL_HUMANITARIAN_GEOSPATIAL_DATA,MELISSA,2025-10-26 18:00:00,48,51,184,1,Deterministic mean-track,0.005434782608695652
REAL_HUMANITARIAN_GEOSPATIAL_DATA,MELISSA,2025-10-26 18:00:00,48,51,184,1,P90 envelope,0.2391304347826087
REAL_HUMANITARIAN_GEOSPATIAL_DATA,MELISSA,2025-10-26 18:00:00,48,51,184,1,Ensemble probability-weighted,0.005069120572355115
REAL_HUMANITARIAN_GEOSPATIAL_DATA,MELISSA,2025-10-27 00:00:00,48,51,195,1,Deterministic mean-track,0.005128205128205128
REAL_HUMANITARIAN_GEOSPATIAL_DATA,MELISSA,2025-10-27 00:00:00,48,51,195,1,P90 envelope,0.16923076923076924
REAL_HUMANITARIAN_GEOSPATIAL_DATA,MELISSA,2025-10-27 00:00:00,48,51,195,1,Ensemble probability-weighted,0.004820631118208973
REAL_HUMANITARIAN_GEOSPATIAL_DATA,MELISSA,2025-10-27 06:00:00,48,51,207,1,Deterministic mean-track,0.004830917874396135
REAL_HUMANITARIAN_GEOSPATIAL_DATA,MELISSA,2025-10-27 06:00:00,48,51,207,1,P90 envelope,0.18357487922705315
REAL_HUMANITARIAN_GEOSPATIAL_DATA,MELISSA,2025-10-27 06:00:00,48,51,207,1,Ensemble probability-weighted,0.0045133142771174965
REAL_HUMANITARIAN_GEOSPATIAL_DATA,MELISSA,2025-10-27 12:00:00,48,51,221,1,Deterministic mean-track,0.00904977375565611
REAL_HUMANITARIAN_GEOSPATIAL_DATA,MELISSA,2025-10-27 12:00:00,48,51,221,1,P90 envelope,0.16289592760180996
REAL_HUMANITARIAN_GEOSPATIAL_DATA,MELISSA,2025-10-27 12:00:00,48,51,221,1,Ensemble probability-weighted,0.004277853453509875
REAL_HUMANITARIAN_GEOSPATIAL_DATA,MELISSA,2025-10-27 18:00:00,48,51,231,0,Deterministic mean-track,0.0
REAL_HUMANITARIAN_GEOSPATIAL_DATA,MELISSA,2025-10-27 18:00:00,48,51,231,0,P90 envelope,0.1774891774891775
REAL_HUMANITARIAN_GEOSPATIAL_DATA,MELISSA,2025-10-27 18:00:00,48,51,231,0,Ensemble probability-weighted,3.162286899311121e-05
REAL_HUMANITARIAN_GEOSPATIAL_DATA,MELISSA,2025-10-28 00:00:00,48,51,213,0,Deterministic mean-track,0.004694835680751174
REAL_HUMANITARIAN_GEOSPATIAL_DATA,MELISSA,2025-10-28 00:00:00,48,51,213,0,P90 envelope,0.1596244131455399
REAL_HUMANITARIAN_GEOSPATIAL_DATA,MELISSA,2025-10-28 00:00:00,48,51,213,0,Ensemble probability-weighted,4.87353184853063e-05
REAL_HUMANITARIAN_GEOSPATIAL_DATA,MELISSA,2025-10-28 06:00:00,48,51,207,0,Deterministic mean-track,0.0
REAL_HUMANITARIAN_GEOSPATIAL_DATA,MELISSA,2025-10-28 06:00:00,48,51,207,0,P90 envelope,0.14492753623188406
REAL_HUMANITARIAN_GEOSPATIAL_DATA,MELISSA,2025-10-28 06:00:00,48,51,207,0,Ensemble probability-weighted,7.615057010774378e-05
REAL_HUMANITARIAN_GEOSPATIAL_DATA,MELISSA,2025-10-28 12:00:00,48,51,197,0,Deterministic mean-track,0.005076142131979695
REAL_HUMANITARIAN_GEOSPATIAL_DATA,MELISSA,2025-10-28 12:00:00,48,51,197,0,P90 envelope,0.14213197969543148
REAL_HUMANITARIAN_GEOSPATIAL_DATA,MELISSA,2025-10-28 12:00:00,48,51,197,0,Ensemble probability-weighted,4.488706998674855e-05
REAL_HUMANITARIAN_GEOSPATIAL_DATA,MELISSA,2025-10-28 18:00:00,48,51,188,0,Deterministic mean-track,0.005319148936170213
REAL_HUMANITARIAN_GEOSPATIAL_DATA,MELISSA,2025-10-28 18:00:00,48,51,188,0,P90 envelope,0.1276595744680851
REAL_HUMANITARIAN_GEOSPATIAL_DATA,MELISSA,2025-10-28 18:00:00,48,51,188,0,Ensemble probability-weighted,3.4765679321373944e-05
REAL_HUMANITARIAN_GEOSPATIAL_DATA,MELISSA,2025-10-29 00:00:00,48,51,177,0,Deterministic mean-track,0.0
REAL_HUMANITARIAN_GEOSPATIAL_DATA,MELISSA,2025-10-29 00:00:00,48,51,177,0,P90 envelope,0.11299435028248588
REAL_HUMANITARIAN_GEOSPATIAL_DATA,MELISSA,2025-10-29 00:00:00,48,51,177,0,Ensemble probability-weighted,9.122957923614778e-05
REAL_HUMANITARIAN_GEOSPATIAL_DATA,MELISSA,2025-10-29 06:00:00,48,51,175,1,Deterministic mean-track,0.005714285714285714
REAL_HUMANITARIAN_GEOSPATIAL_DATA,MELISSA,2025-10-29 06:00:00,48,51,175,1,P90 envelope,0.14285714285714285
REAL_HUMANITARIAN_GEOSPATIAL_DATA,MELISSA,2025-10-29 06:00:00,48,51,175,1,Ensemble probability-weighted,0.005848300104355467
REAL_HUMANITARIAN_GEOSPATIAL_DATA,MELISSA,2025-10-29 12:00:00,48,51,184,0,Deterministic mean-track,0.0
REAL_HUMANITARIAN_GEOSPATIAL_DATA,MELISSA,2025-10-29 12:00:00,48,51,184,0,P90 envelope,0.15217391304347827
REAL_HUMANITARIAN_GEOSPATIAL_DATA,MELISSA,2025-10-29 12:00:00,48,51,184,0,Ensemble probability-weighted,0.0001441753171856978
REAL_HUMANITARIAN_GEOSPATIAL_DATA,MELISSA,2025-10-29 18:00:00,48,51,200,0,Deterministic mean-track,0.0
REAL_HUMANITARIAN_GEOSPATIAL_DATA,MELISSA,2025-10-29 18:00:00,48,51,200,0,P90 envelope,0.155
REAL_HUMANITARIAN_GEOSPATIAL_DATA,MELISSA,2025-10-29 18:00:00,48,51,200,0,Ensemble probability-weighted,6.728181468665899e-05
REAL_HUMANITARIAN_GEOSPATIAL_DATA,MELISSA,2025-10-30 00:00:00,48,51,222,0,Deterministic mean-track,0.0
REAL_HUMANITARIAN_GEOSPATIAL_DATA,MELISSA,2025-10-30 00:00:00,48,51,222,0,P90 envelope,0.13963963963963963
REAL_HUMANITARIAN_GEOSPATIAL_DATA,MELISSA,2025-10-30 00:00:00,48,51,222,0,Ensemble probability-weighted,5.715057618171805e-05
REAL_HUMANITARIAN_GEOSPATIAL_DATA,MELISSA,2025-10-30 06:00:00,48,51,243,0,Deterministic mean-track,0.0
REAL_HUMANITARIAN_GEOSPATIAL_DATA,MELISSA,2025-10-30 06:00:00,48,51,243,0,P90 envelope,0.13991769547325103
REAL_HUMANITARIAN_GEOSPATIAL_DATA,MELISSA,2025-10-30 06:00:00,48,51,243,0,Ensemble probability-weighted,4.904729583272024e-05
REAL_HUMANITARIAN_GEOSPATIAL_DATA,MONTHA,2025-10-27 00:00:00,48,49,203,0,Deterministic mean-track,0.0049261083743842365
REAL_HUMANITARIAN_GEOSPATIAL_DATA,MONTHA,2025-10-27 00:00:00,48,49,203,0,P90 envelope,0.12807881773399016
REAL_HUMANITARIAN_GEOSPATIAL_DATA,MONTHA,2025-10-27 00:00:00,48,49,203,0,Ensemble probability-weighted,8.61709919717359e-05
REAL_HUMANITARIAN_GEOSPATIAL_DATA,MONTHA,2025-10-27 06:00:00,48,50,205,0,Deterministic mean-track,0.004878048780487805
REAL_HUMANITARIAN_GEOSPATIAL_DATA,MONTHA,2025-10-27 06:00:00,48,50,205,0,P90 envelope,0.12682926829268293
REAL_HUMANITARIAN_GEOSPATIAL_DATA,MONTHA,2025-10-27 06:00:00,48,50,205,0,Ensemble probability-weighted,3.3170731707317074e-05
REAL_HUMANITARIAN_GEOSPATIAL_DATA,MONTHA,2025-10-27 12:00:00,48,47,199,1,Deterministic mean-track,0.005025125628140704
REAL_HUMANITARIAN_GEOSPATIAL_DATA,MONTHA,2025-10-27 12:00:00,48,47,199,1,P90 envelope,0.1507537688442211
REAL_HUMANITARIAN_GEOSPATIAL_DATA,MONTHA,2025-10-27 12:00:00,48,47,199,1,Ensemble probability-weighted,0.005043324362873671
REAL_HUMANITARIAN_GEOSPATIAL_DATA,MONTHA,2025-10-27 18:00:00,48,51,193,0,Deterministic mean-track,0.0
REAL_HUMANITARIAN_GEOSPATIAL_DATA,MONTHA,2025-10-27 18:00:00,48,51,193,0,P90 envelope,0.17616580310880828
REAL_HUMANITARIAN_GEOSPATIAL_DATA,MONTHA,2025-10-27 18:00:00,48,51,193,0,Ensemble probability-weighted,5.776972985679084e-05
REAL_HUMANITARIAN_GEOSPATIAL_DATA,NOKAEN,2026-01-15 06:00:00,48,50,324,0,Deterministic mean-track,0.0030864197530864196
REAL_HUMANITARIAN_GEOSPATIAL_DATA,NOKAEN,2026-01-15 06:00:00,48,50,324,0,P90 envelope,0.12654320987654322
REAL_HUMANITARIAN_GEOSPATIAL_DATA,NOKAEN,2026-01-15 06:00:00,48,50,324,0,Ensemble probability-weighted,2.469135802469136e-05
REAL_HUMANITARIAN_GEOSPATIAL_DATA,PENHA,2026-02-05 00:00:00,48,50,288,0,Deterministic mean-track,0.003472222222222222
REAL_HUMANITARIAN_GEOSPATIAL_DATA,PENHA,2026-02-05 00:00:00,48,50,288,0,P90 envelope,0.1388888888888889
REAL_HUMANITARIAN_GEOSPATIAL_DATA,PENHA,2026-02-05 00:00:00,48,50,288,0,Ensemble probability-weighted,2.0833333333333333e-05
REAL_HUMANITARIAN_GEOSPATIAL_DATA,SENYAR,2025-11-26 06:00:00,48,1,157,1,Deterministic mean-track,0.006369426751592357
REAL_HUMANITARIAN_GEOSPATIAL_DATA,SENYAR,2025-11-26 06:00:00,48,1,157,1,P90 envelope,0.01910828025477707
REAL_HUMANITARIAN_GEOSPATIAL_DATA,SENYAR,2025-11-26 06:00:00,48,1,157,1,Ensemble probability-weighted,0.006369426751592357
REAL_HUMANITARIAN_GEOSPATIAL_DATA,SENYAR,2025-11-26 12:00:00,48,6,176,0,Deterministic mean-track,0.0
REAL_HUMANITARIAN_GEOSPATIAL_DATA,SENYAR,2025-11-26 12:00:00,48,6,176,0,P90 envelope,0.13636363636363635
REAL_HUMANITARIAN_GEOSPATIAL_DATA,SENYAR,2025-11-26 12:00:00,48,6,176,0,Ensemble probability-weighted,0.00031565656565656563
REAL_HUMANITARIAN_GEOSPATIAL_DATA,SENYAR,2025-11-26 18:00:00,48,14,179,1,Deterministic mean-track,0.00558659217877095
REAL_HUMANITARIAN_GEOSPATIAL_DATA,SENYAR,2025-11-26 18:00:00,48,14,179,1,P90 envelope,0.22905027932960895
REAL_HUMANITARIAN_GEOSPATIAL_DATA,SENYAR,2025-11-26 18:00:00,48,14,179,1,Ensemble probability-weighted,0.004874016645764451
REAL_HUMANITARIAN_GEOSPATIAL_DATA,SENYAR,2025-11-27 00:00:00,48,4,202,0,Deterministic mean-track,0.0
REAL_HUMANITARIAN_GEOSPATIAL_DATA,SENYAR,2025-11-27 00:00:00,48,4,202,0,P90 envelope,0.11386138613861387
REAL_HUMANITARIAN_GEOSPATIAL_DATA,SENYAR,2025-11-27 00:00:00,48,4,202,0,Ensemble probability-weighted,0.0009282178217821782
REAL_HUMANITARIAN_GEOSPATIAL_DATA,SENYAR,2025-11-27 06:00:00,48,18,204,0,Deterministic mean-track,0.0
REAL_HUMANITARIAN_GEOSPATIAL_DATA,SENYAR,2025-11-27 06:00:00,48,18,204,0,P90 envelope,0.14705882352941177
REAL_HUMANITARIAN_GEOSPATIAL_DATA,SENYAR,2025-11-27 06:00:00,48,18,204,0,Ensemble probability-weighted,1.512950859356088e-05
REAL_HUMANITARIAN_GEOSPATIAL_DATA,SENYAR,2025-11-27 12:00:00,48,18,204,0,Deterministic mean-track,0.004901960784313725
REAL_HUMANITARIAN_GEOSPATIAL_DATA,SENYAR,2025-11-27 12:00:00,48,18,204,0,P90 envelope,0.20098039215686275
REAL_HUMANITARIAN_GEOSPATIAL_DATA,SENYAR,2025-11-27 12:00:00,48,18,204,0,Ensemble probability-weighted,3.025901718712176e-05
REAL_HUMANITARIAN_GEOSPATIAL_DATA,SENYAR,2025-11-27 18:00:00,48,9,220,0,Deterministic mean-track,0.0
REAL_HUMANITARIAN_GEOSPATIAL_DATA,SENYAR,2025-11-27 18:00:00,48,9,220,0,P90 envelope,0.11818181818181818
REAL_HUMANITARIAN_GEOSPATIAL_DATA,SENYAR,2025-11-27 18:00:00,48,9,220,0,Ensemble probability-weighted,0.00016835016835016833
REAL_HUMANITARIAN_GEOSPATIAL_DATA,SONIA,2025-10-25 12:00:00,48,50,83,0,Deterministic mean-track,0.012048192771084338
REAL_HUMANITARIAN_GEOSPATIAL_DATA,SONIA,2025-10-25 12:00:00,48,50,83,0,P90 envelope,0.39759036144578314
REAL_HUMANITARIAN_GEOSPATIAL_DATA,SONIA,2025-10-25 12:00:00,48,50,83,0,Ensemble probability-weighted,0.0001397590361445783
REAL_HUMANITARIAN_GEOSPATIAL_DATA,SONIA,2025-10-25 18:00:00,48,49,89,0,Deterministic mean-track,0.0
REAL_HUMANITARIAN_GEOSPATIAL_DATA,SONIA,2025-10-25 18:00:00,48,49,89,0,P90 envelope,0.29213483146067415
REAL_HUMANITARIAN_GEOSPATIAL_DATA,SONIA,2025-10-25 18:00:00,48,49,89,0,Ensemble probability-weighted,0.0001263518477787813
REAL_HUMANITARIAN_GEOSPATIAL_DATA,SONIA,2025-10-26 00:00:00,48,51,96,0,Deterministic mean-track,0.010416666666666666
REAL_HUMANITARIAN_GEOSPATIAL_DATA,SONIA,2025-10-26 00:00:00,48,51,96,0,P90 envelope,0.21875
REAL_HUMANITARIAN_GEOSPATIAL_DATA,SONIA,2025-10-26 00:00:00,48,51,96,0,Ensemble probability-weighted,0.00017621427656029732
REAL_HUMANITARIAN_GEOSPATIAL_DATA,SONIA,2025-10-26 06:00:00,48,50,96,0,Deterministic mean-track,0.0
REAL_HUMANITARIAN_GEOSPATIAL_DATA,SONIA,2025-10-26 06:00:00,48,50,96,0,P90 envelope,0.28125
REAL_HUMANITARIAN_GEOSPATIAL_DATA,SONIA,2025-10-26 06:00:00,48,50,96,0,Ensemble probability-weighted,0.00011250000000000001
REAL_HUMANITARIAN_GEOSPATIAL_DATA,SONIA,2025-10-26 12:00:00,48,49,101,1,Deterministic mean-track,0.009900990099009901
REAL_HUMANITARIAN_GEOSPATIAL_DATA,SONIA,2025-10-26 12:00:00,48,49,101,1,P90 envelope,0.16831683168316833
REAL_HUMANITARIAN_GEOSPATIAL_DATA,SONIA,2025-10-26 12:00:00,48,49,101,1,Ensemble probability-weighted,0.009604084106869663
REAL_HUMANITARIAN_GEOSPATIAL_DATA,SONIA,2025-10-26 18:00:00,48,45,107,0,Deterministic mean-track,0.009345794392523364
REAL_HUMANITARIAN_GEOSPATIAL_DATA,SONIA,2025-10-26 18:00:00,48,45,107,0,P90 envelope,0.19626168224299065
REAL_HUMANITARIAN_GEOSPATIAL_DATA,SONIA,2025-10-26 18:00:00,48,45,107,0,Ensemble probability-weighted,0.00021229952694127148
REAL_HUMANITARIAN_GEOSPATIAL_DATA,SONIA,2025-10-27 00:00:00,48,47,115,0,Deterministic mean-track,0.0
REAL_HUMANITARIAN_GEOSPATIAL_DATA,SONIA,2025-10-27 00:00:00,48,47,115,0,P90 envelope,0.1391304347826087
REAL_HUMANITARIAN_GEOSPATIAL_DATA,SONIA,2025-10-27 00:00:00,48,47,115,0,Ensemble probability-weighted,0.00013777629066860864
REAL_HUMANITARIAN_GEOSPATIAL_DATA,SONIA,2025-10-27 06:00:00,48,42,116,0,Deterministic mean-track,0.0
REAL_HUMANITARIAN_GEOSPATIAL_DATA,SONIA,2025-10-27 06:00:00,48,42,116,0,P90 envelope,0.1896551724137931
REAL_HUMANITARIAN_GEOSPATIAL_DATA,SONIA,2025-10-27 06:00:00,48,42,116,0,Ensemble probability-weighted,5.375713503792321e-05
REAL_HUMANITARIAN_GEOSPATIAL_DATA,SONIA,2025-10-27 12:00:00,48,40,115,0,Deterministic mean-track,0.0
REAL_HUMANITARIAN_GEOSPATIAL_DATA,SONIA,2025-10-27 12:00:00,48,40,115,0,P90 envelope,0.1391304347826087
REAL_HUMANITARIAN_GEOSPATIAL_DATA,SONIA,2025-10-27 12:00:00,48,40,115,0,Ensemble probability-weighted,4.347826086956523e-05
REAL_HUMANITARIAN_GEOSPATIAL_DATA,SONIA,2025-10-27 18:00:00,48,27,113,0,Deterministic mean-track,0.0
REAL_HUMANITARIAN_GEOSPATIAL_DATA,SONIA,2025-10-27 18:00:00,48,27,113,0,P90 envelope,0.19469026548672566
REAL_HUMANITARIAN_GEOSPATIAL_DATA,SONIA,2025-10-27 18:00:00,48,27,113,0,Ensemble probability-weighted,0.00019422897167898804
REAL_HUMANITARIAN_GEOSPATIAL_DATA,DITWAH,2025-11-27 12:00:00,72,50,151,0,Deterministic mean-track,0.0
REAL_HUMANITARIAN_GEOSPATIAL_DATA,DITWAH,2025-11-27 12:00:00,72,50,151,0,P90 envelope,0.26490066225165565
REAL_HUMANITARIAN_GEOSPATIAL_DATA,DITWAH,2025-11-27 12:00:00,72,50,151,0,Ensemble probability-weighted,9.006622516556291e-05
REAL_HUMANITARIAN_GEOSPATIAL_DATA,DITWAH,2025-11-27 18:00:00,72,38,150,1,Deterministic mean-track,0.013333333333333334
REAL_HUMANITARIAN_GEOSPATIAL_DATA,DITWAH,2025-11-27 18:00:00,72,38,150,1,P90 envelope,0.48
REAL_HUMANITARIAN_GEOSPATIAL_DATA,DITWAH,2025-11-27 18:00:00,72,38,150,1,Ensemble probability-weighted,0.006034164358264082
REAL_HUMANITARIAN_GEOSPATIAL_DATA,DITWAH,2025-11-28 00:00:00,72,38,159,0,Deterministic mean-track,0.006289308176100629
REAL_HUMANITARIAN_GEOSPATIAL_DATA,DITWAH,2025-11-28 00:00:00,72,38,159,0,P90 envelope,0.3081761006289308
REAL_HUMANITARIAN_GEOSPATIAL_DATA,DITWAH,2025-11-28 00:00:00,72,38,159,0,Ensemble probability-weighted,0.00010017596125368035
REAL_HUMANITARIAN_GEOSPATIAL_DATA,DITWAH,2025-11-28 06:00:00,72,29,159,1,Deterministic mean-track,0.006289308176100629
REAL_HUMANITARIAN_GEOSPATIAL_DATA,DITWAH,2025-11-28 06:00:00,72,29,159,1,P90 envelope,0.3584905660377358
REAL_HUMANITARIAN_GEOSPATIAL_DATA,DITWAH,2025-11-28 06:00:00,72,29,159,1,Ensemble probability-weighted,0.006349135126646177
REAL_HUMANITARIAN_GEOSPATIAL_DATA,DITWAH,2025-11-28 12:00:00,72,39,159,1,Deterministic mean-track,0.006289308176100629
REAL_HUMANITARIAN_GEOSPATIAL_DATA,DITWAH,2025-11-28 12:00:00,72,39,159,1,P90 envelope,0.37735849056603776
REAL_HUMANITARIAN_GEOSPATIAL_DATA,DITWAH,2025-11-28 12:00:00,72,39,159,1,Ensemble probability-weighted,0.006330657999743631
REAL_HUMANITARIAN_GEOSPATIAL_DATA,DITWAH,2025-11-28 18:00:00,72,29,159,0,Deterministic mean-track,0.0
REAL_HUMANITARIAN_GEOSPATIAL_DATA,DITWAH,2025-11-28 18:00:00,72,29,159,0,P90 envelope,0.3333333333333333
REAL_HUMANITARIAN_GEOSPATIAL_DATA,DITWAH,2025-11-28 18:00:00,72,29,159,0,Ensemble probability-weighted,9.721879463651387e-05
REAL_HUMANITARIAN_GEOSPATIAL_DATA,DITWAH,2025-11-29 00:00:00,72,40,159,0,Deterministic mean-track,0.0
REAL_HUMANITARIAN_GEOSPATIAL_DATA,DITWAH,2025-11-29 00:00:00,72,40,159,0,P90 envelope,0.31446540880503143
REAL_HUMANITARIAN_GEOSPATIAL_DATA,DITWAH,2025-11-29 00:00:00,72,40,159,0,Ensemble probability-weighted,5.503144654088052e-05
REAL_HUMANITARIAN_GEOSPATIAL_DATA,DITWAH,2025-11-29 06:00:00,72,36,159,0,Deterministic mean-track,0.0
REAL_HUMANITARIAN_GEOSPATIAL_DATA,DITWAH,2025-11-29 06:00:00,72,36,159,0,P90 envelope,0.2389937106918239
REAL_HUMANITARIAN_GEOSPATIAL_DATA,DITWAH,2025-11-29 06:00:00,72,36,159,0,Ensemble probability-weighted,8.249864119885083e-05
REAL_HUMANITARIAN_GEOSPATIAL_DATA,DITWAH,2025-11-29 12:00:00,72,35,159,0,Deterministic mean-track,0.0
REAL_HUMANITARIAN_GEOSPATIAL_DATA,DITWAH,2025-11-29 12:00:00,72,35,159,0,P90 envelope,0.31446540880503143
REAL_HUMANITARIAN_GEOSPATIAL_DATA,DITWAH,2025-11-29 12:00:00,72,35,159,0,Ensemble probability-weighted,2.5670645616737256e-05
REAL_HUMANITARIAN_GEOSPATIAL_DATA,DITWAH,2025-11-29 18:00:00,72,31,150,1,Deterministic mean-track,0.006666666666666667
REAL_HUMANITARIAN_GEOSPATIAL_DATA,DITWAH,2025-11-29 18:00:00,72,31,150,1,P90 envelope,0.28
REAL_HUMANITARIAN_GEOSPATIAL_DATA,DITWAH,2025-11-29 18:00:00,72,31,150,1,Ensemble probability-weighted,0.006784599375650364
REAL_HUMANITARIAN_GEOSPATIAL_DATA,DUDZAI,2026-01-15 06:00:00,72,50,90,0,Deterministic mean-track,0.0
REAL_HUMANITARIAN_GEOSPATIAL_DATA,DUDZAI,2026-01-15 06:00:00,72,50,90,0,P90 envelope,0.6
REAL_HUMANITARIAN_GEOSPATIAL_DATA,DUDZAI,2026-01-15 06:00:00,72,50,90,0,Ensemble probability-weighted,5.777777777777778e-05
REAL_HUMANITARIAN_GEOSPATIAL_DATA,FINA,2025-11-18 18:00:00,72,51,154,0,Deterministic mean-track,0.006493506493506494
REAL_HUMANITARIAN_GEOSPATIAL_DATA,FINA,2025-11-18 18:00:00,72,51,154,0,P90 envelope,0.36363636363636365
REAL_HUMANITARIAN_GEOSPATIAL_DATA,FINA,2025-11-18 18:00:00,72,51,154,0,Ensemble probability-weighted,5.991701493431597e-05
REAL_HUMANITARIAN_GEOSPATIAL_DATA,FINA,2025-11-19 00:00:00,72,51,164,0,Deterministic mean-track,0.0
REAL_HUMANITARIAN_GEOSPATIAL_DATA,FINA,2025-11-19 00:00:00,72,51,164,0,P90 envelope,0.24390243902439024
REAL_HUMANITARIAN_GEOSPATIAL_DATA,FINA,2025-11-19 00:00:00,72,51,164,0,Ensemble probability-weighted,5.626353841393085e-05
REAL_HUMANITARIAN_GEOSPATIAL_DATA,FINA,2025-11-19 06:00:00,72,51,173,0,Deterministic mean-track,0.0
REAL_HUMANITARIAN_GEOSPATIAL_DATA,FINA,2025-11-19 06:00:00,72,51,173,0,P90 envelope,0.2658959537572254
REAL_HUMANITARIAN_GEOSPATIAL_DATA,FINA,2025-11-19 06:00:00,72,51,173,0,Ensemble probability-weighted,5.111417796178882e-05
REAL_HUMANITARIAN_GEOSPATIAL_DATA,FINA,2025-11-19 12:00:00,72,51,173,1,Deterministic mean-track,0.005780346820809248
REAL_HUMANITARIAN_GEOSPATIAL_DATA,FINA,2025-11-19 12:00:00,72,51,173,1,P90 envelope,0.1791907514450867
REAL_HUMANITARIAN_GEOSPATIAL_DATA,FINA,2025-11-19 12:00:00,72,51,173,1,Ensemble probability-weighted,0.005824793932080369
REAL_HUMANITARIAN_GEOSPATIAL_DATA,FINA,2025-11-19 18:00:00,72,51,180,0,Deterministic mean-track,0.005555555555555556
REAL_HUMANITARIAN_GEOSPATIAL_DATA,FINA,2025-11-19 18:00:00,72,51,180,0,P90 envelope,0.21666666666666667
REAL_HUMANITARIAN_GEOSPATIAL_DATA,FINA,2025-11-19 18:00:00,72,51,180,0,Ensemble probability-weighted,6.194198812422573e-05
REAL_HUMANITARIAN_GEOSPATIAL_DATA,FINA,2025-11-20 00:00:00,72,51,180,1,Deterministic mean-track,0.005555555555555556
REAL_HUMANITARIAN_GEOSPATIAL_DATA,FINA,2025-11-20 00:00:00,72,51,180,1,P90 envelope,0.17222222222222222
REAL_HUMANITARIAN_GEOSPATIAL_DATA,FINA,2025-11-20 00:00:00,72,51,180,1,Ensemble probability-weighted,0.005194583279935068
REAL_HUMANITARIAN_GEOSPATIAL_DATA,FINA,2025-11-20 06:00:00,72,51,180,0,Deterministic mean-track,0.0
REAL_HUMANITARIAN_GEOSPATIAL_DATA,FINA,2025-11-20 06:00:00,72,51,180,0,P90 envelope,0.15
REAL_HUMANITARIAN_GEOSPATIAL_DATA,FINA,2025-11-20 06:00:00,72,51,180,0,Ensemble probability-weighted,0.00013029176812337135
REAL_HUMANITARIAN_GEOSPATIAL_DATA,FINA,2025-11-20 12:00:00,72,51,179,1,Deterministic mean-track,0.00558659217877095
REAL_HUMANITARIAN_GEOSPATIAL_DATA,FINA,2025-11-20 12:00:00,72,51,179,1,P90 envelope,0.17318435754189945
REAL_HUMANITARIAN_GEOSPATIAL_DATA,FINA,2025-11-20 12:00:00,72,51,179,1,Ensemble probability-weighted,0.005008816978429011
REAL_HUMANITARIAN_GEOSPATIAL_DATA,FINA,2025-11-20 18:00:00,72,51,179,0,Deterministic mean-track,0.00558659217877095
REAL_HUMANITARIAN_GEOSPATIAL_DATA,FINA,2025-11-20 18:00:00,72,51,179,0,P90 envelope,0.11731843575418995
REAL_HUMANITARIAN_GEOSPATIAL_DATA,FINA,2025-11-20 18:00:00,72,51,179,0,Ensemble probability-weighted,4.295726396594348e-05
REAL_HUMANITARIAN_GEOSPATIAL_DATA,FINA,2025-11-21 00:00:00,72,51,176,1,Deterministic mean-track,0.005681818181818182
REAL_HUMANITARIAN_GEOSPATIAL_DATA,FINA,2025-11-21 00:00:00,72,51,176,1,P90 envelope,0.14204545454545456
REAL_HUMANITARIAN_GEOSPATIAL_DATA,FINA,2025-11-21 00:00:00,72,51,176,1,Ensemble probability-weighted,0.005736430044388521
REAL_HUMANITARIAN_GEOSPATIAL_DATA,FINA,2025-11-21 06:00:00,72,51,176,0,Deterministic mean-track,0.0
REAL_HUMANITARIAN_GEOSPATIAL_DATA,FINA,2025-11-21 06:00:00,72,51,176,0,P90 envelope,0.14204545454545456
REAL_HUMANITARIAN_GEOSPATIAL_DATA,FINA,2025-11-21 06:00:00,72,51,176,0,Ensemble probability-weighted,3.9320541050644855e-05
REAL_HUMANITARIAN_GEOSPATIAL_DATA,FINA,2025-11-21 12:00:00,72,49,176,0,Deterministic mean-track,0.005681818181818182
REAL_HUMANITARIAN_GEOSPATIAL_DATA,FINA,2025-11-21 12:00:00,72,49,176,0,P90 envelope,0.1875
REAL_HUMANITARIAN_GEOSPATIAL_DATA,FINA,2025-11-21 12:00:00,72,49,176,0,Ensemble probability-weighted,6.862670856839951e-05
REAL_HUMANITARIAN_GEOSPATIAL_DATA,FINA,2025-11-21 18:00:00,72,50,171,0,Deterministic mean-track,0.0
REAL_HUMANITARIAN_GEOSPATIAL_DATA,FINA,2025-11-21 18:00:00,72,50,171,0,P90 envelope,0.21052631578947367
REAL_HUMANITARIAN_GEOSPATIAL_DATA,FINA,2025-11-21 18:00:00,72,50,171,0,Ensemble probability-weighted,4.6783625730994155e-05
REAL_HUMANITARIAN_GEOSPATIAL_DATA,FINA,2025-11-22 00:00:00,72,48,171,1,Deterministic mean-track,0.005847953216374269
REAL_HUMANITARIAN_GEOSPATIAL_DATA,FINA,2025-11-22 00:00:00,72,48,171,1,P90 envelope,0.2046783625730994
REAL_HUMANITARIAN_GEOSPATIAL_DATA,FINA,2025-11-22 00:00:00,72,48,171,1,Ensemble probability-weighted,0.005906331221572448
REAL_HUMANITARIAN_GEOSPATIAL_DATA,FINA,2025-11-22 06:00:00,72,46,171,0,Deterministic mean-track,0.0
REAL_HUMANITARIAN_GEOSPATIAL_DATA,FINA,2025-11-22 06:00:00,72,46,171,0,P90 envelope,0.23976608187134502
REAL_HUMANITARIAN_GEOSPATIAL_DATA,FINA,2025-11-22 06:00:00,72,46,171,0,Ensemble probability-weighted,2.7636829945057982e-05
REAL_HUMANITARIAN_GEOSPATIAL_DATA,FUNG-WONG,2025-11-05 18:00:00,72,50,303,0,Deterministic mean-track,0.0033003300330033004
REAL_HUMANITARIAN_GEOSPATIAL_DATA,FUNG-WONG,2025-11-05 18:00:00,72,50,303,0,P90 envelope,0.1782178217821782
REAL_HUMANITARIAN_GEOSPATIAL_DATA,FUNG-WONG,2025-11-05 18:00:00,72,50,303,0,Ensemble probability-weighted,4.092409240924093e-05
REAL_HUMANITARIAN_GEOSPATIAL_DATA,FUNG-WONG,2025-11-06 00:00:00,72,47,332,0,Deterministic mean-track,0.0
REAL_HUMANITARIAN_GEOSPATIAL_DATA,FUNG-WONG,2025-11-06 00:00:00,72,47,332,0,P90 envelope,0.14759036144578314
REAL_HUMANITARIAN_GEOSPATIAL_DATA,FUNG-WONG,2025-11-06 00:00:00,72,47,332,0,Ensemble probability-weighted,2.727069436641996e-05
REAL_HUMANITARIAN_GEOSPATIAL_DATA,FUNG-WONG,2025-11-06 06:00:00,72,49,365,0,Deterministic mean-track,0.0
REAL_HUMANITARIAN_GEOSPATIAL_DATA,FUNG-WONG,2025-11-06 06:00:00,72,49,365,0,P90 envelope,0.0958904109589041
REAL_HUMANITARIAN_GEOSPATIAL_DATA,FUNG-WONG,2025-11-06 06:00:00,72,49,365,0,Ensemble probability-weighted,4.2219851317658726e-05
REAL_HUMANITARIAN_GEOSPATIAL_DATA,FUNG-WONG,2025-11-06 12:00:00,72,51,408,0,Deterministic mean-track,0.0
REAL_HUMANITARIAN_GEOSPATIAL_DATA,FUNG-WONG,2025-11-06 12:00:00,72,51,408,0,P90 envelope,0.10294117647058823
REAL_HUMANITARIAN_GEOSPATIAL_DATA,FUNG-WONG,2025-11-06 12:00:00,72,51,408,0,Ensemble probability-weighted,2.4500380698223152e-05
REAL_HUMANITARIAN_GEOSPATIAL_DATA,FUNG-WONG,2025-11-06 18:00:00,72,51,377,1,Deterministic mean-track,0.002652519893899204
REAL_HUMANITARIAN_GEOSPATIAL_DATA,FUNG-WONG,2025-11-06 18:00:00,72,51,377,1,P90 envelope,0.16710875331564987
REAL_HUMANITARIAN_GEOSPATIAL_DATA,FUNG-WONG,2025-11-06 18:00:00,72,51,377,1,Ensemble probability-weighted,0.0026851537411136496
REAL_HUMANITARIAN_GEOSPATIAL_DATA,FUNG-WONG,2025-11-07 00:00:00,72,50,368,1,Deterministic mean-track,0.002717391304347826
REAL_HUMANITARIAN_GEOSPATIAL_DATA,FUNG-WONG,2025-11-07 00:00:00,72,50,368,1,P90 envelope,0.08695652173913043
REAL_HUMANITARIAN_GEOSPATIAL_DATA,FUNG-WONG,2025-11-07 00:00:00,72,50,368,1,Ensemble probability-weighted,0.002789130434782609
REAL_HUMANITARIAN_GEOSPATIAL_DATA,FUNG-WONG,2025-11-07 06:00:00,72,51,389,0,Deterministic mean-track,0.0
REAL_HUMANITARIAN_GEOSPATIAL_DATA,FUNG-WONG,2025-11-07 06:00:00,72,51,389,0,P90 envelope,0.11568123393316196
REAL_HUMANITARIAN_GEOSPATIAL_DATA,FUNG-WONG,2025-11-07 06:00:00,72,51,389,0,Ensemble probability-weighted,3.2615495918615443e-05
REAL_HUMANITARIAN_GEOSPATIAL_DATA,FUNG-WONG,2025-11-07 12:00:00,72,50,359,0,Deterministic mean-track,0.0
REAL_HUMANITARIAN_GEOSPATIAL_DATA,FUNG-WONG,2025-11-07 12:00:00,72,50,359,0,P90 envelope,0.09192200557103064
REAL_HUMANITARIAN_GEOSPATIAL_DATA,FUNG-WONG,2025-11-07 12:00:00,72,50,359,0,Ensemble probability-weighted,2.6740947075208915e-05
REAL_HUMANITARIAN_GEOSPATIAL_DATA,FUNG-WONG,2025-11-07 18:00:00,72,50,338,0,Deterministic mean-track,0.0
REAL_HUMANITARIAN_GEOSPATIAL_DATA,FUNG-WONG,2025-11-07 18:00:00,72,50,338,0,P90 envelope,0.11834319526627218
REAL_HUMANITARIAN_GEOSPATIAL_DATA,FUNG-WONG,2025-11-07 18:00:00,72,50,338,0,Ensemble probability-weighted,2.7218934911242603e-05
REAL_HUMANITARIAN_GEOSPATIAL_DATA,FUNG-WONG,2025-11-08 00:00:00,72,50,322,1,Deterministic mean-track,0.003105590062111801
REAL_HUMANITARIAN_GEOSPATIAL_DATA,FUNG-WONG,2025-11-08 00:00:00,72,50,322,1,P90 envelope,0.09937888198757763
REAL_HUMANITARIAN_GEOSPATIAL_DATA,FUNG-WONG,2025-11-08 00:00:00,72,50,322,1,Ensemble probability-weighted,0.003007453416149068
REAL_HUMANITARIAN_GEOSPATIAL_DATA,FUNG-WONG,2025-11-08 06:00:00,72,51,303,1,Deterministic mean-track,0.0033003300330033004
REAL_HUMANITARIAN_GEOSPATIAL_DATA,FUNG-WONG,2025-11-08 06:00:00,72,51,303,1,P90 envelope,0.10561056105610561
REAL_HUMANITARIAN_GEOSPATIAL_DATA,FUNG-WONG,2025-11-08 06:00:00,72,51,303,1,Ensemble probability-weighted,0.0032216601129547787
REAL_HUMANITARIAN_GEOSPATIAL_DATA,FUNG-WONG,2025-11-08 12:00:00,72,50,320,0,Deterministic mean-track,0.0
REAL_HUMANITARIAN_GEOSPATIAL_DATA,FUNG-WONG,2025-11-08 12:00:00,72,50,320,0,P90 envelope,0.096875
REAL_HUMANITARIAN_GEOSPATIAL_DATA,FUNG-WONG,2025-11-08 12:00:00,72,50,320,0,Ensemble probability-weighted,4.3750000000000006e-05
REAL_HUMANITARIAN_GEOSPATIAL_DATA,FUNG-WONG,2025-11-08 18:00:00,72,51,299,0,Deterministic mean-track,0.0
REAL_HUMANITARIAN_GEOSPATIAL_DATA,FUNG-WONG,2025-11-08 18:00:00,72,51,299,0,P90 envelope,0.12709030100334448
REAL_HUMANITARIAN_GEOSPATIAL_DATA,FUNG-WONG,2025-11-08 18:00:00,72,51,299,0,Ensemble probability-weighted,8.48657385440897e-05
REAL_HUMANITARIAN_GEOSPATIAL_DATA,FUNG-WONG,2025-11-09 00:00:00,72,51,294,0,Deterministic mean-track,0.0
REAL_HUMANITARIAN_GEOSPATIAL_DATA,FUNG-WONG,2025-11-09 00:00:00,72,51,294,0,P90 envelope,0.1360544217687075
REAL_HUMANITARIAN_GEOSPATIAL_DATA,FUNG-WONG,2025-11-09 00:00:00,72,51,294,0,Ensemble probability-weighted,6.0154780866595e-05
REAL_HUMANITARIAN_GEOSPATIAL_DATA,FUNG-WONG,2025-11-09 06:00:00,72,51,283,1,Deterministic mean-track,0.007067137809187279
REAL_HUMANITARIAN_GEOSPATIAL_DATA,FUNG-WONG,2025-11-09 06:00:00,72,51,283,1,P90 envelope,0.1166077738515901
REAL_HUMANITARIAN_GEOSPATIAL_DATA,FUNG-WONG,2025-11-09 06:00:00,72,51,283,1,Ensemble probability-weighted,0.003582476432684901
REAL_HUMANITARIAN_GEOSPATIAL_DATA,FUNG-WONG,2025-11-09 12:00:00,72,50,291,0,Deterministic mean-track,0.0
REAL_HUMANITARIAN_GEOSPATIAL_DATA,FUNG-WONG,2025-11-09 12:00:00,72,50,291,0,P90 envelope,0.15807560137457044
REAL_HUMANITARIAN_GEOSPATIAL_DATA,FUNG-WONG,2025-11-09 12:00:00,72,50,291,0,Ensemble probability-weighted,4.123711340206185e-05
REAL_HUMANITARIAN_GEOSPATIAL_DATA,FUNG-WONG,2025-11-09 18:00:00,72,44,268,0,Deterministic mean-track,0.0037313432835820895
REAL_HUMANITARIAN_GEOSPATIAL_DATA,FUNG-WONG,2025-11-09 18:00:00,72,44,268,0,P90 envelope,0.12686567164179105
REAL_HUMANITARIAN_GEOSPATIAL_DATA,FUNG-WONG,2025-11-09 18:00:00,72,44,268,0,Ensemble probability-weighted,4.818366843468607e-05
REAL_HUMANITARIAN_GEOSPATIAL_DATA,FUNG-WONG,2025-11-10 00:00:00,72,43,221,1,Deterministic mean-track,0.004524886877828055
REAL_HUMANITARIAN_GEOSPATIAL_DATA,FUNG-WONG,2025-11-10 00:00:00,72,43,221,1,P90 envelope,0.3167420814479638
REAL_HUMANITARIAN_GEOSPATIAL_DATA,FUNG-WONG,2025-11-10 00:00:00,72,43,221,1,Ensemble probability-weighted,0.004576278237716854
REAL_HUMANITARIAN_GEOSPATIAL_DATA,FUNG-WONG,2025-11-10 06:00:00,72,41,204,0,Deterministic mean-track,0.004901960784313725
REAL_HUMANITARIAN_GEOSPATIAL_DATA,FUNG-WONG,2025-11-10 06:00:00,72,41,204,0,P90 envelope,0.3137254901960784
REAL_HUMANITARIAN_GEOSPATIAL_DATA,FUNG-WONG,2025-11-10 06:00:00,72,41,204,0,Ensemble probability-weighted,4.0825372385718124e-05
REAL_HUMANITARIAN_GEOSPATIAL_DATA,FUNG-WONG,2025-11-10 12:00:00,72,29,171,0,Deterministic mean-track,0.005847953216374269
REAL_HUMANITARIAN_GEOSPATIAL_DATA,FUNG-WONG,2025-11-10 12:00:00,72,29,171,0,P90 envelope,0.5263157894736842
REAL_HUMANITARIAN_GEOSPATIAL_DATA,FUNG-WONG,2025-11-10 12:00:00,72,29,171,0,Ensemble probability-weighted,8.344285207668397e-05
REAL_HUMANITARIAN_GEOSPATIAL_DATA,FUNG-WONG,2025-11-10 18:00:00,72,21,131,0,Deterministic mean-track,0.0
REAL_HUMANITARIAN_GEOSPATIAL_DATA,FUNG-WONG,2025-11-10 18:00:00,72,21,131,0,P90 envelope,0.3053435114503817
REAL_HUMANITARIAN_GEOSPATIAL_DATA,FUNG-WONG,2025-11-10 18:00:00,72,21,131,0,Ensemble probability-weighted,0.00013847778297069462
REAL_HUMANITARIAN_GEOSPATIAL_DATA,GEZANI,2026-02-10 00:00:00,72,46,220,0,Deterministic mean-track,0.0
REAL_HUMANITARIAN_GEOSPATIAL_DATA,GEZANI,2026-02-10 00:00:00,72,46,220,0,P90 envelope,0.15454545454545454
REAL_HUMANITARIAN_GEOSPATIAL_DATA,GEZANI,2026-02-10 00:00:00,72,46,220,0,Ensemble probability-weighted,5.5851520879876264e-05
REAL_HUMANITARIAN_GEOSPATIAL_DATA,GEZANI,2026-02-10 06:00:00,72,48,216,0,Deterministic mean-track,0.0
REAL_HUMANITARIAN_GEOSPATIAL_DATA,GEZANI,2026-02-10 06:00:00,72,48,216,0,P90 envelope,0.1388888888888889
REAL_HUMANITARIAN_GEOSPATIAL_DATA,GEZANI,2026-02-10 06:00:00,72,48,216,0,Ensemble probability-weighted,2.4112654320987653e-05
REAL_HUMANITARIAN_GEOSPATIAL_DATA,GEZANI,2026-02-10 12:00:00,72,49,207,0,Deterministic mean-track,0.004830917874396135
REAL_HUMANITARIAN_GEOSPATIAL_DATA,GEZANI,2026-02-10 12:00:00,72,49,207,0,P90 envelope,0.1111111111111111
REAL_HUMANITARIAN_GEOSPATIAL_DATA,GEZANI,2026-02-10 12:00:00,72,49,207,0,Ensemble probability-weighted,0.00011669855756558759
REAL_HUMANITARIAN_GEOSPATIAL_DATA,GEZANI,2026-02-10 18:00:00,72,49,198,1,Deterministic mean-track,0.005050505050505051
REAL_HUMANITARIAN_GEOSPATIAL_DATA,GEZANI,2026-02-10 18:00:00,72,49,198,1,P90 envelope,0.15656565656565657
REAL_HUMANITARIAN_GEOSPATIAL_DATA,GEZANI,2026-02-10 18:00:00,72,49,198,1,Ensemble probability-weighted,0.004507801883895179
REAL_HUMANITARIAN_GEOSPATIAL_DATA,GEZANI,2026-02-11 00:00:00,72,49,200,0,Deterministic mean-track,0.005
REAL_HUMANITARIAN_GEOSPATIAL_DATA,GEZANI,2026-02-11 00:00:00,72,49,200,0,P90 envelope,0.125
REAL_HUMANITARIAN_GEOSPATIAL_DATA,GEZANI,2026-02-11 00:00:00,72,49,200,0,Ensemble probability-weighted,4.997917534360682e-05
REAL_HUMANITARIAN_GEOSPATIAL_DATA,GEZANI,2026-02-11 06:00:00,72,51,201,1,Deterministic mean-track,0.004975124378109453
REAL_HUMANITARIAN_GEOSPATIAL_DATA,GEZANI,2026-02-11 06:00:00,72,51,201,1,P90 envelope,0.10945273631840796
REAL_HUMANITARIAN_GEOSPATIAL_DATA,GEZANI,2026-02-11 06:00:00,72,51,201,1,Ensemble probability-weighted,0.004424245554235742
REAL_HUMANITARIAN_GEOSPATIAL_DATA,GEZANI,2026-02-11 12:00:00,72,51,214,0,Deterministic mean-track,0.0
REAL_HUMANITARIAN_GEOSPATIAL_DATA,GEZANI,2026-02-11 12:00:00,72,51,214,0,P90 envelope,0.16355140186915887
REAL_HUMANITARIAN_GEOSPATIAL_DATA,GEZANI,2026-02-11 12:00:00,72,51,214,0,Ensemble probability-weighted,7.006650928650735e-05
REAL_HUMANITARIAN_GEOSPATIAL_DATA,GEZANI,2026-02-11 18:00:00,72,51,228,0,Deterministic mean-track,0.0043859649122807015
REAL_HUMANITARIAN_GEOSPATIAL_DATA,GEZANI,2026-02-11 18:00:00,72,51,228,0,P90 envelope,0.20175438596491227
REAL_HUMANITARIAN_GEOSPATIAL_DATA,GEZANI,2026-02-11 18:00:00,72,51,228,0,Ensemble probability-weighted,4.721530855204139e-05
REAL_HUMANITARIAN_GEOSPATIAL_DATA,GEZANI,2026-02-12 00:00:00,72,51,233,0,Deterministic mean-track,0.004291845493562232
REAL_HUMANITARIAN_GEOSPATIAL_DATA,GEZANI,2026-02-12 00:00:00,72,51,233,0,P90 envelope,0.2317596566523605
REAL_HUMANITARIAN_GEOSPATIAL_DATA,GEZANI,2026-02-12 00:00:00,72,51,233,0,Ensemble probability-weighted,1.980090193108296e-05
REAL_HUMANITARIAN_GEOSPATIAL_DATA,GEZANI,2026-02-12 06:00:00,72,51,236,0,Deterministic mean-track,0.0
REAL_HUMANITARIAN_GEOSPATIAL_DATA,GEZANI,2026-02-12 06:00:00,72,51,236,0,P90 envelope,0.2923728813559322
REAL_HUMANITARIAN_GEOSPATIAL_DATA,GEZANI,2026-02-12 06:00:00,72,51,236,0,Ensemble probability-weighted,3.746929147198926e-05
REAL_HUMANITARIAN_GEOSPATIAL_DATA,GEZANI,2026-02-12 12:00:00,72,51,238,0,Deterministic mean-track,0.0
REAL_HUMANITARIAN_GEOSPATIAL_DATA,GEZANI,2026-02-12 12:00:00,72,51,238,0,P90 envelope,0.3445378151260504
REAL_HUMANITARIAN_GEOSPATIAL_DATA,GEZANI,2026-02-12 12:00:00,72,51,238,0,Ensemble probability-weighted,5.1693110923723584e-05
REAL_HUMANITARIAN_GEOSPATIAL_DATA,GEZANI,2026-02-12 18:00:00,72,51,239,0,Deterministic mean-track,0.0041841004184100415
REAL_HUMANITARIAN_GEOSPATIAL_DATA,GEZANI,2026-02-12 18:00:00,72,51,239,0,P90 envelope,0.41422594142259417
REAL_HUMANITARIAN_GEOSPATIAL_DATA,GEZANI,2026-02-12 18:00:00,72,51,239,0,Ensemble probability-weighted,4.1824917677301456e-05
REAL_HUMANITARIAN_GEOSPATIAL_DATA,GEZANI,2026-02-13 00:00:00,72,51,243,1,Deterministic mean-track,0.00411522633744856
REAL_HUMANITARIAN_GEOSPATIAL_DATA,GEZANI,2026-02-13 00:00:00,72,51,243,1,P90 envelope,0.522633744855967
REAL_HUMANITARIAN_GEOSPATIAL_DATA,GEZANI,2026-02-13 00:00:00,72,51,243,1,Ensemble probability-weighted,0.004142123241614889
REAL_HUMANITARIAN_GEOSPATIAL_DATA,GEZANI,2026-02-13 06:00:00,72,51,247,1,Deterministic mean-track,0.008097165991902834
REAL_HUMANITARIAN_GEOSPATIAL_DATA,GEZANI,2026-02-13 06:00:00,72,51,247,1,P90 envelope,0.25101214574898784
REAL_HUMANITARIAN_GEOSPATIAL_DATA,GEZANI,2026-02-13 06:00:00,72,51,247,1,Ensemble probability-weighted,0.0040937229063253465
REAL_HUMANITARIAN_GEOSPATIAL_DATA,GEZANI,2026-02-13 12:00:00,72,50,250,0,Deterministic mean-track,0.0
REAL_HUMANITARIAN_GEOSPATIAL_DATA,GEZANI,2026-02-13 12:00:00,72,50,250,0,P90 envelope,0.376
REAL_HUMANITARIAN_GEOSPATIAL_DATA,GEZANI,2026-02-13 12:00:00,72,50,250,0,Ensemble probability-weighted,4.64e-05
REAL_HUMANITARIAN_GEOSPATIAL_DATA,GEZANI,2026-02-13 18:00:00,72,51,224,1,Deterministic mean-track,0.008928571428571428
REAL_HUMANITARIAN_GEOSPATIAL_DATA,GEZANI,2026-02-13 18:00:00,72,51,224,1,P90 envelope,0.7053571428571429
REAL_HUMANITARIAN_GEOSPATIAL_DATA,GEZANI,2026-02-13 18:00:00,72,51,224,1,Ensemble probability-weighted,0.004320110397100016
REAL_HUMANITARIAN_GEOSPATIAL_DATA,KALMAEGI,2025-11-01 12:00:00,72,50,296,0,Deterministic mean-track,0.0033783783783783786
REAL_HUMANITARIAN_GEOSPATIAL_DATA,KALMAEGI,2025-11-01 12:00:00,72,50,296,0,P90 envelope,0.21621621621621623
REAL_HUMANITARIAN_GEOSPATIAL_DATA,KALMAEGI,2025-11-01 12:00:00,72,50,296,0,Ensemble probability-weighted,2.8378378378378378e-05
REAL_HUMANITARIAN_GEOSPATIAL_DATA,KALMAEGI,2025-11-01 18:00:00,72,51,297,0,Deterministic mean-track,0.0
REAL_HUMANITARIAN_GEOSPATIAL_DATA,KALMAEGI,2025-11-01 18:00:00,72,51,297,0,P90 envelope,0.20202020202020202
REAL_HUMANITARIAN_GEOSPATIAL_DATA,KALMAEGI,2025-11-01 18:00:00,72,51,297,0,Ensemble probability-weighted,4.012960568131656e-05
REAL_HUMANITARIAN_GEOSPATIAL_DATA,KALMAEGI,2025-11-02 00:00:00,72,50,307,0,Deterministic mean-track,0.0
REAL_HUMANITARIAN_GEOSPATIAL_DATA,KALMAEGI,2025-11-02 00:00:00,72,50,307,0,P90 envelope,0.28664495114006516
REAL_HUMANITARIAN_GEOSPATIAL_DATA,KALMAEGI,2025-11-02 00:00:00,72,50,307,0,Ensemble probability-weighted,2.7361563517915312e-05
REAL_HUMANITARIAN_GEOSPATIAL_DATA,KALMAEGI,2025-11-02 12:00:00,72,51,335,0,Deterministic mean-track,0.0
REAL_HUMANITARIAN_GEOSPATIAL_DATA,KALMAEGI,2025-11-02 12:00:00,72,51,335,0,P90 envelope,0.23582089552238805
REAL_HUMANITARIAN_GEOSPATIAL_DATA,KALMAEGI,2025-11-02 12:00:00,72,51,335,0,Ensemble probability-weighted,1.8362627462457034e-05
REAL_HUMANITARIAN_GEOSPATIAL_DATA,KALMAEGI,2025-11-02 18:00:00,72,50,346,0,Deterministic mean-track,0.0
REAL_HUMANITARIAN_GEOSPATIAL_DATA,KALMAEGI,2025-11-02 18:00:00,72,50,346,0,P90 envelope,0.2138728323699422
REAL_HUMANITARIAN_GEOSPATIAL_DATA,KALMAEGI,2025-11-02 18:00:00,72,50,346,0,Ensemble probability-weighted,4.0462427745664735e-05
REAL_HUMANITARIAN_GEOSPATIAL_DATA,KALMAEGI,2025-11-03 00:00:00,72,49,343,0,Deterministic mean-track,0.0
REAL_HUMANITARIAN_GEOSPATIAL_DATA,KALMAEGI,2025-11-03 00:00:00,72,49,343,0,P90 envelope,0.2565597667638484
REAL_HUMANITARIAN_GEOSPATIAL_DATA,KALMAEGI,2025-11-03 00:00:00,72,49,343,0,Ensemble probability-weighted,2.6713844935844276e-05
REAL_HUMANITARIAN_GEOSPATIAL_DATA,KALMAEGI,2025-11-03 06:00:00,72,50,327,0,Deterministic mean-track,0.0030581039755351682
REAL_HUMANITARIAN_GEOSPATIAL_DATA,KALMAEGI,2025-11-03 06:00:00,72,50,327,0,P90 envelope,0.15902140672782875
REAL_HUMANITARIAN_GEOSPATIAL_DATA,KALMAEGI,2025-11-03 06:00:00,72,50,327,0,Ensemble probability-weighted,4.281345565749236e-05
REAL_HUMANITARIAN_GEOSPATIAL_DATA,KALMAEGI,2025-11-03 12:00:00,72,51,319,0,Deterministic mean-track,0.003134796238244514
REAL_HUMANITARIAN_GEOSPATIAL_DATA,KALMAEGI,2025-11-03 12:00:00,72,51,319,0,P90 envelope,0.12539184952978055
REAL_HUMANITARIAN_GEOSPATIAL_DATA,KALMAEGI,2025-11-03 12:00:00,72,51,319,0,Ensemble probability-weighted,3.495159204501766e-05
REAL_HUMANITARIAN_GEOSPATIAL_DATA,KALMAEGI,2025-11-03 18:00:00,72,51,306,0,Deterministic mean-track,0.0
REAL_HUMANITARIAN_GEOSPATIAL_DATA,KALMAEGI,2025-11-03 18:00:00,72,51,306,0,P90 envelope,0.1895424836601307
REAL_HUMANITARIAN_GEOSPATIAL_DATA,KALMAEGI,2025-11-03 18:00:00,72,51,306,0,Ensemble probability-weighted,2.8897884926109364e-05
REAL_HUMANITARIAN_GEOSPATIAL_DATA,KALMAEGI,2025-11-04 00:00:00,72,51,277,0,Deterministic mean-track,0.0
REAL_HUMANITARIAN_GEOSPATIAL_DATA,KALMAEGI,2025-11-04 00:00:00,72,51,277,0,P90 envelope,0.18050541516245489
REAL_HUMANITARIAN_GEOSPATIAL_DATA,KALMAEGI,2025-11-04 00:00:00,72,51,277,0,Ensemble probability-weighted,3.469923397971066e-05
REAL_HUMANITARIAN_GEOSPATIAL_DATA,KALMAEGI,2025-11-04 06:00:00,72,51,266,0,Deterministic mean-track,0.0
REAL_HUMANITARIAN_GEOSPATIAL_DATA,KALMAEGI,2025-11-04 06:00:00,72,51,266,0,P90 envelope,0.19548872180451127
REAL_HUMANITARIAN_GEOSPATIAL_DATA,KALMAEGI,2025-11-04 06:00:00,72,51,266,0,Ensemble probability-weighted,4.336099764983393e-05
REAL_HUMANITARIAN_GEOSPATIAL_DATA,KALMAEGI,2025-11-04 12:00:00,72,51,242,0,Deterministic mean-track,0.0
REAL_HUMANITARIAN_GEOSPATIAL_DATA,KALMAEGI,2025-11-04 12:00:00,72,51,242,0,P90 envelope,0.19834710743801653
REAL_HUMANITARIAN_GEOSPATIAL_DATA,KALMAEGI,2025-11-04 12:00:00,72,51,242,0,Ensemble probability-weighted,6.354834917275937e-05
REAL_HUMANITARIAN_GEOSPATIAL_DATA,KALMAEGI,2025-11-04 18:00:00,72,48,236,0,Deterministic mean-track,0.0
REAL_HUMANITARIAN_GEOSPATIAL_DATA,KALMAEGI,2025-11-04 18:00:00,72,48,236,0,P90 envelope,0.2711864406779661
REAL_HUMANITARIAN_GEOSPATIAL_DATA,KALMAEGI,2025-11-04 18:00:00,72,48,236,0,Ensemble probability-weighted,2.7586511299435025e-05
REAL_HUMANITARIAN_GEOSPATIAL_DATA,KOTO,2025-11-25 12:00:00,72,51,318,1,Deterministic mean-track,0.006289308176100629
REAL_HUMANITARIAN_GEOSPATIAL_DATA,KOTO,2025-11-25 12:00:00,72,51,318,1,P90 envelope,0.1320754716981132
REAL_HUMANITARIAN_GEOSPATIAL_DATA,KOTO,2025-11-25 12:00:00,72,51,318,1,Ensemble probability-weighted,0.0031797155907621402
REAL_HUMANITARIAN_GEOSPATIAL_DATA,KOTO,2025-11-25 18:00:00,72,51,328,0,Deterministic mean-track,0.0
REAL_HUMANITARIAN_GEOSPATIAL_DATA,KOTO,2025-11-25 18:00:00,72,51,328,0,P90 envelope,0.10670731707317073
REAL_HUMANITARIAN_GEOSPATIAL_DATA,KOTO,2025-11-25 18:00:00,72,51,328,0,Ensemble probability-weighted,1.758235575435339e-05
REAL_HUMANITARIAN_GEOSPATIAL_DATA,KOTO,2025-11-26 00:00:00,72,51,343,0,Deterministic mean-track,0.0
REAL_HUMANITARIAN_GEOSPATIAL_DATA,KOTO,2025-11-26 00:00:00,72,51,343,0,P90 envelope,0.10204081632653061
REAL_HUMANITARIAN_GEOSPATIAL_DATA,KOTO,2025-11-26 00:00:00,72,51,343,0,Ensemble probability-weighted,2.241793075773727e-05
REAL_HUMANITARIAN_GEOSPATIAL_DATA,KOTO,2025-11-26 06:00:00,72,51,336,0,Deterministic mean-track,0.0
REAL_HUMANITARIAN_GEOSPATIAL_DATA,KOTO,2025-11-26 06:00:00,72,51,336,0,P90 envelope,0.08333333333333333
REAL_HUMANITARIAN_GEOSPATIAL_DATA,KOTO,2025-11-26 06:00:00,72,51,336,0,Ensemble probability-weighted,2.8606213727320998e-05
REAL_HUMANITARIAN_GEOSPATIAL_DATA,KOTO,2025-11-26 12:00:00,72,50,336,0,Deterministic mean-track,0.002976190476190476
REAL_HUMANITARIAN_GEOSPATIAL_DATA,KOTO,2025-11-26 12:00:00,72,50,336,0,P90 envelope,0.10714285714285714
REAL_HUMANITARIAN_GEOSPATIAL_DATA,KOTO,2025-11-26 12:00:00,72,50,336,0,Ensemble probability-weighted,1.6666666666666667e-05
REAL_HUMANITARIAN_GEOSPATIAL_DATA,KOTO,2025-11-26 18:00:00,72,51,322,0,Deterministic mean-track,0.0
REAL_HUMANITARIAN_GEOSPATIAL_DATA,KOTO,2025-11-26 18:00:00,72,51,322,0,P90 envelope,0.09937888198757763
REAL_HUMANITARIAN_GEOSPATIAL_DATA,KOTO,2025-11-26 18:00:00,72,51,322,0,Ensemble probability-weighted,3.940195003832735e-05
REAL_HUMANITARIAN_GEOSPATIAL_DATA,KOTO,2025-11-27 00:00:00,72,51,331,0,Deterministic mean-track,0.0030211480362537764
REAL_HUMANITARIAN_GEOSPATIAL_DATA,KOTO,2025-11-27 00:00:00,72,51,331,0,P90 envelope,0.07854984894259819
REAL_HUMANITARIAN_GEOSPATIAL_DATA,KOTO,2025-11-27 00:00:00,72,51,331,0,Ensemble probability-weighted,6.969199622269381e-05
REAL_HUMANITARIAN_GEOSPATIAL_DATA,KOTO,2025-11-27 06:00:00,72,50,324,1,Deterministic mean-track,0.0
REAL_HUMANITARIAN_GEOSPATIAL_DATA,KOTO,2025-11-27 06:00:00,72,50,324,1,P90 envelope,0.08950617283950617
REAL_HUMANITARIAN_GEOSPATIAL_DATA,KOTO,2025-11-27 06:00:00,72,50,324,1,Ensemble probability-weighted,0.0028716049382716048
REAL_HUMANITARIAN_GEOSPATIAL_DATA,KOTO,2025-11-27 12:00:00,72,51,337,0,Deterministic mean-track,0.0
REAL_HUMANITARIAN_GEOSPATIAL_DATA,KOTO,2025-11-27 12:00:00,72,51,337,0,P90 envelope,0.08605341246290801
REAL_HUMANITARIAN_GEOSPATIAL_DATA,KOTO,2025-11-27 12:00:00,72,51,337,0,Ensemble probability-weighted,4.7915832417798676e-05
REAL_HUMANITARIAN_GEOSPATIAL_DATA,KOTO,2025-11-27 18:00:00,72,51,325,0,Deterministic mean-track,0.0
REAL_HUMANITARIAN_GEOSPATIAL_DATA,KOTO,2025-11-27 18:00:00,72,51,325,0,P90 envelope,0.09230769230769231
REAL_HUMANITARIAN_GEOSPATIAL_DATA,KOTO,2025-11-27 18:00:00,72,51,325,0,Ensemble probability-weighted,3.19403779611392e-05
REAL_HUMANITARIAN_GEOSPATIAL_DATA,KOTO,2025-11-28 00:00:00,72,51,325,0,Deterministic mean-track,0.0
REAL_HUMANITARIAN_GEOSPATIAL_DATA,KOTO,2025-11-28 00:00:00,72,51,325,0,P90 envelope,0.08923076923076922
REAL_HUMANITARIAN_GEOSPATIAL_DATA,KOTO,2025-11-28 00:00:00,72,51,325,0,Ensemble probability-weighted,2.1293585307426137e-05
REAL_HUMANITARIAN_GEOSPATIAL_DATA,KOTO,2025-11-28 06:00:00,72,48,335,0,Deterministic mean-track,0.0
REAL_HUMANITARIAN_GEOSPATIAL_DATA,KOTO,2025-11-28 06:00:00,72,48,335,0,P90 envelope,0.14328358208955225
REAL_HUMANITARIAN_GEOSPATIAL_DATA,KOTO,2025-11-28 06:00:00,72,48,335,0,Ensemble probability-weighted,3.239013266998342e-05
REAL_HUMANITARIAN_GEOSPATIAL_DATA,KOTO,2025-11-28 12:00:00,72,50,335,0,Deterministic mean-track,0.0029850746268656717
REAL_HUMANITARIAN_GEOSPATIAL_DATA,KOTO,2025-11-28 12:00:00,72,50,335,0,P90 envelope,0.1044776119402985
REAL_HUMANITARIAN_GEOSPATIAL_DATA,KOTO,2025-11-28 12:00:00,72,50,335,0,Ensemble probability-weighted,1.6716417910447764e-05
REAL_HUMANITARIAN_GEOSPATIAL_DATA,KOTO,2025-11-28 18:00:00,72,51,329,0,Deterministic mean-track,0.00303951367781155
REAL_HUMANITARIAN_GEOSPATIAL_DATA,KOTO,2025-11-28 18:00:00,72,51,329,0,P90 envelope,0.12158054711246201
REAL_HUMANITARIAN_GEOSPATIAL_DATA,KOTO,2025-11-28 18:00:00,72,51,329,0,Ensemble probability-weighted,2.6877668046776494e-05
REAL_HUMANITARIAN_GEOSPATIAL_DATA,KOTO,2025-11-29 00:00:00,72,49,329,0,Deterministic mean-track,0.00303951367781155
REAL_HUMANITARIAN_GEOSPATIAL_DATA,KOTO,2025-11-29 00:00:00,72,49,329,0,P90 envelope,0.09422492401215805
REAL_HUMANITARIAN_GEOSPATIAL_DATA,KOTO,2025-11-29 00:00:00,72,49,329,0,Ensemble probability-weighted,2.4052794618250495e-05
REAL_HUMANITARIAN_GEOSPATIAL_DATA,KOTO,2025-11-29 06:00:00,72,45,327,0,Deterministic mean-track,0.0
REAL_HUMANITARIAN_GEOSPATIAL_DATA,KOTO,2025-11-29 06:00:00,72,45,327,0,P90 envelope,0.15902140672782875
REAL_HUMANITARIAN_GEOSPATIAL_DATA,KOTO,2025-11-29 06:00:00,72,45,327,0,Ensemble probability-weighted,7.550874013667082e-05
REAL_HUMANITARIAN_GEOSPATIAL_DATA,KOTO,2025-11-29 12:00:00,72,44,327,0,Deterministic mean-track,0.0030581039755351682
REAL_HUMANITARIAN_GEOSPATIAL_DATA,KOTO,2025-11-29 12:00:00,72,44,327,0,P90 envelope,0.09174311926605505
REAL_HUMANITARIAN_GEOSPATIAL_DATA,KOTO,2025-11-29 12:00:00,72,44,327,0,Ensemble probability-weighted,3.317158237925544e-05
REAL_HUMANITARIAN_GEOSPATIAL_DATA,KOTO,2025-11-29 18:00:00,72,45,313,1,Deterministic mean-track,0.006389776357827476
REAL_HUMANITARIAN_GEOSPATIAL_DATA,KOTO,2025-11-29 18:00:00,72,45,313,1,P90 envelope,0.14696485623003194
REAL_HUMANITARIAN_GEOSPATIAL_DATA,KOTO,2025-11-29 18:00:00,72,45,313,1,Ensemble probability-weighted,0.002813079320001578
REAL_HUMANITARIAN_GEOSPATIAL_DATA,KOTO,2025-11-30 00:00:00,72,42,327,0,Deterministic mean-track,0.0
REAL_HUMANITARIAN_GEOSPATIAL_DATA,KOTO,2025-11-30 00:00:00,72,42,327,0,P90 envelope,0.11926605504587157
REAL_HUMANITARIAN_GEOSPATIAL_DATA,KOTO,2025-11-30 00:00:00,72,42,327,0,Ensemble probability-weighted,2.773790454000152e-05
REAL_HUMANITARIAN_GEOSPATIAL_DATA,KOTO,2025-11-30 06:00:00,72,43,325,0,Deterministic mean-track,0.003076923076923077
REAL_HUMANITARIAN_GEOSPATIAL_DATA,KOTO,2025-11-30 06:00:00,72,43,325,0,P90 envelope,0.10461538461538461
REAL_HUMANITARIAN_GEOSPATIAL_DATA,KOTO,2025-11-30 06:00:00,72,43,325,0,Ensemble probability-weighted,3.8274327079086403e-05
REAL_HUMANITARIAN_GEOSPATIAL_DATA,KOTO,2025-11-30 12:00:00,72,36,314,0,Deterministic mean-track,0.0
REAL_HUMANITARIAN_GEOSPATIAL_DATA,KOTO,2025-11-30 12:00:00,72,36,314,0,P90 envelope,0.1178343949044586
REAL_HUMANITARIAN_GEOSPATIAL_DATA,KOTO,2025-11-30 12:00:00,72,36,314,0,Ensemble probability-weighted,5.406149249036722e-05
REAL_HUMANITARIAN_GEOSPATIAL_DATA,MELISSA,2025-10-23 00:00:00,72,49,171,1,Deterministic mean-track,0.005847953216374269
REAL_HUMANITARIAN_GEOSPATIAL_DATA,MELISSA,2025-10-23 00:00:00,72,49,171,1,P90 envelope,0.4327485380116959
REAL_HUMANITARIAN_GEOSPATIAL_DATA,MELISSA,2025-10-23 00:00:00,72,49,171,1,Ensemble probability-weighted,0.005677458953506214
REAL_HUMANITARIAN_GEOSPATIAL_DATA,MELISSA,2025-10-23 06:00:00,72,50,175,0,Deterministic mean-track,0.0
REAL_HUMANITARIAN_GEOSPATIAL_DATA,MELISSA,2025-10-23 06:00:00,72,50,175,0,P90 envelope,0.44571428571428573
REAL_HUMANITARIAN_GEOSPATIAL_DATA,MELISSA,2025-10-23 06:00:00,72,50,175,0,Ensemble probability-weighted,3.885714285714286e-05
REAL_HUMANITARIAN_GEOSPATIAL_DATA,MELISSA,2025-10-23 12:00:00,72,51,174,1,Deterministic mean-track,0.011494252873563218
REAL_HUMANITARIAN_GEOSPATIAL_DATA,MELISSA,2025-10-23 12:00:00,72,51,174,1,P90 envelope,0.5229885057471264
REAL_HUMANITARIAN_GEOSPATIAL_DATA,MELISSA,2025-10-23 12:00:00,72,51,174,1,Ensemble probability-weighted,0.005565940597559736
REAL_HUMANITARIAN_GEOSPATIAL_DATA,MELISSA,2025-10-23 18:00:00,72,51,174,0,Deterministic mean-track,0.0
REAL_HUMANITARIAN_GEOSPATIAL_DATA,MELISSA,2025-10-23 18:00:00,72,51,174,0,P90 envelope,0.5114942528735632
REAL_HUMANITARIAN_GEOSPATIAL_DATA,MELISSA,2025-10-23 18:00:00,72,51,174,0,Ensemble probability-weighted,4.419166810289588e-05
REAL_HUMANITARIAN_GEOSPATIAL_DATA,MELISSA,2025-10-24 00:00:00,72,51,172,1,Deterministic mean-track,0.005813953488372093
REAL_HUMANITARIAN_GEOSPATIAL_DATA,MELISSA,2025-10-24 00:00:00,72,51,172,1,P90 envelope,0.32558139534883723
REAL_HUMANITARIAN_GEOSPATIAL_DATA,MELISSA,2025-10-24 00:00:00,72,51,172,1,Ensemble probability-weighted,0.005865364841787148
REAL_HUMANITARIAN_GEOSPATIAL_DATA,MELISSA,2025-10-24 12:00:00,72,51,169,1,Deterministic mean-track,0.0
REAL_HUMANITARIAN_GEOSPATIAL_DATA,MELISSA,2025-10-24 12:00:00,72,51,169,1,P90 envelope,0.3431952662721893
REAL_HUMANITARIAN_GEOSPATIAL_DATA,MELISSA,2025-10-24 12:00:00,72,51,169,1,Ensemble probability-weighted,0.005712413750742204
REAL_HUMANITARIAN_GEOSPATIAL_DATA,MELISSA,2025-10-24 18:00:00,72,51,169,0,Deterministic mean-track,0.0
REAL_HUMANITARIAN_GEOSPATIAL_DATA,MELISSA,2025-10-24 18:00:00,72,51,169,0,P90 envelope,0.4970414201183432
REAL_HUMANITARIAN_GEOSPATIAL_DATA,MELISSA,2025-10-24 18:00:00,72,51,169,0,Ensemble probability-weighted,7.734849363808641e-05
REAL_HUMANITARIAN_GEOSPATIAL_DATA,MELISSA,2025-10-25 00:00:00,72,51,167,1,Deterministic mean-track,0.005988023952095809
REAL_HUMANITARIAN_GEOSPATIAL_DATA,MELISSA,2025-10-25 00:00:00,72,51,167,1,P90 envelope,0.5149700598802395
REAL_HUMANITARIAN_GEOSPATIAL_DATA,MELISSA,2025-10-25 00:00:00,72,51,167,1,Ensemble probability-weighted,0.0055690234294962565
REAL_HUMANITARIAN_GEOSPATIAL_DATA,MELISSA,2025-10-25 12:00:00,72,50,184,0,Deterministic mean-track,0.005434782608695652
REAL_HUMANITARIAN_GEOSPATIAL_DATA,MELISSA,2025-10-25 12:00:00,72,50,184,0,P90 envelope,0.4782608695652174
REAL_HUMANITARIAN_GEOSPATIAL_DATA,MELISSA,2025-10-25 12:00:00,72,50,184,0,Ensemble probability-weighted,3.695652173913044e-05
REAL_HUMANITARIAN_GEOSPATIAL_DATA,MELISSA,2025-10-25 18:00:00,72,51,184,1,Deterministic mean-track,0.005434782608695652
REAL_HUMANITARIAN_GEOSPATIAL_DATA,MELISSA,2025-10-25 18:00:00,72,51,184,1,P90 envelope,0.5217391304347826
REAL_HUMANITARIAN_GEOSPATIAL_DATA,MELISSA,2025-10-25 18:00:00,72,51,184,1,Ensemble probability-weighted,0.005069120572355115
REAL_HUMANITARIAN_GEOSPATIAL_DATA,MELISSA,2025-10-26 00:00:00,72,51,195,1,Deterministic mean-track,0.005128205128205128
REAL_HUMANITARIAN_GEOSPATIAL_DATA,MELISSA,2025-10-26 00:00:00,72,51,195,1,P90 envelope,0.3076923076923077
REAL_HUMANITARIAN_GEOSPATIAL_DATA,MELISSA,2025-10-26 00:00:00,72,51,195,1,Ensemble probability-weighted,0.004574177584558208
REAL_HUMANITARIAN_GEOSPATIAL_DATA,MELISSA,2025-10-26 06:00:00,72,51,207,1,Deterministic mean-track,0.004830917874396135
REAL_HUMANITARIAN_GEOSPATIAL_DATA,MELISSA,2025-10-26 06:00:00,72,51,207,1,P90 envelope,0.34782608695652173
REAL_HUMANITARIAN_GEOSPATIAL_DATA,MELISSA,2025-10-26 06:00:00,72,51,207,1,Ensemble probability-weighted,0.004671187410267697
REAL_HUMANITARIAN_GEOSPATIAL_DATA,MELISSA,2025-10-26 12:00:00,72,51,221,1,Deterministic mean-track,0.004524886877828055
REAL_HUMANITARIAN_GEOSPATIAL_DATA,MELISSA,2025-10-26 12:00:00,72,51,221,1,P90 envelope,0.33031674208144796
REAL_HUMANITARIAN_GEOSPATIAL_DATA,MELISSA,2025-10-26 12:00:00,72,51,221,1,Ensemble probability-weighted,0.004216964933431451
REAL_HUMANITARIAN_GEOSPATIAL_DATA,MELISSA,2025-10-26 18:00:00,72,50,231,0,Deterministic mean-track,0.004329004329004329
REAL_HUMANITARIAN_GEOSPATIAL_DATA,MELISSA,2025-10-26 18:00:00,72,50,231,0,P90 envelope,0.3722943722943723
REAL_HUMANITARIAN_GEOSPATIAL_DATA,MELISSA,2025-10-26 18:00:00,72,50,231,0,Ensemble probability-weighted,2.9437229437229438e-05
REAL_HUMANITARIAN_GEOSPATIAL_DATA,MELISSA,2025-10-27 00:00:00,72,51,213,0,Deterministic mean-track,0.004694835680751174
REAL_HUMANITARIAN_GEOSPATIAL_DATA,MELISSA,2025-10-27 00:00:00,72,51,213,0,P90 envelope,0.37089201877934275
REAL_HUMANITARIAN_GEOSPATIAL_DATA,MELISSA,2025-10-27 00:00:00,72,51,213,0,Ensemble probability-weighted,4.151527130229796e-05
REAL_HUMANITARIAN_GEOSPATIAL_DATA,MELISSA,2025-10-27 06:00:00,72,51,207,0,Deterministic mean-track,0.004830917874396135
REAL_HUMANITARIAN_GEOSPATIAL_DATA,MELISSA,2025-10-27 06:00:00,72,51,207,0,P90 envelope,0.2898550724637681
REAL_HUMANITARIAN_GEOSPATIAL_DATA,MELISSA,2025-10-27 06:00:00,72,51,207,0,Ensemble probability-weighted,4.457594347770367e-05
REAL_HUMANITARIAN_GEOSPATIAL_DATA,MELISSA,2025-10-27 12:00:00,72,51,197,0,Deterministic mean-track,0.005076142131979695
REAL_HUMANITARIAN_GEOSPATIAL_DATA,MELISSA,2025-10-27 12:00:00,72,51,197,0,P90 envelope,0.3248730964467005
REAL_HUMANITARIAN_GEOSPATIAL_DATA,MELISSA,2025-10-27 12:00:00,72,51,197,0,Ensemble probability-weighted,6.245157563373712e-05
REAL_HUMANITARIAN_GEOSPATIAL_DATA,MELISSA,2025-10-27 18:00:00,72,51,188,0,Deterministic mean-track,0.0
REAL_HUMANITARIAN_GEOSPATIAL_DATA,MELISSA,2025-10-27 18:00:00,72,51,188,0,P90 envelope,0.2925531914893617
REAL_HUMANITARIAN_GEOSPATIAL_DATA,MELISSA,2025-10-27 18:00:00,72,51,188,0,Ensemble probability-weighted,2.863055944113148e-05
REAL_HUMANITARIAN_GEOSPATIAL_DATA,MELISSA,2025-10-28 00:00:00,72,51,177,0,Deterministic mean-track,0.005649717514124294
REAL_HUMANITARIAN_GEOSPATIAL_DATA,MELISSA,2025-10-28 00:00:00,72,51,177,0,P90 envelope,0.24293785310734464
REAL_HUMANITARIAN_GEOSPATIAL_DATA,MELISSA,2025-10-28 00:00:00,72,51,177,0,Ensemble probability-weighted,2.389346122851489e-05
REAL_HUMANITARIAN_GEOSPATIAL_DATA,MELISSA,2025-10-28 06:00:00,72,51,175,1,Deterministic mean-track,0.011428571428571429
REAL_HUMANITARIAN_GEOSPATIAL_DATA,MELISSA,2025-10-28 06:00:00,72,51,175,1,P90 envelope,0.26857142857142857
REAL_HUMANITARIAN_GEOSPATIAL_DATA,MELISSA,2025-10-28 06:00:00,72,51,175,1,Ensemble probability-weighted,0.005764815730213653
REAL_HUMANITARIAN_GEOSPATIAL_DATA,MELISSA,2025-10-28 12:00:00,72,51,184,0,Deterministic mean-track,0.0
REAL_HUMANITARIAN_GEOSPATIAL_DATA,MELISSA,2025-10-28 12:00:00,72,51,184,0,P90 envelope,0.2554347826086957
REAL_HUMANITARIAN_GEOSPATIAL_DATA,MELISSA,2025-10-28 12:00:00,72,51,184,0,Ensemble probability-weighted,6.895341256707287e-05
REAL_HUMANITARIAN_GEOSPATIAL_DATA,MELISSA,2025-10-28 18:00:00,72,51,200,0,Deterministic mean-track,0.005
REAL_HUMANITARIAN_GEOSPATIAL_DATA,MELISSA,2025-10-28 18:00:00,72,51,200,0,P90 envelope,0.255
REAL_HUMANITARIAN_GEOSPATIAL_DATA,MELISSA,2025-10-28 18:00:00,72,51,200,0,Ensemble probability-weighted,3.2679738562091506e-05
REAL_HUMANITARIAN_GEOSPATIAL_DATA,MELISSA,2025-10-29 00:00:00,72,51,222,0,Deterministic mean-track,0.0
REAL_HUMANITARIAN_GEOSPATIAL_DATA,MELISSA,2025-10-29 00:00:00,72,51,222,0,P90 envelope,0.23873873873873874
REAL_HUMANITARIAN_GEOSPATIAL_DATA,MELISSA,2025-10-29 00:00:00,72,51,222,0,Ensemble probability-weighted,3.810038412114537e-05
REAL_HUMANITARIAN_GEOSPATIAL_DATA,MELISSA,2025-10-29 06:00:00,72,51,243,0,Deterministic mean-track,0.0
REAL_HUMANITARIAN_GEOSPATIAL_DATA,MELISSA,2025-10-29 06:00:00,72,51,243,0,P90 envelope,0.16049382716049382
REAL_HUMANITARIAN_GEOSPATIAL_DATA,MELISSA,2025-10-29 06:00:00,72,51,243,0,Ensemble probability-weighted,4.904729583272024e-05
REAL_HUMANITARIAN_GEOSPATIAL_DATA,NOKAEN,2026-01-15 06:00:00,72,48,339,0,Deterministic mean-track,0.0
REAL_HUMANITARIAN_GEOSPATIAL_DATA,NOKAEN,2026-01-15 06:00:00,72,48,339,0,P90 envelope,0.24188790560471976
REAL_HUMANITARIAN_GEOSPATIAL_DATA,NOKAEN,2026-01-15 06:00:00,72,48,339,0,Ensemble probability-weighted,1.1522861356932153e-05
REAL_HUMANITARIAN_GEOSPATIAL_DATA,SENYAR,2025-11-26 06:00:00,72,1,204,0,Deterministic mean-track,0.0
REAL_HUMANITARIAN_GEOSPATIAL_DATA,SENYAR,2025-11-26 06:00:00,72,1,204,0,P90 envelope,0.004901960784313725
REAL_HUMANITARIAN_GEOSPATIAL_DATA,SENYAR,2025-11-26 06:00:00,72,1,204,0,Ensemble probability-weighted,0.0
REAL_HUMANITARIAN_GEOSPATIAL_DATA,SENYAR,2025-11-26 12:00:00,72,1,204,0,Deterministic mean-track,0.0
REAL_HUMANITARIAN_GEOSPATIAL_DATA,SENYAR,2025-11-26 12:00:00,72,1,204,0,P90 envelope,0.00980392156862745
REAL_HUMANITARIAN_GEOSPATIAL_DATA,SENYAR,2025-11-26 12:00:00,72,1,204,0,Ensemble probability-weighted,0.0
REAL_HUMANITARIAN_GEOSPATIAL_DATA,SENYAR,2025-11-26 18:00:00,72,4,220,0,Deterministic mean-track,0.004545454545454545
REAL_HUMANITARIAN_GEOSPATIAL_DATA,SENYAR,2025-11-26 18:00:00,72,4,220,0,P90 envelope,0.8272727272727273
REAL_HUMANITARIAN_GEOSPATIAL_DATA,SENYAR,2025-11-26 18:00:00,72,4,220,0,Ensemble probability-weighted,0.0002840909090909091
REAL_HUMANITARIAN_GEOSPATIAL_DATA,SENYAR,2025-11-27 00:00:00,72,2,240,0,Deterministic mean-track,0.0
REAL_HUMANITARIAN_GEOSPATIAL_DATA,SENYAR,2025-11-27 00:00:00,72,2,240,0,P90 envelope,0.1125
REAL_HUMANITARIAN_GEOSPATIAL_DATA,SENYAR,2025-11-27 00:00:00,72,2,240,0,Ensemble probability-weighted,0.0
REAL_HUMANITARIAN_GEOSPATIAL_DATA,SENYAR,2025-11-27 06:00:00,72,9,260,0,Deterministic mean-track,0.0038461538461538464
REAL_HUMANITARIAN_GEOSPATIAL_DATA,SENYAR,2025-11-27 06:00:00,72,9,260,0,P90 envelope,0.33076923076923076
REAL_HUMANITARIAN_GEOSPATIAL_DATA,SENYAR,2025-11-27 06:00:00,72,9,260,0,Ensemble probability-weighted,4.748338081671415e-05
REAL_HUMANITARIAN_GEOSPATIAL_DATA,SONIA,2025-10-25 12:00:00,72,46,101,1,Deterministic mean-track,0.019801980198019802
REAL_HUMANITARIAN_GEOSPATIAL_DATA,SONIA,2025-10-25 12:00:00,72,46,101,1,P90 envelope,0.4752475247524752
REAL_HUMANITARIAN_GEOSPATIAL_DATA,SONIA,2025-10-25 12:00:00,72,46,101,1,Ensemble probability-weighted,0.009573452619364015
REAL_HUMANITARIAN_GEOSPATIAL_DATA,SONIA,2025-10-25 18:00:00,72,43,107,0,Deterministic mean-track,0.0
REAL_HUMANITARIAN_GEOSPATIAL_DATA,SONIA,2025-10-25 18:00:00,72,43,107,0,P90 envelope,0.3925233644859813
REAL_HUMANITARIAN_GEOSPATIAL_DATA,SONIA,2025-10-25 18:00:00,72,43,107,0,Ensemble probability-weighted,0.00017185343934331766
REAL_HUMANITARIAN_GEOSPATIAL_DATA,SONIA,2025-10-26 00:00:00,72,39,115,0,Deterministic mean-track,0.0
REAL_HUMANITARIAN_GEOSPATIAL_DATA,SONIA,2025-10-26 00:00:00,72,39,115,0,P90 envelope,0.3391304347826087
REAL_HUMANITARIAN_GEOSPATIAL_DATA,SONIA,2025-10-26 00:00:00,72,39,115,0,Ensemble probability-weighted,0.00011434125146499727
REAL_HUMANITARIAN_GEOSPATIAL_DATA,SONIA,2025-10-26 06:00:00,72,40,116,0,Deterministic mean-track,0.0
REAL_HUMANITARIAN_GEOSPATIAL_DATA,SONIA,2025-10-26 06:00:00,72,40,116,0,P90 envelope,0.3706896551724138
REAL_HUMANITARIAN_GEOSPATIAL_DATA,SONIA,2025-10-26 06:00:00,72,40,116,0,Ensemble probability-weighted,6.465517241379312e-05
REAL_HUMANITARIAN_GEOSPATIAL_DATA,SONIA,2025-10-26 12:00:00,72,27,115,0,Deterministic mean-track,0.0
REAL_HUMANITARIAN_GEOSPATIAL_DATA,SONIA,2025-10-26 12:00:00,72,27,115,0,P90 envelope,0.22608695652173913
REAL_HUMANITARIAN_GEOSPATIAL_DATA,SONIA,2025-10-26 12:00:00,72,27,115,0,Ensemble probability-weighted,0.00013121011510705552
REAL_HUMANITARIAN_GEOSPATIAL_DATA,SONIA,2025-10-26 18:00:00,72,22,113,0,Deterministic mean-track,0.0
REAL_HUMANITARIAN_GEOSPATIAL_DATA,SONIA,2025-10-26 18:00:00,72,22,113,0,P90 envelope,0.2920353982300885
REAL_HUMANITARIAN_GEOSPATIAL_DATA,SONIA,2025-10-26 18:00:00,72,22,113,0,Ensemble probability-weighted,0.0002742631463468149
REAL_HUMANITARIAN_GEOSPATIAL_DATA,DITWAH,2025-11-27 12:00:00,96,38,159,1,Deterministic mean-track,0.006289308176100629
REAL_HUMANITARIAN_GEOSPATIAL_DATA,DITWAH,2025-11-27 12:00:00,96,38,159,1,P90 envelope,0.5283018867924528
REAL_HUMANITARIAN_GEOSPATIAL_DATA,DITWAH,2025-11-27 12:00:00,96,38,159,1,Ensemble probability-weighted,0.005723096221188523
REAL_HUMANITARIAN_GEOSPATIAL_DATA,DITWAH,2025-11-27 18:00:00,96,22,159,0,Deterministic mean-track,0.006289308176100629
REAL_HUMANITARIAN_GEOSPATIAL_DATA,DITWAH,2025-11-27 18:00:00,96,22,159,0,P90 envelope,0.49056603773584906
REAL_HUMANITARIAN_GEOSPATIAL_DATA,DITWAH,2025-11-27 18:00:00,96,22,159,0,Ensemble probability-weighted,2.59888767607464e-05
REAL_HUMANITARIAN_GEOSPATIAL_DATA,DITWAH,2025-11-28 00:00:00,96,21,159,0,Deterministic mean-track,0.006289308176100629
REAL_HUMANITARIAN_GEOSPATIAL_DATA,DITWAH,2025-11-28 00:00:00,96,21,159,0,P90 envelope,0.4528301886792453
REAL_HUMANITARIAN_GEOSPATIAL_DATA,DITWAH,2025-11-28 00:00:00,96,21,159,0,Ensemble probability-weighted,7.130734893538127e-05
REAL_HUMANITARIAN_GEOSPATIAL_DATA,DITWAH,2025-11-28 06:00:00,96,14,159,0,Deterministic mean-track,0.0
REAL_HUMANITARIAN_GEOSPATIAL_DATA,DITWAH,2025-11-28 06:00:00,96,14,159,0,P90 envelope,0.6981132075471698
REAL_HUMANITARIAN_GEOSPATIAL_DATA,DITWAH,2025-11-28 06:00:00,96,14,159,0,Ensemble probability-weighted,0.0001283532280836863
REAL_HUMANITARIAN_GEOSPATIAL_DATA,DITWAH,2025-11-28 12:00:00,96,25,159,0,Deterministic mean-track,0.0
REAL_HUMANITARIAN_GEOSPATIAL_DATA,DITWAH,2025-11-28 12:00:00,96,25,159,0,P90 envelope,0.5534591194968553
REAL_HUMANITARIAN_GEOSPATIAL_DATA,DITWAH,2025-11-28 12:00:00,96,25,159,0,Ensemble probability-weighted,0.00010062893081761007
REAL_HUMANITARIAN_GEOSPATIAL_DATA,DITWAH,2025-11-28 18:00:00,96,20,150,1,Deterministic mean-track,0.006666666666666667
REAL_HUMANITARIAN_GEOSPATIAL_DATA,DITWAH,2025-11-28 18:00:00,96,20,150,1,P90 envelope,0.5933333333333334
REAL_HUMANITARIAN_GEOSPATIAL_DATA,DITWAH,2025-11-28 18:00:00,96,20,150,1,Ensemble probability-weighted,0.006766666666666666
REAL_HUMANITARIAN_GEOSPATIAL_DATA,DUDZAI,2026-01-15 06:00:00,96,51,67,0,Deterministic mean-track,0.0
REAL_HUMANITARIAN_GEOSPATIAL_DATA,DUDZAI,2026-01-15 06:00:00,96,51,67,0,P90 envelope,0.8805970149253731
REAL_HUMANITARIAN_GEOSPATIAL_DATA,DUDZAI,2026-01-15 06:00:00,96,51,67,0,Ensemble probability-weighted,9.181313731228517e-05
REAL_HUMANITARIAN_GEOSPATIAL_DATA,FINA,2025-11-18 18:00:00,96,51,180,0,Deterministic mean-track,0.0
REAL_HUMANITARIAN_GEOSPATIAL_DATA,FINA,2025-11-18 18:00:00,96,51,180,0,P90 envelope,0.4222222222222222
REAL_HUMANITARIAN_GEOSPATIAL_DATA,FINA,2025-11-18 18:00:00,96,51,180,0,Ensemble probability-weighted,4.9126404374385915e-05
REAL_HUMANITARIAN_GEOSPATIAL_DATA,FINA,2025-11-19 00:00:00,96,51,180,1,Deterministic mean-track,0.005555555555555556
REAL_HUMANITARIAN_GEOSPATIAL_DATA,FINA,2025-11-19 00:00:00,96,51,180,1,P90 envelope,0.23333333333333334
REAL_HUMANITARIAN_GEOSPATIAL_DATA,FINA,2025-11-19 00:00:00,96,51,180,1,Ensemble probability-weighted,0.005391088897432611
REAL_HUMANITARIAN_GEOSPATIAL_DATA,FINA,2025-11-19 06:00:00,96,51,180,0,Deterministic mean-track,0.0
REAL_HUMANITARIAN_GEOSPATIAL_DATA,FINA,2025-11-19 06:00:00,96,51,180,0,P90 envelope,0.3388888888888889
REAL_HUMANITARIAN_GEOSPATIAL_DATA,FINA,2025-11-19 06:00:00,96,51,180,0,Ensemble probability-weighted,8.970908624887865e-05
REAL_HUMANITARIAN_GEOSPATIAL_DATA,FINA,2025-11-19 12:00:00,96,51,179,1,Deterministic mean-track,0.00558659217877095
REAL_HUMANITARIAN_GEOSPATIAL_DATA,FINA,2025-11-19 12:00:00,96,51,179,1,P90 envelope,0.2681564245810056
REAL_HUMANITARIAN_GEOSPATIAL_DATA,FINA,2025-11-19 12:00:00,96,51,179,1,Ensemble probability-weighted,0.005184941760689378
REAL_HUMANITARIAN_GEOSPATIAL_DATA,FINA,2025-11-19 18:00:00,96,51,179,0,Deterministic mean-track,0.0
REAL_HUMANITARIAN_GEOSPATIAL_DATA,FINA,2025-11-19 18:00:00,96,51,179,0,P90 envelope,0.3016759776536313
REAL_HUMANITARIAN_GEOSPATIAL_DATA,FINA,2025-11-19 18:00:00,96,51,179,0,Ensemble probability-weighted,2.577435837956609e-05
REAL_HUMANITARIAN_GEOSPATIAL_DATA,FINA,2025-11-20 00:00:00,96,51,176,1,Deterministic mean-track,0.011363636363636364
REAL_HUMANITARIAN_GEOSPATIAL_DATA,FINA,2025-11-20 00:00:00,96,51,176,1,P90 envelope,0.375
REAL_HUMANITARIAN_GEOSPATIAL_DATA,FINA,2025-11-20 00:00:00,96,51,176,1,Ensemble probability-weighted,0.0057167697738632
REAL_HUMANITARIAN_GEOSPATIAL_DATA,FINA,2025-11-20 06:00:00,96,51,176,0,Deterministic mean-track,0.0
REAL_HUMANITARIAN_GEOSPATIAL_DATA,FINA,2025-11-20 06:00:00,96,51,176,0,P90 envelope,0.23863636363636365
REAL_HUMANITARIAN_GEOSPATIAL_DATA,FINA,2025-11-20 06:00:00,96,51,176,0,Ensemble probability-weighted,6.116528607878089e-05
REAL_HUMANITARIAN_GEOSPATIAL_DATA,FINA,2025-11-20 12:00:00,96,51,176,0,Deterministic mean-track,0.005681818181818182
REAL_HUMANITARIAN_GEOSPATIAL_DATA,FINA,2025-11-20 12:00:00,96,51,176,0,P90 envelope,0.2215909090909091
REAL_HUMANITARIAN_GEOSPATIAL_DATA,FINA,2025-11-20 12:00:00,96,51,176,0,Ensemble probability-weighted,4.587396455908567e-05
REAL_HUMANITARIAN_GEOSPATIAL_DATA,FINA,2025-11-20 18:00:00,96,51,171,0,Deterministic mean-track,0.005847953216374269
REAL_HUMANITARIAN_GEOSPATIAL_DATA,FINA,2025-11-20 18:00:00,96,51,171,0,P90 envelope,0.24561403508771928
REAL_HUMANITARIAN_GEOSPATIAL_DATA,FINA,2025-11-20 18:00:00,96,51,171,0,Ensemble probability-weighted,6.520209276234288e-05
REAL_HUMANITARIAN_GEOSPATIAL_DATA,FINA,2025-11-21 00:00:00,96,50,171,1,Deterministic mean-track,0.005847953216374269
REAL_HUMANITARIAN_GEOSPATIAL_DATA,FINA,2025-11-21 00:00:00,96,50,171,1,P90 envelope,0.21052631578947367
REAL_HUMANITARIAN_GEOSPATIAL_DATA,FINA,2025-11-21 00:00:00,96,50,171,1,Ensemble probability-weighted,0.005658479532163742
REAL_HUMANITARIAN_GEOSPATIAL_DATA,FINA,2025-11-21 06:00:00,96,45,171,0,Deterministic mean-track,0.0
REAL_HUMANITARIAN_GEOSPATIAL_DATA,FINA,2025-11-21 06:00:00,96,45,171,0,P90 envelope,0.28654970760233917
REAL_HUMANITARIAN_GEOSPATIAL_DATA,FINA,2025-11-21 06:00:00,96,45,171,0,Ensemble probability-weighted,3.465453757851419e-05
REAL_HUMANITARIAN_GEOSPATIAL_DATA,FUNG-WONG,2025-11-05 18:00:00,96,50,377,1,Deterministic mean-track,0.002652519893899204
REAL_HUMANITARIAN_GEOSPATIAL_DATA,FUNG-WONG,2025-11-05 18:00:00,96,50,377,1,P90 envelope,0.1989389920424403
REAL_HUMANITARIAN_GEOSPATIAL_DATA,FUNG-WONG,2025-11-05 18:00:00,96,50,377,1,Ensemble probability-weighted,0.0026843501326259942
REAL_HUMANITARIAN_GEOSPATIAL_DATA,FUNG-WONG,2025-11-06 00:00:00,96,47,368,1,Deterministic mean-track,0.002717391304347826
REAL_HUMANITARIAN_GEOSPATIAL_DATA,FUNG-WONG,2025-11-06 00:00:00,96,47,368,1,P90 envelope,0.16576086956521738
REAL_HUMANITARIAN_GEOSPATIAL_DATA,FUNG-WONG,2025-11-06 00:00:00,96,47,368,1,Ensemble probability-weighted,0.002525488613773693
REAL_HUMANITARIAN_GEOSPATIAL_DATA,FUNG-WONG,2025-11-06 06:00:00,96,49,389,0,Deterministic mean-track,0.0
REAL_HUMANITARIAN_GEOSPATIAL_DATA,FUNG-WONG,2025-11-06 06:00:00,96,49,389,0,P90 envelope,0.15424164524421594
REAL_HUMANITARIAN_GEOSPATIAL_DATA,FUNG-WONG,2025-11-06 06:00:00,96,49,389,0,Ensemble probability-weighted,1.2848117054911779e-05
REAL_HUMANITARIAN_GEOSPATIAL_DATA,FUNG-WONG,2025-11-06 12:00:00,96,51,359,0,Deterministic mean-track,0.0
REAL_HUMANITARIAN_GEOSPATIAL_DATA,FUNG-WONG,2025-11-06 12:00:00,96,51,359,0,P90 envelope,0.1615598885793872
REAL_HUMANITARIAN_GEOSPATIAL_DATA,FUNG-WONG,2025-11-06 12:00:00,96,51,359,0,Ensemble probability-weighted,3.105726424055886e-05
REAL_HUMANITARIAN_GEOSPATIAL_DATA,FUNG-WONG,2025-11-06 18:00:00,96,51,338,0,Deterministic mean-track,0.0
REAL_HUMANITARIAN_GEOSPATIAL_DATA,FUNG-WONG,2025-11-06 18:00:00,96,51,338,0,P90 envelope,0.2781065088757396
REAL_HUMANITARIAN_GEOSPATIAL_DATA,FUNG-WONG,2025-11-06 18:00:00,96,51,338,0,Ensemble probability-weighted,1.7062167714283766e-05
REAL_HUMANITARIAN_GEOSPATIAL_DATA,FUNG-WONG,2025-11-07 00:00:00,96,51,322,1,Deterministic mean-track,0.006211180124223602
REAL_HUMANITARIAN_GEOSPATIAL_DATA,FUNG-WONG,2025-11-07 00:00:00,96,51,322,1,P90 envelope,0.14906832298136646
REAL_HUMANITARIAN_GEOSPATIAL_DATA,FUNG-WONG,2025-11-07 00:00:00,96,51,322,1,Ensemble probability-weighted,0.0031211120424299308
REAL_HUMANITARIAN_GEOSPATIAL_DATA,FUNG-WONG,2025-11-07 06:00:00,96,51,303,1,Deterministic mean-track,0.0033003300330033004
REAL_HUMANITARIAN_GEOSPATIAL_DATA,FUNG-WONG,2025-11-07 06:00:00,96,51,303,1,P90 envelope,0.1848184818481848
REAL_HUMANITARIAN_GEOSPATIAL_DATA,FUNG-WONG,2025-11-07 06:00:00,96,51,303,1,Ensemble probability-weighted,0.003343471602062166
REAL_HUMANITARIAN_GEOSPATIAL_DATA,FUNG-WONG,2025-11-07 12:00:00,96,50,320,0,Deterministic mean-track,0.0
REAL_HUMANITARIAN_GEOSPATIAL_DATA,FUNG-WONG,2025-11-07 12:00:00,96,50,320,0,P90 envelope,0.2125
REAL_HUMANITARIAN_GEOSPATIAL_DATA,FUNG-WONG,2025-11-07 12:00:00,96,50,320,0,Ensemble probability-weighted,2.6249999999999998e-05
REAL_HUMANITARIAN_GEOSPATIAL_DATA,FUNG-WONG,2025-11-07 18:00:00,96,51,299,0,Deterministic mean-track,0.0
REAL_HUMANITARIAN_GEOSPATIAL_DATA,FUNG-WONG,2025-11-07 18:00:00,96,51,299,0,P90 envelope,0.18729096989966554
REAL_HUMANITARIAN_GEOSPATIAL_DATA,FUNG-WONG,2025-11-07 18:00:00,96,51,299,0,Ensemble probability-weighted,3.2146113084882455e-05
REAL_HUMANITARIAN_GEOSPATIAL_DATA,FUNG-WONG,2025-11-08 00:00:00,96,50,294,0,Deterministic mean-track,0.0
REAL_HUMANITARIAN_GEOSPATIAL_DATA,FUNG-WONG,2025-11-08 00:00:00,96,50,294,0,P90 envelope,0.20068027210884354
REAL_HUMANITARIAN_GEOSPATIAL_DATA,FUNG-WONG,2025-11-08 00:00:00,96,50,294,0,Ensemble probability-weighted,2.857142857142857e-05
REAL_HUMANITARIAN_GEOSPATIAL_DATA,FUNG-WONG,2025-11-08 06:00:00,96,51,283,1,Deterministic mean-track,0.007067137809187279
REAL_HUMANITARIAN_GEOSPATIAL_DATA,FUNG-WONG,2025-11-08 06:00:00,96,51,283,1,P90 envelope,0.18374558303886926
REAL_HUMANITARIAN_GEOSPATIAL_DATA,FUNG-WONG,2025-11-08 06:00:00,96,51,283,1,Ensemble probability-weighted,0.003566173923321147
REAL_HUMANITARIAN_GEOSPATIAL_DATA,FUNG-WONG,2025-11-08 12:00:00,96,50,291,0,Deterministic mean-track,0.0
REAL_HUMANITARIAN_GEOSPATIAL_DATA,FUNG-WONG,2025-11-08 12:00:00,96,50,291,0,P90 envelope,0.22336769759450173
REAL_HUMANITARIAN_GEOSPATIAL_DATA,FUNG-WONG,2025-11-08 12:00:00,96,50,291,0,Ensemble probability-weighted,1.2371134020618556e-05
REAL_HUMANITARIAN_GEOSPATIAL_DATA,FUNG-WONG,2025-11-08 18:00:00,96,50,268,0,Deterministic mean-track,0.0037313432835820895
REAL_HUMANITARIAN_GEOSPATIAL_DATA,FUNG-WONG,2025-11-08 18:00:00,96,50,268,0,P90 envelope,0.22388059701492538
REAL_HUMANITARIAN_GEOSPATIAL_DATA,FUNG-WONG,2025-11-08 18:00:00,96,50,268,0,Ensemble probability-weighted,3.582089552238806e-05
REAL_HUMANITARIAN_GEOSPATIAL_DATA,FUNG-WONG,2025-11-09 00:00:00,96,47,221,1,Deterministic mean-track,0.004524886877828055
REAL_HUMANITARIAN_GEOSPATIAL_DATA,FUNG-WONG,2025-11-09 00:00:00,96,47,221,1,P90 envelope,0.3257918552036199
REAL_HUMANITARIAN_GEOSPATIAL_DATA,FUNG-WONG,2025-11-09 00:00:00,96,47,221,1,Ensemble probability-weighted,0.004580193326764839
REAL_HUMANITARIAN_GEOSPATIAL_DATA,FUNG-WONG,2025-11-09 06:00:00,96,39,204,0,Deterministic mean-track,0.0
REAL_HUMANITARIAN_GEOSPATIAL_DATA,FUNG-WONG,2025-11-09 06:00:00,96,39,204,0,P90 envelope,0.35784313725490197
REAL_HUMANITARIAN_GEOSPATIAL_DATA,FUNG-WONG,2025-11-09 06:00:00,96,39,204,0,Ensemble probability-weighted,4.189710072063013e-05
REAL_HUMANITARIAN_GEOSPATIAL_DATA,FUNG-WONG,2025-11-09 12:00:00,96,32,171,0,Deterministic mean-track,0.0
REAL_HUMANITARIAN_GEOSPATIAL_DATA,FUNG-WONG,2025-11-09 12:00:00,96,32,171,0,P90 envelope,0.4502923976608187
REAL_HUMANITARIAN_GEOSPATIAL_DATA,FUNG-WONG,2025-11-09 12:00:00,96,32,171,0,Ensemble probability-weighted,7.995248538011695e-05
REAL_HUMANITARIAN_GEOSPATIAL_DATA,FUNG-WONG,2025-11-09 18:00:00,96,30,131,0,Deterministic mean-track,0.007633587786259542
REAL_HUMANITARIAN_GEOSPATIAL_DATA,FUNG-WONG,2025-11-09 18:00:00,96,30,131,0,P90 envelope,0.45038167938931295
REAL_HUMANITARIAN_GEOSPATIAL_DATA,FUNG-WONG,2025-11-09 18:00:00,96,30,131,0,Ensemble probability-weighted,8.481764206955047e-05
REAL_HUMANITARIAN_GEOSPATIAL_DATA,GEZANI,2026-02-10 00:00:00,96,46,200,0,Deterministic mean-track,0.0
REAL_HUMANITARIAN_GEOSPATIAL_DATA,GEZANI,2026-02-10 00:00:00,96,46,200,0,P90 envelope,0.225
REAL_HUMANITARIAN_GEOSPATIAL_DATA,GEZANI,2026-02-10 00:00:00,96,46,200,0,Ensemble probability-weighted,3.544423440453686e-05
REAL_HUMANITARIAN_GEOSPATIAL_DATA,GEZANI,2026-02-10 06:00:00,96,48,201,1,Deterministic mean-track,0.004975124378109453
REAL_HUMANITARIAN_GEOSPATIAL_DATA,GEZANI,2026-02-10 06:00:00,96,48,201,1,P90 envelope,0.2935323383084577
REAL_HUMANITARIAN_GEOSPATIAL_DATA,GEZANI,2026-02-10 06:00:00,96,48,201,1,Ensemble probability-weighted,0.004400739358761747
REAL_HUMANITARIAN_GEOSPATIAL_DATA,GEZANI,2026-02-10 12:00:00,96,49,214,0,Deterministic mean-track,0.004672897196261682
REAL_HUMANITARIAN_GEOSPATIAL_DATA,GEZANI,2026-02-10 12:00:00,96,49,214,0,P90 envelope,0.2850467289719626
REAL_HUMANITARIAN_GEOSPATIAL_DATA,GEZANI,2026-02-10 12:00:00,96,49,214,0,Ensemble probability-weighted,2.1408525264006033e-05
REAL_HUMANITARIAN_GEOSPATIAL_DATA,GEZANI,2026-02-10 18:00:00,96,49,228,0,Deterministic mean-track,0.0043859649122807015
REAL_HUMANITARIAN_GEOSPATIAL_DATA,GEZANI,2026-02-10 18:00:00,96,49,228,0,P90 envelope,0.2850877192982456
REAL_HUMANITARIAN_GEOSPATIAL_DATA,GEZANI,2026-02-10 18:00:00,96,49,228,0,Ensemble probability-weighted,3.288103641026764e-05
REAL_HUMANITARIAN_GEOSPATIAL_DATA,GEZANI,2026-02-11 00:00:00,96,49,233,0,Deterministic mean-track,0.0
REAL_HUMANITARIAN_GEOSPATIAL_DATA,GEZANI,2026-02-11 00:00:00,96,49,233,0,P90 envelope,0.30472103004291845
REAL_HUMANITARIAN_GEOSPATIAL_DATA,GEZANI,2026-02-11 00:00:00,96,49,233,0,Ensemble probability-weighted,1.2512669077440907e-05
REAL_HUMANITARIAN_GEOSPATIAL_DATA,GEZANI,2026-02-11 06:00:00,96,51,236,0,Deterministic mean-track,0.00423728813559322
REAL_HUMANITARIAN_GEOSPATIAL_DATA,GEZANI,2026-02-11 06:00:00,96,51,236,0,P90 envelope,0.3983050847457627
REAL_HUMANITARIAN_GEOSPATIAL_DATA,GEZANI,2026-02-11 06:00:00,96,51,236,0,Ensemble probability-weighted,3.0952892955121566e-05
REAL_HUMANITARIAN_GEOSPATIAL_DATA,GEZANI,2026-02-11 12:00:00,96,51,238,0,Deterministic mean-track,0.004201680672268907
REAL_HUMANITARIAN_GEOSPATIAL_DATA,GEZANI,2026-02-11 12:00:00,96,51,238,0,P90 envelope,0.41596638655462187
REAL_HUMANITARIAN_GEOSPATIAL_DATA,GEZANI,2026-02-11 12:00:00,96,51,238,0,Ensemble probability-weighted,4.361606234189177e-05
REAL_HUMANITARIAN_GEOSPATIAL_DATA,GEZANI,2026-02-11 18:00:00,96,51,239,0,Deterministic mean-track,0.0
REAL_HUMANITARIAN_GEOSPATIAL_DATA,GEZANI,2026-02-11 18:00:00,96,51,239,0,P90 envelope,0.6652719665271967
REAL_HUMANITARIAN_GEOSPATIAL_DATA,GEZANI,2026-02-11 18:00:00,96,51,239,0,Ensemble probability-weighted,3.8607616317509036e-05
REAL_HUMANITARIAN_GEOSPATIAL_DATA,GEZANI,2026-02-12 00:00:00,96,51,243,1,Deterministic mean-track,0.00823045267489712
REAL_HUMANITARIAN_GEOSPATIAL_DATA,GEZANI,2026-02-12 00:00:00,96,51,243,1,P90 envelope,0.6707818930041153
REAL_HUMANITARIAN_GEOSPATIAL_DATA,GEZANI,2026-02-12 00:00:00,96,51,243,1,Ensemble probability-weighted,0.004145287583281516
REAL_HUMANITARIAN_GEOSPATIAL_DATA,GEZANI,2026-02-12 06:00:00,96,48,247,1,Deterministic mean-track,0.004048582995951417
REAL_HUMANITARIAN_GEOSPATIAL_DATA,GEZANI,2026-02-12 06:00:00,96,48,247,1,P90 envelope,0.5668016194331984
REAL_HUMANITARIAN_GEOSPATIAL_DATA,GEZANI,2026-02-12 06:00:00,96,48,247,1,Ensemble probability-weighted,0.004078455353126405
REAL_HUMANITARIAN_GEOSPATIAL_DATA,GEZANI,2026-02-12 12:00:00,96,51,250,0,Deterministic mean-track,0.004
REAL_HUMANITARIAN_GEOSPATIAL_DATA,GEZANI,2026-02-12 12:00:00,96,51,250,0,P90 envelope,0.732
REAL_HUMANITARIAN_GEOSPATIAL_DATA,GEZANI,2026-02-12 12:00:00,96,51,250,0,Ensemble probability-weighted,1.9992310649750096e-05
REAL_HUMANITARIAN_GEOSPATIAL_DATA,GEZANI,2026-02-12 18:00:00,96,51,224,1,Deterministic mean-track,0.004464285714285714
REAL_HUMANITARIAN_GEOSPATIAL_DATA,GEZANI,2026-02-12 18:00:00,96,51,224,1,P90 envelope,0.875
REAL_HUMANITARIAN_GEOSPATIAL_DATA,GEZANI,2026-02-12 18:00:00,96,51,224,1,Ensemble probability-weighted,0.004479733069698466
REAL_HUMANITARIAN_GEOSPATIAL_DATA,GEZANI,2026-02-13 00:00:00,96,51,200,1,Deterministic mean-track,0.005
REAL_HUMANITARIAN_GEOSPATIAL_DATA,GEZANI,2026-02-13 00:00:00,96,51,200,1,P90 envelope,0.955
REAL_HUMANITARIAN_GEOSPATIAL_DATA,GEZANI,2026-02-13 00:00:00,96,51,200,1,Ensemble probability-weighted,0.005026912725874664
REAL_HUMANITARIAN_GEOSPATIAL_DATA,GEZANI,2026-02-13 06:00:00,96,50,159,0,Deterministic mean-track,0.0
REAL_HUMANITARIAN_GEOSPATIAL_DATA,GEZANI,2026-02-13 06:00:00,96,50,159,0,P90 envelope,0.41509433962264153
REAL_HUMANITARIAN_GEOSPATIAL_DATA,GEZANI,2026-02-13 06:00:00,96,50,159,0,Ensemble probability-weighted,1.7610062893081763e-05
REAL_HUMANITARIAN_GEOSPATIAL_DATA,GEZANI,2026-02-13 12:00:00,96,46,162,1,Deterministic mean-track,0.006172839506172839
REAL_HUMANITARIAN_GEOSPATIAL_DATA,GEZANI,2026-02-13 12:00:00,96,46,162,1,P90 envelope,0.7283950617283951
REAL_HUMANITARIAN_GEOSPATIAL_DATA,GEZANI,2026-02-13 12:00:00,96,46,162,1,Ensemble probability-weighted,0.006199094494620645
REAL_HUMANITARIAN_GEOSPATIAL_DATA,GEZANI,2026-02-13 18:00:00,96,51,140,1,Deterministic mean-track,0.007142857142857143
REAL_HUMANITARIAN_GEOSPATIAL_DATA,GEZANI,2026-02-13 18:00:00,96,51,140,1,P90 envelope,0.9571428571428572
REAL_HUMANITARIAN_GEOSPATIAL_DATA,GEZANI,2026-02-13 18:00:00,96,51,140,1,Ensemble probability-weighted,0.007181303894106663
REAL_HUMANITARIAN_GEOSPATIAL_DATA,KALMAEGI,2025-11-01 12:00:00,96,50,335,0,Deterministic mean-track,0.0
REAL_HUMANITARIAN_GEOSPATIAL_DATA,KALMAEGI,2025-11-01 12:00:00,96,50,335,0,P90 envelope,0.35522388059701493
REAL_HUMANITARIAN_GEOSPATIAL_DATA,KALMAEGI,2025-11-01 12:00:00,96,50,335,0,Ensemble probability-weighted,1.791044776119403e-05
REAL_HUMANITARIAN_GEOSPATIAL_DATA,KALMAEGI,2025-11-01 18:00:00,96,51,346,0,Deterministic mean-track,0.0
REAL_HUMANITARIAN_GEOSPATIAL_DATA,KALMAEGI,2025-11-01 18:00:00,96,51,346,0,P90 envelope,0.3179190751445087
REAL_HUMANITARIAN_GEOSPATIAL_DATA,KALMAEGI,2025-11-01 18:00:00,96,51,346,0,Ensemble probability-weighted,2.444591119911639e-05
REAL_HUMANITARIAN_GEOSPATIAL_DATA,KALMAEGI,2025-11-02 00:00:00,96,50,343,0,Deterministic mean-track,0.0
REAL_HUMANITARIAN_GEOSPATIAL_DATA,KALMAEGI,2025-11-02 00:00:00,96,50,343,0,P90 envelope,0.40233236151603496
REAL_HUMANITARIAN_GEOSPATIAL_DATA,KALMAEGI,2025-11-02 00:00:00,96,50,343,0,Ensemble probability-weighted,1.5160349854227406e-05
REAL_HUMANITARIAN_GEOSPATIAL_DATA,KALMAEGI,2025-11-02 12:00:00,96,50,319,0,Deterministic mean-track,0.0
REAL_HUMANITARIAN_GEOSPATIAL_DATA,KALMAEGI,2025-11-02 12:00:00,96,50,319,0,P90 envelope,0.31974921630094044
REAL_HUMANITARIAN_GEOSPATIAL_DATA,KALMAEGI,2025-11-02 12:00:00,96,50,319,0,Ensemble probability-weighted,3.761755485893417e-05
REAL_HUMANITARIAN_GEOSPATIAL_DATA,KALMAEGI,2025-11-02 18:00:00,96,50,306,0,Deterministic mean-track,0.0
REAL_HUMANITARIAN_GEOSPATIAL_DATA,KALMAEGI,2025-11-02 18:00:00,96,50,306,0,P90 envelope,0.2679738562091503
REAL_HUMANITARIAN_GEOSPATIAL_DATA,KALMAEGI,2025-11-02 18:00:00,96,50,306,0,Ensemble probability-weighted,1.5686274509803925e-05
REAL_HUMANITARIAN_GEOSPATIAL_DATA,KALMAEGI,2025-11-03 00:00:00,96,49,277,0,Deterministic mean-track,0.0036101083032490976
REAL_HUMANITARIAN_GEOSPATIAL_DATA,KALMAEGI,2025-11-03 00:00:00,96,49,277,0,P90 envelope,0.2996389891696751
REAL_HUMANITARIAN_GEOSPATIAL_DATA,KALMAEGI,2025-11-03 00:00:00,96,49,277,0,Ensemble probability-weighted,3.6086047179499504e-05
REAL_HUMANITARIAN_GEOSPATIAL_DATA,KALMAEGI,2025-11-03 06:00:00,96,50,266,0,Deterministic mean-track,0.0037593984962406013
REAL_HUMANITARIAN_GEOSPATIAL_DATA,KALMAEGI,2025-11-03 06:00:00,96,50,266,0,P90 envelope,0.21428571428571427
REAL_HUMANITARIAN_GEOSPATIAL_DATA,KALMAEGI,2025-11-03 06:00:00,96,50,266,0,Ensemble probability-weighted,3.759398496240602e-05
REAL_HUMANITARIAN_GEOSPATIAL_DATA,KALMAEGI,2025-11-03 12:00:00,96,51,242,0,Deterministic mean-track,0.0
REAL_HUMANITARIAN_GEOSPATIAL_DATA,KALMAEGI,2025-11-03 12:00:00,96,51,242,0,P90 envelope,0.2603305785123967
REAL_HUMANITARIAN_GEOSPATIAL_DATA,KALMAEGI,2025-11-03 12:00:00,96,51,242,0,Ensemble probability-weighted,4.4483844420931556e-05
REAL_HUMANITARIAN_GEOSPATIAL_DATA,KALMAEGI,2025-11-03 18:00:00,96,50,236,0,Deterministic mean-track,0.00423728813559322
REAL_HUMANITARIAN_GEOSPATIAL_DATA,KALMAEGI,2025-11-03 18:00:00,96,50,236,0,P90 envelope,0.2966101694915254
REAL_HUMANITARIAN_GEOSPATIAL_DATA,KALMAEGI,2025-11-03 18:00:00,96,50,236,0,Ensemble probability-weighted,4.4067796610169495e-05
REAL_HUMANITARIAN_GEOSPATIAL_DATA,KOTO,2025-11-25 12:00:00,96,46,336,0,Deterministic mean-track,0.0
REAL_HUMANITARIAN_GEOSPATIAL_DATA,KOTO,2025-11-25 12:00:00,96,46,336,0,P90 envelope,0.19642857142857142
REAL_HUMANITARIAN_GEOSPATIAL_DATA,KOTO,2025-11-25 12:00:00,96,46,336,0,Ensemble probability-weighted,2.9536862003780716e-05
REAL_HUMANITARIAN_GEOSPATIAL_DATA,KOTO,2025-11-25 18:00:00,96,50,322,0,Deterministic mean-track,0.0
REAL_HUMANITARIAN_GEOSPATIAL_DATA,KOTO,2025-11-25 18:00:00,96,50,322,0,P90 envelope,0.15527950310559005
REAL_HUMANITARIAN_GEOSPATIAL_DATA,KOTO,2025-11-25 18:00:00,96,50,322,0,Ensemble probability-weighted,3.1055900621118014e-05
REAL_HUMANITARIAN_GEOSPATIAL_DATA,KOTO,2025-11-26 00:00:00,96,47,331,0,Deterministic mean-track,0.0
REAL_HUMANITARIAN_GEOSPATIAL_DATA,KOTO,2025-11-26 00:00:00,96,47,331,0,P90 envelope,0.17522658610271905
REAL_HUMANITARIAN_GEOSPATIAL_DATA,KOTO,2025-11-26 00:00:00,96,47,331,0,Ensemble probability-weighted,3.282369980538281e-05
REAL_HUMANITARIAN_GEOSPATIAL_DATA,KOTO,2025-11-26 06:00:00,96,51,324,1,Deterministic mean-track,0.0030864197530864196
REAL_HUMANITARIAN_GEOSPATIAL_DATA,KOTO,2025-11-26 06:00:00,96,51,324,1,P90 envelope,0.16049382716049382
REAL_HUMANITARIAN_GEOSPATIAL_DATA,KOTO,2025-11-26 06:00:00,96,51,324,1,Ensemble probability-weighted,0.003108965687461138
REAL_HUMANITARIAN_GEOSPATIAL_DATA,KOTO,2025-11-26 12:00:00,96,51,337,0,Deterministic mean-track,0.0
REAL_HUMANITARIAN_GEOSPATIAL_DATA,KOTO,2025-11-26 12:00:00,96,51,337,0,P90 envelope,0.1661721068249258
REAL_HUMANITARIAN_GEOSPATIAL_DATA,KOTO,2025-11-26 12:00:00,96,51,337,0,Ensemble probability-weighted,3.080303512572772e-05
REAL_HUMANITARIAN_GEOSPATIAL_DATA,KOTO,2025-11-26 18:00:00,96,51,325,0,Deterministic mean-track,0.0
REAL_HUMANITARIAN_GEOSPATIAL_DATA,KOTO,2025-11-26 18:00:00,96,51,325,0,P90 envelope,0.2153846153846154
REAL_HUMANITARIAN_GEOSPATIAL_DATA,KOTO,2025-11-26 18:00:00,96,51,325,0,Ensemble probability-weighted,1.7744654422855114e-05
REAL_HUMANITARIAN_GEOSPATIAL_DATA,KOTO,2025-11-27 00:00:00,96,50,325,0,Deterministic mean-track,0.0
REAL_HUMANITARIAN_GEOSPATIAL_DATA,KOTO,2025-11-27 00:00:00,96,50,325,0,P90 envelope,0.14461538461538462
REAL_HUMANITARIAN_GEOSPATIAL_DATA,KOTO,2025-11-27 00:00:00,96,50,325,0,Ensemble probability-weighted,2.0923076923076923e-05
REAL_HUMANITARIAN_GEOSPATIAL_DATA,KOTO,2025-11-27 06:00:00,96,50,335,0,Deterministic mean-track,0.0
REAL_HUMANITARIAN_GEOSPATIAL_DATA,KOTO,2025-11-27 06:00:00,96,50,335,0,P90 envelope,0.17313432835820897
REAL_HUMANITARIAN_GEOSPATIAL_DATA,KOTO,2025-11-27 06:00:00,96,50,335,0,Ensemble probability-weighted,2.2686567164179106e-05
REAL_HUMANITARIAN_GEOSPATIAL_DATA,KOTO,2025-11-27 12:00:00,96,50,335,0,Deterministic mean-track,0.0
REAL_HUMANITARIAN_GEOSPATIAL_DATA,KOTO,2025-11-27 12:00:00,96,50,335,0,P90 envelope,0.16417910447761194
REAL_HUMANITARIAN_GEOSPATIAL_DATA,KOTO,2025-11-27 12:00:00,96,50,335,0,Ensemble probability-weighted,3.2238805970149255e-05
REAL_HUMANITARIAN_GEOSPATIAL_DATA,KOTO,2025-11-27 18:00:00,96,50,329,0,Deterministic mean-track,0.0
REAL_HUMANITARIAN_GEOSPATIAL_DATA,KOTO,2025-11-27 18:00:00,96,50,329,0,P90 envelope,0.24924012158054712
REAL_HUMANITARIAN_GEOSPATIAL_DATA,KOTO,2025-11-27 18:00:00,96,50,329,0,Ensemble probability-weighted,1.82370820668693e-05
REAL_HUMANITARIAN_GEOSPATIAL_DATA,KOTO,2025-11-28 00:00:00,96,50,329,0,Deterministic mean-track,0.00303951367781155
REAL_HUMANITARIAN_GEOSPATIAL_DATA,KOTO,2025-11-28 00:00:00,96,50,329,0,P90 envelope,0.19756838905775076
REAL_HUMANITARIAN_GEOSPATIAL_DATA,KOTO,2025-11-28 00:00:00,96,50,329,0,Ensemble probability-weighted,1.945288753799392e-05
REAL_HUMANITARIAN_GEOSPATIAL_DATA,KOTO,2025-11-28 06:00:00,96,41,327,0,Deterministic mean-track,0.0
REAL_HUMANITARIAN_GEOSPATIAL_DATA,KOTO,2025-11-28 06:00:00,96,41,327,0,P90 envelope,0.30275229357798167
REAL_HUMANITARIAN_GEOSPATIAL_DATA,KOTO,2025-11-28 06:00:00,96,41,327,0,Ensemble probability-weighted,2.364982253537013e-05
REAL_HUMANITARIAN_GEOSPATIAL_DATA,KOTO,2025-11-28 12:00:00,96,43,327,0,Deterministic mean-track,0.0
REAL_HUMANITARIAN_GEOSPATIAL_DATA,KOTO,2025-11-28 12:00:00,96,43,327,0,P90 envelope,0.1834862385321101
REAL_HUMANITARIAN_GEOSPATIAL_DATA,KOTO,2025-11-28 12:00:00,96,43,327,0,Ensemble probability-weighted,1.8193155073492076e-05
REAL_HUMANITARIAN_GEOSPATIAL_DATA,KOTO,2025-11-28 18:00:00,96,40,313,1,Deterministic mean-track,0.003194888178913738
REAL_HUMANITARIAN_GEOSPATIAL_DATA,KOTO,2025-11-28 18:00:00,96,40,313,1,P90 envelope,0.2268370607028754
REAL_HUMANITARIAN_GEOSPATIAL_DATA,KOTO,2025-11-28 18:00:00,96,40,313,1,Ensemble probability-weighted,0.003222843450479234
REAL_HUMANITARIAN_GEOSPATIAL_DATA,KOTO,2025-11-29 00:00:00,96,37,327,0,Deterministic mean-track,0.0
REAL_HUMANITARIAN_GEOSPATIAL_DATA,KOTO,2025-11-29 00:00:00,96,37,327,0,P90 envelope,0.1743119266055046
REAL_HUMANITARIAN_GEOSPATIAL_DATA,KOTO,2025-11-29 00:00:00,96,37,327,0,Ensemble probability-weighted,2.680587852916145e-05
REAL_HUMANITARIAN_GEOSPATIAL_DATA,KOTO,2025-11-29 06:00:00,96,37,325,0,Deterministic mean-track,0.0
REAL_HUMANITARIAN_GEOSPATIAL_DATA,KOTO,2025-11-29 06:00:00,96,37,325,0,P90 envelope,0.24615384615384617
REAL_HUMANITARIAN_GEOSPATIAL_DATA,KOTO,2025-11-29 06:00:00,96,37,325,0,Ensemble probability-weighted,2.2475698151373827e-05
REAL_HUMANITARIAN_GEOSPATIAL_DATA,KOTO,2025-11-29 12:00:00,96,27,314,0,Deterministic mean-track,0.0
REAL_HUMANITARIAN_GEOSPATIAL_DATA,KOTO,2025-11-29 12:00:00,96,27,314,0,P90 envelope,0.34076433121019106
REAL_HUMANITARIAN_GEOSPATIAL_DATA,KOTO,2025-11-29 12:00:00,96,27,314,0,Ensemble probability-weighted,3.9317449083903436e-05
REAL_HUMANITARIAN_GEOSPATIAL_DATA,MELISSA,2025-10-23 00:00:00,96,50,172,1,Deterministic mean-track,0.011627906976744186
REAL_HUMANITARIAN_GEOSPATIAL_DATA,MELISSA,2025-10-23 00:00:00,96,50,172,1,P90 envelope,0.47674418604651164
REAL_HUMANITARIAN_GEOSPATIAL_DATA,MELISSA,2025-10-23 00:00:00,96,50,172,1,Ensemble probability-weighted,0.005876744186046511
REAL_HUMANITARIAN_GEOSPATIAL_DATA,MELISSA,2025-10-23 06:00:00,96,50,172,0,Deterministic mean-track,0.0
REAL_HUMANITARIAN_GEOSPATIAL_DATA,MELISSA,2025-10-23 06:00:00,96,50,172,0,P90 envelope,0.4476744186046512
REAL_HUMANITARIAN_GEOSPATIAL_DATA,MELISSA,2025-10-23 06:00:00,96,50,172,0,Ensemble probability-weighted,4.186046511627907e-05
REAL_HUMANITARIAN_GEOSPATIAL_DATA,MELISSA,2025-10-23 12:00:00,96,50,169,1,Deterministic mean-track,0.005917159763313609
REAL_HUMANITARIAN_GEOSPATIAL_DATA,MELISSA,2025-10-23 12:00:00,96,50,169,1,P90 envelope,0.591715976331361
REAL_HUMANITARIAN_GEOSPATIAL_DATA,MELISSA,2025-10-23 12:00:00,96,50,169,1,Ensemble probability-weighted,0.005962130177514792
REAL_HUMANITARIAN_GEOSPATIAL_DATA,MELISSA,2025-10-23 18:00:00,96,47,169,0,Deterministic mean-track,0.005917159763313609
REAL_HUMANITARIAN_GEOSPATIAL_DATA,MELISSA,2025-10-23 18:00:00,96,47,169,0,P90 envelope,0.5266272189349113
REAL_HUMANITARIAN_GEOSPATIAL_DATA,MELISSA,2025-10-23 18:00:00,96,47,169,0,Ensemble probability-weighted,4.285855872024343e-05
REAL_HUMANITARIAN_GEOSPATIAL_DATA,MELISSA,2025-10-24 00:00:00,96,51,167,1,Deterministic mean-track,0.005988023952095809
REAL_HUMANITARIAN_GEOSPATIAL_DATA,MELISSA,2025-10-24 00:00:00,96,51,167,1,P90 envelope,0.39520958083832336
REAL_HUMANITARIAN_GEOSPATIAL_DATA,MELISSA,2025-10-24 00:00:00,96,51,167,1,Ensemble probability-weighted,0.006052485570957277
REAL_HUMANITARIAN_GEOSPATIAL_DATA,MELISSA,2025-10-24 12:00:00,96,51,184,0,Deterministic mean-track,0.0
REAL_HUMANITARIAN_GEOSPATIAL_DATA,MELISSA,2025-10-24 12:00:00,96,51,184,0,P90 envelope,0.6413043478260869
REAL_HUMANITARIAN_GEOSPATIAL_DATA,MELISSA,2025-10-24 12:00:00,96,51,184,0,Ensemble probability-weighted,3.761095230931247e-05
REAL_HUMANITARIAN_GEOSPATIAL_DATA,MELISSA,2025-10-24 18:00:00,96,50,184,1,Deterministic mean-track,0.005434782608695652
REAL_HUMANITARIAN_GEOSPATIAL_DATA,MELISSA,2025-10-24 18:00:00,96,50,184,1,P90 envelope,0.657608695652174
REAL_HUMANITARIAN_GEOSPATIAL_DATA,MELISSA,2025-10-24 18:00:00,96,50,184,1,Ensemble probability-weighted,0.005232608695652174
REAL_HUMANITARIAN_GEOSPATIAL_DATA,MELISSA,2025-10-25 00:00:00,96,50,195,1,Deterministic mean-track,0.005128205128205128
REAL_HUMANITARIAN_GEOSPATIAL_DATA,MELISSA,2025-10-25 00:00:00,96,50,195,1,P90 envelope,0.6512820512820513
REAL_HUMANITARIAN_GEOSPATIAL_DATA,MELISSA,2025-10-25 00:00:00,96,50,195,1,Ensemble probability-weighted,0.005156923076923076
REAL_HUMANITARIAN_GEOSPATIAL_DATA,MELISSA,2025-10-25 12:00:00,96,50,221,1,Deterministic mean-track,0.00904977375565611
REAL_HUMANITARIAN_GEOSPATIAL_DATA,MELISSA,2025-10-25 12:00:00,96,50,221,1,P90 envelope,0.49321266968325794
REAL_HUMANITARIAN_GEOSPATIAL_DATA,MELISSA,2025-10-25 12:00:00,96,50,221,1,Ensemble probability-weighted,0.0045447963800904975
REAL_HUMANITARIAN_GEOSPATIAL_DATA,MELISSA,2025-10-25 18:00:00,96,50,231,0,Deterministic mean-track,0.0
REAL_HUMANITARIAN_GEOSPATIAL_DATA,MELISSA,2025-10-25 18:00:00,96,50,231,0,P90 envelope,0.7359307359307359
REAL_HUMANITARIAN_GEOSPATIAL_DATA,MELISSA,2025-10-25 18:00:00,96,50,231,0,Ensemble probability-weighted,2.4242424242424247e-05
REAL_HUMANITARIAN_GEOSPATIAL_DATA,MELISSA,2025-10-26 00:00:00,96,50,213,0,Deterministic mean-track,0.0
REAL_HUMANITARIAN_GEOSPATIAL_DATA,MELISSA,2025-10-26 00:00:00,96,50,213,0,P90 envelope,0.5164319248826291
REAL_HUMANITARIAN_GEOSPATIAL_DATA,MELISSA,2025-10-26 00:00:00,96,50,213,0,Ensemble probability-weighted,2.6291079812206573e-05
REAL_HUMANITARIAN_GEOSPATIAL_DATA,MELISSA,2025-10-26 06:00:00,96,50,207,0,Deterministic mean-track,0.004830917874396135
REAL_HUMANITARIAN_GEOSPATIAL_DATA,MELISSA,2025-10-26 06:00:00,96,50,207,0,P90 envelope,0.5265700483091788
REAL_HUMANITARIAN_GEOSPATIAL_DATA,MELISSA,2025-10-26 06:00:00,96,50,207,0,Ensemble probability-weighted,3.864734299516908e-05
REAL_HUMANITARIAN_GEOSPATIAL_DATA,MELISSA,2025-10-26 12:00:00,96,50,197,0,Deterministic mean-track,0.0
REAL_HUMANITARIAN_GEOSPATIAL_DATA,MELISSA,2025-10-26 12:00:00,96,50,197,0,P90 envelope,0.6548223350253807
REAL_HUMANITARIAN_GEOSPATIAL_DATA,MELISSA,2025-10-26 12:00:00,96,50,197,0,Ensemble probability-weighted,3.2487309644670055e-05
REAL_HUMANITARIAN_GEOSPATIAL_DATA,MELISSA,2025-10-26 18:00:00,96,50,188,0,Deterministic mean-track,0.005319148936170213
REAL_HUMANITARIAN_GEOSPATIAL_DATA,MELISSA,2025-10-26 18:00:00,96,50,188,0,P90 envelope,0.7287234042553191
REAL_HUMANITARIAN_GEOSPATIAL_DATA,MELISSA,2025-10-26 18:00:00,96,50,188,0,Ensemble probability-weighted,4.2553191489361704e-05
REAL_HUMANITARIAN_GEOSPATIAL_DATA,MELISSA,2025-10-27 00:00:00,96,51,177,0,Deterministic mean-track,0.0
REAL_HUMANITARIAN_GEOSPATIAL_DATA,MELISSA,2025-10-27 00:00:00,96,51,177,0,P90 envelope,0.4745762711864407
REAL_HUMANITARIAN_GEOSPATIAL_DATA,MELISSA,2025-10-27 00:00:00,96,51,177,0,Ensemble probability-weighted,1.9549195550603094e-05
REAL_HUMANITARIAN_GEOSPATIAL_DATA,MELISSA,2025-10-27 06:00:00,96,51,175,1,Deterministic mean-track,0.005714285714285714
REAL_HUMANITARIAN_GEOSPATIAL_DATA,MELISSA,2025-10-27 06:00:00,96,51,175,1,P90 envelope,0.4342857142857143
REAL_HUMANITARIAN_GEOSPATIAL_DATA,MELISSA,2025-10-27 06:00:00,96,51,175,1,Ensemble probability-weighted,0.005740649200856813
REAL_HUMANITARIAN_GEOSPATIAL_DATA,MELISSA,2025-10-27 12:00:00,96,51,184,0,Deterministic mean-track,0.0
REAL_HUMANITARIAN_GEOSPATIAL_DATA,MELISSA,2025-10-27 12:00:00,96,51,184,0,P90 envelope,0.5978260869565217
REAL_HUMANITARIAN_GEOSPATIAL_DATA,MELISSA,2025-10-27 12:00:00,96,51,184,0,Ensemble probability-weighted,5.014793641241663e-05
REAL_HUMANITARIAN_GEOSPATIAL_DATA,MELISSA,2025-10-27 18:00:00,96,51,200,0,Deterministic mean-track,0.0
REAL_HUMANITARIAN_GEOSPATIAL_DATA,MELISSA,2025-10-27 18:00:00,96,51,200,0,P90 envelope,0.485
REAL_HUMANITARIAN_GEOSPATIAL_DATA,MELISSA,2025-10-27 18:00:00,96,51,200,0,Ensemble probability-weighted,4.229142637447136e-05
REAL_HUMANITARIAN_GEOSPATIAL_DATA,MELISSA,2025-10-28 00:00:00,96,51,222,0,Deterministic mean-track,0.0
REAL_HUMANITARIAN_GEOSPATIAL_DATA,MELISSA,2025-10-28 00:00:00,96,51,222,0,P90 envelope,0.5225225225225225
REAL_HUMANITARIAN_GEOSPATIAL_DATA,MELISSA,2025-10-28 00:00:00,96,51,222,0,Ensemble probability-weighted,3.463671283740488e-05
REAL_HUMANITARIAN_GEOSPATIAL_DATA,MELISSA,2025-10-28 06:00:00,96,51,243,0,Deterministic mean-track,0.00411522633744856
REAL_HUMANITARIAN_GEOSPATIAL_DATA,MELISSA,2025-10-28 06:00:00,96,51,243,0,P90 envelope,0.5020576131687243
REAL_HUMANITARIAN_GEOSPATIAL_DATA,MELISSA,2025-10-28 06:00:00,96,51,243,0,Ensemble probability-weighted,1.8986049999762676e-05
REAL_HUMANITARIAN_GEOSPATIAL_DATA,NOKAEN,2026-01-15 06:00:00,96,43,326,1,Deterministic mean-track,0.003067484662576687
REAL_HUMANITARIAN_GEOSPATIAL_DATA,NOKAEN,2026-01-15 06:00:00,96,43,326,1,P90 envelope,0.4386503067484663
REAL_HUMANITARIAN_GEOSPATIAL_DATA,NOKAEN,2026-01-15 06:00:00,96,43,326,1,Ensemble probability-weighted,0.0031006645940269495
REAL_HUMANITARIAN_GEOSPATIAL_DATA,SONIA,2025-10-25 12:00:00,96,25,115,0,Deterministic mean-track,0.0
REAL_HUMANITARIAN_GEOSPATIAL_DATA,SONIA,2025-10-25 12:00:00,96,25,115,0,P90 envelope,0.45217391304347826
REAL_HUMANITARIAN_GEOSPATIAL_DATA,SONIA,2025-10-25 12:00:00,96,25,115,0,Ensemble probability-weighted,6.956521739130436e-05
REAL_HUMANITARIAN_GEOSPATIAL_DATA,SONIA,2025-10-25 18:00:00,96,20,113,0,Deterministic mean-track,0.008849557522123894
REAL_HUMANITARIAN_GEOSPATIAL_DATA,SONIA,2025-10-25 18:00:00,96,20,113,0,P90 envelope,0.34513274336283184
REAL_HUMANITARIAN_GEOSPATIAL_DATA,SONIA,2025-10-25 18:00:00,96,20,113,0,Ensemble probability-weighted,0.0002654867256637169
