marker,cyclone_id,forecast_time,horizon_h,estimator,realized_positive_regions,predicted_positive_regions,nonzero_union_regions,ndcg_at_10,ndcg_at_5,recall_at_10,recall_at_5,recall_at_10_overlap,recall_at_10_target,recall_at_5_overlap,recall_at_5_target,spearman
REAL_HUMANITARIAN_GEOSPATIAL_DATA,DITWAH,2025-11-27 12:00:00,24,Deterministic mean-track,0,1,1,,,,,0,0,0,0,
REAL_HUMANITARIAN_GEOSPATIAL_DATA,DITWAH,2025-11-27 12:00:00,24,P90 envelope,0,2,2,,,,,0,0,0,0,
REAL_HUMANITARIAN_GEOSPATIAL_DATA,DITWAH,2025-11-27 12:00:00,24,Ensemble probability-weighted,0,1,1,,,,,0,0,0,0,
REAL_HUMANITARIAN_GEOSPATIAL_DATA,DITWAH,2025-11-27 18:00:00,24,Deterministic mean-track,1,1,1,1.0,1.0,1.0,1.0,1,1,1,1,
REAL_HUMANITARIAN_GEOSPATIAL_DATA,DITWAH,2025-11-27 18:00:00,24,P90 envelope,1,3,3,1.0,1.0,1.0,1.0,1,1,1,1,0.8660254037844387
REAL_HUMANITARIAN_GEOSPATIAL_DATA,DITWAH,2025-11-27 18:00:00,24,Ensemble probability-weighted,1,2,2,1.0,1.0,1.0,1.0,1,1,1,1,
REAL_HUMANITARIAN_GEOSPATIAL_DATA,DITWAH,2025-11-28 00:00:00,24,Deterministic mean-track,0,0,0,,,,,0,0,0,0,
REAL_HUMANITARIAN_GEOSPATIAL_DATA,DITWAH,2025-11-28 00:00:00,24,P90 envelope,0,3,3,,,,,0,0,0,0,
REAL_HUMANITARIAN_GEOSPATIAL_DATA,DITWAH,2025-11-28 00:00:00,24,Ensemble probability-weighted,0,2,2,,,,,0,0,0,0,
REAL_HUMANITARIAN_GEOSPATIAL_DATA,DITWAH,2025-11-28 06:00:00,24,Deterministic mean-track,0,0,0,,,,,0,0,0,0,
REAL_HUMANITARIAN_GEOSPATIAL_DATA,DITWAH,2025-11-28 06:00:00,24,P90 envelope,0,3,3,,,,,0,0,0,0,
REAL_HUMANITARIAN_GEOSPATIAL_DATA,DITWAH,2025-11-28 06:00:00,24,Ensemble probability-weighted,0,2,2,,,,,0,0,0,0,
REAL_HUMANITARIAN_GEOSPATIAL_DATA,DITWAH,2025-11-28 12:00:00,24,Deterministic mean-track,0,0,0,,,,,0,0,0,0,
REAL_HUMANITARIAN_GEOSPATIAL_DATA,DITWAH,2025-11-28 12:00:00,24,P90 envelope,0,3,3,,,,,0,0,0,0,
REAL_HUMANITARIAN_GEOSPATIAL_DATA,DITWAH,2025-11-28 12:00:00,24,Ensemble probability-weighted,0,2,2,,,,,0,0,0,0,
REAL_HUMANITARIAN_GEOSPATIAL_DATA,DITWAH,2025-11-28 18:00:00,24,Deterministic mean-track,0,0,0,,,,,0,0,0,0,
REAL_HUMANITARIAN_GEOSPATIAL_DATA,DITWAH,2025-11-28 18:00:00,24,P90 envelope,0,3,3,,,,,0,0,0,0,
REAL_HUMANITARIAN_GEOSPATIAL_DATA,DITWAH,2025-11-28 18:00:00,24,Ensemble probability-weighted,0,3,3,,,,,0,0,0,0,
REAL_HUMANITARIAN_GEOSPATIAL_DATA,DITWAH,2025-11-29 00:00:00,24,Deterministic mean-track,0,0,0,,,,,0,0,0,0,
REAL_HUMANITARIAN_GEOSPATIAL_DATA,DITWAH,2025-11-29 00:00:00,24,P90 envelope,0,3,3,,,,,0,0,0,0,
REAL_HUMANITARIAN_GEOSPATIAL_DATA,DITWAH,2025-11-29 00:00:00,24,Ensemble probability-weighted,0,1,1,,,,,0,0,0,0,
REAL_HUMANITARIAN_GEOSPATIAL_DATA,DITWAH,2025-11-29 06:00:00,24,Deterministic mean-track,0,0,0,,,,,0,0,0,0,
REAL_HUMANITARIAN_GEOSPATIAL_DATA,DITWAH,2025-11-29 06:00:00,24,P90 envelope,0,2,2,,,,,0,0,0,0,
REAL_HUMANITARIAN_GEOSPATIAL_DATA,DITWAH,2025-11-29 06:00:00,24,Ensemble probability-weighted,0,1,1,,,,,0,0,0,0,
REAL_HUMANITARIAN_GEOSPATIAL_DATA,DITWAH,2025-11-29 12:00:00,24,Deterministic mean-track,0,1,1,,,,,0,0,0,0,
REAL_HUMANITARIAN_GEOSPATIAL_DATA,DITWAH,2025-11-29 12:00:00,24,P90 envelope,0,1,1,,,,,0,0,0,0,
REAL_HUMANITARIAN_GEOSPATIAL_DATA,DITWAH,2025-11-29 12:00:00,24,Ensemble probability-weighted,0,1,1,,,,,0,0,0,0,
REAL_HUMANITARIAN_GEOSPATIAL_DATA,DITWAH,2025-11-29 18:00:00,24,Deterministic mean-track,0,0,0,,,,,0,0,0,0,
REAL_HUMANITARIAN_GEOSPATIAL_DATA,DITWAH,2025-11-29 18:00:00,24,P90 envelope,0,1,1,,,,,0,0,0,0,
REAL_HUMANITARIAN_GEOSPATIAL_DATA,DITWAH,2025-11-29 18:00:00,24,Ensemble probability-weighted,0,1,1,,,,,0,0,0,0,
REAL_HUMANITARIAN_GEOSPATIAL_DATA,DITWAH,2025-11-30 00:00:00,24,Deterministic mean-track,0,0,0,,,,,0,0,0,0,
REAL_HUMANITARIAN_GEOSPATIAL_DATA,DITWAH,2025-11-30 00:00:00,24,P90 envelope,0,1,1,,,,,0,0,0,0,
REAL_HUMANITARIAN_GEOSPATIAL_DATA,DITWAH,2025-11-30 00:00:00,24,Ensemble probability-weighted,0,1,1,,,,,0,0,0,0,
REAL_HUMANITARIAN_GEOSPATIAL_DATA,DITWAH,2025-11-30 06:00:00,24,Deterministic mean-track,0,0,0,,,,,0,0,0,0,
REAL_HUMANITARIAN_GEOSPATIAL_DATA,DITWAH,2025-11-30 06:00:00,24,P90 envelope,0,1,1,,,,,0,0,0,0,
REAL_HUMANITARIAN_GEOSPATIAL_DATA,DITWAH,2025-11-30 06:00:00,24,Ensemble probability-weighted,0,1,1,,,,,0,0,0,0,
REAL_HUMANITARIAN_GEOSPATIAL_DATA,DITWAH,2025-11-30 12:00:00,24,Deterministic mean-track,0,0,0,,,,,0,0,0,0,
REAL_HUMANITARIAN_GEOSPATIAL_DATA,DITWAH,2025-11-30 12:00:00,24,P90 envelope,0,1,1,,,,,0,0,0,0,
REAL_HUMANITARIAN_GEOSPATIAL_DATA,DITWAH,2025-11-30 12:00:00,24,Ensemble probability-weighted,0,1,1,,,,,0,0,0,0,
REAL_HUMANITARIAN_GEOSPATIAL_DATA,DITWAH,2025-11-30 18:00:00,24,Deterministic mean-track,0,0,0,,,,,0,0,0,0,
REAL_HUMANITARIAN_GEOSPATIAL_DATA,DITWAH,2025-11-30 18:00:00,24,P90 envelope,0,1,1,,,,,0,0,0,0,
REAL_HUMANITARIAN_GEOSPATIAL_DATA,DITWAH,2025-11-30 18:00:00,24,Ensemble probability-weighted,0,1,1,,,,,0,0,0,0,
REAL_HUMANITARIAN_GEOSPATIAL_DATA,DITWAH,2025-12-01 00:00:00,24,Deterministic mean-track,0,0,0,,,,,0,0,0,0,
REAL_HUMANITARIAN_GEOSPATIAL_DATA,DITWAH,2025-12-01 00:00:00,24,P90 envelope,0,1,1,,,,,0,0,0,0,
REAL_HUMANITARIAN_GEOSPATIAL_DATA,DITWAH,2025-12-01 00:00:00,24,Ensemble probability-weighted,0,0,0,,,,,0,0,0,0,
REAL_HUMANITARIAN_GEOSPATIAL_DATA,DITWAH,2025-12-01 06:00:00,24,Deterministic mean-track,0,0,0,,,,,0,0,0,0,
REAL_HUMANITARIAN_GEOSPATIAL_DATA,DITWAH,2025-12-01 06:00:00,24,P90 envelope,0,1,1,,,,,0,0,0,0,
REAL_HUMANITARIAN_GEOSPATIAL_DATA,DITWAH,2025-12-01 06:00:00,24,Ensemble probability-weighted,0,1,1,,,,,0,0,0,0,
REAL_HUMANITARIAN_GEOSPATIAL_DATA,DITWAH,2025-12-01 12:00:00,24,Deterministic mean-track,0,0,0,,,,,0,0,0,0,
REAL_HUMANITARIAN_GEOSPATIAL_DATA,DITWAH,2025-12-01 12:00:00,24,P90 envelope,0,1,1,,,,,0,0,0,0,
REAL_HUMANITARIAN_GEOSPATIAL_DATA,DITWAH,2025-12-01 12:00:00,24,Ensemble probability-weighted,0,1,1,,,,,0,0,0,0,
REAL_HUMANITARIAN_GEOSPATIAL_DATA,DITWAH,2025-12-01 18:00:00,24,Deterministic mean-track,1,0,1,0.0,0.0,0.0,0.0,0,1,0,1,
REAL_HUMANITARIAN_GEOSPATIAL_DATA,DITWAH,2025-12-01 18:00:00,24,P90 envelope,1,1,1,1.0,1.0,1.0,1.0,1,1,1,1,
REAL_HUMANITARIAN_GEOSPATIAL_DATA,DITWAH,2025-12-01 18:00:00,24,Ensemble probability-weighted,1,1,1,1.0,1.0,1.0,1.0,1,1,1,1,
REAL_HUMANITARIAN_GEOSPATIAL_DATA,DUDZAI,2026-01-15 06:00:00,24,Deterministic mean-track,0,0,0,,,,,0,0,0,0,
REAL_HUMANITARIAN_GEOSPATIAL_DATA,DUDZAI,2026-01-15 06:00:00,24,P90 envelope,0,0,0,,,,,0,0,0,0,
REAL_HUMANITARIAN_GEOSPATIAL_DATA,DUDZAI,2026-01-15 06:00:00,24,Ensemble probability-weighted,0,0,0,,,,,0,0,0,0,
REAL_HUMANITARIAN_GEOSPATIAL_DATA,FINA,2025-11-18 18:00:00,24,Deterministic mean-track,0,0,0,,,,,0,0,0,0,
REAL_HUMANITARIAN_GEOSPATIAL_DATA,FINA,2025-11-18 18:00:00,24,P90 envelope,0,1,1,,,,,0,0,0,0,
REAL_HUMANITARIAN_GEOSPATIAL_DATA,FINA,2025-11-18 18:00:00,24,Ensemble probability-weighted,0,0,0,,,,,0,0,0,0,
REAL_HUMANITARIAN_GEOSPATIAL_DATA,FINA,2025-11-19 00:00:00,24,Deterministic mean-track,0,0,0,,,,,0,0,0,0,
REAL_HUMANITARIAN_GEOSPATIAL_DATA,FINA,2025-11-19 00:00:00,24,P90 envelope,0,0,0,,,,,0,0,0,0,
REAL_HUMANITARIAN_GEOSPATIAL_DATA,FINA,2025-11-19 00:00:00,24,Ensemble probability-weighted,0,0,0,,,,,0,0,0,0,
REAL_HUMANITARIAN_GEOSPATIAL_DATA,FINA,2025-11-19 06:00:00,24,Deterministic mean-track,0,0,0,,,,,0,0,0,0,
REAL_HUMANITARIAN_GEOSPATIAL_DATA,FINA,2025-11-19 06:00:00,24,P90 envelope,0,1,1,,,,,0,0,0,0,
REAL_HUMANITARIAN_GEOSPATIAL_DATA,FINA,2025-11-19 06:00:00,24,Ensemble probability-weighted,0,0,0,,,,,0,0,0,0,
REAL_HUMANITARIAN_GEOSPATIAL_DATA,FINA,2025-11-19 12:00:00,24,Deterministic mean-track,0,0,0,,,,,0,0,0,0,
REAL_HUMANITARIAN_GEOSPATIAL_DATA,FINA,2025-11-19 12:00:00,24,P90 envelope,0,1,1,,,,,0,0,0,0,
REAL_HUMANITARIAN_GEOSPATIAL_DATA,FINA,2025-11-19 12:00:00,24,Ensemble probability-weighted,0,0,0,,,,,0,0,0,0,
REAL_HUMANITARIAN_GEOSPATIAL_DATA,FINA,2025-11-19 18:00:00,24,Deterministic mean-track,0,0,0,,,,,0,0,0,0,
REAL_HUMANITARIAN_GEOSPATIAL_DATA,FINA,2025-11-19 18:00:00,24,P90 envelope,0,1,1,,,,,0,0,0,0,
REAL_HUMANITARIAN_GEOSPATIAL_DATA,FINA,2025-11-19 18:00:00,24,Ensemble probability-weighted,0,1,1,,,,,0,0,0,0,
REAL_HUMANITARIAN_GEOSPATIAL_DATA,FINA,2025-11-20 00:00:00,24,Deterministic mean-track,0,0,0,,,,,0,0,0,0,
REAL_HUMANITARIAN_GEOSPATIAL_DATA,FINA,2025-11-20 00:00:00,24,P90 envelope,0,1,1,,,,,0,0,0,0,
REAL_HUMANITARIAN_GEOSPATIAL_DATA,FINA,2025-11-20 00:00:00,24,Ensemble probability-weighted,0,0,0,,,,,0,0,0,0,
REAL_HUMANITARIAN_GEOSPATIAL_DATA,FINA,2025-11-20 06:00:00,24,Deterministic mean-track,0,0,0,,,,,0,0,0,0,
REAL_HUMANITARIAN_GEOSPATIAL_DATA,FINA,2025-11-20 06:00:00,24,P90 envelope,0,1,1,,,,,0,0,0,0,
REAL_HUMANITARIAN_GEOSPATIAL_DATA,FINA,2025-11-20 06:00:00,24,Ensemble probability-weighted,0,1,1,,,,,0,0,0,0,
REAL_HUMANITARIAN_GEOSPATIAL_DATA,FINA,2025-11-20 12:00:00,24,Deterministic mean-track,0,0,0,,,,,0,0,0,0,
REAL_HUMANITARIAN_GEOSPATIAL_DATA,FINA,2025-11-20 12:00:00,24,P90 envelope,0,1,1,,,,,0,0,0,0,
REAL_HUMANITARIAN_GEOSPATIAL_DATA,FINA,2025-11-20 12:00:00,24,Ensemble probability-weighted,0,1,1,,,,,0,0,0,0,
REAL_HUMANITARIAN_GEOSPATIAL_DATA,FINA,2025-11-20 18:00:00,24,Deterministic mean-track,0,0,0,,,,,0,0,0,0,
REAL_HUMANITARIAN_GEOSPATIAL_DATA,FINA,2025-11-20 18:00:00,24,P90 envelope,0,1,1,,,,,0,0,0,0,
REAL_HUMANITARIAN_GEOSPATIAL_DATA,FINA,2025-11-20 18:00:00,24,Ensemble probability-weighted,0,1,1,,,,,0,0,0,0,
REAL_HUMANITARIAN_GEOSPATIAL_DATA,FINA,2025-11-21 00:00:00,24,Deterministic mean-track,0,0,0,,,,,0,0,0,0,
REAL_HUMANITARIAN_GEOSPATIAL_DATA,FINA,2025-11-21 00:00:00,24,P90 envelope,0,1,1,,,,,0,0,0,0,
REAL_HUMANITARIAN_GEOSPATIAL_DATA,FINA,2025-11-21 00:00:00,24,Ensemble probability-weighted,0,1,1,,,,,0,0,0,0,
REAL_HUMANITARIAN_GEOSPATIAL_DATA,FINA,2025-11-21 06:00:00,24,Deterministic mean-track,0,1,1,,,,,0,0,0,0,
REAL_HUMANITARIAN_GEOSPATIAL_DATA,FINA,2025-11-21 06:00:00,24,P90 envelope,0,1,1,,,,,0,0,0,0,
REAL_HUMANITARIAN_GEOSPATIAL_DATA,FINA,2025-11-21 06:00:00,24,Ensemble probability-weighted,0,1,1,,,,,0,0,0,0,
REAL_HUMANITARIAN_GEOSPATIAL_DATA,FINA,2025-11-21 12:00:00,24,Deterministic mean-track,1,0,1,0.0,0.0,0.0,0.0,0,1,0,1,
REAL_HUMANITARIAN_GEOSPATIAL_DATA,FINA,2025-11-21 12:00:00,24,P90 envelope,1,1,1,1.0,1.0,1.0,1.0,1,1,1,1,
REAL_HUMANITARIAN_GEOSPATIAL_DATA,FINA,2025-11-21 12:00:00,24,Ensemble probability-weighted,1,1,1,1.0,1.0,1.0,1.0,1,1,1,1,
REAL_HUMANITARIAN_GEOSPATIAL_DATA,FINA,2025-11-21 18:00:00,24,Deterministic mean-track,0,0,0,,,,,0,0,0,0,
REAL_HUMANITARIAN_GEOSPATIAL_DATA,FINA,2025-11-21 18:00:00,24,P90 envelope,0,1,1,,,,,0,0,0,0,
REAL_HUMANITARIAN_GEOSPATIAL_DATA,FINA,2025-11-21 18:00:00,24,Ensemble probability-weighted,0,1,1,,,,,0,0,0,0,
REAL_HUMANITARIAN_GEOSPATIAL_DATA,FINA,2025-11-22 00:00:00,24,Deterministic mean-track,1,1,1,1.0,1.0,1.0,1.0,1,1,1,1,
REAL_HUMANITARIAN_GEOSPATIAL_DATA,FINA,2025-11-22 00:00:00,24,P90 envelope,1,1,1,1.0,1.0,1.0,1.0,1,1,1,1,
REAL_HUMANITARIAN_GEOSPATIAL_DATA,FINA,2025-11-22 00:00:00,24,Ensemble probability-weighted,1,1,1,1.0,1.0,1.0,1.0,1,1,1,1,
REAL_HUMANITARIAN_GEOSPATIAL_DATA,FINA,2025-11-22 06:00:00,24,Deterministic mean-track,0,0,0,,,,,0,0,0,0,
REAL_HUMANITARIAN_GEOSPATIAL_DATA,FINA,2025-11-22 06:00:00,24,P90 envelope,0,1,1,,,,,0,0,0,0,
REAL_HUMANITARIAN_GEOSPATIAL_DATA,FINA,2025-11-22 06:00:00,24,Ensemble probability-weighted,0,1,1,,,,,0,0,0,0,
REAL_HUMANITARIAN_GEOSPATIAL_DATA,FINA,2025-11-22 12:00:00,24,Deterministic mean-track,0,0,0,,,,,0,0,0,0,
REAL_HUMANITARIAN_GEOSPATIAL_DATA,FINA,2025-11-22 12:00:00,24,P90 envelope,0,1,1,,,,,0,0,0,0,
REAL_HUMANITARIAN_GEOSPATIAL_DATA,FINA,2025-11-22 12:00:00,24,Ensemble probability-weighted,0,1,1,,,,,0,0,0,0,
REAL_HUMANITARIAN_GEOSPATIAL_DATA,FINA,2025-11-22 18:00:00,24,Deterministic mean-track,0,0,0,,,,,0,0,0,0,
REAL_HUMANITARIAN_GEOSPATIAL_DATA,FINA,2025-11-22 18:00:00,24,P90 envelope,0,1,1,,,,,0,0,0,0,
REAL_HUMANITARIAN_GEOSPATIAL_DATA,FINA,2025-11-22 18:00:00,24,Ensemble probability-weighted,0,1,1,,,,,0,0,0,0,
REAL_HUMANITARIAN_GEOSPATIAL_DATA,FINA,2025-11-23 00:00:00,24,Deterministic mean-track,1,0,1,0.0,0.0,0.0,0.0,0,1,0,1,
REAL_HUMANITARIAN_GEOSPATIAL_DATA,FINA,2025-11-23 00:00:00,24,P90 envelope,1,2,2,1.0,1.0,1.0,1.0,1,1,1,1,
REAL_HUMANITARIAN_GEOSPATIAL_DATA,FINA,2025-11-23 00:00:00,24,Ensemble probability-weighted,1,1,1,1.0,1.0,1.0,1.0,1,1,1,1,
REAL_HUMANITARIAN_GEOSPATIAL_DATA,FINA,2025-11-23 06:00:00,24,Deterministic mean-track,0,0,0,,,,,0,0,0,0,
REAL_HUMANITARIAN_GEOSPATIAL_DATA,FINA,2025-11-23 06:00:00,24,P90 envelope,0,2,2,,,,,0,0,0,0,
REAL_HUMANITARIAN_GEOSPATIAL_DATA,FINA,2025-11-23 06:00:00,24,Ensemble probability-weighted,0,1,1,,,,,0,0,0,0,
REAL_HUMANITARIAN_GEOSPATIAL_DATA,FINA,2025-11-23 12:00:00,24,Deterministic mean-track,0,1,1,,,,,0,0,0,0,
REAL_HUMANITARIAN_GEOSPATIAL_DATA,FINA,2025-11-23 12:00:00,24,P90 envelope,0,2,2,,,,,0,0,0,0,
REAL_HUMANITARIAN_GEOSPATIAL_DATA,FINA,2025-11-23 12:00:00,24,Ensemble probability-weighted,0,2,2,,,,,0,0,0,0,
REAL_HUMANITARIAN_GEOSPATIAL_DATA,FINA,2025-11-23 18:00:00,24,Deterministic mean-track,0,0,0,,,,,0,0,0,0,
REAL_HUMANITARIAN_GEOSPATIAL_DATA,FINA,2025-11-23 18:00:00,24,P90 envelope,0,2,2,,,,,0,0,0,0,
REAL_HUMANITARIAN_GEOSPATIAL_DATA,FINA,2025-11-23 18:00:00,24,Ensemble probability-weighted,0,1,1,,,,,0,0,0,0,
REAL_HUMANITARIAN_GEOSPATIAL_DATA,FINA,2025-11-24 00:00:00,24,Deterministic mean-track,1,1,1,1.0,1.0,1.0,1.0,1,1,1,1,
REAL_HUMANITARIAN_GEOSPATIAL_DATA,FINA,2025-11-24 00:00:00,24,P90 envelope,1,2,2,1.0,1.0,1.0,1.0,1,1,1,1,
REAL_HUMANITARIAN_GEOSPATIAL_DATA,FINA,2025-11-24 00:00:00,24,Ensemble probability-weighted,1,2,2,1.0,1.0,1.0,1.0,1,1,1,1,
REAL_HUMANITARIAN_GEOSPATIAL_DATA,FINA,2025-11-24 06:00:00,24,Deterministic mean-track,0,0,0,,,,,0,0,0,0,
REAL_HUMANITARIAN_GEOSPATIAL_DATA,FINA,2025-11-24 06:00:00,24,P90 envelope,0,2,2,,,,,0,0,0,0,
REAL_HUMANITARIAN_GEOSPATIAL_DATA,FINA,2025-11-24 06:00:00,24,Ensemble probability-weighted,0,2,2,,,,,0,0,0,0,
REAL_HUMANITARIAN_GEOSPATIAL_DATA,FUNG-WONG,2025-11-05 18:00:00,24,Deterministic mean-track,0,0,0,,,,,0,0,0,0,
REAL_HUMANITARIAN_GEOSPATIAL_DATA,FUNG-WONG,2025-11-05 18:00:00,24,P90 envelope,0,0,0,,,,,0,0,0,0,
REAL_HUMANITARIAN_GEOSPATIAL_DATA,FUNG-WONG,2025-11-05 18:00:00,24,Ensemble probability-weighted,0,0,0,,,,,0,0,0,0,
REAL_HUMANITARIAN_GEOSPATIAL_DATA,FUNG-WONG,2025-11-06 00:00:00,24,Deterministic mean-track,0,0,0,,,,,0,0,0,0,
REAL_HUMANITARIAN_GEOSPATIAL_DATA,FUNG-WONG,2025-11-06 00:00:00,24,P90 envelope,0,1,1,,,,,0,0,0,0,
REAL_HUMANITARIAN_GEOSPATIAL_DATA,FUNG-WONG,2025-11-06 00:00:00,24,Ensemble probability-weighted,0,1,1,,,,,0,0,0,0,
REAL_HUMANITARIAN_GEOSPATIAL_DATA,FUNG-WONG,2025-11-06 06:00:00,24,Deterministic mean-track,0,0,0,,,,,0,0,0,0,
REAL_HUMANITARIAN_GEOSPATIAL_DATA,FUNG-WONG,2025-11-06 06:00:00,24,P90 envelope,0,0,0,,,,,0,0,0,0,
REAL_HUMANITARIAN_GEOSPATIAL_DATA,FUNG-WONG,2025-11-06 06:00:00,24,Ensemble probability-weighted,0,0,0,,,,,0,0,0,0,
REAL_HUMANITARIAN_GEOSPATIAL_DATA,FUNG-WONG,2025-11-06 12:00:00,24,Deterministic mean-track,0,0,0,,,,,0,0,0,0,
REAL_HUMANITARIAN_GEOSPATIAL_DATA,FUNG-WONG,2025-11-06 12:00:00,24,P90 envelope,0,0,0,,,,,0,0,0,0,
REAL_HUMANITARIAN_GEOSPATIAL_DATA,FUNG-WONG,2025-11-06 12:00:00,24,Ensemble probability-weighted,0,0,0,,,,,0,0,0,0,
REAL_HUMANITARIAN_GEOSPATIAL_DATA,FUNG-WONG,2025-11-06 18:00:00,24,Deterministic mean-track,0,0,0,,,,,0,0,0,0,
REAL_HUMANITARIAN_GEOSPATIAL_DATA,FUNG-WONG,2025-11-06 18:00:00,24,P90 envelope,0,0,0,,,,,0,0,0,0,
REAL_HUMANITARIAN_GEOSPATIAL_DATA,FUNG-WONG,2025-11-06 18:00:00,24,Ensemble probability-weighted,0,0,0,,,,,0,0,0,0,
REAL_HUMANITARIAN_GEOSPATIAL_DATA,FUNG-WONG,2025-11-07 00:00:00,24,Deterministic mean-track,0,0,0,,,,,0,0,0,0,
REAL_HUMANITARIAN_GEOSPATIAL_DATA,FUNG-WONG,2025-11-07 00:00:00,24,P90 envelope,0,0,0,,,,,0,0,0,0,
REAL_HUMANITARIAN_GEOSPATIAL_DATA,FUNG-WONG,2025-11-07 00:00:00,24,Ensemble probability-weighted,0,0,0,,,,,0,0,0,0,
REAL_HUMANITARIAN_GEOSPATIAL_DATA,FUNG-WONG,2025-11-07 06:00:00,24,Deterministic mean-track,0,0,0,,,,,0,0,0,0,
REAL_HUMANITARIAN_GEOSPATIAL_DATA,FUNG-WONG,2025-11-07 06:00:00,24,P90 envelope,0,0,0,,,,,0,0,0,0,
REAL_HUMANITARIAN_GEOSPATIAL_DATA,FUNG-WONG,2025-11-07 06:00:00,24,Ensemble probability-weighted,0,0,0,,,,,0,0,0,0,
REAL_HUMANITARIAN_GEOSPATIAL_DATA,FUNG-WONG,2025-11-07 12:00:00,24,Deterministic mean-track,0,0,0,,,,,0,0,0,0,
REAL_HUMANITARIAN_GEOSPATIAL_DATA,FUNG-WONG,2025-11-07 12:00:00,24,P90 envelope,0,0,0,,,,,0,0,0,0,
REAL_HUMANITARIAN_GEOSPATIAL_DATA,FUNG-WONG,2025-11-07 12:00:00,24,Ensemble probability-weighted,0,0,0,,,,,0,0,0,0,
REAL_HUMANITARIAN_GEOSPATIAL_DATA,FUNG-WONG,2025-11-07 18:00:00,24,Deterministic mean-track,0,0,0,,,,,0,0,0,0,
REAL_HUMANITARIAN_GEOSPATIAL_DATA,FUNG-WONG,2025-11-07 18:00:00,24,P90 envelope,0,1,1,,,,,0,0,0,0,
REAL_HUMANITARIAN_GEOSPATIAL_DATA,FUNG-WONG,2025-11-07 18:00:00,24,Ensemble probability-weighted,0,0,0,,,,,0,0,0,0,
REAL_HUMANITARIAN_GEOSPATIAL_DATA,FUNG-WONG,2025-11-08 00:00:00,24,Deterministic mean-track,0,0,0,,,,,0,0,0,0,
REAL_HUMANITARIAN_GEOSPATIAL_DATA,FUNG-WONG,2025-11-08 00:00:00,24,P90 envelope,0,1,1,,,,,0,0,0,0,
REAL_HUMANITARIAN_GEOSPATIAL_DATA,FUNG-WONG,2025-11-08 00:00:00,24,Ensemble probability-weighted,0,1,1,,,,,0,0,0,0,
REAL_HUMANITARIAN_GEOSPATIAL_DATA,FUNG-WONG,2025-11-08 06:00:00,24,Deterministic mean-track,0,0,0,,,,,0,0,0,0,
REAL_HUMANITARIAN_GEOSPATIAL_DATA,FUNG-WONG,2025-11-08 06:00:00,24,P90 envelope,0,1,1,,,,,0,0,0,0,
REAL_HUMANITARIAN_GEOSPATIAL_DATA,FUNG-WONG,2025-11-08 06:00:00,24,Ensemble probability-weighted,0,1,1,,,,,0,0,0,0,
REAL_HUMANITARIAN_GEOSPATIAL_DATA,FUNG-WONG,2025-11-08 12:00:00,24,Deterministic mean-track,0,1,1,,,,,0,0,0,0,
REAL_HUMANITARIAN_GEOSPATIAL_DATA,FUNG-WONG,2025-11-08 12:00:00,24,P90 envelope,0,1,1,,,,,0,0,0,0,
REAL_HUMANITARIAN_GEOSPATIAL_DATA,FUNG-WONG,2025-11-08 12:00:00,24,Ensemble probability-weighted,0,1,1,,,,,0,0,0,0,
REAL_HUMANITARIAN_GEOSPATIAL_DATA,FUNG-WONG,2025-11-08 18:00:00,24,Deterministic mean-track,1,0,1,0.0,0.0,0.0,0.0,0,1,0,1,
REAL_HUMANITARIAN_GEOSPATIAL_DATA,FUNG-WONG,2025-11-08 18:00:00,24,P90 envelope,1,1,1,1.0,1.0,1.0,1.0,1,1,1,1,
REAL_HUMANITARIAN_GEOSPATIAL_DATA,FUNG-WONG,2025-11-08 18:00:00,24,Ensemble probability-weighted,1,1,1,1.0,1.0,1.0,1.0,1,1,1,1,
REAL_HUMANITARIAN_GEOSPATIAL_DATA,FUNG-WONG,2025-11-09 00:00:00,24,Deterministic mean-track,0,0,0,,,,,0,0,0,0,
REAL_HUMANITARIAN_GEOSPATIAL_DATA,FUNG-WONG,2025-11-09 00:00:00,24,P90 envelope,0,1,1,,,,,0,0,0,0,
REAL_HUMANITARIAN_GEOSPATIAL_DATA,FUNG-WONG,2025-11-09 00:00:00,24,Ensemble probability-weighted,0,1,1,,,,,0,0,0,0,
REAL_HUMANITARIAN_GEOSPATIAL_DATA,FUNG-WONG,2025-11-09 06:00:00,24,Deterministic mean-track,0,0,0,,,,,0,0,0,0,
REAL_HUMANITARIAN_GEOSPATIAL_DATA,FUNG-WONG,2025-11-09 06:00:00,24,P90 envelope,0,1,1,,,,,0,0,0,0,
REAL_HUMANITARIAN_GEOSPATIAL_DATA,FUNG-WONG,2025-11-09 06:00:00,24,Ensemble probability-weighted,0,1,1,,,,,0,0,0,0,
REAL_HUMANITARIAN_GEOSPATIAL_DATA,FUNG-WONG,2025-11-09 12:00:00,24,Deterministic mean-track,0,0,0,,,,,0,0,0,0,
REAL_HUMANITARIAN_GEOSPATIAL_DATA,FUNG-WONG,2025-11-09 12:00:00,24,P90 envelope,0,0,0,,,,,0,0,0,0,
REAL_HUMANITARIAN_GEOSPATIAL_DATA,FUNG-WONG,2025-11-09 12:00:00,24,Ensemble probability-weighted,0,0,0,,,,,0,0,0,0,
REAL_HUMANITARIAN_GEOSPATIAL_DATA,FUNG-WONG,2025-11-09 18:00:00,24,Deterministic mean-track,0,0,0,,,,,0,0,0,0,
REAL_HUMANITARIAN_GEOSPATIAL_DATA,FUNG-WONG,2025-11-09 18:00:00,24,P90 envelope,0,0,0,,,,,0,0,0,0,
REAL_HUMANITARIAN_GEOSPATIAL_DATA,FUNG-WONG,2025-11-09 18:00:00,24,Ensemble probability-weighted,0,0,0,,,,,0,0,0,0,
REAL_HUMANITARIAN_GEOSPATIAL_DATA,FUNG-WONG,2025-11-10 00:00:00,24,Deterministic mean-track,0,0,0,,,,,0,0,0,0,
REAL_HUMANITARIAN_GEOSPATIAL_DATA,FUNG-WONG,2025-11-10 00:00:00,24,P90 envelope,0,0,0,,,,,0,0,0,0,
REAL_HUMANITARIAN_GEOSPATIAL_DATA,FUNG-WONG,2025-11-10 00:00:00,24,Ensemble probability-weighted,0,0,0,,,,,0,0,0,0,
REAL_HUMANITARIAN_GEOSPATIAL_DATA,FUNG-WONG,2025-11-10 06:00:00,24,Deterministic mean-track,0,0,0,,,,,0,0,0,0,
REAL_HUMANITARIAN_GEOSPATIAL_DATA,FUNG-WONG,2025-11-10 06:00:00,24,P90 envelope,0,0,0,,,,,0,0,0,0,
REAL_HUMANITARIAN_GEOSPATIAL_DATA,FUNG-WONG,2025-11-10 06:00:00,24,Ensemble probability-weighted,0,0,0,,,,,0,0,0,0,
REAL_HUMANITARIAN_GEOSPATIAL_DATA,FUNG-WONG,2025-11-10 12:00:00,24,Deterministic mean-track,0,0,0,,,,,0,0,0,0,
REAL_HUMANITARIAN_GEOSPATIAL_DATA,FUNG-WONG,2025-11-10 12:00:00,24,P90 envelope,0,0,0,,,,,0,0,0,0,
REAL_HUMANITARIAN_GEOSPATIAL_DATA,FUNG-WONG,2025-11-10 12:00:00,24,Ensemble probability-weighted,0,0,0,,,,,0,0,0,0,
REAL_HUMANITARIAN_GEOSPATIAL_DATA,FUNG-WONG,2025-11-10 18:00:00,24,Deterministic mean-track,0,0,0,,,,,0,0,0,0,
REAL_HUMANITARIAN_GEOSPATIAL_DATA,FUNG-WONG,2025-11-10 18:00:00,24,P90 envelope,0,0,0,,,,,0,0,0,0,
REAL_HUMANITARIAN_GEOSPATIAL_DATA,FUNG-WONG,2025-11-10 18:00:00,24,Ensemble probability-weighted,0,0,0,,,,,0,0,0,0,
REAL_HUMANITARIAN_GEOSPATIAL_DATA,FUNG-WONG,2025-11-11 00:00:00,24,Deterministic mean-track,0,0,0,,,,,0,0,0,0,
REAL_HUMANITARIAN_GEOSPATIAL_DATA,FUNG-WONG,2025-11-11 00:00:00,24,P90 envelope,0,0,0,,,,,0,0,0,0,
REAL_HUMANITARIAN_GEOSPATIAL_DATA,FUNG-WONG,2025-11-11 00:00:00,24,Ensemble probability-weighted,0,0,0,,,,,0,0,0,0,
REAL_HUMANITARIAN_GEOSPATIAL_DATA,FUNG-WONG,2025-11-11 06:00:00,24,Deterministic mean-track,0,0,0,,,,,0,0,0,0,
REAL_HUMANITARIAN_GEOSPATIAL_DATA,FUNG-WONG,2025-11-11 06:00:00,24,P90 envelope,0,1,1,,,,,0,0,0,0,
REAL_HUMANITARIAN_GEOSPATIAL_DATA,FUNG-WONG,2025-11-11 06:00:00,24,Ensemble probability-weighted,0,1,1,,,,,0,0,0,0,
REAL_HUMANITARIAN_GEOSPATIAL_DATA,FUNG-WONG,2025-11-11 12:00:00,24,Deterministic mean-track,0,0,0,,,,,0,0,0,0,
REAL_HUMANITARIAN_GEOSPATIAL_DATA,FUNG-WONG,2025-11-11 12:00:00,24,P90 envelope,0,1,1,,,,,0,0,0,0,
REAL_HUMANITARIAN_GEOSPATIAL_DATA,FUNG-WONG,2025-11-11 12:00:00,24,Ensemble probability-weighted,0,1,1,,,,,0,0,0,0,
REAL_HUMANITARIAN_GEOSPATIAL_DATA,FUNG-WONG,2025-11-11 18:00:00,24,Deterministic mean-track,0,0,0,,,,,0,0,0,0,
REAL_HUMANITARIAN_GEOSPATIAL_DATA,FUNG-WONG,2025-11-11 18:00:00,24,P90 envelope,0,1,1,,,,,0,0,0,0,
REAL_HUMANITARIAN_GEOSPATIAL_DATA,FUNG-WONG,2025-11-11 18:00:00,24,Ensemble probability-weighted,0,1,1,,,,,0,0,0,0,
REAL_HUMANITARIAN_GEOSPATIAL_DATA,FUNG-WONG,2025-11-12 00:00:00,24,Deterministic mean-track,1,0,1,0.0,0.0,0.0,0.0,0,1,0,1,
REAL_HUMANITARIAN_GEOSPATIAL_DATA,FUNG-WONG,2025-11-12 00:00:00,24,P90 envelope,1,3,3,1.0,1.0,1.0,1.0,1,1,1,1,0.8660254037844387
REAL_HUMANITARIAN_GEOSPATIAL_DATA,FUNG-WONG,2025-11-12 00:00:00,24,Ensemble probability-weighted,1,1,1,1.0,1.0,1.0,1.0,1,1,1,1,
REAL_HUMANITARIAN_GEOSPATIAL_DATA,FUNG-WONG,2025-11-12 06:00:00,24,Deterministic mean-track,0,0,0,,,,,0,0,0,0,
REAL_HUMANITARIAN_GEOSPATIAL_DATA,FUNG-WONG,2025-11-12 06:00:00,24,P90 envelope,0,2,2,,,,,0,0,0,0,
REAL_HUMANITARIAN_GEOSPATIAL_DATA,FUNG-WONG,2025-11-12 06:00:00,24,Ensemble probability-weighted,0,2,2,,,,,0,0,0,0,
REAL_HUMANITARIAN_GEOSPATIAL_DATA,FUNG-WONG,2025-11-12 12:00:00,24,Deterministic mean-track,0,1,1,,,,,0,0,0,0,
REAL_HUMANITARIAN_GEOSPATIAL_DATA,FUNG-WONG,2025-11-12 12:00:00,24,P90 envelope,0,1,1,,,,,0,0,0,0,
REAL_HUMANITARIAN_GEOSPATIAL_DATA,FUNG-WONG,2025-11-12 12:00:00,24,Ensemble probability-weighted,0,1,1,,,,,0,0,0,0,
REAL_HUMANITARIAN_GEOSPATIAL_DATA,FUNG-WONG,2025-11-12 18:00:00,24,Deterministic mean-track,0,1,1,,,,,0,0,0,0,
REAL_HUMANITARIAN_GEOSPATIAL_DATA,FUNG-WONG,2025-11-12 18:00:00,24,P90 envelope,0,2,2,,,,,0,0,0,0,
REAL_HUMANITARIAN_GEOSPATIAL_DATA,FUNG-WONG,2025-11-12 18:00:00,24,Ensemble probability-weighted,0,0,0,,,,,0,0,0,0,
REAL_HUMANITARIAN_GEOSPATIAL_DATA,GEZANI,2026-02-10 00:00:00,24,Deterministic mean-track,0,1,1,,,,,0,0,0,0,
REAL_HUMANITARIAN_GEOSPATIAL_DATA,GEZANI,2026-02-10 00:00:00,24,P90 envelope,0,1,1,,,,,0,0,0,0,
REAL_HUMANITARIAN_GEOSPATIAL_DATA,GEZANI,2026-02-10 00:00:00,24,Ensemble probability-weighted,0,1,1,,,,,0,0,0,0,
REAL_HUMANITARIAN_GEOSPATIAL_DATA,GEZANI,2026-02-10 06:00:00,24,Deterministic mean-track,0,0,0,,,,,0,0,0,0,
REAL_HUMANITARIAN_GEOSPATIAL_DATA,GEZANI,2026-02-10 06:00:00,24,P90 envelope,0,1,1,,,,,0,0,0,0,
REAL_HUMANITARIAN_GEOSPATIAL_DATA,GEZANI,2026-02-10 06:00:00,24,Ensemble probability-weighted,0,1,1,,,,,0,0,0,0,
REAL_HUMANITARIAN_GEOSPATIAL_DATA,GEZANI,2026-02-10 12:00:00,24,Deterministic mean-track,0,0,0,,,,,0,0,0,0,
REAL_HUMANITARIAN_GEOSPATIAL_DATA,GEZANI,2026-02-10 12:00:00,24,P90 envelope,0,2,2,,,,,0,0,0,0,
REAL_HUMANITARIAN_GEOSPATIAL_DATA,GEZANI,2026-02-10 12:00:00,24,Ensemble probability-weighted,0,1,1,,,,,0,0,0,0,
REAL_HUMANITARIAN_GEOSPATIAL_DATA,GEZANI,2026-02-10 18:00:00,24,Deterministic mean-track,0,0,0,,,,,0,0,0,0,
REAL_HUMANITARIAN_GEOSPATIAL_DATA,GEZANI,2026-02-10 18:00:00,24,P90 envelope,0,2,2,,,,,0,0,0,0,
REAL_HUMANITARIAN_GEOSPATIAL_DATA,GEZANI,2026-02-10 18:00:00,24,Ensemble probability-weighted,0,1,1,,,,,0,0,0,0,
REAL_HUMANITARIAN_GEOSPATIAL_DATA,GEZANI,2026-02-11 00:00:00,24,Deterministic mean-track,0,0,0,,,,,0,0,0,0,
REAL_HUMANITARIAN_GEOSPATIAL_DATA,GEZANI,2026-02-11 00:00:00,24,P90 envelope,0,0,0,,,,,0,0,0,0,
REAL_HUMANITARIAN_GEOSPATIAL_DATA,GEZANI,2026-02-11 00:00:00,24,Ensemble probability-weighted,0,0,0,,,,,0,0,0,0,
REAL_HUMANITARIAN_GEOSPATIAL_DATA,GEZANI,2026-02-11 06:00:00,24,Deterministic mean-track,0,0,0,,,,,0,0,0,0,
REAL_HUMANITARIAN_GEOSPATIAL_DATA,GEZANI,2026-02-11 06:00:00,24,P90 envelope,0,0,0,,,,,0,0,0,0,
REAL_HUMANITARIAN_GEOSPATIAL_DATA,GEZANI,2026-02-11 06:00:00,24,Ensemble probability-weighted,0,0,0,,,,,0,0,0,0,
REAL_HUMANITARIAN_GEOSPATIAL_DATA,GEZANI,2026-02-11 12:00:00,24,Deterministic mean-track,0,0,0,,,,,0,0,0,0,
REAL_HUMANITARIAN_GEOSPATIAL_DATA,GEZANI,2026-02-11 12:00:00,24,P90 envelope,0,0,0,,,,,0,0,0,0,
REAL_HUMANITARIAN_GEOSPATIAL_DATA,GEZANI,2026-02-11 12:00:00,24,Ensemble probability-weighted,0,0,0,,,,,0,0,0,0,
REAL_HUMANITARIAN_GEOSPATIAL_DATA,GEZANI,2026-02-11 18:00:00,24,Deterministic mean-track,0,0,0,,,,,0,0,0,0,
REAL_HUMANITARIAN_GEOSPATIAL_DATA,GEZANI,2026-02-11 18:00:00,24,P90 envelope,0,0,0,,,,,0,0,0,0,
REAL_HUMANITARIAN_GEOSPATIAL_DATA,GEZANI,2026-02-11 18:00:00,24,Ensemble probability-weighted,0,0,0,,,,,0,0,0,0,
REAL_HUMANITARIAN_GEOSPATIAL_DATA,GEZANI,2026-02-12 00:00:00,24,Deterministic mean-track,0,0,0,,,,,0,0,0,0,
REAL_HUMANITARIAN_GEOSPATIAL_DATA,GEZANI,2026-02-12 00:00:00,24,P90 envelope,0,0,0,,,,,0,0,0,0,
REAL_HUMANITARIAN_GEOSPATIAL_DATA,GEZANI,2026-02-12 00:00:00,24,Ensemble probability-weighted,0,0,0,,,,,0,0,0,0,
REAL_HUMANITARIAN_GEOSPATIAL_DATA,GEZANI,2026-02-12 06:00:00,24,Deterministic mean-track,0,0,0,,,,,0,0,0,0,
REAL_HUMANITARIAN_GEOSPATIAL_DATA,GEZANI,2026-02-12 06:00:00,24,P90 envelope,0,0,0,,,,,0,0,0,0,
REAL_HUMANITARIAN_GEOSPATIAL_DATA,GEZANI,2026-02-12 06:00:00,24,Ensemble probability-weighted,0,0,0,,,,,0,0,0,0,
REAL_HUMANITARIAN_GEOSPATIAL_DATA,GEZANI,2026-02-12 12:00:00,24,Deterministic mean-track,0,0,0,,,,,0,0,0,0,
REAL_HUMANITARIAN_GEOSPATIAL_DATA,GEZANI,2026-02-12 12:00:00,24,P90 envelope,0,1,1,,,,,0,0,0,0,
REAL_HUMANITARIAN_GEOSPATIAL_DATA,GEZANI,2026-02-12 12:00:00,24,Ensemble probability-weighted,0,0,0,,,,,0,0,0,0,
REAL_HUMANITARIAN_GEOSPATIAL_DATA,GEZANI,2026-02-12 18:00:00,24,Deterministic mean-track,0,0,0,,,,,0,0,0,0,
REAL_HUMANITARIAN_GEOSPATIAL_DATA,GEZANI,2026-02-12 18:00:00,24,P90 envelope,0,1,1,,,,,0,0,0,0,
REAL_HUMANITARIAN_GEOSPATIAL_DATA,GEZANI,2026-02-12 18:00:00,24,Ensemble probability-weighted,0,1,1,,,,,0,0,0,0,
REAL_HUMANITARIAN_GEOSPATIAL_DATA,GEZANI,2026-02-13 00:00:00,24,Deterministic mean-track,0,0,0,,,,,0,0,0,0,
REAL_HUMANITARIAN_GEOSPATIAL_DATA,GEZANI,2026-02-13 00:00:00,24,P90 envelope,0,1,1,,,,,0,0,0,0,
REAL_HUMANITARIAN_GEOSPATIAL_DATA,GEZANI,2026-02-13 00:00:00,24,Ensemble probability-weighted,0,1,1,,,,,0,0,0,0,
REAL_HUMANITARIAN_GEOSPATIAL_DATA,GEZANI,2026-02-13 06:00:00,24,Deterministic mean-track,0,0,0,,,,,0,0,0,0,
REAL_HUMANITARIAN_GEOSPATIAL_DATA,GEZANI,2026-02-13 06:00:00,24,P90 envelope,0,1,1,,,,,0,0,0,0,
REAL_HUMANITARIAN_GEOSPATIAL_DATA,GEZANI,2026-02-13 06:00:00,24,Ensemble probability-weighted,0,1,1,,,,,0,0,0,0,
REAL_HUMANITARIAN_GEOSPATIAL_DATA,GEZANI,2026-02-13 12:00:00,24,Deterministic mean-track,0,0,0,,,,,0,0,0,0,
REAL_HUMANITARIAN_GEOSPATIAL_DATA,GEZANI,2026-02-13 12:00:00,24,P90 envelope,0,1,1,,,,,0,0,0,0,
REAL_HUMANITARIAN_GEOSPATIAL_DATA,GEZANI,2026-02-13 12:00:00,24,Ensemble probability-weighted,0,1,1,,,,,0,0,0,0,
REAL_HUMANITARIAN_GEOSPATIAL_DATA,GEZANI,2026-02-13 18:00:00,24,Deterministic mean-track,0,0,0,,,,,0,0,0,0,
REAL_HUMANITARIAN_GEOSPATIAL_DATA,GEZANI,2026-02-13 18:00:00,24,P90 envelope,0,0,0,,,,,0,0,0,0,
REAL_HUMANITARIAN_GEOSPATIAL_DATA,GEZANI,2026-02-13 18:00:00,24,Ensemble probability-weighted,0,0,0,,,,,0,0,0,0,
REAL_HUMANITARIAN_GEOSPATIAL_DATA,KALMAEGI,2025-11-01 12:00:00,24,Deterministic mean-track,0,0,0,,,,,0,0,0,0,
REAL_HUMANITARIAN_GEOSPATIAL_DATA,KALMAEGI,2025-11-01 12:00:00,24,P90 envelope,0,0,0,,,,,0,0,0,0,
REAL_HUMANITARIAN_GEOSPATIAL_DATA,KALMAEGI,2025-11-01 12:00:00,24,Ensemble probability-weighted,0,0,0,,,,,0,0,0,0,
REAL_HUMANITARIAN_GEOSPATIAL_DATA,KALMAEGI,2025-11-01 18:00:00,24,Deterministic mean-track,0,0,0,,,,,0,0,0,0,
REAL_HUMANITARIAN_GEOSPATIAL_DATA,KALMAEGI,2025-11-01 18:00:00,24,P90 envelope,0,0,0,,,,,0,0,0,0,
REAL_HUMANITARIAN_GEOSPATIAL_DATA,KALMAEGI,2025-11-01 18:00:00,24,Ensemble probability-weighted,0,0,0,,,,,0,0,0,0,
REAL_HUMANITARIAN_GEOSPATIAL_DATA,KALMAEGI,2025-11-02 00:00:00,24,Deterministic mean-track,0,0,0,,,,,0,0,0,0,
REAL_HUMANITARIAN_GEOSPATIAL_DATA,KALMAEGI,2025-11-02 00:00:00,24,P90 envelope,0,0,0,,,,,0,0,0,0,
REAL_HUMANITARIAN_GEOSPATIAL_DATA,KALMAEGI,2025-11-02 00:00:00,24,Ensemble probability-weighted,0,0,0,,,,,0,0,0,0,
REAL_HUMANITARIAN_GEOSPATIAL_DATA,KALMAEGI,2025-11-02 12:00:00,24,Deterministic mean-track,1,0,1,0.0,0.0,0.0,0.0,0,1,0,1,
REAL_HUMANITARIAN_GEOSPATIAL_DATA,KALMAEGI,2025-11-02 12:00:00,24,P90 envelope,1,1,1,1.0,1.0,1.0,1.0,1,1,1,1,
REAL_HUMANITARIAN_GEOSPATIAL_DATA,KALMAEGI,2025-11-02 12:00:00,24,Ensemble probability-weighted,1,1,1,1.0,1.0,1.0,1.0,1,1,1,1,
REAL_HUMANITARIAN_GEOSPATIAL_DATA,KALMAEGI,2025-11-02 18:00:00,24,Deterministic mean-track,0,0,0,,,,,0,0,0,0,
REAL_HUMANITARIAN_GEOSPATIAL_DATA,KALMAEGI,2025-11-02 18:00:00,24,P90 envelope,0,1,1,,,,,0,0,0,0,
REAL_HUMANITARIAN_GEOSPATIAL_DATA,KALMAEGI,2025-11-02 18:00:00,24,Ensemble probability-weighted,0,1,1,,,,,0,0,0,0,
REAL_HUMANITARIAN_GEOSPATIAL_DATA,KALMAEGI,2025-11-03 00:00:00,24,Deterministic mean-track,1,0,1,0.0,0.0,0.0,0.0,0,1,0,1,
REAL_HUMANITARIAN_GEOSPATIAL_DATA,KALMAEGI,2025-11-03 00:00:00,24,P90 envelope,1,2,2,1.0,1.0,1.0,1.0,1,1,1,1,
REAL_HUMANITARIAN_GEOSPATIAL_DATA,KALMAEGI,2025-11-03 00:00:00,24,Ensemble probability-weighted,1,1,1,1.0,1.0,1.0,1.0,1,1,1,1,
REAL_HUMANITARIAN_GEOSPATIAL_DATA,KALMAEGI,2025-11-03 06:00:00,24,Deterministic mean-track,0,0,0,,,,,0,0,0,0,
REAL_HUMANITARIAN_GEOSPATIAL_DATA,KALMAEGI,2025-11-03 06:00:00,24,P90 envelope,0,2,2,,,,,0,0,0,0,
REAL_HUMANITARIAN_GEOSPATIAL_DATA,KALMAEGI,2025-11-03 06:00:00,24,Ensemble probability-weighted,0,2,2,,,,,0,0,0,0,
REAL_HUMANITARIAN_GEOSPATIAL_DATA,KALMAEGI,2025-11-03 12:00:00,24,Deterministic mean-track,0,0,0,,,,,0,0,0,0,
REAL_HUMANITARIAN_GEOSPATIAL_DATA,KALMAEGI,2025-11-03 12:00:00,24,P90 envelope,0,2,2,,,,,0,0,0,0,
REAL_HUMANITARIAN_GEOSPATIAL_DATA,KALMAEGI,2025-11-03 12:00:00,24,Ensemble probability-weighted,0,2,2,,,,,0,0,0,0,
REAL_HUMANITARIAN_GEOSPATIAL_DATA,KALMAEGI,2025-11-03 18:00:00,24,Deterministic mean-track,0,0,0,,,,,0,0,0,0,
REAL_HUMANITARIAN_GEOSPATIAL_DATA,KALMAEGI,2025-11-03 18:00:00,24,P90 envelope,0,2,2,,,,,0,0,0,0,
REAL_HUMANITARIAN_GEOSPATIAL_DATA,KALMAEGI,2025-11-03 18:00:00,24,Ensemble probability-weighted,0,1,1,,,,,0,0,0,0,
REAL_HUMANITARIAN_GEOSPATIAL_DATA,KALMAEGI,2025-11-04 00:00:00,24,Deterministic mean-track,0,0,0,,,,,0,0,0,0,
REAL_HUMANITARIAN_GEOSPATIAL_DATA,KALMAEGI,2025-11-04 00:00:00,24,P90 envelope,0,2,2,,,,,0,0,0,0,
REAL_HUMANITARIAN_GEOSPATIAL_DATA,KALMAEGI,2025-11-04 00:00:00,24,Ensemble probability-weighted,0,1,1,,,,,0,0,0,0,
REAL_HUMANITARIAN_GEOSPATIAL_DATA,KALMAEGI,2025-11-04 06:00:00,24,Deterministic mean-track,0,0,0,,,,,0,0,0,0,
REAL_HUMANITARIAN_GEOSPATIAL_DATA,KALMAEGI,2025-11-04 06:00:00,24,P90 envelope,0,0,0,,,,,0,0,0,0,
REAL_HUMANITARIAN_GEOSPATIAL_DATA,KALMAEGI,2025-11-04 06:00:00,24,Ensemble probability-weighted,0,0,0,,,,,0,0,0,0,
REAL_HUMANITARIAN_GEOSPATIAL_DATA,KALMAEGI,2025-11-04 12:00:00,24,Deterministic mean-track,0,0,0,,,,,0,0,0,0,
REAL_HUMANITARIAN_GEOSPATIAL_DATA,KALMAEGI,2025-11-04 12:00:00,24,P90 envelope,0,0,0,,,,,0,0,0,0,
REAL_HUMANITARIAN_GEOSPATIAL_DATA,KALMAEGI,2025-11-04 12:00:00,24,Ensemble probability-weighted,0,0,0,,,,,0,0,0,0,
REAL_HUMANITARIAN_GEOSPATIAL_DATA,KALMAEGI,2025-11-04 18:00:00,24,Deterministic mean-track,0,0,0,,,,,0,0,0,0,
REAL_HUMANITARIAN_GEOSPATIAL_DATA,KALMAEGI,2025-11-04 18:00:00,24,P90 envelope,0,0,0,,,,,0,0,0,0,
REAL_HUMANITARIAN_GEOSPATIAL_DATA,KALMAEGI,2025-11-04 18:00:00,24,Ensemble probability-weighted,0,0,0,,,,,0,0,0,0,
REAL_HUMANITARIAN_GEOSPATIAL_DATA,KALMAEGI,2025-11-05 00:00:00,24,Deterministic mean-track,0,0,0,,,,,0,0,0,0,
REAL_HUMANITARIAN_GEOSPATIAL_DATA,KALMAEGI,2025-11-05 00:00:00,24,P90 envelope,0,0,0,,,,,0,0,0,0,
REAL_HUMANITARIAN_GEOSPATIAL_DATA,KALMAEGI,2025-11-05 00:00:00,24,Ensemble probability-weighted,0,0,0,,,,,0,0,0,0,
REAL_HUMANITARIAN_GEOSPATIAL_DATA,KALMAEGI,2025-11-05 06:00:00,24,Deterministic mean-track,0,0,0,,,,,0,0,0,0,
REAL_HUMANITARIAN_GEOSPATIAL_DATA,KALMAEGI,2025-11-05 06:00:00,24,P90 envelope,0,0,0,,,,,0,0,0,0,
REAL_HUMANITARIAN_GEOSPATIAL_DATA,KALMAEGI,2025-11-05 06:00:00,24,Ensemble probability-weighted,0,0,0,,,,,0,0,0,0,
REAL_HUMANITARIAN_GEOSPATIAL_DATA,KALMAEGI,2025-11-05 12:00:00,24,Deterministic mean-track,0,0,0,,,,,0,0,0,0,
REAL_HUMANITARIAN_GEOSPATIAL_DATA,KALMAEGI,2025-11-05 12:00:00,24,P90 envelope,0,1,1,,,,,0,0,0,0,
REAL_HUMANITARIAN_GEOSPATIAL_DATA,KALMAEGI,2025-11-05 12:00:00,24,Ensemble probability-weighted,0,1,1,,,,,0,0,0,0,
REAL_HUMANITARIAN_GEOSPATIAL_DATA,KALMAEGI,2025-11-05 18:00:00,24,Deterministic mean-track,0,0,0,,,,,0,0,0,0,
REAL_HUMANITARIAN_GEOSPATIAL_DATA,KALMAEGI,2025-11-05 18:00:00,24,P90 envelope,0,3,3,,,,,0,0,0,0,
REAL_HUMANITARIAN_GEOSPATIAL_DATA,KALMAEGI,2025-11-05 18:00:00,24,Ensemble probability-weighted,0,3,3,,,,,0,0,0,0,
REAL_HUMANITARIAN_GEOSPATIAL_DATA,KALMAEGI,2025-11-06 00:00:00,24,Deterministic mean-track,0,1,1,,,,,0,0,0,0,
REAL_HUMANITARIAN_GEOSPATIAL_DATA,KALMAEGI,2025-11-06 00:00:00,24,P90 envelope,0,4,4,,,,,0,0,0,0,
REAL_HUMANITARIAN_GEOSPATIAL_DATA,KALMAEGI,2025-11-06 00:00:00,24,Ensemble probability-weighted,0,3,3,,,,,0,0,0,0,
REAL_HUMANITARIAN_GEOSPATIAL_DATA,KALMAEGI,2025-11-06 06:00:00,24,Deterministic mean-track,0,0,0,,,,,0,0,0,0,
REAL_HUMANITARIAN_GEOSPATIAL_DATA,KALMAEGI,2025-11-06 06:00:00,24,P90 envelope,0,2,2,,,,,0,0,0,0,
REAL_HUMANITARIAN_GEOSPATIAL_DATA,KALMAEGI,2025-11-06 06:00:00,24,Ensemble probability-weighted,0,2,2,,,,,0,0,0,0,
REAL_HUMANITARIAN_GEOSPATIAL_DATA,KALMAEGI,2025-11-06 12:00:00,24,Deterministic mean-track,0,0,0,,,,,0,0,0,0,
REAL_HUMANITARIAN_GEOSPATIAL_DATA,KALMAEGI,2025-11-06 12:00:00,24,P90 envelope,0,2,2,,,,,0,0,0,0,
REAL_HUMANITARIAN_GEOSPATIAL_DATA,KALMAEGI,2025-11-06 12:00:00,24,Ensemble probability-weighted,0,2,2,,,,,0,0,0,0,
REAL_HUMANITARIAN_GEOSPATIAL_DATA,KALMAEGI,2025-11-06 18:00:00,24,Deterministic mean-track,0,0,0,,,,,0,0,0,0,
REAL_HUMANITARIAN_GEOSPATIAL_DATA,KALMAEGI,2025-11-06 18:00:00,24,P90 envelope,0,1,1,,,,,0,0,0,0,
REAL_HUMANITARIAN_GEOSPATIAL_DATA,KALMAEGI,2025-11-06 18:00:00,24,Ensemble probability-weighted,0,2,2,,,,,0,0,0,0,
REAL_HUMANITARIAN_GEOSPATIAL_DATA,KOTO,2025-11-25 12:00:00,24,Deterministic mean-track,0,0,0,,,,,0,0,0,0,
REAL_HUMANITARIAN_GEOSPATIAL_DATA,KOTO,2025-11-25 12:00:00,24,P90 envelope,0,0,0,,,,,0,0,0,0,
REAL_HUMANITARIAN_GEOSPATIAL_DATA,KOTO,2025-11-25 12:00:00,24,Ensemble probability-weighted,0,0,0,,,,,0,0,0,0,
REAL_HUMANITARIAN_GEOSPATIAL_DATA,KOTO,2025-11-25 18:00:00,24,Deterministic mean-track,0,0,0,,,,,0,0,0,0,
REAL_HUMANITARIAN_GEOSPATIAL_DATA,KOTO,2025-11-25 18:00:00,24,P90 envelope,0,0,0,,,,,0,0,0,0,
REAL_HUMANITARIAN_GEOSPATIAL_DATA,KOTO,2025-11-25 18:00:00,24,Ensemble probability-weighted,0,0,0,,,,,0,0,0,0,
REAL_HUMANITARIAN_GEOSPATIAL_DATA,KOTO,2025-11-26 00:00:00,24,Deterministic mean-track,0,0,0,,,,,0,0,0,0,
REAL_HUMANITARIAN_GEOSPATIAL_DATA,KOTO,2025-11-26 00:00:00,24,P90 envelope,0,0,0,,,,,0,0,0,0,
REAL_HUMANITARIAN_GEOSPATIAL_DATA,KOTO,2025-11-26 00:00:00,24,Ensemble probability-weighted,0,0,0,,,,,0,0,0,0,
REAL_HUMANITARIAN_GEOSPATIAL_DATA,KOTO,2025-11-26 06:00:00,24,Deterministic mean-track,0,0,0,,,,,0,0,0,0,
REAL_HUMANITARIAN_GEOSPATIAL_DATA,KOTO,2025-11-26 06:00:00,24,P90 envelope,0,0,0,,,,,0,0,0,0,
REAL_HUMANITARIAN_GEOSPATIAL_DATA,KOTO,2025-11-26 06:00:00,24,Ensemble probability-weighted,0,0,0,,,,,0,0,0,0,
REAL_HUMANITARIAN_GEOSPATIAL_DATA,KOTO,2025-11-26 12:00:00,24,Deterministic mean-track,0,0,0,,,,,0,0,0,0,
REAL_HUMANITARIAN_GEOSPATIAL_DATA,KOTO,2025-11-26 12:00:00,24,P90 envelope,0,0,0,,,,,0,0,0,0,
REAL_HUMANITARIAN_GEOSPATIAL_DATA,KOTO,2025-11-26 12:00:00,24,Ensemble probability-weighted,0,0,0,,,,,0,0,0,0,
REAL_HUMANITARIAN_GEOSPATIAL_DATA,KOTO,2025-11-26 18:00:00,24,Deterministic mean-track,0,0,0,,,,,0,0,0,0,
REAL_HUMANITARIAN_GEOSPATIAL_DATA,KOTO,2025-11-26 18:00:00,24,P90 envelope,0,0,0,,,,,0,0,0,0,
REAL_HUMANITARIAN_GEOSPATIAL_DATA,KOTO,2025-11-26 18:00:00,24,Ensemble probability-weighted,0,0,0,,,,,0,0,0,0,
REAL_HUMANITARIAN_GEOSPATIAL_DATA,KOTO,2025-11-27 00:00:00,24,Deterministic mean-track,0,0,0,,,,,0,0,0,0,
REAL_HUMANITARIAN_GEOSPATIAL_DATA,KOTO,2025-11-27 00:00:00,24,P90 envelope,0,0,0,,,,,0,0,0,0,
REAL_HUMANITARIAN_GEOSPATIAL_DATA,KOTO,2025-11-27 00:00:00,24,Ensemble probability-weighted,0,0,0,,,,,0,0,0,0,
REAL_HUMANITARIAN_GEOSPATIAL_DATA,KOTO,2025-11-27 06:00:00,24,Deterministic mean-track,0,0,0,,,,,0,0,0,0,
REAL_HUMANITARIAN_GEOSPATIAL_DATA,KOTO,2025-11-27 06:00:00,24,P90 envelope,0,0,0,,,,,0,0,0,0,
REAL_HUMANITARIAN_GEOSPATIAL_DATA,KOTO,2025-11-27 06:00:00,24,Ensemble probability-weighted,0,0,0,,,,,0,0,0,0,
REAL_HUMANITARIAN_GEOSPATIAL_DATA,KOTO,2025-11-27 12:00:00,24,Deterministic mean-track,0,0,0,,,,,0,0,0,0,
REAL_HUMANITARIAN_GEOSPATIAL_DATA,KOTO,2025-11-27 12:00:00,24,P90 envelope,0,0,0,,,,,0,0,0,0,
REAL_HUMANITARIAN_GEOSPATIAL_DATA,KOTO,2025-11-27 12:00:00,24,Ensemble probability-weighted,0,0,0,,,,,0,0,0,0,
REAL_HUMANITARIAN_GEOSPATIAL_DATA,KOTO,2025-11-27 18:00:00,24,Deterministic mean-track,0,0,0,,,,,0,0,0,0,
REAL_HUMANITARIAN_GEOSPATIAL_DATA,KOTO,2025-11-27 18:00:00,24,P90 envelope,0,0,0,,,,,0,0,0,0,
REAL_HUMANITARIAN_GEOSPATIAL_DATA,KOTO,2025-11-27 18:00:00,24,Ensemble probability-weighted,0,0,0,,,,,0,0,0,0,
REAL_HUMANITARIAN_GEOSPATIAL_DATA,KOTO,2025-11-28 00:00:00,24,Deterministic mean-track,0,0,0,,,,,0,0,0,0,
REAL_HUMANITARIAN_GEOSPATIAL_DATA,KOTO,2025-11-28 00:00:00,24,P90 envelope,0,0,0,,,,,0,0,0,0,
REAL_HUMANITARIAN_GEOSPATIAL_DATA,KOTO,2025-11-28 00:00:00,24,Ensemble probability-weighted,0,0,0,,,,,0,0,0,0,
REAL_HUMANITARIAN_GEOSPATIAL_DATA,KOTO,2025-11-28 06:00:00,24,Deterministic mean-track,0,0,0,,,,,0,0,0,0,
REAL_HUMANITARIAN_GEOSPATIAL_DATA,KOTO,2025-11-28 06:00:00,24,P90 envelope,0,0,0,,,,,0,0,0,0,
REAL_HUMANITARIAN_GEOSPATIAL_DATA,KOTO,2025-11-28 06:00:00,24,Ensemble probability-weighted,0,0,0,,,,,0,0,0,0,
REAL_HUMANITARIAN_GEOSPATIAL_DATA,KOTO,2025-11-28 12:00:00,24,Deterministic mean-track,0,0,0,,,,,0,0,0,0,
REAL_HUMANITARIAN_GEOSPATIAL_DATA,KOTO,2025-11-28 12:00:00,24,P90 envelope,0,0,0,,,,,0,0,0,0,
REAL_HUMANITARIAN_GEOSPATIAL_DATA,KOTO,2025-11-28 12:00:00,24,Ensemble probability-weighted,0,0,0,,,,,0,0,0,0,
REAL_HUMANITARIAN_GEOSPATIAL_DATA,KOTO,2025-11-28 18:00:00,24,Deterministic mean-track,0,0,0,,,,,0,0,0,0,
REAL_HUMANITARIAN_GEOSPATIAL_DATA,KOTO,2025-11-28 18:00:00,24,P90 envelope,0,0,0,,,,,0,0,0,0,
REAL_HUMANITARIAN_GEOSPATIAL_DATA,KOTO,2025-11-28 18:00:00,24,Ensemble probability-weighted,0,0,0,,,,,0,0,0,0,
REAL_HUMANITARIAN_GEOSPATIAL_DATA,KOTO,2025-11-29 00:00:00,24,Deterministic mean-track,0,0,0,,,,,0,0,0,0,
REAL_HUMANITARIAN_GEOSPATIAL_DATA,KOTO,2025-11-29 00:00:00,24,P90 envelope,0,0,0,,,,,0,0,0,0,
REAL_HUMANITARIAN_GEOSPATIAL_DATA,KOTO,2025-11-29 00:00:00,24,Ensemble probability-weighted,0,0,0,,,,,0,0,0,0,
REAL_HUMANITARIAN_GEOSPATIAL_DATA,KOTO,2025-11-29 06:00:00,24,Deterministic mean-track,0,0,0,,,,,0,0,0,0,
REAL_HUMANITARIAN_GEOSPATIAL_DATA,KOTO,2025-11-29 06:00:00,24,P90 envelope,0,0,0,,,,,0,0,0,0,
REAL_HUMANITARIAN_GEOSPATIAL_DATA,KOTO,2025-11-29 06:00:00,24,Ensemble probability-weighted,0,0,0,,,,,0,0,0,0,
REAL_HUMANITARIAN_GEOSPATIAL_DATA,KOTO,2025-11-29 12:00:00,24,Deterministic mean-track,0,0,0,,,,,0,0,0,0,
REAL_HUMANITARIAN_GEOSPATIAL_DATA,KOTO,2025-11-29 12:00:00,24,P90 envelope,0,0,0,,,,,0,0,0,0,
REAL_HUMANITARIAN_GEOSPATIAL_DATA,KOTO,2025-11-29 12:00:00,24,Ensemble probability-weighted,0,0,0,,,,,0,0,0,0,
REAL_HUMANITARIAN_GEOSPATIAL_DATA,KOTO,2025-11-29 18:00:00,24,Deterministic mean-track,0,0,0,,,,,0,0,0,0,
REAL_HUMANITARIAN_GEOSPATIAL_DATA,KOTO,2025-11-29 18:00:00,24,P90 envelope,0,0,0,,,,,0,0,0,0,
REAL_HUMANITARIAN_GEOSPATIAL_DATA,KOTO,2025-11-29 18:00:00,24,Ensemble probability-weighted,0,0,0,,,,,0,0,0,0,
REAL_HUMANITARIAN_GEOSPATIAL_DATA,KOTO,2025-11-30 00:00:00,24,Deterministic mean-track,0,0,0,,,,,0,0,0,0,
REAL_HUMANITARIAN_GEOSPATIAL_DATA,KOTO,2025-11-30 00:00:00,24,P90 envelope,0,0,0,,,,,0,0,0,0,
REAL_HUMANITARIAN_GEOSPATIAL_DATA,KOTO,2025-11-30 00:00:00,24,Ensemble probability-weighted,0,0,0,,,,,0,0,0,0,
REAL_HUMANITARIAN_GEOSPATIAL_DATA,KOTO,2025-11-30 06:00:00,24,Deterministic mean-track,0,0,0,,,,,0,0,0,0,
REAL_HUMANITARIAN_GEOSPATIAL_DATA,KOTO,2025-11-30 06:00:00,24,P90 envelope,0,0,0,,,,,0,0,0,0,
REAL_HUMANITARIAN_GEOSPATIAL_DATA,KOTO,2025-11-30 06:00:00,24,Ensemble probability-weighted,0,0,0,,,,,0,0,0,0,
REAL_HUMANITARIAN_GEOSPATIAL_DATA,KOTO,2025-11-30 12:00:00,24,Deterministic mean-track,0,0,0,,,,,0,0,0,0,
REAL_HUMANITARIAN_GEOSPATIAL_DATA,KOTO,2025-11-30 12:00:00,24,P90 envelope,0,0,0,,,,,0,0,0,0,
REAL_HUMANITARIAN_GEOSPATIAL_DATA,KOTO,2025-11-30 12:00:00,24,Ensemble probability-weighted,0,0,0,,,,,0,0,0,0,
REAL_HUMANITARIAN_GEOSPATIAL_DATA,KOTO,2025-11-30 18:00:00,24,Deterministic mean-track,0,0,0,,,,,0,0,0,0,
REAL_HUMANITARIAN_GEOSPATIAL_DATA,KOTO,2025-11-30 18:00:00,24,P90 envelope,0,0,0,,,,,0,0,0,0,
REAL_HUMANITARIAN_GEOSPATIAL_DATA,KOTO,2025-11-30 18:00:00,24,Ensemble probability-weighted,0,0,0,,,,,0,0,0,0,
REAL_HUMANITARIAN_GEOSPATIAL_DATA,KOTO,2025-12-01 00:00:00,24,Deterministic mean-track,0,0,0,,,,,0,0,0,0,
REAL_HUMANITARIAN_GEOSPATIAL_DATA,KOTO,2025-12-01 00:00:00,24,P90 envelope,0,0,0,,,,,0,0,0,0,
REAL_HUMANITARIAN_GEOSPATIAL_DATA,KOTO,2025-12-01 00:00:00,24,Ensemble probability-weighted,0,0,0,,,,,0,0,0,0,
REAL_HUMANITARIAN_GEOSPATIAL_DATA,KOTO,2025-12-01 06:00:00,24,Deterministic mean-track,0,0,0,,,,,0,0,0,0,
REAL_HUMANITARIAN_GEOSPATIAL_DATA,KOTO,2025-12-01 06:00:00,24,P90 envelope,0,0,0,,,,,0,0,0,0,
REAL_HUMANITARIAN_GEOSPATIAL_DATA,KOTO,2025-12-01 06:00:00,24,Ensemble probability-weighted,0,0,0,,,,,0,0,0,0,
REAL_HUMANITARIAN_GEOSPATIAL_DATA,KOTO,2025-12-01 12:00:00,24,Deterministic mean-track,0,0,0,,,,,0,0,0,0,
REAL_HUMANITARIAN_GEOSPATIAL_DATA,KOTO,2025-12-01 12:00:00,24,P90 envelope,0,0,0,,,,,0,0,0,0,
REAL_HUMANITARIAN_GEOSPATIAL_DATA,KOTO,2025-12-01 12:00:00,24,Ensemble probability-weighted,0,0,0,,,,,0,0,0,0,
REAL_HUMANITARIAN_GEOSPATIAL_DATA,KOTO,2025-12-01 18:00:00,24,Deterministic mean-track,0,0,0,,,,,0,0,0,0,
REAL_HUMANITARIAN_GEOSPATIAL_DATA,KOTO,2025-12-01 18:00:00,24,P90 envelope,0,0,0,,,,,0,0,0,0,
REAL_HUMANITARIAN_GEOSPATIAL_DATA,KOTO,2025-12-01 18:00:00,24,Ensemble probability-weighted,0,0,0,,,,,0,0,0,0,
REAL_HUMANITARIAN_GEOSPATIAL_DATA,KOTO,2025-12-02 00:00:00,24,Deterministic mean-track,0,0,0,,,,,0,0,0,0,
REAL_HUMANITARIAN_GEOSPATIAL_DATA,KOTO,2025-12-02 00:00:00,24,P90 envelope,0,1,1,,,,,0,0,0,0,
REAL_HUMANITARIAN_GEOSPATIAL_DATA,KOTO,2025-12-02 00:00:00,24,Ensemble probability-weighted,0,1,1,,,,,0,0,0,0,
REAL_HUMANITARIAN_GEOSPATIAL_DATA,KOTO,2025-12-02 06:00:00,24,Deterministic mean-track,0,0,0,,,,,0,0,0,0,
REAL_HUMANITARIAN_GEOSPATIAL_DATA,KOTO,2025-12-02 06:00:00,24,P90 envelope,0,1,1,,,,,0,0,0,0,
REAL_HUMANITARIAN_GEOSPATIAL_DATA,KOTO,2025-12-02 06:00:00,24,Ensemble probability-weighted,0,0,0,,,,,0,0,0,0,
REAL_HUMANITARIAN_GEOSPATIAL_DATA,KOTO,2025-12-02 12:00:00,24,Deterministic mean-track,0,0,0,,,,,0,0,0,0,
REAL_HUMANITARIAN_GEOSPATIAL_DATA,KOTO,2025-12-02 12:00:00,24,P90 envelope,0,3,3,,,,,0,0,0,0,
REAL_HUMANITARIAN_GEOSPATIAL_DATA,KOTO,2025-12-02 12:00:00,24,Ensemble probability-weighted,0,1,1,,,,,0,0,0,0,
REAL_HUMANITARIAN_GEOSPATIAL_DATA,MELISSA,2025-10-23 00:00:00,24,Deterministic mean-track,0,0,0,,,,,0,0,0,0,
REAL_HUMANITARIAN_GEOSPATIAL_DATA,MELISSA,2025-10-23 00:00:00,24,P90 envelope,0,1,1,,,,,0,0,0,0,
REAL_HUMANITARIAN_GEOSPATIAL_DATA,MELISSA,2025-10-23 00:00:00,24,Ensemble probability-weighted,0,0,0,,,,,0,0,0,0,
REAL_HUMANITARIAN_GEOSPATIAL_DATA,MELISSA,2025-10-23 06:00:00,24,Deterministic mean-track,0,0,0,,,,,0,0,0,0,
REAL_HUMANITARIAN_GEOSPATIAL_DATA,MELISSA,2025-10-23 06:00:00,24,P90 envelope,0,1,1,,,,,0,0,0,0,
REAL_HUMANITARIAN_GEOSPATIAL_DATA,MELISSA,2025-10-23 06:00:00,24,Ensemble probability-weighted,0,0,0,,,,,0,0,0,0,
REAL_HUMANITARIAN_GEOSPATIAL_DATA,MELISSA,2025-10-23 12:00:00,24,Deterministic mean-track,0,0,0,,,,,0,0,0,0,
REAL_HUMANITARIAN_GEOSPATIAL_DATA,MELISSA,2025-10-23 12:00:00,24,P90 envelope,0,1,1,,,,,0,0,0,0,
REAL_HUMANITARIAN_GEOSPATIAL_DATA,MELISSA,2025-10-23 12:00:00,24,Ensemble probability-weighted,0,0,0,,,,,0,0,0,0,
REAL_HUMANITARIAN_GEOSPATIAL_DATA,MELISSA,2025-10-23 18:00:00,24,Deterministic mean-track,0,0,0,,,,,0,0,0,0,
REAL_HUMANITARIAN_GEOSPATIAL_DATA,MELISSA,2025-10-23 18:00:00,24,P90 envelope,0,1,1,,,,,0,0,0,0,
REAL_HUMANITARIAN_GEOSPATIAL_DATA,MELISSA,2025-10-23 18:00:00,24,Ensemble probability-weighted,0,0,0,,,,,0,0,0,0,
REAL_HUMANITARIAN_GEOSPATIAL_DATA,MELISSA,2025-10-24 00:00:00,24,Deterministic mean-track,0,0,0,,,,,0,0,0,0,
REAL_HUMANITARIAN_GEOSPATIAL_DATA,MELISSA,2025-10-24 00:00:00,24,P90 envelope,0,1,1,,,,,0,0,0,0,
REAL_HUMANITARIAN_GEOSPATIAL_DATA,MELISSA,2025-10-24 00:00:00,24,Ensemble probability-weighted,0,0,0,,,,,0,0,0,0,
REAL_HUMANITARIAN_GEOSPATIAL_DATA,MELISSA,2025-10-24 12:00:00,24,Deterministic mean-track,0,0,0,,,,,0,0,0,0,
REAL_HUMANITARIAN_GEOSPATIAL_DATA,MELISSA,2025-10-24 12:00:00,24,P90 envelope,0,1,1,,,,,0,0,0,0,
REAL_HUMANITARIAN_GEOSPATIAL_DATA,MELISSA,2025-10-24 12:00:00,24,Ensemble probability-weighted,0,0,0,,,,,0,0,0,0,
REAL_HUMANITARIAN_GEOSPATIAL_DATA,MELISSA,2025-10-24 18:00:00,24,Deterministic mean-track,0,0,0,,,,,0,0,0,0,
REAL_HUMANITARIAN_GEOSPATIAL_DATA,MELISSA,2025-10-24 18:00:00,24,P90 envelope,0,2,2,,,,,0,0,0,0,
REAL_HUMANITARIAN_GEOSPATIAL_DATA,MELISSA,2025-10-24 18:00:00,24,Ensemble probability-weighted,0,0,0,,,,,0,0,0,0,
REAL_HUMANITARIAN_GEOSPATIAL_DATA,MELISSA,2025-10-25 00:00:00,24,Deterministic mean-track,0,0,0,,,,,0,0,0,0,
REAL_HUMANITARIAN_GEOSPATIAL_DATA,MELISSA,2025-10-25 00:00:00,24,P90 envelope,0,2,2,,,,,0,0,0,0,
REAL_HUMANITARIAN_GEOSPATIAL_DATA,MELISSA,2025-10-25 00:00:00,24,Ensemble probability-weighted,0,1,1,,,,,0,0,0,0,
REAL_HUMANITARIAN_GEOSPATIAL_DATA,MELISSA,2025-10-25 12:00:00,24,Deterministic mean-track,0,0,0,,,,,0,0,0,0,
REAL_HUMANITARIAN_GEOSPATIAL_DATA,MELISSA,2025-10-25 12:00:00,24,P90 envelope,0,2,2,,,,,0,0,0,0,
REAL_HUMANITARIAN_GEOSPATIAL_DATA,MELISSA,2025-10-25 12:00:00,24,Ensemble probability-weighted,0,2,2,,,,,0,0,0,0,
REAL_HUMANITARIAN_GEOSPATIAL_DATA,MELISSA,2025-10-25 18:00:00,24,Deterministic mean-track,0,0,0,,,,,0,0,0,0,
REAL_HUMANITARIAN_GEOSPATIAL_DATA,MELISSA,2025-10-25 18:00:00,24,P90 envelope,0,3,3,,,,,0,0,0,0,
REAL_HUMANITARIAN_GEOSPATIAL_DATA,MELISSA,2025-10-25 18:00:00,24,Ensemble probability-weighted,0,2,2,,,,,0,0,0,0,
REAL_HUMANITARIAN_GEOSPATIAL_DATA,MELISSA,2025-10-26 00:00:00,24,Deterministic mean-track,0,0,0,,,,,0,0,0,0,
REAL_HUMANITARIAN_GEOSPATIAL_DATA,MELISSA,2025-10-26 00:00:00,24,P90 envelope,0,3,3,,,,,0,0,0,0,
REAL_HUMANITARIAN_GEOSPATIAL_DATA,MELISSA,2025-10-26 00:00:00,24,Ensemble probability-weighted,0,2,2,,,,,0,0,0,0,
REAL_HUMANITARIAN_GEOSPATIAL_DATA,MELISSA,2025-10-26 06:00:00,24,Deterministic mean-track,0,0,0,,,,,0,0,0,0,
REAL_HUMANITARIAN_GEOSPATIAL_DATA,MELISSA,2025-10-26 06:00:00,24,P90 envelope,0,3,3,,,,,0,0,0,0,
REAL_HUMANITARIAN_GEOSPATIAL_DATA,MELISSA,2025-10-26 06:00:00,24,Ensemble probability-weighted,0,1,1,,,,,0,0,0,0,
REAL_HUMANITARIAN_GEOSPATIAL_DATA,MELISSA,2025-10-26 12:00:00,24,Deterministic mean-track,0,0,0,,,,,0,0,0,0,
REAL_HUMANITARIAN_GEOSPATIAL_DATA,MELISSA,2025-10-26 12:00:00,24,P90 envelope,0,3,3,,,,,0,0,0,0,
REAL_HUMANITARIAN_GEOSPATIAL_DATA,MELISSA,2025-10-26 12:00:00,24,Ensemble probability-weighted,0,2,2,,,,,0,0,0,0,
REAL_HUMANITARIAN_GEOSPATIAL_DATA,MELISSA,2025-10-26 18:00:00,24,Deterministic mean-track,0,0,0,,,,,0,0,0,0,
REAL_HUMANITARIAN_GEOSPATIAL_DATA,MELISSA,2025-10-26 18:00:00,24,P90 envelope,0,3,3,,,,,0,0,0,0,
REAL_HUMANITARIAN_GEOSPATIAL_DATA,MELISSA,2025-10-26 18:00:00,24,Ensemble probability-weighted,0,3,3,,,,,0,0,0,0,
REAL_HUMANITARIAN_GEOSPATIAL_DATA,MELISSA,2025-10-27 00:00:00,24,Deterministic mean-track,0,0,0,,,,,0,0,0,0,
REAL_HUMANITARIAN_GEOSPATIAL_DATA,MELISSA,2025-10-27 00:00:00,24,P90 envelope,0,3,3,,,,,0,0,0,0,
REAL_HUMANITARIAN_GEOSPATIAL_DATA,MELISSA,2025-10-27 00:00:00,24,Ensemble probability-weighted,0,2,2,,,,,0,0,0,0,
REAL_HUMANITARIAN_GEOSPATIAL_DATA,MELISSA,2025-10-27 06:00:00,24,Deterministic mean-track,0,0,0,,,,,0,0,0,0,
REAL_HUMANITARIAN_GEOSPATIAL_DATA,MELISSA,2025-10-27 06:00:00,24,P90 envelope,0,3,3,,,,,0,0,0,0,
REAL_HUMANITARIAN_GEOSPATIAL_DATA,MELISSA,2025-10-27 06:00:00,24,Ensemble probability-weighted,0,2,2,,,,,0,0,0,0,
REAL_HUMANITARIAN_GEOSPATIAL_DATA,MELISSA,2025-10-27 12:00:00,24,Deterministic mean-track,0,0,0,,,,,0,0,0,0,
REAL_HUMANITARIAN_GEOSPATIAL_DATA,MELISSA,2025-10-27 12:00:00,24,P90 envelope,0,2,2,,,,,0,0,0,0,
REAL_HUMANITARIAN_GEOSPATIAL_DATA,MELISSA,2025-10-27 12:00:00,24,Ensemble probability-weighted,0,2,2,,,,,0,0,0,0,
REAL_HUMANITARIAN_GEOSPATIAL_DATA,MELISSA,2025-10-27 18:00:00,24,Deterministic mean-track,1,0,1,0.0,0.0,0.0,0.0,0,1,0,1,
REAL_HUMANITARIAN_GEOSPATIAL_DATA,MELISSA,2025-10-27 18:00:00,24,P90 envelope,1,3,3,1.0,1.0,1.0,1.0,1,1,1,1,0.8660254037844387
REAL_HUMANITARIAN_GEOSPATIAL_DATA,MELISSA,2025-10-27 18:00:00,24,Ensemble probability-weighted,1,1,1,1.0,1.0,1.0,1.0,1,1,1,1,
REAL_HUMANITARIAN_GEOSPATIAL_DATA,MELISSA,2025-10-28 00:00:00,24,Deterministic mean-track,1,1,1,1.0,1.0,1.0,1.0,1,1,1,1,
REAL_HUMANITARIAN_GEOSPATIAL_DATA,MELISSA,2025-10-28 00:00:00,24,P90 envelope,1,2,2,1.0,1.0,1.0,1.0,1,1,1,1,
REAL_HUMANITARIAN_GEOSPATIAL_DATA,MELISSA,2025-10-28 00:00:00,24,Ensemble probability-weighted,1,1,1,1.0,1.0,1.0,1.0,1,1,1,1,
REAL_HUMANITARIAN_GEOSPATIAL_DATA,MELISSA,2025-10-28 06:00:00,24,Deterministic mean-track,0,0,0,,,,,0,0,0,0,
REAL_HUMANITARIAN_GEOSPATIAL_DATA,MELISSA,2025-10-28 06:00:00,24,P90 envelope,0,2,2,,,,,0,0,0,0,
REAL_HUMANITARIAN_GEOSPATIAL_DATA,MELISSA,2025-10-28 06:00:00,24,Ensemble probability-weighted,0,1,1,,,,,0,0,0,0,
REAL_HUMANITARIAN_GEOSPATIAL_DATA,MELISSA,2025-10-28 12:00:00,24,Deterministic mean-track,1,0,1,0.0,0.0,0.0,0.0,0,1,0,1,
REAL_HUMANITARIAN_GEOSPATIAL_DATA,MELISSA,2025-10-28 12:00:00,24,P90 envelope,1,3,3,1.0,1.0,1.0,1.0,1,1,1,1,0.8660254037844387
REAL_HUMANITARIAN_GEOSPATIAL_DATA,MELISSA,2025-10-28 12:00:00,24,Ensemble probability-weighted,1,2,2,1.0,1.0,1.0,1.0,1,1,1,1,
REAL_HUMANITARIAN_GEOSPATIAL_DATA,MELISSA,2025-10-28 18:00:00,24,Deterministic mean-track,0,0,0,,,,,0,0,0,0,
REAL_HUMANITARIAN_GEOSPATIAL_DATA,MELISSA,2025-10-28 18:00:00,24,P90 envelope,0,3,3,,,,,0,0,0,0,
REAL_HUMANITARIAN_GEOSPATIAL_DATA,MELISSA,2025-10-28 18:00:00,24,Ensemble probability-weighted,0,3,3,,,,,0,0,0,0,
REAL_HUMANITARIAN_GEOSPATIAL_DATA,MELISSA,2025-10-29 00:00:00,24,Deterministic mean-track,0,1,1,,,,,0,0,0,0,
REAL_HUMANITARIAN_GEOSPATIAL_DATA,MELISSA,2025-10-29 00:00:00,24,P90 envelope,0,2,2,,,,,0,0,0,0,
REAL_HUMANITARIAN_GEOSPATIAL_DATA,MELISSA,2025-10-29 00:00:00,24,Ensemble probability-weighted,0,2,2,,,,,0,0,0,0,
REAL_HUMANITARIAN_GEOSPATIAL_DATA,MELISSA,2025-10-29 06:00:00,24,Deterministic mean-track,0,0,0,,,,,0,0,0,0,
REAL_HUMANITARIAN_GEOSPATIAL_DATA,MELISSA,2025-10-29 06:00:00,24,P90 envelope,0,2,2,,,,,0,0,0,0,
REAL_HUMANITARIAN_GEOSPATIAL_DATA,MELISSA,2025-10-29 06:00:00,24,Ensemble probability-weighted,0,1,1,,,,,0,0,0,0,
REAL_HUMANITARIAN_GEOSPATIAL_DATA,MELISSA,2025-10-29 12:00:00,24,Deterministic mean-track,0,0,0,,,,,0,0,0,0,
REAL_HUMANITARIAN_GEOSPATIAL_DATA,MELISSA,2025-10-29 12:00:00,24,P90 envelope,0,0,0,,,,,0,0,0,0,
REAL_HUMANITARIAN_GEOSPATIAL_DATA,MELISSA,2025-10-29 12:00:00,24,Ensemble probability-weighted,0,0,0,,,,,0,0,0,0,
REAL_HUMANITARIAN_GEOSPATIAL_DATA,MELISSA,2025-10-29 18:00:00,24,Deterministic mean-track,0,0,0,,,,,0,0,0,0,
REAL_HUMANITARIAN_GEOSPATIAL_DATA,MELISSA,2025-10-29 18:00:00,24,P90 envelope,0,0,0,,,,,0,0,0,0,
REAL_HUMANITARIAN_GEOSPATIAL_DATA,MELISSA,2025-10-29 18:00:00,24,Ensemble probability-weighted,0,0,0,,,,,0,0,0,0,
REAL_HUMANITARIAN_GEOSPATIAL_DATA,MELISSA,2025-10-30 00:00:00,24,Deterministic mean-track,0,0,0,,,,,0,0,0,0,
REAL_HUMANITARIAN_GEOSPATIAL_DATA,MELISSA,2025-10-30 00:00:00,24,P90 envelope,0,0,0,,,,,0,0,0,0,
REAL_HUMANITARIAN_GEOSPATIAL_DATA,MELISSA,2025-10-30 00:00:00,24,Ensemble probability-weighted,0,0,0,,,,,0,0,0,0,
REAL_HUMANITARIAN_GEOSPATIAL_DATA,MELISSA,2025-10-30 06:00:00,24,Deterministic mean-track,0,0,0,,,,,0,0,0,0,
REAL_HUMANITARIAN_GEOSPATIAL_DATA,MELISSA,2025-10-30 06:00:00,24,P90 envelope,0,0,0,,,,,0,0,0,0,
REAL_HUMANITARIAN_GEOSPATIAL_DATA,MELISSA,2025-10-30 06:00:00,24,Ensemble probability-weighted,0,0,0,,,,,0,0,0,0,
REAL_HUMANITARIAN_GEOSPATIAL_DATA,MELISSA,2025-10-30 12:00:00,24,Deterministic mean-track,0,0,0,,,,,0,0,0,0,
REAL_HUMANITARIAN_GEOSPATIAL_DATA,MELISSA,2025-10-30 12:00:00,24,P90 envelope,0,0,0,,,,,0,0,0,0,
REAL_HUMANITARIAN_GEOSPATIAL_DATA,MELISSA,2025-10-30 12:00:00,24,Ensemble probability-weighted,0,0,0,,,,,0,0,0,0,
REAL_HUMANITARIAN_GEOSPATIAL_DATA,MELISSA,2025-10-30 18:00:00,24,Deterministic mean-track,0,0,0,,,,,0,0,0,0,
REAL_HUMANITARIAN_GEOSPATIAL_DATA,MELISSA,2025-10-30 18:00:00,24,P90 envelope,0,0,0,,,,,0,0,0,0,
REAL_HUMANITARIAN_GEOSPATIAL_DATA,MELISSA,2025-10-30 18:00:00,24,Ensemble probability-weighted,0,0,0,,,,,0,0,0,0,
REAL_HUMANITARIAN_GEOSPATIAL_DATA,MELISSA,2025-10-31 00:00:00,24,Deterministic mean-track,0,0,0,,,,,0,0,0,0,
REAL_HUMANITARIAN_GEOSPATIAL_DATA,MELISSA,2025-10-31 00:00:00,24,P90 envelope,0,0,0,,,,,0,0,0,0,
REAL_HUMANITARIAN_GEOSPATIAL_DATA,MELISSA,2025-10-31 00:00:00,24,Ensemble probability-weighted,0,0,0,,,,,0,0,0,0,
REAL_HUMANITARIAN_GEOSPATIAL_DATA,MONTHA,2025-10-27 00:00:00,24,Deterministic mean-track,0,0,0,,,,,0,0,0,0,
REAL_HUMANITARIAN_GEOSPATIAL_DATA,MONTHA,2025-10-27 00:00:00,24,P90 envelope,0,0,0,,,,,0,0,0,0,
REAL_HUMANITARIAN_GEOSPATIAL_DATA,MONTHA,2025-10-27 00:00:00,24,Ensemble probability-weighted,0,0,0,,,,,0,0,0,0,
REAL_HUMANITARIAN_GEOSPATIAL_DATA,MONTHA,2025-10-27 06:00:00,24,Deterministic mean-track,0,0,0,,,,,0,0,0,0,
REAL_HUMANITARIAN_GEOSPATIAL_DATA,MONTHA,2025-10-27 06:00:00,24,P90 envelope,0,0,0,,,,,0,0,0,0,
REAL_HUMANITARIAN_GEOSPATIAL_DATA,MONTHA,2025-10-27 06:00:00,24,Ensemble probability-weighted,0,0,0,,,,,0,0,0,0,
REAL_HUMANITARIAN_GEOSPATIAL_DATA,MONTHA,2025-10-27 12:00:00,24,Deterministic mean-track,0,0,0,,,,,0,0,0,0,
REAL_HUMANITARIAN_GEOSPATIAL_DATA,MONTHA,2025-10-27 12:00:00,24,P90 envelope,0,1,1,,,,,0,0,0,0,
REAL_HUMANITARIAN_GEOSPATIAL_DATA,MONTHA,2025-10-27 12:00:00,24,Ensemble probability-weighted,0,1,1,,,,,0,0,0,0,
REAL_HUMANITARIAN_GEOSPATIAL_DATA,MONTHA,2025-10-27 18:00:00,24,Deterministic mean-track,0,1,1,,,,,0,0,0,0,
REAL_HUMANITARIAN_GEOSPATIAL_DATA,MONTHA,2025-10-27 18:00:00,24,P90 envelope,0,1,1,,,,,0,0,0,0,
REAL_HUMANITARIAN_GEOSPATIAL_DATA,MONTHA,2025-10-27 18:00:00,24,Ensemble probability-weighted,0,1,1,,,,,0,0,0,0,
REAL_HUMANITARIAN_GEOSPATIAL_DATA,MONTHA,2025-10-28 00:00:00,24,Deterministic mean-track,0,0,0,,,,,0,0,0,0,
REAL_HUMANITARIAN_GEOSPATIAL_DATA,MONTHA,2025-10-28 00:00:00,24,P90 envelope,0,1,1,,,,,0,0,0,0,
REAL_HUMANITARIAN_GEOSPATIAL_DATA,MONTHA,2025-10-28 00:00:00,24,Ensemble probability-weighted,0,1,1,,,,,0,0,0,0,
REAL_HUMANITARIAN_GEOSPATIAL_DATA,MONTHA,2025-10-28 06:00:00,24,Deterministic mean-track,0,0,0,,,,,0,0,0,0,
REAL_HUMANITARIAN_GEOSPATIAL_DATA,MONTHA,2025-10-28 06:00:00,24,P90 envelope,0,1,1,,,,,0,0,0,0,
REAL_HUMANITARIAN_GEOSPATIAL_DATA,MONTHA,2025-10-28 06:00:00,24,Ensemble probability-weighted,0,1,1,,,,,0,0,0,0,
REAL_HUMANITARIAN_GEOSPATIAL_DATA,MONTHA,2025-10-28 12:00:00,24,Deterministic mean-track,1,0,1,0.0,0.0,0.0,0.0,0,1,0,1,
REAL_HUMANITARIAN_GEOSPATIAL_DATA,MONTHA,2025-10-28 12:00:00,24,P90 envelope,1,1,1,1.0,1.0,1.0,1.0,1,1,1,1,
REAL_HUMANITARIAN_GEOSPATIAL_DATA,MONTHA,2025-10-28 12:00:00,24,Ensemble probability-weighted,1,1,1,1.0,1.0,1.0,1.0,1,1,1,1,
REAL_HUMANITARIAN_GEOSPATIAL_DATA,MONTHA,2025-10-28 18:00:00,24,Deterministic mean-track,0,0,0,,,,,0,0,0,0,
REAL_HUMANITARIAN_GEOSPATIAL_DATA,MONTHA,2025-10-28 18:00:00,24,P90 envelope,0,1,1,,,,,0,0,0,0,
REAL_HUMANITARIAN_GEOSPATIAL_DATA,MONTHA,2025-10-28 18:00:00,24,Ensemble probability-weighted,0,1,1,,,,,0,0,0,0,
REAL_HUMANITARIAN_GEOSPATIAL_DATA,NOKAEN,2026-01-15 06:00:00,24,Deterministic mean-track,0,0,0,,,,,0,0,0,0,
REAL_HUMANITARIAN_GEOSPATIAL_DATA,NOKAEN,2026-01-15 06:00:00,24,P90 envelope,0,1,1,,,,,0,0,0,0,
REAL_HUMANITARIAN_GEOSPATIAL_DATA,NOKAEN,2026-01-15 06:00:00,24,Ensemble probability-weighted,0,1,1,,,,,0,0,0,0,
REAL_HUMANITARIAN_GEOSPATIAL_DATA,PENHA,2026-02-05 00:00:00,24,Deterministic mean-track,0,1,1,,,,,0,0,0,0,
REAL_HUMANITARIAN_GEOSPATIAL_DATA,PENHA,2026-02-05 00:00:00,24,P90 envelope,0,1,1,,,,,0,0,0,0,
REAL_HUMANITARIAN_GEOSPATIAL_DATA,PENHA,2026-02-05 00:00:00,24,Ensemble probability-weighted,0,1,1,,,,,0,0,0,0,
REAL_HUMANITARIAN_GEOSPATIAL_DATA,PENHA,2026-02-05 06:00:00,24,Deterministic mean-track,1,0,1,0.0,0.0,0.0,0.0,0,1,0,1,
REAL_HUMANITARIAN_GEOSPATIAL_DATA,PENHA,2026-02-05 06:00:00,24,P90 envelope,1,2,2,1.0,1.0,1.0,1.0,1,1,1,1,
REAL_HUMANITARIAN_GEOSPATIAL_DATA,PENHA,2026-02-05 06:00:00,24,Ensemble probability-weighted,1,1,1,1.0,1.0,1.0,1.0,1,1,1,1,
REAL_HUMANITARIAN_GEOSPATIAL_DATA,PENHA,2026-02-05 12:00:00,24,Deterministic mean-track,0,0,0,,,,,0,0,0,0,
REAL_HUMANITARIAN_GEOSPATIAL_DATA,PENHA,2026-02-05 12:00:00,24,P90 envelope,0,2,2,,,,,0,0,0,0,
REAL_HUMANITARIAN_GEOSPATIAL_DATA,PENHA,2026-02-05 12:00:00,24,Ensemble probability-weighted,0,2,2,,,,,0,0,0,0,
REAL_HUMANITARIAN_GEOSPATIAL_DATA,SENYAR,2025-11-26 06:00:00,24,Deterministic mean-track,0,1,1,,,,,0,0,0,0,
REAL_HUMANITARIAN_GEOSPATIAL_DATA,SENYAR,2025-11-26 06:00:00,24,P90 envelope,0,2,2,,,,,0,0,0,0,
REAL_HUMANITARIAN_GEOSPATIAL_DATA,SENYAR,2025-11-26 06:00:00,24,Ensemble probability-weighted,0,1,1,,,,,0,0,0,0,
REAL_HUMANITARIAN_GEOSPATIAL_DATA,SENYAR,2025-11-26 12:00:00,24,Deterministic mean-track,0,1,1,,,,,0,0,0,0,
REAL_HUMANITARIAN_GEOSPATIAL_DATA,SENYAR,2025-11-26 12:00:00,24,P90 envelope,0,4,4,,,,,0,0,0,0,
REAL_HUMANITARIAN_GEOSPATIAL_DATA,SENYAR,2025-11-26 12:00:00,24,Ensemble probability-weighted,0,2,2,,,,,0,0,0,0,
REAL_HUMANITARIAN_GEOSPATIAL_DATA,SENYAR,2025-11-26 18:00:00,24,Deterministic mean-track,1,0,1,0.0,0.0,0.0,0.0,0,1,0,1,
REAL_HUMANITARIAN_GEOSPATIAL_DATA,SENYAR,2025-11-26 18:00:00,24,P90 envelope,1,2,2,1.0,1.0,1.0,1.0,1,1,1,1,
REAL_HUMANITARIAN_GEOSPATIAL_DATA,SENYAR,2025-11-26 18:00:00,24,Ensemble probability-weighted,1,2,2,1.0,1.0,1.0,1.0,1,1,1,1,
REAL_HUMANITARIAN_GEOSPATIAL_DATA,SENYAR,2025-11-27 00:00:00,24,Deterministic mean-track,1,0,1,0.0,0.0,0.0,0.0,0,1,0,1,
REAL_HUMANITARIAN_GEOSPATIAL_DATA,SENYAR,2025-11-27 00:00:00,24,P90 envelope,1,1,1,1.0,1.0,1.0,1.0,1,1,1,1,
REAL_HUMANITARIAN_GEOSPATIAL_DATA,SENYAR,2025-11-27 00:00:00,24,Ensemble probability-weighted,1,1,1,1.0,1.0,1.0,1.0,1,1,1,1,
REAL_HUMANITARIAN_GEOSPATIAL_DATA,SENYAR,2025-11-27 06:00:00,24,Deterministic mean-track,1,0,1,0.0,0.0,0.0,0.0,0,1,0,1,
REAL_HUMANITARIAN_GEOSPATIAL_DATA,SENYAR,2025-11-27 06:00:00,24,P90 envelope,1,3,3,1.0,1.0,1.0,1.0,1,1,1,1,0.8660254037844387
REAL_HUMANITARIAN_GEOSPATIAL_DATA,SENYAR,2025-11-27 06:00:00,24,Ensemble probability-weighted,1,0,1,0.0,0.0,0.0,0.0,0,1,0,1,
REAL_HUMANITARIAN_GEOSPATIAL_DATA,SENYAR,2025-11-27 12:00:00,24,Deterministic mean-track,0,0,0,,,,,0,0,0,0,
REAL_HUMANITARIAN_GEOSPATIAL_DATA,SENYAR,2025-11-27 12:00:00,24,P90 envelope,0,1,1,,,,,0,0,0,0,
REAL_HUMANITARIAN_GEOSPATIAL_DATA,SENYAR,2025-11-27 12:00:00,24,Ensemble probability-weighted,0,1,1,,,,,0,0,0,0,
REAL_HUMANITARIAN_GEOSPATIAL_DATA,SENYAR,2025-11-27 18:00:00,24,Deterministic mean-track,0,0,0,,,,,0,0,0,0,
REAL_HUMANITARIAN_GEOSPATIAL_DATA,SENYAR,2025-11-27 18:00:00,24,P90 envelope,0,0,0,,,,,0,0,0,0,
REAL_HUMANITARIAN_GEOSPATIAL_DATA,SENYAR,2025-11-27 18:00:00,24,Ensemble probability-weighted,0,0,0,,,,,0,0,0,0,
REAL_HUMANITARIAN_GEOSPATIAL_DATA,SONIA,2025-10-25 12:00:00,24,Deterministic mean-track,0,0,0,,,,,0,0,0,0,
REAL_HUMANITARIAN_GEOSPATIAL_DATA,SONIA,2025-10-25 12:00:00,24,P90 envelope,0,0,0,,,,,0,0,0,0,
REAL_HUMANITARIAN_GEOSPATIAL_DATA,SONIA,2025-10-25 12:00:00,24,Ensemble probability-weighted,0,0,0,,,,,0,0,0,0,
REAL_HUMANITARIAN_GEOSPATIAL_DATA,SONIA,2025-10-25 18:00:00,24,Deterministic mean-track,0,0,0,,,,,0,0,0,0,
REAL_HUMANITARIAN_GEOSPATIAL_DATA,SONIA,2025-10-25 18:00:00,24,P90 envelope,0,0,0,,,,,0,0,0,0,
REAL_HUMANITARIAN_GEOSPATIAL_DATA,SONIA,2025-10-25 18:00:00,24,Ensemble probability-weighted,0,0,0,,,,,0,0,0,0,
REAL_HUMANITARIAN_GEOSPATIAL_DATA,SONIA,2025-10-26 00:00:00,24,Deterministic mean-track,0,0,0,,,,,0,0,0,0,
REAL_HUMANITARIAN_GEOSPATIAL_DATA,SONIA,2025-10-26 00:00:00,24,P90 envelope,0,0,0,,,,,0,0,0,0,
REAL_HUMANITARIAN_GEOSPATIAL_DATA,SONIA,2025-10-26 00:00:00,24,Ensemble probability-weighted,0,0,0,,,,,0,0,0,0,
REAL_HUMANITARIAN_GEOSPATIAL_DATA,SONIA,2025-10-26 06:00:00,24,Deterministic mean-track,0,0,0,,,,,0,0,0,0,
REAL_HUMANITARIAN_GEOSPATIAL_DATA,SONIA,2025-10-26 06:00:00,24,P90 envelope,0,0,0,,,,,0,0,0,0,
REAL_HUMANITARIAN_GEOSPATIAL_DATA,SONIA,2025-10-26 06:00:00,24,Ensemble probability-weighted,0,0,0,,,,,0,0,0,0,
REAL_HUMANITARIAN_GEOSPATIAL_DATA,SONIA,2025-10-26 12:00:00,24,Deterministic mean-track,0,0,0,,,,,0,0,0,0,
REAL_HUMANITARIAN_GEOSPATIAL_DATA,SONIA,2025-10-26 12:00:00,24,P90 envelope,0,0,0,,,,,0,0,0,0,
REAL_HUMANITARIAN_GEOSPATIAL_DATA,SONIA,2025-10-26 12:00:00,24,Ensemble probability-weighted,0,0,0,,,,,0,0,0,0,
REAL_HUMANITARIAN_GEOSPATIAL_DATA,SONIA,2025-10-26 18:00:00,24,Deterministic mean-track,0,0,0,,,,,0,0,0,0,
REAL_HUMANITARIAN_GEOSPATIAL_DATA,SONIA,2025-10-26 18:00:00,24,P90 envelope,0,0,0,,,,,0,0,0,0,
REAL_HUMANITARIAN_GEOSPATIAL_DATA,SONIA,2025-10-26 18:00:00,24,Ensemble probability-weighted,0,0,0,,,,,0,0,0,0,
REAL_HUMANITARIAN_GEOSPATIAL_DATA,SONIA,2025-10-27 00:00:00,24,Deterministic mean-track,0,0,0,,,,,0,0,0,0,
REAL_HUMANITARIAN_GEOSPATIAL_DATA,SONIA,2025-10-27 00:00:00,24,P90 envelope,0,0,0,,,,,0,0,0,0,
REAL_HUMANITARIAN_GEOSPATIAL_DATA,SONIA,2025-10-27 00:00:00,24,Ensemble probability-weighted,0,0,0,,,,,0,0,0,0,
REAL_HUMANITARIAN_GEOSPATIAL_DATA,SONIA,2025-10-27 06:00:00,24,Deterministic mean-track,0,0,0,,,,,0,0,0,0,
REAL_HUMANITARIAN_GEOSPATIAL_DATA,SONIA,2025-10-27 06:00:00,24,P90 envelope,0,0,0,,,,,0,0,0,0,
REAL_HUMANITARIAN_GEOSPATIAL_DATA,SONIA,2025-10-27 06:00:00,24,Ensemble probability-weighted,0,0,0,,,,,0,0,0,0,
REAL_HUMANITARIAN_GEOSPATIAL_DATA,SONIA,2025-10-27 12:00:00,24,Deterministic mean-track,0,0,0,,,,,0,0,0,0,
REAL_HUMANITARIAN_GEOSPATIAL_DATA,SONIA,2025-10-27 12:00:00,24,P90 envelope,0,0,0,,,,,0,0,0,0,
REAL_HUMANITARIAN_GEOSPATIAL_DATA,SONIA,2025-10-27 12:00:00,24,Ensemble probability-weighted,0,0,0,,,,,0,0,0,0,
REAL_HUMANITARIAN_GEOSPATIAL_DATA,SONIA,2025-10-27 18:00:00,24,Deterministic mean-track,0,0,0,,,,,0,0,0,0,
REAL_HUMANITARIAN_GEOSPATIAL_DATA,SONIA,2025-10-27 18:00:00,24,P90 envelope,0,0,0,,,,,0,0,0,0,
REAL_HUMANITARIAN_GEOSPATIAL_DATA,SONIA,2025-10-27 18:00:00,24,Ensemble probability-weighted,0,0,0,,,,,0,0,0,0,
REAL_HUMANITARIAN_GEOSPATIAL_DATA,SONIA,2025-10-28 00:00:00,24,Deterministic mean-track,0,0,0,,,,,0,0,0,0,
REAL_HUMANITARIAN_GEOSPATIAL_DATA,SONIA,2025-10-28 00:00:00,24,P90 envelope,0,0,0,,,,,0,0,0,0,
REAL_HUMANITARIAN_GEOSPATIAL_DATA,SONIA,2025-10-28 00:00:00,24,Ensemble probability-weighted,0,0,0,,,,,0,0,0,0,
REAL_HUMANITARIAN_GEOSPATIAL_DATA,SONIA,2025-10-28 06:00:00,24,Deterministic mean-track,0,0,0,,,,,0,0,0,0,
REAL_HUMANITARIAN_GEOSPATIAL_DATA,SONIA,2025-10-28 06:00:00,24,P90 envelope,0,0,0,,,,,0,0,0,0,
REAL_HUMANITARIAN_GEOSPATIAL_DATA,SONIA,2025-10-28 06:00:00,24,Ensemble probability-weighted,0,0,0,,,,,0,0,0,0,
REAL_HUMANITARIAN_GEOSPATIAL_DATA,SONIA,2025-10-28 12:00:00,24,Deterministic mean-track,0,0,0,,,,,0,0,0,0,
REAL_HUMANITARIAN_GEOSPATIAL_DATA,SONIA,2025-10-28 12:00:00,24,P90 envelope,0,0,0,,,,,0,0,0,0,
REAL_HUMANITARIAN_GEOSPATIAL_DATA,SONIA,2025-10-28 12:00:00,24,Ensemble probability-weighted,0,0,0,,,,,0,0,0,0,
REAL_HUMANITARIAN_GEOSPATIAL_DATA,SONIA,2025-10-28 18:00:00,24,Deterministic mean-track,0,0,0,,,,,0,0,0,0,
REAL_HUMANITARIAN_GEOSPATIAL_DATA,SONIA,2025-10-28 18:00:00,24,P90 envelope,0,0,0,,,,,0,0,0,0,
REAL_HUMANITARIAN_GEOSPATIAL_DATA,SONIA,2025-10-28 18:00:00,24,Ensemble probability-weighted,0,0,0,,,,,0,0,0,0,
REAL_HUMANITARIAN_GEOSPATIAL_DATA,DITWAH,2025-11-27 12:00:00,48,Deterministic mean-track,0,1,1,,,,,0,0,0,0,
REAL_HUMANITARIAN_GEOSPATIAL_DATA,DITWAH,2025-11-27 12:00:00,48,P90 envelope,0,3,3,,,,,0,0,0,0,
REAL_HUMANITARIAN_GEOSPATIAL_DATA,DITWAH,2025-11-27 12:00:00,48,Ensemble probability-weighted,0,1,1,,,,,0,0,0,0,
REAL_HUMANITARIAN_GEOSPATIAL_DATA,DITWAH,2025-11-27 18:00:00,48,Deterministic mean-track,0,1,1,,,,,0,0,0,0,
REAL_HUMANITARIAN_GEOSPATIAL_DATA,DITWAH,2025-11-27 18:00:00,48,P90 envelope,0,3,3,,,,,0,0,0,0,
REAL_HUMANITARIAN_GEOSPATIAL_DATA,DITWAH,2025-11-27 18:00:00,48,Ensemble probability-weighted,0,1,1,,,,,0,0,0,0,
REAL_HUMANITARIAN_GEOSPATIAL_DATA,DITWAH,2025-11-28 00:00:00,48,Deterministic mean-track,0,0,0,,,,,0,0,0,0,
REAL_HUMANITARIAN_GEOSPATIAL_DATA,DITWAH,2025-11-28 00:00:00,48,P90 envelope,0,3,3,,,,,0,0,0,0,
REAL_HUMANITARIAN_GEOSPATIAL_DATA,DITWAH,2025-11-28 00:00:00,48,Ensemble probability-weighted,0,2,2,,,,,0,0,0,0,
REAL_HUMANITARIAN_GEOSPATIAL_DATA,DITWAH,2025-11-28 06:00:00,48,Deterministic mean-track,0,0,0,,,,,0,0,0,0,
REAL_HUMANITARIAN_GEOSPATIAL_DATA,DITWAH,2025-11-28 06:00:00,48,P90 envelope,0,3,3,,,,,0,0,0,0,
REAL_HUMANITARIAN_GEOSPATIAL_DATA,DITWAH,2025-11-28 06:00:00,48,Ensemble probability-weighted,0,1,1,,,,,0,0,0,0,
REAL_HUMANITARIAN_GEOSPATIAL_DATA,DITWAH,2025-11-28 12:00:00,48,Deterministic mean-track,0,0,0,,,,,0,0,0,0,
REAL_HUMANITARIAN_GEOSPATIAL_DATA,DITWAH,2025-11-28 12:00:00,48,P90 envelope,0,2,2,,,,,0,0,0,0,
REAL_HUMANITARIAN_GEOSPATIAL_DATA,DITWAH,2025-11-28 12:00:00,48,Ensemble probability-weighted,0,1,1,,,,,0,0,0,0,
REAL_HUMANITARIAN_GEOSPATIAL_DATA,DITWAH,2025-11-28 18:00:00,48,Deterministic mean-track,0,0,0,,,,,0,0,0,0,
REAL_HUMANITARIAN_GEOSPATIAL_DATA,DITWAH,2025-11-28 18:00:00,48,P90 envelope,0,2,2,,,,,0,0,0,0,
REAL_HUMANITARIAN_GEOSPATIAL_DATA,DITWAH,2025-11-28 18:00:00,48,Ensemble probability-weighted,0,1,1,,,,,0,0,0,0,
REAL_HUMANITARIAN_GEOSPATIAL_DATA,DITWAH,2025-11-29 00:00:00,48,Deterministic mean-track,0,1,1,,,,,0,0,0,0,
REAL_HUMANITARIAN_GEOSPATIAL_DATA,DITWAH,2025-11-29 00:00:00,48,P90 envelope,0,1,1,,,,,0,0,0,0,
REAL_HUMANITARIAN_GEOSPATIAL_DATA,DITWAH,2025-11-29 00:00:00,48,Ensemble probability-weighted,0,1,1,,,,,0,0,0,0,
REAL_HUMANITARIAN_GEOSPATIAL_DATA,DITWAH,2025-11-29 06:00:00,48,Deterministic mean-track,0,0,0,,,,,0,0,0,0,
REAL_HUMANITARIAN_GEOSPATIAL_DATA,DITWAH,2025-11-29 06:00:00,48,P90 envelope,0,1,1,,,,,0,0,0,0,
REAL_HUMANITARIAN_GEOSPATIAL_DATA,DITWAH,2025-11-29 06:00:00,48,Ensemble probability-weighted,0,1,1,,,,,0,0,0,0,
REAL_HUMANITARIAN_GEOSPATIAL_DATA,DITWAH,2025-11-29 12:00:00,48,Deterministic mean-track,0,0,0,,,,,0,0,0,0,
REAL_HUMANITARIAN_GEOSPATIAL_DATA,DITWAH,2025-11-29 12:00:00,48,P90 envelope,0,1,1,,,,,0,0,0,0,
REAL_HUMANITARIAN_GEOSPATIAL_DATA,DITWAH,2025-11-29 12:00:00,48,Ensemble probability-weighted,0,1,1,,,,,0,0,0,0,
REAL_HUMANITARIAN_GEOSPATIAL_DATA,DITWAH,2025-11-29 18:00:00,48,Deterministic mean-track,0,0,0,,,,,0,0,0,0,
REAL_HUMANITARIAN_GEOSPATIAL_DATA,DITWAH,2025-11-29 18:00:00,48,P90 envelope,0,1,1,,,,,0,0,0,0,
REAL_HUMANITARIAN_GEOSPATIAL_DATA,DITWAH,2025-11-29 18:00:00,48,Ensemble probability-weighted,0,1,1,,,,,0,0,0,0,
REAL_HUMANITARIAN_GEOSPATIAL_DATA,DITWAH,2025-11-30 00:00:00,48,Deterministic mean-track,0,0,0,,,,,0,0,0,0,
REAL_HUMANITARIAN_GEOSPATIAL_DATA,DITWAH,2025-11-30 00:00:00,48,P90 envelope,0,1,1,,,,,0,0,0,0,
REAL_HUMANITARIAN_GEOSPATIAL_DATA,DITWAH,2025-11-30 00:00:00,48,Ensemble probability-weighted,0,1,1,,,,,0,0,0,0,
REAL_HUMANITARIAN_GEOSPATIAL_DATA,DITWAH,2025-11-30 06:00:00,48,Deterministic mean-track,0,0,0,,,,,0,0,0,0,
REAL_HUMANITARIAN_GEOSPATIAL_DATA,DITWAH,2025-11-30 06:00:00,48,P90 envelope,0,1,1,,,,,0,0,0,0,
REAL_HUMANITARIAN_GEOSPATIAL_DATA,DITWAH,2025-11-30 06:00:00,48,Ensemble probability-weighted,0,1,1,,,,,0,0,0,0,
REAL_HUMANITARIAN_GEOSPATIAL_DATA,DITWAH,2025-11-30 12:00:00,48,Deterministic mean-track,0,0,0,,,,,0,0,0,0,
REAL_HUMANITARIAN_GEOSPATIAL_DATA,DITWAH,2025-11-30 12:00:00,48,P90 envelope,0,1,1,,,,,0,0,0,0,
REAL_HUMANITARIAN_GEOSPATIAL_DATA,DITWAH,2025-11-30 12:00:00,48,Ensemble probability-weighted,0,1,1,,,,,0,0,0,0,
REAL_HUMANITARIAN_GEOSPATIAL_DATA,DITWAH,2025-11-30 18:00:00,48,Deterministic mean-track,1,0,1,0.0,0.0,0.0,0.0,0,1,0,1,
REAL_HUMANITARIAN_GEOSPATIAL_DATA,DITWAH,2025-11-30 18:00:00,48,P90 envelope,1,1,1,1.0,1.0,1.0,1.0,1,1,1,1,
REAL_HUMANITARIAN_GEOSPATIAL_DATA,DITWAH,2025-11-30 18:00:00,48,Ensemble probability-weighted,1,1,1,1.0,1.0,1.0,1.0,1,1,1,1,
REAL_HUMANITARIAN_GEOSPATIAL_DATA,DUDZAI,2026-01-15 06:00:00,48,Deterministic mean-track,0,0,0,,,,,0,0,0,0,
REAL_HUMANITARIAN_GEOSPATIAL_DATA,DUDZAI,2026-01-15 06:00:00,48,P90 envelope,0,0,0,,,,,0,0,0,0,
REAL_HUMANITARIAN_GEOSPATIAL_DATA,DUDZAI,2026-01-15 06:00:00,48,Ensemble probability-weighted,0,0,0,,,,,0,0,0,0,
REAL_HUMANITARIAN_GEOSPATIAL_DATA,FINA,2025-11-18 18:00:00,48,Deterministic mean-track,0,0,0,,,,,0,0,0,0,
REAL_HUMANITARIAN_GEOSPATIAL_DATA,FINA,2025-11-18 18:00:00,48,P90 envelope,0,2,2,,,,,0,0,0,0,
REAL_HUMANITARIAN_GEOSPATIAL_DATA,FINA,2025-11-18 18:00:00,48,Ensemble probability-weighted,0,1,1,,,,,0,0,0,0,
REAL_HUMANITARIAN_GEOSPATIAL_DATA,FINA,2025-11-19 00:00:00,48,Deterministic mean-track,0,0,0,,,,,0,0,0,0,
REAL_HUMANITARIAN_GEOSPATIAL_DATA,FINA,2025-11-19 00:00:00,48,P90 envelope,0,1,1,,,,,0,0,0,0,
REAL_HUMANITARIAN_GEOSPATIAL_DATA,FINA,2025-11-19 00:00:00,48,Ensemble probability-weighted,0,0,0,,,,,0,0,0,0,
REAL_HUMANITARIAN_GEOSPATIAL_DATA,FINA,2025-11-19 06:00:00,48,Deterministic mean-track,0,0,0,,,,,0,0,0,0,
REAL_HUMANITARIAN_GEOSPATIAL_DATA,FINA,2025-11-19 06:00:00,48,P90 envelope,0,1,1,,,,,0,0,0,0,
REAL_HUMANITARIAN_GEOSPATIAL_DATA,FINA,2025-11-19 06:00:00,48,Ensemble probability-weighted,0,1,1,,,,,0,0,0,0,
REAL_HUMANITARIAN_GEOSPATIAL_DATA,FINA,2025-11-19 12:00:00,48,Deterministic mean-track,0,0,0,,,,,0,0,0,0,
REAL_HUMANITARIAN_GEOSPATIAL_DATA,FINA,2025-11-19 12:00:00,48,P90 envelope,0,1,1,,,,,0,0,0,0,
REAL_HUMANITARIAN_GEOSPATIAL_DATA,FINA,2025-11-19 12:00:00,48,Ensemble probability-weighted,0,2,2,,,,,0,0,0,0,
REAL_HUMANITARIAN_GEOSPATIAL_DATA,FINA,2025-11-19 18:00:00,48,Deterministic mean-track,0,0,0,,,,,0,0,0,0,
REAL_HUMANITARIAN_GEOSPATIAL_DATA,FINA,2025-11-19 18:00:00,48,P90 envelope,0,1,1,,,,,0,0,0,0,
REAL_HUMANITARIAN_GEOSPATIAL_DATA,FINA,2025-11-19 18:00:00,48,Ensemble probability-weighted,0,1,1,,,,,0,0,0,0,
REAL_HUMANITARIAN_GEOSPATIAL_DATA,FINA,2025-11-20 00:00:00,48,Deterministic mean-track,0,1,1,,,,,0,0,0,0,
REAL_HUMANITARIAN_GEOSPATIAL_DATA,FINA,2025-11-20 00:00:00,48,P90 envelope,0,1,1,,,,,0,0,0,0,
REAL_HUMANITARIAN_GEOSPATIAL_DATA,FINA,2025-11-20 00:00:00,48,Ensemble probability-weighted,0,1,1,,,,,0,0,0,0,
REAL_HUMANITARIAN_GEOSPATIAL_DATA,FINA,2025-11-20 06:00:00,48,Deterministic mean-track,0,0,0,,,,,0,0,0,0,
REAL_HUMANITARIAN_GEOSPATIAL_DATA,FINA,2025-11-20 06:00:00,48,P90 envelope,0,1,1,,,,,0,0,0,0,
REAL_HUMANITARIAN_GEOSPATIAL_DATA,FINA,2025-11-20 06:00:00,48,Ensemble probability-weighted,0,1,1,,,,,0,0,0,0,
REAL_HUMANITARIAN_GEOSPATIAL_DATA,FINA,2025-11-20 12:00:00,48,Deterministic mean-track,1,1,1,1.0,1.0,1.0,1.0,1,1,1,1,
REAL_HUMANITARIAN_GEOSPATIAL_DATA,FINA,2025-11-20 12:00:00,48,P90 envelope,1,1,1,1.0,1.0,1.0,1.0,1,1,1,1,
REAL_HUMANITARIAN_GEOSPATIAL_DATA,FINA,2025-11-20 12:00:00,48,Ensemble probability-weighted,1,1,1,1.0,1.0,1.0,1.0,1,1,1,1,
REAL_HUMANITARIAN_GEOSPATIAL_DATA,FINA,2025-11-20 18:00:00,48,Deterministic mean-track,0,0,0,,,,,0,0,0,0,
REAL_HUMANITARIAN_GEOSPATIAL_DATA,FINA,2025-11-20 18:00:00,48,P90 envelope,0,1,1,,,,,0,0,0,0,
REAL_HUMANITARIAN_GEOSPATIAL_DATA,FINA,2025-11-20 18:00:00,48,Ensemble probability-weighted,0,1,1,,,,,0,0,0,0,
REAL_HUMANITARIAN_GEOSPATIAL_DATA,FINA,2025-11-21 00:00:00,48,Deterministic mean-track,1,0,1,0.0,0.0,0.0,0.0,0,1,0,1,
REAL_HUMANITARIAN_GEOSPATIAL_DATA,FINA,2025-11-21 00:00:00,48,P90 envelope,1,1,1,1.0,1.0,1.0,1.0,1,1,1,1,
REAL_HUMANITARIAN_GEOSPATIAL_DATA,FINA,2025-11-21 00:00:00,48,Ensemble probability-weighted,1,1,1,1.0,1.0,1.0,1.0,1,1,1,1,
REAL_HUMANITARIAN_GEOSPATIAL_DATA,FINA,2025-11-21 06:00:00,48,Deterministic mean-track,0,0,0,,,,,0,0,0,0,
REAL_HUMANITARIAN_GEOSPATIAL_DATA,FINA,2025-11-21 06:00:00,48,P90 envelope,0,1,1,,,,,0,0,0,0,
REAL_HUMANITARIAN_GEOSPATIAL_DATA,FINA,2025-11-21 06:00:00,48,Ensemble probability-weighted,0,1,1,,,,,0,0,0,0,
REAL_HUMANITARIAN_GEOSPATIAL_DATA,FINA,2025-11-21 12:00:00,48,Deterministic mean-track,0,0,0,,,,,0,0,0,0,
REAL_HUMANITARIAN_GEOSPATIAL_DATA,FINA,2025-11-21 12:00:00,48,P90 envelope,0,2,2,,,,,0,0,0,0,
REAL_HUMANITARIAN_GEOSPATIAL_DATA,FINA,2025-11-21 12:00:00,48,Ensemble probability-weighted,0,1,1,,,,,0,0,0,0,
REAL_HUMANITARIAN_GEOSPATIAL_DATA,FINA,2025-11-21 18:00:00,48,Deterministic mean-track,0,0,0,,,,,0,0,0,0,
REAL_HUMANITARIAN_GEOSPATIAL_DATA,FINA,2025-11-21 18:00:00,48,P90 envelope,0,2,2,,,,,0,0,0,0,
REAL_HUMANITARIAN_GEOSPATIAL_DATA,FINA,2025-11-21 18:00:00,48,Ensemble probability-weighted,0,1,1,,,,,0,0,0,0,
REAL_HUMANITARIAN_GEOSPATIAL_DATA,FINA,2025-11-22 00:00:00,48,Deterministic mean-track,1,0,1,0.0,0.0,0.0,0.0,0,1,0,1,
REAL_HUMANITARIAN_GEOSPATIAL_DATA,FINA,2025-11-22 00:00:00,48,P90 envelope,1,2,2,1.0,1.0,1.0,1.0,1,1,1,1,
REAL_HUMANITARIAN_GEOSPATIAL_DATA,FINA,2025-11-22 00:00:00,48,Ensemble probability-weighted,1,2,2,1.0,1.0,1.0,1.0,1,1,1,1,
REAL_HUMANITARIAN_GEOSPATIAL_DATA,FINA,2025-11-22 06:00:00,48,Deterministic mean-track,0,0,0,,,,,0,0,0,0,
REAL_HUMANITARIAN_GEOSPATIAL_DATA,FINA,2025-11-22 06:00:00,48,P90 envelope,0,2,2,,,,,0,0,0,0,
REAL_HUMANITARIAN_GEOSPATIAL_DATA,FINA,2025-11-22 06:00:00,48,Ensemble probability-weighted,0,2,2,,,,,0,0,0,0,
REAL_HUMANITARIAN_GEOSPATIAL_DATA,FINA,2025-11-22 12:00:00,48,Deterministic mean-track,0,1,1,,,,,0,0,0,0,
REAL_HUMANITARIAN_GEOSPATIAL_DATA,FINA,2025-11-22 12:00:00,48,P90 envelope,0,2,2,,,,,0,0,0,0,
REAL_HUMANITARIAN_GEOSPATIAL_DATA,FINA,2025-11-22 12:00:00,48,Ensemble probability-weighted,0,2,2,,,,,0,0,0,0,
REAL_HUMANITARIAN_GEOSPATIAL_DATA,FINA,2025-11-22 18:00:00,48,Deterministic mean-track,0,0,0,,,,,0,0,0,0,
REAL_HUMANITARIAN_GEOSPATIAL_DATA,FINA,2025-11-22 18:00:00,48,P90 envelope,0,2,2,,,,,0,0,0,0,
REAL_HUMANITARIAN_GEOSPATIAL_DATA,FINA,2025-11-22 18:00:00,48,Ensemble probability-weighted,0,2,2,,,,,0,0,0,0,
REAL_HUMANITARIAN_GEOSPATIAL_DATA,FINA,2025-11-23 00:00:00,48,Deterministic mean-track,1,0,1,0.0,0.0,0.0,0.0,0,1,0,1,
REAL_HUMANITARIAN_GEOSPATIAL_DATA,FINA,2025-11-23 00:00:00,48,P90 envelope,1,2,2,1.0,1.0,1.0,1.0,1,1,1,1,
REAL_HUMANITARIAN_GEOSPATIAL_DATA,FINA,2025-11-23 00:00:00,48,Ensemble probability-weighted,1,2,2,1.0,1.0,1.0,1.0,1,1,1,1,
REAL_HUMANITARIAN_GEOSPATIAL_DATA,FINA,2025-11-23 06:00:00,48,Deterministic mean-track,0,1,1,,,,,0,0,0,0,
REAL_HUMANITARIAN_GEOSPATIAL_DATA,FINA,2025-11-23 06:00:00,48,P90 envelope,0,2,2,,,,,0,0,0,0,
REAL_HUMANITARIAN_GEOSPATIAL_DATA,FINA,2025-11-23 06:00:00,48,Ensemble probability-weighted,0,2,2,,,,,0,0,0,0,
REAL_HUMANITARIAN_GEOSPATIAL_DATA,FUNG-WONG,2025-11-05 18:00:00,48,Deterministic mean-track,0,0,0,,,,,0,0,0,0,
REAL_HUMANITARIAN_GEOSPATIAL_DATA,FUNG-WONG,2025-11-05 18:00:00,48,P90 envelope,0,0,0,,,,,0,0,0,0,
REAL_HUMANITARIAN_GEOSPATIAL_DATA,FUNG-WONG,2025-11-05 18:00:00,48,Ensemble probability-weighted,0,0,0,,,,,0,0,0,0,
REAL_HUMANITARIAN_GEOSPATIAL_DATA,FUNG-WONG,2025-11-06 00:00:00,48,Deterministic mean-track,0,0,0,,,,,0,0,0,0,
REAL_HUMANITARIAN_GEOSPATIAL_DATA,FUNG-WONG,2025-11-06 00:00:00,48,P90 envelope,0,0,0,,,,,0,0,0,0,
REAL_HUMANITARIAN_GEOSPATIAL_DATA,FUNG-WONG,2025-11-06 00:00:00,48,Ensemble probability-weighted,0,0,0,,,,,0,0,0,0,
REAL_HUMANITARIAN_GEOSPATIAL_DATA,FUNG-WONG,2025-11-06 06:00:00,48,Deterministic mean-track,0,0,0,,,,,0,0,0,0,
REAL_HUMANITARIAN_GEOSPATIAL_DATA,FUNG-WONG,2025-11-06 06:00:00,48,P90 envelope,0,0,0,,,,,0,0,0,0,
REAL_HUMANITARIAN_GEOSPATIAL_DATA,FUNG-WONG,2025-11-06 06:00:00,48,Ensemble probability-weighted,0,0,0,,,,,0,0,0,0,
REAL_HUMANITARIAN_GEOSPATIAL_DATA,FUNG-WONG,2025-11-06 12:00:00,48,Deterministic mean-track,0,0,0,,,,,0,0,0,0,
REAL_HUMANITARIAN_GEOSPATIAL_DATA,FUNG-WONG,2025-11-06 12:00:00,48,P90 envelope,0,0,0,,,,,0,0,0,0,
REAL_HUMANITARIAN_GEOSPATIAL_DATA,FUNG-WONG,2025-11-06 12:00:00,48,Ensemble probability-weighted,0,0,0,,,,,0,0,0,0,
REAL_HUMANITARIAN_GEOSPATIAL_DATA,FUNG-WONG,2025-11-06 18:00:00,48,Deterministic mean-track,0,0,0,,,,,0,0,0,0,
REAL_HUMANITARIAN_GEOSPATIAL_DATA,FUNG-WONG,2025-11-06 18:00:00,48,P90 envelope,0,1,1,,,,,0,0,0,0,
REAL_HUMANITARIAN_GEOSPATIAL_DATA,FUNG-WONG,2025-11-06 18:00:00,48,Ensemble probability-weighted,0,1,1,,,,,0,0,0,0,
REAL_HUMANITARIAN_GEOSPATIAL_DATA,FUNG-WONG,2025-11-07 00:00:00,48,Deterministic mean-track,0,0,0,,,,,0,0,0,0,
REAL_HUMANITARIAN_GEOSPATIAL_DATA,FUNG-WONG,2025-11-07 00:00:00,48,P90 envelope,0,1,1,,,,,0,0,0,0,
REAL_HUMANITARIAN_GEOSPATIAL_DATA,FUNG-WONG,2025-11-07 00:00:00,48,Ensemble probability-weighted,0,1,1,,,,,0,0,0,0,
REAL_HUMANITARIAN_GEOSPATIAL_DATA,FUNG-WONG,2025-11-07 06:00:00,48,Deterministic mean-track,0,0,0,,,,,0,0,0,0,
REAL_HUMANITARIAN_GEOSPATIAL_DATA,FUNG-WONG,2025-11-07 06:00:00,48,P90 envelope,0,1,1,,,,,0,0,0,0,
REAL_HUMANITARIAN_GEOSPATIAL_DATA,FUNG-WONG,2025-11-07 06:00:00,48,Ensemble probability-weighted,0,1,1,,,,,0,0,0,0,
REAL_HUMANITARIAN_GEOSPATIAL_DATA,FUNG-WONG,2025-11-07 12:00:00,48,Deterministic mean-track,0,0,0,,,,,0,0,0,0,
REAL_HUMANITARIAN_GEOSPATIAL_DATA,FUNG-WONG,2025-11-07 12:00:00,48,P90 envelope,0,1,1,,,,,0,0,0,0,
REAL_HUMANITARIAN_GEOSPATIAL_DATA,FUNG-WONG,2025-11-07 12:00:00,48,Ensemble probability-weighted,0,1,1,,,,,0,0,0,0,
REAL_HUMANITARIAN_GEOSPATIAL_DATA,FUNG-WONG,2025-11-07 18:00:00,48,Deterministic mean-track,1,0,1,0.0,0.0,0.0,0.0,0,1,0,1,
REAL_HUMANITARIAN_GEOSPATIAL_DATA,FUNG-WONG,2025-11-07 18:00:00,48,P90 envelope,1,1,1,1.0,1.0,1.0,1.0,1,1,1,1,
REAL_HUMANITARIAN_GEOSPATIAL_DATA,FUNG-WONG,2025-11-07 18:00:00,48,Ensemble probability-weighted,1,1,1,1.0,1.0,1.0,1.0,1,1,1,1,
REAL_HUMANITARIAN_GEOSPATIAL_DATA,FUNG-WONG,2025-11-08 00:00:00,48,Deterministic mean-track,0,0,0,,,,,0,0,0,0,
REAL_HUMANITARIAN_GEOSPATIAL_DATA,FUNG-WONG,2025-11-08 00:00:00,48,P90 envelope,0,1,1,,,,,0,0,0,0,
REAL_HUMANITARIAN_GEOSPATIAL_DATA,FUNG-WONG,2025-11-08 00:00:00,48,Ensemble probability-weighted,0,1,1,,,,,0,0,0,0,
REAL_HUMANITARIAN_GEOSPATIAL_DATA,FUNG-WONG,2025-11-08 06:00:00,48,Deterministic mean-track,0,0,0,,,,,0,0,0,0,
REAL_HUMANITARIAN_GEOSPATIAL_DATA,FUNG-WONG,2025-11-08 06:00:00,48,P90 envelope,0,1,1,,,,,0,0,0,0,
REAL_HUMANITARIAN_GEOSPATIAL_DATA,FUNG-WONG,2025-11-08 06:00:00,48,Ensemble probability-weighted,0,1,1,,,,,0,0,0,0,
REAL_HUMANITARIAN_GEOSPATIAL_DATA,FUNG-WONG,2025-11-08 12:00:00,48,Deterministic mean-track,0,0,0,,,,,0,0,0,0,
REAL_HUMANITARIAN_GEOSPATIAL_DATA,FUNG-WONG,2025-11-08 12:00:00,48,P90 envelope,0,1,1,,,,,0,0,0,0,
REAL_HUMANITARIAN_GEOSPATIAL_DATA,FUNG-WONG,2025-11-08 12:00:00,48,Ensemble probability-weighted,0,0,0,,,,,0,0,0,0,
REAL_HUMANITARIAN_GEOSPATIAL_DATA,FUNG-WONG,2025-11-08 18:00:00,48,Deterministic mean-track,0,0,0,,,,,0,0,0,0,
REAL_HUMANITARIAN_GEOSPATIAL_DATA,FUNG-WONG,2025-11-08 18:00:00,48,P90 envelope,0,0,0,,,,,0,0,0,0,
REAL_HUMANITARIAN_GEOSPATIAL_DATA,FUNG-WONG,2025-11-08 18:00:00,48,Ensemble probability-weighted,0,0,0,,,,,0,0,0,0,
REAL_HUMANITARIAN_GEOSPATIAL_DATA,FUNG-WONG,2025-11-09 00:00:00,48,Deterministic mean-track,0,0,0,,,,,0,0,0,0,
REAL_HUMANITARIAN_GEOSPATIAL_DATA,FUNG-WONG,2025-11-09 00:00:00,48,P90 envelope,0,0,0,,,,,0,0,0,0,
REAL_HUMANITARIAN_GEOSPATIAL_DATA,FUNG-WONG,2025-11-09 00:00:00,48,Ensemble probability-weighted,0,0,0,,,,,0,0,0,0,
REAL_HUMANITARIAN_GEOSPATIAL_DATA,FUNG-WONG,2025-11-09 06:00:00,48,Deterministic mean-track,0,0,0,,,,,0,0,0,0,
REAL_HUMANITARIAN_GEOSPATIAL_DATA,FUNG-WONG,2025-11-09 06:00:00,48,P90 envelope,0,0,0,,,,,0,0,0,0,
REAL_HUMANITARIAN_GEOSPATIAL_DATA,FUNG-WONG,2025-11-09 06:00:00,48,Ensemble probability-weighted,0,0,0,,,,,0,0,0,0,
REAL_HUMANITARIAN_GEOSPATIAL_DATA,FUNG-WONG,2025-11-09 12:00:00,48,Deterministic mean-track,0,0,0,,,,,0,0,0,0,
REAL_HUMANITARIAN_GEOSPATIAL_DATA,FUNG-WONG,2025-11-09 12:00:00,48,P90 envelope,0,0,0,,,,,0,0,0,0,
REAL_HUMANITARIAN_GEOSPATIAL_DATA,FUNG-WONG,2025-11-09 12:00:00,48,Ensemble probability-weighted,0,0,0,,,,,0,0,0,0,
REAL_HUMANITARIAN_GEOSPATIAL_DATA,FUNG-WONG,2025-11-09 18:00:00,48,Deterministic mean-track,0,0,0,,,,,0,0,0,0,
REAL_HUMANITARIAN_GEOSPATIAL_DATA,FUNG-WONG,2025-11-09 18:00:00,48,P90 envelope,0,1,1,,,,,0,0,0,0,
REAL_HUMANITARIAN_GEOSPATIAL_DATA,FUNG-WONG,2025-11-09 18:00:00,48,Ensemble probability-weighted,0,0,0,,,,,0,0,0,0,
REAL_HUMANITARIAN_GEOSPATIAL_DATA,FUNG-WONG,2025-11-10 00:00:00,48,Deterministic mean-track,0,0,0,,,,,0,0,0,0,
REAL_HUMANITARIAN_GEOSPATIAL_DATA,FUNG-WONG,2025-11-10 00:00:00,48,P90 envelope,0,2,2,,,,,0,0,0,0,
REAL_HUMANITARIAN_GEOSPATIAL_DATA,FUNG-WONG,2025-11-10 00:00:00,48,Ensemble probability-weighted,0,1,1,,,,,0,0,0,0,
REAL_HUMANITARIAN_GEOSPATIAL_DATA,FUNG-WONG,2025-11-10 06:00:00,48,Deterministic mean-track,0,1,1,,,,,0,0,0,0,
REAL_HUMANITARIAN_GEOSPATIAL_DATA,FUNG-WONG,2025-11-10 06:00:00,48,P90 envelope,0,2,2,,,,,0,0,0,0,
REAL_HUMANITARIAN_GEOSPATIAL_DATA,FUNG-WONG,2025-11-10 06:00:00,48,Ensemble probability-weighted,0,1,1,,,,,0,0,0,0,
REAL_HUMANITARIAN_GEOSPATIAL_DATA,FUNG-WONG,2025-11-10 12:00:00,48,Deterministic mean-track,0,1,1,,,,,0,0,0,0,
REAL_HUMANITARIAN_GEOSPATIAL_DATA,FUNG-WONG,2025-11-10 12:00:00,48,P90 envelope,0,2,2,,,,,0,0,0,0,
REAL_HUMANITARIAN_GEOSPATIAL_DATA,FUNG-WONG,2025-11-10 12:00:00,48,Ensemble probability-weighted,0,2,2,,,,,0,0,0,0,
REAL_HUMANITARIAN_GEOSPATIAL_DATA,FUNG-WONG,2025-11-10 18:00:00,48,Deterministic mean-track,0,0,0,,,,,0,0,0,0,
REAL_HUMANITARIAN_GEOSPATIAL_DATA,FUNG-WONG,2025-11-10 18:00:00,48,P90 envelope,0,4,4,,,,,0,0,0,0,
REAL_HUMANITARIAN_GEOSPATIAL_DATA,FUNG-WONG,2025-11-10 18:00:00,48,Ensemble probability-weighted,0,3,3,,,,,0,0,0,0,
REAL_HUMANITARIAN_GEOSPATIAL_DATA,FUNG-WONG,2025-11-11 00:00:00,48,Deterministic mean-track,1,1,1,1.0,1.0,1.0,1.0,1,1,1,1,
REAL_HUMANITARIAN_GEOSPATIAL_DATA,FUNG-WONG,2025-11-11 00:00:00,48,P90 envelope,1,4,4,0.5,0.5,1.0,1.0,1,1,1,1,-0.2581988897471611
REAL_HUMANITARIAN_GEOSPATIAL_DATA,FUNG-WONG,2025-11-11 00:00:00,48,Ensemble probability-weighted,1,2,2,0.6309297535714575,0.6309297535714575,1.0,1.0,1,1,1,1,
REAL_HUMANITARIAN_GEOSPATIAL_DATA,FUNG-WONG,2025-11-11 06:00:00,48,Deterministic mean-track,0,0,0,,,,,0,0,0,0,
REAL_HUMANITARIAN_GEOSPATIAL_DATA,FUNG-WONG,2025-11-11 06:00:00,48,P90 envelope,0,3,3,,,,,0,0,0,0,
REAL_HUMANITARIAN_GEOSPATIAL_DATA,FUNG-WONG,2025-11-11 06:00:00,48,Ensemble probability-weighted,0,2,2,,,,,0,0,0,0,
REAL_HUMANITARIAN_GEOSPATIAL_DATA,FUNG-WONG,2025-11-11 12:00:00,48,Deterministic mean-track,0,0,0,,,,,0,0,0,0,
REAL_HUMANITARIAN_GEOSPATIAL_DATA,FUNG-WONG,2025-11-11 12:00:00,48,P90 envelope,0,3,3,,,,,0,0,0,0,
REAL_HUMANITARIAN_GEOSPATIAL_DATA,FUNG-WONG,2025-11-11 12:00:00,48,Ensemble probability-weighted,0,2,2,,,,,0,0,0,0,
REAL_HUMANITARIAN_GEOSPATIAL_DATA,FUNG-WONG,2025-11-11 18:00:00,48,Deterministic mean-track,0,1,1,,,,,0,0,0,0,
REAL_HUMANITARIAN_GEOSPATIAL_DATA,FUNG-WONG,2025-11-11 18:00:00,48,P90 envelope,0,2,2,,,,,0,0,0,0,
REAL_HUMANITARIAN_GEOSPATIAL_DATA,FUNG-WONG,2025-11-11 18:00:00,48,Ensemble probability-weighted,0,1,1,,,,,0,0,0,0,
REAL_HUMANITARIAN_GEOSPATIAL_DATA,GEZANI,2026-02-10 00:00:00,48,Deterministic mean-track,0,0,0,,,,,0,0,0,0,
REAL_HUMANITARIAN_GEOSPATIAL_DATA,GEZANI,2026-02-10 00:00:00,48,P90 envelope,0,2,2,,,,,0,0,0,0,
REAL_HUMANITARIAN_GEOSPATIAL_DATA,GEZANI,2026-02-10 00:00:00,48,Ensemble probability-weighted,0,0,0,,,,,0,0,0,0,
REAL_HUMANITARIAN_GEOSPATIAL_DATA,GEZANI,2026-02-10 06:00:00,48,Deterministic mean-track,0,0,0,,,,,0,0,0,0,
REAL_HUMANITARIAN_GEOSPATIAL_DATA,GEZANI,2026-02-10 06:00:00,48,P90 envelope,0,0,0,,,,,0,0,0,0,
REAL_HUMANITARIAN_GEOSPATIAL_DATA,GEZANI,2026-02-10 06:00:00,48,Ensemble probability-weighted,0,0,0,,,,,0,0,0,0,
REAL_HUMANITARIAN_GEOSPATIAL_DATA,GEZANI,2026-02-10 12:00:00,48,Deterministic mean-track,0,0,0,,,,,0,0,0,0,
REAL_HUMANITARIAN_GEOSPATIAL_DATA,GEZANI,2026-02-10 12:00:00,48,P90 envelope,0,0,0,,,,,0,0,0,0,
REAL_HUMANITARIAN_GEOSPATIAL_DATA,GEZANI,2026-02-10 12:00:00,48,Ensemble probability-weighted,0,0,0,,,,,0,0,0,0,
REAL_HUMANITARIAN_GEOSPATIAL_DATA,GEZANI,2026-02-10 18:00:00,48,Deterministic mean-track,0,0,0,,,,,0,0,0,0,
REAL_HUMANITARIAN_GEOSPATIAL_DATA,GEZANI,2026-02-10 18:00:00,48,P90 envelope,0,0,0,,,,,0,0,0,0,
REAL_HUMANITARIAN_GEOSPATIAL_DATA,GEZANI,2026-02-10 18:00:00,48,Ensemble probability-weighted,0,0,0,,,,,0,0,0,0,
REAL_HUMANITARIAN_GEOSPATIAL_DATA,GEZANI,2026-02-11 00:00:00,48,Deterministic mean-track,0,0,0,,,,,0,0,0,0,
REAL_HUMANITARIAN_GEOSPATIAL_DATA,GEZANI,2026-02-11 00:00:00,48,P90 envelope,0,1,1,,,,,0,0,0,0,
REAL_HUMANITARIAN_GEOSPATIAL_DATA,GEZANI,2026-02-11 00:00:00,48,Ensemble probability-weighted,0,0,0,,,,,0,0,0,0,
REAL_HUMANITARIAN_GEOSPATIAL_DATA,GEZANI,2026-02-11 06:00:00,48,Deterministic mean-track,0,0,0,,,,,0,0,0,0,
REAL_HUMANITARIAN_GEOSPATIAL_DATA,GEZANI,2026-02-11 06:00:00,48,P90 envelope,0,0,0,,,,,0,0,0,0,
REAL_HUMANITARIAN_GEOSPATIAL_DATA,GEZANI,2026-02-11 06:00:00,48,Ensemble probability-weighted,0,0,0,,,,,0,0,0,0,
REAL_HUMANITARIAN_GEOSPATIAL_DATA,GEZANI,2026-02-11 12:00:00,48,Deterministic mean-track,0,0,0,,,,,0,0,0,0,
REAL_HUMANITARIAN_GEOSPATIAL_DATA,GEZANI,2026-02-11 12:00:00,48,P90 envelope,0,1,1,,,,,0,0,0,0,
REAL_HUMANITARIAN_GEOSPATIAL_DATA,GEZANI,2026-02-11 12:00:00,48,Ensemble probability-weighted,0,0,0,,,,,0,0,0,0,
REAL_HUMANITARIAN_GEOSPATIAL_DATA,GEZANI,2026-02-11 18:00:00,48,Deterministic mean-track,0,0,0,,,,,0,0,0,0,
REAL_HUMANITARIAN_GEOSPATIAL_DATA,GEZANI,2026-02-11 18:00:00,48,P90 envelope,0,1,1,,,,,0,0,0,0,
REAL_HUMANITARIAN_GEOSPATIAL_DATA,GEZANI,2026-02-11 18:00:00,48,Ensemble probability-weighted,0,1,1,,,,,0,0,0,0,
REAL_HUMANITARIAN_GEOSPATIAL_DATA,GEZANI,2026-02-12 00:00:00,48,Deterministic mean-track,0,0,0,,,,,0,0,0,0,
REAL_HUMANITARIAN_GEOSPATIAL_DATA,GEZANI,2026-02-12 00:00:00,48,P90 envelope,0,1,1,,,,,0,0,0,0,
REAL_HUMANITARIAN_GEOSPATIAL_DATA,GEZANI,2026-02-12 00:00:00,48,Ensemble probability-weighted,0,1,1,,,,,0,0,0,0,
REAL_HUMANITARIAN_GEOSPATIAL_DATA,GEZANI,2026-02-12 06:00:00,48,Deterministic mean-track,0,0,0,,,,,0,0,0,0,
REAL_HUMANITARIAN_GEOSPATIAL_DATA,GEZANI,2026-02-12 06:00:00,48,P90 envelope,0,1,1,,,,,0,0,0,0,
REAL_HUMANITARIAN_GEOSPATIAL_DATA,GEZANI,2026-02-12 06:00:00,48,Ensemble probability-weighted,0,1,1,,,,,0,0,0,0,
REAL_HUMANITARIAN_GEOSPATIAL_DATA,GEZANI,2026-02-12 12:00:00,48,Deterministic mean-track,0,0,0,,,,,0,0,0,0,
REAL_HUMANITARIAN_GEOSPATIAL_DATA,GEZANI,2026-02-12 12:00:00,48,P90 envelope,0,1,1,,,,,0,0,0,0,
REAL_HUMANITARIAN_GEOSPATIAL_DATA,GEZANI,2026-02-12 12:00:00,48,Ensemble probability-weighted,0,1,1,,,,,0,0,0,0,
REAL_HUMANITARIAN_GEOSPATIAL_DATA,GEZANI,2026-02-12 18:00:00,48,Deterministic mean-track,0,0,0,,,,,0,0,0,0,
REAL_HUMANITARIAN_GEOSPATIAL_DATA,GEZANI,2026-02-12 18:00:00,48,P90 envelope,0,0,0,,,,,0,0,0,0,
REAL_HUMANITARIAN_GEOSPATIAL_DATA,GEZANI,2026-02-12 18:00:00,48,Ensemble probability-weighted,0,0,0,,,,,0,0,0,0,
REAL_HUMANITARIAN_GEOSPATIAL_DATA,GEZANI,2026-02-13 00:00:00,48,Deterministic mean-track,0,0,0,,,,,0,0,0,0,
REAL_HUMANITARIAN_GEOSPATIAL_DATA,GEZANI,2026-02-13 00:00:00,48,P90 envelope,0,0,0,,,,,0,0,0,0,
REAL_HUMANITARIAN_GEOSPATIAL_DATA,GEZANI,2026-02-13 00:00:00,48,Ensemble probability-weighted,0,0,0,,,,,0,0,0,0,
REAL_HUMANITARIAN_GEOSPATIAL_DATA,GEZANI,2026-02-13 06:00:00,48,Deterministic mean-track,0,0,0,,,,,0,0,0,0,
REAL_HUMANITARIAN_GEOSPATIAL_DATA,GEZANI,2026-02-13 06:00:00,48,P90 envelope,0,0,0,,,,,0,0,0,0,
REAL_HUMANITARIAN_GEOSPATIAL_DATA,GEZANI,2026-02-13 06:00:00,48,Ensemble probability-weighted,0,0,0,,,,,0,0,0,0,
REAL_HUMANITARIAN_GEOSPATIAL_DATA,GEZANI,2026-02-13 12:00:00,48,Deterministic mean-track,0,0,0,,,,,0,0,0,0,
REAL_HUMANITARIAN_GEOSPATIAL_DATA,GEZANI,2026-02-13 12:00:00,48,P90 envelope,0,0,0,,,,,0,0,0,0,
REAL_HUMANITARIAN_GEOSPATIAL_DATA,GEZANI,2026-02-13 12:00:00,48,Ensemble probability-weighted,0,0,0,,,,,0,0,0,0,
REAL_HUMANITARIAN_GEOSPATIAL_DATA,GEZANI,2026-02-13 18:00:00,48,Deterministic mean-track,0,0,0,,,,,0,0,0,0,
REAL_HUMANITARIAN_GEOSPATIAL_DATA,GEZANI,2026-02-13 18:00:00,48,P90 envelope,0,1,1,,,,,0,0,0,0,
REAL_HUMANITARIAN_GEOSPATIAL_DATA,GEZANI,2026-02-13 18:00:00,48,Ensemble probability-weighted,0,0,0,,,,,0,0,0,0,
REAL_HUMANITARIAN_GEOSPATIAL_DATA,KALMAEGI,2025-11-01 12:00:00,48,Deterministic mean-track,1,0,1,0.0,0.0,0.0,0.0,0,1,0,1,
REAL_HUMANITARIAN_GEOSPATIAL_DATA,KALMAEGI,2025-11-01 12:00:00,48,P90 envelope,1,1,1,1.0,1.0,1.0,1.0,1,1,1,1,
REAL_HUMANITARIAN_GEOSPATIAL_DATA,KALMAEGI,2025-11-01 12:00:00,48,Ensemble probability-weighted,1,1,1,1.0,1.0,1.0,1.0,1,1,1,1,
REAL_HUMANITARIAN_GEOSPATIAL_DATA,KALMAEGI,2025-11-01 18:00:00,48,Deterministic mean-track,0,1,1,,,,,0,0,0,0,
REAL_HUMANITARIAN_GEOSPATIAL_DATA,KALMAEGI,2025-11-01 18:00:00,48,P90 envelope,0,1,1,,,,,0,0,0,0,
REAL_HUMANITARIAN_GEOSPATIAL_DATA,KALMAEGI,2025-11-01 18:00:00,48,Ensemble probability-weighted,0,1,1,,,,,0,0,0,0,
REAL_HUMANITARIAN_GEOSPATIAL_DATA,KALMAEGI,2025-11-02 00:00:00,48,Deterministic mean-track,1,0,1,0.0,0.0,0.0,0.0,0,1,0,1,
REAL_HUMANITARIAN_GEOSPATIAL_DATA,KALMAEGI,2025-11-02 00:00:00,48,P90 envelope,1,2,2,1.0,1.0,1.0,1.0,1,1,1,1,
REAL_HUMANITARIAN_GEOSPATIAL_DATA,KALMAEGI,2025-11-02 00:00:00,48,Ensemble probability-weighted,1,2,2,1.0,1.0,1.0,1.0,1,1,1,1,
REAL_HUMANITARIAN_GEOSPATIAL_DATA,KALMAEGI,2025-11-02 12:00:00,48,Deterministic mean-track,0,0,0,,,,,0,0,0,0,
REAL_HUMANITARIAN_GEOSPATIAL_DATA,KALMAEGI,2025-11-02 12:00:00,48,P90 envelope,0,2,2,,,,,0,0,0,0,
REAL_HUMANITARIAN_GEOSPATIAL_DATA,KALMAEGI,2025-11-02 12:00:00,48,Ensemble probability-weighted,0,1,1,,,,,0,0,0,0,
REAL_HUMANITARIAN_GEOSPATIAL_DATA,KALMAEGI,2025-11-02 18:00:00,48,Deterministic mean-track,0,0,0,,,,,0,0,0,0,
REAL_HUMANITARIAN_GEOSPATIAL_DATA,KALMAEGI,2025-11-02 18:00:00,48,P90 envelope,0,2,2,,,,,0,0,0,0,
REAL_HUMANITARIAN_GEOSPATIAL_DATA,KALMAEGI,2025-11-02 18:00:00,48,Ensemble probability-weighted,0,1,1,,,,,0,0,0,0,
REAL_HUMANITARIAN_GEOSPATIAL_DATA,KALMAEGI,2025-11-03 00:00:00,48,Deterministic mean-track,0,0,0,,,,,0,0,0,0,
REAL_HUMANITARIAN_GEOSPATIAL_DATA,KALMAEGI,2025-11-03 00:00:00,48,P90 envelope,0,2,2,,,,,0,0,0,0,
REAL_HUMANITARIAN_GEOSPATIAL_DATA,KALMAEGI,2025-11-03 00:00:00,48,Ensemble probability-weighted,0,2,2,,,,,0,0,0,0,
REAL_HUMANITARIAN_GEOSPATIAL_DATA,KALMAEGI,2025-11-03 06:00:00,48,Deterministic mean-track,0,0,0,,,,,0,0,0,0,
REAL_HUMANITARIAN_GEOSPATIAL_DATA,KALMAEGI,2025-11-03 06:00:00,48,P90 envelope,0,2,2,,,,,0,0,0,0,
REAL_HUMANITARIAN_GEOSPATIAL_DATA,KALMAEGI,2025-11-03 06:00:00,48,Ensemble probability-weighted,0,1,1,,,,,0,0,0,0,
REAL_HUMANITARIAN_GEOSPATIAL_DATA,KALMAEGI,2025-11-03 12:00:00,48,Deterministic mean-track,0,0,0,,,,,0,0,0,0,
REAL_HUMANITARIAN_GEOSPATIAL_DATA,KALMAEGI,2025-11-03 12:00:00,48,P90 envelope,0,0,0,,,,,0,0,0,0,
REAL_HUMANITARIAN_GEOSPATIAL_DATA,KALMAEGI,2025-11-03 12:00:00,48,Ensemble probability-weighted,0,1,1,,,,,0,0,0,0,
REAL_HUMANITARIAN_GEOSPATIAL_DATA,KALMAEGI,2025-11-03 18:00:00,48,Deterministic mean-track,0,0,0,,,,,0,0,0,0,
REAL_HUMANITARIAN_GEOSPATIAL_DATA,KALMAEGI,2025-11-03 18:00:00,48,P90 envelope,0,0,0,,,,,0,0,0,0,
REAL_HUMANITARIAN_GEOSPATIAL_DATA,KALMAEGI,2025-11-03 18:00:00,48,Ensemble probability-weighted,0,0,0,,,,,0,0,0,0,
REAL_HUMANITARIAN_GEOSPATIAL_DATA,KALMAEGI,2025-11-04 00:00:00,48,Deterministic mean-track,0,0,0,,,,,0,0,0,0,
REAL_HUMANITARIAN_GEOSPATIAL_DATA,KALMAEGI,2025-11-04 00:00:00,48,P90 envelope,0,0,0,,,,,0,0,0,0,
REAL_HUMANITARIAN_GEOSPATIAL_DATA,KALMAEGI,2025-11-04 00:00:00,48,Ensemble probability-weighted,0,0,0,,,,,0,0,0,0,
REAL_HUMANITARIAN_GEOSPATIAL_DATA,KALMAEGI,2025-11-04 06:00:00,48,Deterministic mean-track,0,0,0,,,,,0,0,0,0,
REAL_HUMANITARIAN_GEOSPATIAL_DATA,KALMAEGI,2025-11-04 06:00:00,48,P90 envelope,0,1,1,,,,,0,0,0,0,
REAL_HUMANITARIAN_GEOSPATIAL_DATA,KALMAEGI,2025-11-04 06:00:00,48,Ensemble probability-weighted,0,0,0,,,,,0,0,0,0,
REAL_HUMANITARIAN_GEOSPATIAL_DATA,KALMAEGI,2025-11-04 12:00:00,48,Deterministic mean-track,0,0,0,,,,,0,0,0,0,
REAL_HUMANITARIAN_GEOSPATIAL_DATA,KALMAEGI,2025-11-04 12:00:00,48,P90 envelope,0,2,2,,,,,0,0,0,0,
REAL_HUMANITARIAN_GEOSPATIAL_DATA,KALMAEGI,2025-11-04 12:00:00,48,Ensemble probability-weighted,0,1,1,,,,,0,0,0,0,
REAL_HUMANITARIAN_GEOSPATIAL_DATA,KALMAEGI,2025-11-04 18:00:00,48,Deterministic mean-track,0,0,0,,,,,0,0,0,0,
REAL_HUMANITARIAN_GEOSPATIAL_DATA,KALMAEGI,2025-11-04 18:00:00,48,P90 envelope,0,4,4,,,,,0,0,0,0,
REAL_HUMANITARIAN_GEOSPATIAL_DATA,KALMAEGI,2025-11-04 18:00:00,48,Ensemble probability-weighted,0,3,3,,,,,0,0,0,0,
REAL_HUMANITARIAN_GEOSPATIAL_DATA,KALMAEGI,2025-11-05 00:00:00,48,Deterministic mean-track,0,1,1,,,,,0,0,0,0,
REAL_HUMANITARIAN_GEOSPATIAL_DATA,KALMAEGI,2025-11-05 00:00:00,48,P90 envelope,0,5,5,,,,,0,0,0,0,
REAL_HUMANITARIAN_GEOSPATIAL_DATA,KALMAEGI,2025-11-05 00:00:00,48,Ensemble probability-weighted,0,3,3,,,,,0,0,0,0,
REAL_HUMANITARIAN_GEOSPATIAL_DATA,KALMAEGI,2025-11-05 06:00:00,48,Deterministic mean-track,0,0,0,,,,,0,0,0,0,
REAL_HUMANITARIAN_GEOSPATIAL_DATA,KALMAEGI,2025-11-05 06:00:00,48,P90 envelope,0,4,4,,,,,0,0,0,0,
REAL_HUMANITARIAN_GEOSPATIAL_DATA,KALMAEGI,2025-11-05 06:00:00,48,Ensemble probability-weighted,0,3,3,,,,,0,0,0,0,
REAL_HUMANITARIAN_GEOSPATIAL_DATA,KALMAEGI,2025-11-05 12:00:00,48,Deterministic mean-track,0,0,0,,,,,0,0,0,0,
REAL_HUMANITARIAN_GEOSPATIAL_DATA,KALMAEGI,2025-11-05 12:00:00,48,P90 envelope,0,3,3,,,,,0,0,0,0,
REAL_HUMANITARIAN_GEOSPATIAL_DATA,KALMAEGI,2025-11-05 12:00:00,48,Ensemble probability-weighted,0,2,2,,,,,0,0,0,0,
REAL_HUMANITARIAN_GEOSPATIAL_DATA,KALMAEGI,2025-11-05 18:00:00,48,Deterministic mean-track,0,1,1,,,,,0,0,0,0,
REAL_HUMANITARIAN_GEOSPATIAL_DATA,KALMAEGI,2025-11-05 18:00:00,48,P90 envelope,0,3,3,,,,,0,0,0,0,
REAL_HUMANITARIAN_GEOSPATIAL_DATA,KALMAEGI,2025-11-05 18:00:00,48,Ensemble probability-weighted,0,1,1,,,,,0,0,0,0,
REAL_HUMANITARIAN_GEOSPATIAL_DATA,KOTO,2025-11-25 12:00:00,48,Deterministic mean-track,0,0,0,,,,,0,0,0,0,
REAL_HUMANITARIAN_GEOSPATIAL_DATA,KOTO,2025-11-25 12:00:00,48,P90 envelope,0,0,0,,,,,0,0,0,0,
REAL_HUMANITARIAN_GEOSPATIAL_DATA,KOTO,2025-11-25 12:00:00,48,Ensemble probability-weighted,0,0,0,,,,,0,0,0,0,
REAL_HUMANITARIAN_GEOSPATIAL_DATA,KOTO,2025-11-25 18:00:00,48,Deterministic mean-track,0,0,0,,,,,0,0,0,0,
REAL_HUMANITARIAN_GEOSPATIAL_DATA,KOTO,2025-11-25 18:00:00,48,P90 envelope,0,0,0,,,,,0,0,0,0,
REAL_HUMANITARIAN_GEOSPATIAL_DATA,KOTO,2025-11-25 18:00:00,48,Ensemble probability-weighted,0,0,0,,,,,0,0,0,0,
REAL_HUMANITARIAN_GEOSPATIAL_DATA,KOTO,2025-11-26 00:00:00,48,Deterministic mean-track,0,0,0,,,,,0,0,0,0,
REAL_HUMANITARIAN_GEOSPATIAL_DATA,KOTO,2025-11-26 00:00:00,48,P90 envelope,0,0,0,,,,,0,0,0,0,
REAL_HUMANITARIAN_GEOSPATIAL_DATA,KOTO,2025-11-26 00:00:00,48,Ensemble probability-weighted,0,0,0,,,,,0,0,0,0,
REAL_HUMANITARIAN_GEOSPATIAL_DATA,KOTO,2025-11-26 06:00:00,48,Deterministic mean-track,0,0,0,,,,,0,0,0,0,
REAL_HUMANITARIAN_GEOSPATIAL_DATA,KOTO,2025-11-26 06:00:00,48,P90 envelope,0,0,0,,,,,0,0,0,0,
REAL_HUMANITARIAN_GEOSPATIAL_DATA,KOTO,2025-11-26 06:00:00,48,Ensemble probability-weighted,0,0,0,,,,,0,0,0,0,
REAL_HUMANITARIAN_GEOSPATIAL_DATA,KOTO,2025-11-26 12:00:00,48,Deterministic mean-track,0,0,0,,,,,0,0,0,0,
REAL_HUMANITARIAN_GEOSPATIAL_DATA,KOTO,2025-11-26 12:00:00,48,P90 envelope,0,0,0,,,,,0,0,0,0,
REAL_HUMANITARIAN_GEOSPATIAL_DATA,KOTO,2025-11-26 12:00:00,48,Ensemble probability-weighted,0,0,0,,,,,0,0,0,0,
REAL_HUMANITARIAN_GEOSPATIAL_DATA,KOTO,2025-11-26 18:00:00,48,Deterministic mean-track,0,0,0,,,,,0,0,0,0,
REAL_HUMANITARIAN_GEOSPATIAL_DATA,KOTO,2025-11-26 18:00:00,48,P90 envelope,0,0,0,,,,,0,0,0,0,
REAL_HUMANITARIAN_GEOSPATIAL_DATA,KOTO,2025-11-26 18:00:00,48,Ensemble probability-weighted,0,0,0,,,,,0,0,0,0,
REAL_HUMANITARIAN_GEOSPATIAL_DATA,KOTO,2025-11-27 00:00:00,48,Deterministic mean-track,0,0,0,,,,,0,0,0,0,
REAL_HUMANITARIAN_GEOSPATIAL_DATA,KOTO,2025-11-27 00:00:00,48,P90 envelope,0,0,0,,,,,0,0,0,0,
REAL_HUMANITARIAN_GEOSPATIAL_DATA,KOTO,2025-11-27 00:00:00,48,Ensemble probability-weighted,0,0,0,,,,,0,0,0,0,
REAL_HUMANITARIAN_GEOSPATIAL_DATA,KOTO,2025-11-27 06:00:00,48,Deterministic mean-track,0,0,0,,,,,0,0,0,0,
REAL_HUMANITARIAN_GEOSPATIAL_DATA,KOTO,2025-11-27 06:00:00,48,P90 envelope,0,0,0,,,,,0,0,0,0,
REAL_HUMANITARIAN_GEOSPATIAL_DATA,KOTO,2025-11-27 06:00:00,48,Ensemble probability-weighted,0,0,0,,,,,0,0,0,0,
REAL_HUMANITARIAN_GEOSPATIAL_DATA,KOTO,2025-11-27 12:00:00,48,Deterministic mean-track,0,0,0,,,,,0,0,0,0,
REAL_HUMANITARIAN_GEOSPATIAL_DATA,KOTO,2025-11-27 12:00:00,48,P90 envelope,0,0,0,,,,,0,0,0,0,
REAL_HUMANITARIAN_GEOSPATIAL_DATA,KOTO,2025-11-27 12:00:00,48,Ensemble probability-weighted,0,0,0,,,,,0,0,0,0,
REAL_HUMANITARIAN_GEOSPATIAL_DATA,KOTO,2025-11-27 18:00:00,48,Deterministic mean-track,0,0,0,,,,,0,0,0,0,
REAL_HUMANITARIAN_GEOSPATIAL_DATA,KOTO,2025-11-27 18:00:00,48,P90 envelope,0,0,0,,,,,0,0,0,0,
REAL_HUMANITARIAN_GEOSPATIAL_DATA,KOTO,2025-11-27 18:00:00,48,Ensemble probability-weighted,0,0,0,,,,,0,0,0,0,
REAL_HUMANITARIAN_GEOSPATIAL_DATA,KOTO,2025-11-28 00:00:00,48,Deterministic mean-track,0,0,0,,,,,0,0,0,0,
REAL_HUMANITARIAN_GEOSPATIAL_DATA,KOTO,2025-11-28 00:00:00,48,P90 envelope,0,1,1,,,,,0,0,0,0,
REAL_HUMANITARIAN_GEOSPATIAL_DATA,KOTO,2025-11-28 00:00:00,48,Ensemble probability-weighted,0,0,0,,,,,0,0,0,0,
REAL_HUMANITARIAN_GEOSPATIAL_DATA,KOTO,2025-11-28 06:00:00,48,Deterministic mean-track,0,0,0,,,,,0,0,0,0,
REAL_HUMANITARIAN_GEOSPATIAL_DATA,KOTO,2025-11-28 06:00:00,48,P90 envelope,0,1,1,,,,,0,0,0,0,
REAL_HUMANITARIAN_GEOSPATIAL_DATA,KOTO,2025-11-28 06:00:00,48,Ensemble probability-weighted,0,0,0,,,,,0,0,0,0,
REAL_HUMANITARIAN_GEOSPATIAL_DATA,KOTO,2025-11-28 12:00:00,48,Deterministic mean-track,0,0,0,,,,,0,0,0,0,
REAL_HUMANITARIAN_GEOSPATIAL_DATA,KOTO,2025-11-28 12:00:00,48,P90 envelope,0,1,1,,,,,0,0,0,0,
REAL_HUMANITARIAN_GEOSPATIAL_DATA,KOTO,2025-11-28 12:00:00,48,Ensemble probability-weighted,0,0,0,,,,,0,0,0,0,
REAL_HUMANITARIAN_GEOSPATIAL_DATA,KOTO,2025-11-28 18:00:00,48,Deterministic mean-track,0,0,0,,,,,0,0,0,0,
REAL_HUMANITARIAN_GEOSPATIAL_DATA,KOTO,2025-11-28 18:00:00,48,P90 envelope,0,1,1,,,,,0,0,0,0,
REAL_HUMANITARIAN_GEOSPATIAL_DATA,KOTO,2025-11-28 18:00:00,48,Ensemble probability-weighted,0,0,0,,,,,0,0,0,0,
REAL_HUMANITARIAN_GEOSPATIAL_DATA,KOTO,2025-11-29 00:00:00,48,Deterministic mean-track,0,0,0,,,,,0,0,0,0,
REAL_HUMANITARIAN_GEOSPATIAL_DATA,KOTO,2025-11-29 00:00:00,48,P90 envelope,0,1,1,,,,,0,0,0,0,
REAL_HUMANITARIAN_GEOSPATIAL_DATA,KOTO,2025-11-29 00:00:00,48,Ensemble probability-weighted,0,0,0,,,,,0,0,0,0,
REAL_HUMANITARIAN_GEOSPATIAL_DATA,KOTO,2025-11-29 06:00:00,48,Deterministic mean-track,0,0,0,,,,,0,0,0,0,
REAL_HUMANITARIAN_GEOSPATIAL_DATA,KOTO,2025-11-29 06:00:00,48,P90 envelope,0,0,0,,,,,0,0,0,0,
REAL_HUMANITARIAN_GEOSPATIAL_DATA,KOTO,2025-11-29 06:00:00,48,Ensemble probability-weighted,0,0,0,,,,,0,0,0,0,
REAL_HUMANITARIAN_GEOSPATIAL_DATA,KOTO,2025-11-29 12:00:00,48,Deterministic mean-track,0,0,0,,,,,0,0,0,0,
REAL_HUMANITARIAN_GEOSPATIAL_DATA,KOTO,2025-11-29 12:00:00,48,P90 envelope,0,0,0,,,,,0,0,0,0,
REAL_HUMANITARIAN_GEOSPATIAL_DATA,KOTO,2025-11-29 12:00:00,48,Ensemble probability-weighted,0,0,0,,,,,0,0,0,0,
REAL_HUMANITARIAN_GEOSPATIAL_DATA,KOTO,2025-11-29 18:00:00,48,Deterministic mean-track,0,0,0,,,,,0,0,0,0,
REAL_HUMANITARIAN_GEOSPATIAL_DATA,KOTO,2025-11-29 18:00:00,48,P90 envelope,0,2,2,,,,,0,0,0,0,
REAL_HUMANITARIAN_GEOSPATIAL_DATA,KOTO,2025-11-29 18:00:00,48,Ensemble probability-weighted,0,0,0,,,,,0,0,0,0,
REAL_HUMANITARIAN_GEOSPATIAL_DATA,KOTO,2025-11-30 00:00:00,48,Deterministic mean-track,0,0,0,,,,,0,0,0,0,
REAL_HUMANITARIAN_GEOSPATIAL_DATA,KOTO,2025-11-30 00:00:00,48,P90 envelope,0,0,0,,,,,0,0,0,0,
REAL_HUMANITARIAN_GEOSPATIAL_DATA,KOTO,2025-11-30 00:00:00,48,Ensemble probability-weighted,0,0,0,,,,,0,0,0,0,
REAL_HUMANITARIAN_GEOSPATIAL_DATA,KOTO,2025-11-30 06:00:00,48,Deterministic mean-track,0,0,0,,,,,0,0,0,0,
REAL_HUMANITARIAN_GEOSPATIAL_DATA,KOTO,2025-11-30 06:00:00,48,P90 envelope,0,0,0,,,,,0,0,0,0,
REAL_HUMANITARIAN_GEOSPATIAL_DATA,KOTO,2025-11-30 06:00:00,48,Ensemble probability-weighted,0,0,0,,,,,0,0,0,0,
REAL_HUMANITARIAN_GEOSPATIAL_DATA,KOTO,2025-11-30 12:00:00,48,Deterministic mean-track,0,0,0,,,,,0,0,0,0,
REAL_HUMANITARIAN_GEOSPATIAL_DATA,KOTO,2025-11-30 12:00:00,48,P90 envelope,0,0,0,,,,,0,0,0,0,
REAL_HUMANITARIAN_GEOSPATIAL_DATA,KOTO,2025-11-30 12:00:00,48,Ensemble probability-weighted,0,0,0,,,,,0,0,0,0,
REAL_HUMANITARIAN_GEOSPATIAL_DATA,KOTO,2025-11-30 18:00:00,48,Deterministic mean-track,0,0,0,,,,,0,0,0,0,
REAL_HUMANITARIAN_GEOSPATIAL_DATA,KOTO,2025-11-30 18:00:00,48,P90 envelope,0,1,1,,,,,0,0,0,0,
REAL_HUMANITARIAN_GEOSPATIAL_DATA,KOTO,2025-11-30 18:00:00,48,Ensemble probability-weighted,0,0,0,,,,,0,0,0,0,
REAL_HUMANITARIAN_GEOSPATIAL_DATA,KOTO,2025-12-01 00:00:00,48,Deterministic mean-track,0,0,0,,,,,0,0,0,0,
REAL_HUMANITARIAN_GEOSPATIAL_DATA,KOTO,2025-12-01 00:00:00,48,P90 envelope,0,1,1,,,,,0,0,0,0,
REAL_HUMANITARIAN_GEOSPATIAL_DATA,KOTO,2025-12-01 00:00:00,48,Ensemble probability-weighted,0,1,1,,,,,0,0,0,0,
REAL_HUMANITARIAN_GEOSPATIAL_DATA,KOTO,2025-12-01 06:00:00,48,Deterministic mean-track,0,0,0,,,,,0,0,0,0,
REAL_HUMANITARIAN_GEOSPATIAL_DATA,KOTO,2025-12-01 06:00:00,48,P90 envelope,0,1,1,,,,,0,0,0,0,
REAL_HUMANITARIAN_GEOSPATIAL_DATA,KOTO,2025-12-01 06:00:00,48,Ensemble probability-weighted,0,1,1,,,,,0,0,0,0,
REAL_HUMANITARIAN_GEOSPATIAL_DATA,KOTO,2025-12-01 12:00:00,48,Deterministic mean-track,0,0,0,,,,,0,0,0,0,
REAL_HUMANITARIAN_GEOSPATIAL_DATA,KOTO,2025-12-01 12:00:00,48,P90 envelope,0,3,3,,,,,0,0,0,0,
REAL_HUMANITARIAN_GEOSPATIAL_DATA,KOTO,2025-12-01 12:00:00,48,Ensemble probability-weighted,0,1,1,,,,,0,0,0,0,
REAL_HUMANITARIAN_GEOSPATIAL_DATA,MELISSA,2025-10-23 00:00:00,48,Deterministic mean-track,0,0,0,,,,,0,0,0,0,
REAL_HUMANITARIAN_GEOSPATIAL_DATA,MELISSA,2025-10-23 00:00:00,48,P90 envelope,0,4,4,,,,,0,0,0,0,
REAL_HUMANITARIAN_GEOSPATIAL_DATA,MELISSA,2025-10-23 00:00:00,48,Ensemble probability-weighted,0,1,1,,,,,0,0,0,0,
REAL_HUMANITARIAN_GEOSPATIAL_DATA,MELISSA,2025-10-23 06:00:00,48,Deterministic mean-track,0,0,0,,,,,0,0,0,0,
REAL_HUMANITARIAN_GEOSPATIAL_DATA,MELISSA,2025-10-23 06:00:00,48,P90 envelope,0,4,4,,,,,0,0,0,0,
REAL_HUMANITARIAN_GEOSPATIAL_DATA,MELISSA,2025-10-23 06:00:00,48,Ensemble probability-weighted,0,1,1,,,,,0,0,0,0,
REAL_HUMANITARIAN_GEOSPATIAL_DATA,MELISSA,2025-10-23 12:00:00,48,Deterministic mean-track,0,0,0,,,,,0,0,0,0,
REAL_HUMANITARIAN_GEOSPATIAL_DATA,MELISSA,2025-10-23 12:00:00,48,P90 envelope,0,4,4,,,,,0,0,0,0,
REAL_HUMANITARIAN_GEOSPATIAL_DATA,MELISSA,2025-10-23 12:00:00,48,Ensemble probability-weighted,0,1,1,,,,,0,0,0,0,
REAL_HUMANITARIAN_GEOSPATIAL_DATA,MELISSA,2025-10-23 18:00:00,48,Deterministic mean-track,0,0,0,,,,,0,0,0,0,
REAL_HUMANITARIAN_GEOSPATIAL_DATA,MELISSA,2025-10-23 18:00:00,48,P90 envelope,0,3,3,,,,,0,0,0,0,
REAL_HUMANITARIAN_GEOSPATIAL_DATA,MELISSA,2025-10-23 18:00:00,48,Ensemble probability-weighted,0,1,1,,,,,0,0,0,0,
REAL_HUMANITARIAN_GEOSPATIAL_DATA,MELISSA,2025-10-24 00:00:00,48,Deterministic mean-track,0,0,0,,,,,0,0,0,0,
REAL_HUMANITARIAN_GEOSPATIAL_DATA,MELISSA,2025-10-24 00:00:00,48,P90 envelope,0,3,3,,,,,0,0,0,0,
REAL_HUMANITARIAN_GEOSPATIAL_DATA,MELISSA,2025-10-24 00:00:00,48,Ensemble probability-weighted,0,1,1,,,,,0,0,0,0,
REAL_HUMANITARIAN_GEOSPATIAL_DATA,MELISSA,2025-10-24 12:00:00,48,Deterministic mean-track,0,0,0,,,,,0,0,0,0,
REAL_HUMANITARIAN_GEOSPATIAL_DATA,MELISSA,2025-10-24 12:00:00,48,P90 envelope,0,3,3,,,,,0,0,0,0,
REAL_HUMANITARIAN_GEOSPATIAL_DATA,MELISSA,2025-10-24 12:00:00,48,Ensemble probability-weighted,0,1,1,,,,,0,0,0,0,
REAL_HUMANITARIAN_GEOSPATIAL_DATA,MELISSA,2025-10-24 18:00:00,48,Deterministic mean-track,0,0,0,,,,,0,0,0,0,
REAL_HUMANITARIAN_GEOSPATIAL_DATA,MELISSA,2025-10-24 18:00:00,48,P90 envelope,0,4,4,,,,,0,0,0,0,
REAL_HUMANITARIAN_GEOSPATIAL_DATA,MELISSA,2025-10-24 18:00:00,48,Ensemble probability-weighted,0,2,2,,,,,0,0,0,0,
REAL_HUMANITARIAN_GEOSPATIAL_DATA,MELISSA,2025-10-25 00:00:00,48,Deterministic mean-track,0,0,0,,,,,0,0,0,0,
REAL_HUMANITARIAN_GEOSPATIAL_DATA,MELISSA,2025-10-25 00:00:00,48,P90 envelope,0,5,5,,,,,0,0,0,0,
REAL_HUMANITARIAN_GEOSPATIAL_DATA,MELISSA,2025-10-25 00:00:00,48,Ensemble probability-weighted,0,2,2,,,,,0,0,0,0,
REAL_HUMANITARIAN_GEOSPATIAL_DATA,MELISSA,2025-10-25 12:00:00,48,Deterministic mean-track,0,0,0,,,,,0,0,0,0,
REAL_HUMANITARIAN_GEOSPATIAL_DATA,MELISSA,2025-10-25 12:00:00,48,P90 envelope,0,4,4,,,,,0,0,0,0,
REAL_HUMANITARIAN_GEOSPATIAL_DATA,MELISSA,2025-10-25 12:00:00,48,Ensemble probability-weighted,0,2,2,,,,,0,0,0,0,
REAL_HUMANITARIAN_GEOSPATIAL_DATA,MELISSA,2025-10-25 18:00:00,48,Deterministic mean-track,0,0,0,,,,,0,0,0,0,
REAL_HUMANITARIAN_GEOSPATIAL_DATA,MELISSA,2025-10-25 18:00:00,48,P90 envelope,0,5,5,,,,,0,0,0,0,
REAL_HUMANITARIAN_GEOSPATIAL_DATA,MELISSA,2025-10-25 18:00:00,48,Ensemble probability-weighted,0,2,2,,,,,0,0,0,0,
REAL_HUMANITARIAN_GEOSPATIAL_DATA,MELISSA,2025-10-26 00:00:00,48,Deterministic mean-track,0,0,0,,,,,0,0,0,0,
REAL_HUMANITARIAN_GEOSPATIAL_DATA,MELISSA,2025-10-26 00:00:00,48,P90 envelope,0,3,3,,,,,0,0,0,0,
REAL_HUMANITARIAN_GEOSPATIAL_DATA,MELISSA,2025-10-26 00:00:00,48,Ensemble probability-weighted,0,2,2,,,,,0,0,0,0,
REAL_HUMANITARIAN_GEOSPATIAL_DATA,MELISSA,2025-10-26 06:00:00,48,Deterministic mean-track,0,1,1,,,,,0,0,0,0,
REAL_HUMANITARIAN_GEOSPATIAL_DATA,MELISSA,2025-10-26 06:00:00,48,P90 envelope,0,4,4,,,,,0,0,0,0,
REAL_HUMANITARIAN_GEOSPATIAL_DATA,MELISSA,2025-10-26 06:00:00,48,Ensemble probability-weighted,0,1,1,,,,,0,0,0,0,
REAL_HUMANITARIAN_GEOSPATIAL_DATA,MELISSA,2025-10-26 12:00:00,48,Deterministic mean-track,0,1,1,,,,,0,0,0,0,
REAL_HUMANITARIAN_GEOSPATIAL_DATA,MELISSA,2025-10-26 12:00:00,48,P90 envelope,0,5,5,,,,,0,0,0,0,
REAL_HUMANITARIAN_GEOSPATIAL_DATA,MELISSA,2025-10-26 12:00:00,48,Ensemble probability-weighted,0,2,2,,,,,0,0,0,0,
REAL_HUMANITARIAN_GEOSPATIAL_DATA,MELISSA,2025-10-26 18:00:00,48,Deterministic mean-track,1,0,1,0.0,0.0,0.0,0.0,0,1,0,1,
REAL_HUMANITARIAN_GEOSPATIAL_DATA,MELISSA,2025-10-26 18:00:00,48,P90 envelope,1,4,4,0.6309297535714575,0.6309297535714575,1.0,1.0,1,1,1,1,0.2581988897471611
REAL_HUMANITARIAN_GEOSPATIAL_DATA,MELISSA,2025-10-26 18:00:00,48,Ensemble probability-weighted,1,2,2,1.0,1.0,1.0,1.0,1,1,1,1,
REAL_HUMANITARIAN_GEOSPATIAL_DATA,MELISSA,2025-10-27 00:00:00,48,Deterministic mean-track,1,0,1,0.0,0.0,0.0,0.0,0,1,0,1,
REAL_HUMANITARIAN_GEOSPATIAL_DATA,MELISSA,2025-10-27 00:00:00,48,P90 envelope,1,4,4,0.6309297535714575,0.6309297535714575,1.0,1.0,1,1,1,1,0.2581988897471611
REAL_HUMANITARIAN_GEOSPATIAL_DATA,MELISSA,2025-10-27 00:00:00,48,Ensemble probability-weighted,1,3,3,1.0,1.0,1.0,1.0,1,1,1,1,0.8660254037844387
REAL_HUMANITARIAN_GEOSPATIAL_DATA,MELISSA,2025-10-27 06:00:00,48,Deterministic mean-track,0,0,0,,,,,0,0,0,0,
REAL_HUMANITARIAN_GEOSPATIAL_DATA,MELISSA,2025-10-27 06:00:00,48,P90 envelope,0,4,4,,,,,0,0,0,0,
REAL_HUMANITARIAN_GEOSPATIAL_DATA,MELISSA,2025-10-27 06:00:00,48,Ensemble probability-weighted,0,3,3,,,,,0,0,0,0,
REAL_HUMANITARIAN_GEOSPATIAL_DATA,MELISSA,2025-10-27 12:00:00,48,Deterministic mean-track,1,1,1,1.0,1.0,1.0,1.0,1,1,1,1,
REAL_HUMANITARIAN_GEOSPATIAL_DATA,MELISSA,2025-10-27 12:00:00,48,P90 envelope,1,5,5,1.0,1.0,1.0,1.0,1,1,1,1,0.7071067811865475
REAL_HUMANITARIAN_GEOSPATIAL_DATA,MELISSA,2025-10-27 12:00:00,48,Ensemble probability-weighted,1,3,3,1.0,1.0,1.0,1.0,1,1,1,1,0.8660254037844387
REAL_HUMANITARIAN_GEOSPATIAL_DATA,MELISSA,2025-10-27 18:00:00,48,Deterministic mean-track,0,0,0,,,,,0,0,0,0,
REAL_HUMANITARIAN_GEOSPATIAL_DATA,MELISSA,2025-10-27 18:00:00,48,P90 envelope,0,4,4,,,,,0,0,0,0,
REAL_HUMANITARIAN_GEOSPATIAL_DATA,MELISSA,2025-10-27 18:00:00,48,Ensemble probability-weighted,0,2,2,,,,,0,0,0,0,
REAL_HUMANITARIAN_GEOSPATIAL_DATA,MELISSA,2025-10-28 00:00:00,48,Deterministic mean-track,0,1,1,,,,,0,0,0,0,
REAL_HUMANITARIAN_GEOSPATIAL_DATA,MELISSA,2025-10-28 00:00:00,48,P90 envelope,0,3,3,,,,,0,0,0,0,
REAL_HUMANITARIAN_GEOSPATIAL_DATA,MELISSA,2025-10-28 00:00:00,48,Ensemble probability-weighted,0,3,3,,,,,0,0,0,0,
REAL_HUMANITARIAN_GEOSPATIAL_DATA,MELISSA,2025-10-28 06:00:00,48,Deterministic mean-track,0,0,0,,,,,0,0,0,0,
REAL_HUMANITARIAN_GEOSPATIAL_DATA,MELISSA,2025-10-28 06:00:00,48,P90 envelope,0,2,2,,,,,0,0,0,0,
REAL_HUMANITARIAN_GEOSPATIAL_DATA,MELISSA,2025-10-28 06:00:00,48,Ensemble probability-weighted,0,2,2,,,,,0,0,0,0,
REAL_HUMANITARIAN_GEOSPATIAL_DATA,MELISSA,2025-10-28 12:00:00,48,Deterministic mean-track,0,0,0,,,,,0,0,0,0,
REAL_HUMANITARIAN_GEOSPATIAL_DATA,MELISSA,2025-10-28 12:00:00,48,P90 envelope,0,0,0,,,,,0,0,0,0,
REAL_HUMANITARIAN_GEOSPATIAL_DATA,MELISSA,2025-10-28 12:00:00,48,Ensemble probability-weighted,0,0,0,,,,,0,0,0,0,
REAL_HUMANITARIAN_GEOSPATIAL_DATA,MELISSA,2025-10-28 18:00:00,48,Deterministic mean-track,0,0,0,,,,,0,0,0,0,
REAL_HUMANITARIAN_GEOSPATIAL_DATA,MELISSA,2025-10-28 18:00:00,48,P90 envelope,0,0,0,,,,,0,0,0,0,
REAL_HUMANITARIAN_GEOSPATIAL_DATA,MELISSA,2025-10-28 18:00:00,48,Ensemble probability-weighted,0,0,0,,,,,0,0,0,0,
REAL_HUMANITARIAN_GEOSPATIAL_DATA,MELISSA,2025-10-29 00:00:00,48,Deterministic mean-track,0,0,0,,,,,0,0,0,0,
REAL_HUMANITARIAN_GEOSPATIAL_DATA,MELISSA,2025-10-29 00:00:00,48,P90 envelope,0,0,0,,,,,0,0,0,0,
REAL_HUMANITARIAN_GEOSPATIAL_DATA,MELISSA,2025-10-29 00:00:00,48,Ensemble probability-weighted,0,0,0,,,,,0,0,0,0,
REAL_HUMANITARIAN_GEOSPATIAL_DATA,MELISSA,2025-10-29 06:00:00,48,Deterministic mean-track,0,0,0,,,,,0,0,0,0,
REAL_HUMANITARIAN_GEOSPATIAL_DATA,MELISSA,2025-10-29 06:00:00,48,P90 envelope,0,1,1,,,,,0,0,0,0,
REAL_HUMANITARIAN_GEOSPATIAL_DATA,MELISSA,2025-10-29 06:00:00,48,Ensemble probability-weighted,0,0,0,,,,,0,0,0,0,
REAL_HUMANITARIAN_GEOSPATIAL_DATA,MELISSA,2025-10-29 12:00:00,48,Deterministic mean-track,0,0,0,,,,,0,0,0,0,
REAL_HUMANITARIAN_GEOSPATIAL_DATA,MELISSA,2025-10-29 12:00:00,48,P90 envelope,0,0,0,,,,,0,0,0,0,
REAL_HUMANITARIAN_GEOSPATIAL_DATA,MELISSA,2025-10-29 12:00:00,48,Ensemble probability-weighted,0,0,0,,,,,0,0,0,0,
REAL_HUMANITARIAN_GEOSPATIAL_DATA,MELISSA,2025-10-29 18:00:00,48,Deterministic mean-track,0,0,0,,,,,0,0,0,0,
REAL_HUMANITARIAN_GEOSPATIAL_DATA,MELISSA,2025-10-29 18:00:00,48,P90 envelope,0,0,0,,,,,0,0,0,0,
REAL_HUMANITARIAN_GEOSPATIAL_DATA,MELISSA,2025-10-29 18:00:00,48,Ensemble probability-weighted,0,0,0,,,,,0,0,0,0,
REAL_HUMANITARIAN_GEOSPATIAL_DATA,MELISSA,2025-10-30 00:00:00,48,Deterministic mean-track,0,0,0,,,,,0,0,0,0,
REAL_HUMANITARIAN_GEOSPATIAL_DATA,MELISSA,2025-10-30 00:00:00,48,P90 envelope,0,0,0,,,,,0,0,0,0,
REAL_HUMANITARIAN_GEOSPATIAL_DATA,MELISSA,2025-10-30 00:00:00,48,Ensemble probability-weighted,0,0,0,,,,,0,0,0,0,
REAL_HUMANITARIAN_GEOSPATIAL_DATA,MELISSA,2025-10-30 06:00:00,48,Deterministic mean-track,0,0,0,,,,,0,0,0,0,
REAL_HUMANITARIAN_GEOSPATIAL_DATA,MELISSA,2025-10-30 06:00:00,48,P90 envelope,0,1,1,,,,,0,0,0,0,
REAL_HUMANITARIAN_GEOSPATIAL_DATA,MELISSA,2025-10-30 06:00:00,48,Ensemble probability-weighted,0,1,1,,,,,0,0,0,0,
REAL_HUMANITARIAN_GEOSPATIAL_DATA,MONTHA,2025-10-27 00:00:00,48,Deterministic mean-track,0,1,1,,,,,0,0,0,0,
REAL_HUMANITARIAN_GEOSPATIAL_DATA,MONTHA,2025-10-27 00:00:00,48,P90 envelope,0,1,1,,,,,0,0,0,0,
REAL_HUMANITARIAN_GEOSPATIAL_DATA,MONTHA,2025-10-27 00:00:00,48,Ensemble probability-weighted,0,1,1,,,,,0,0,0,0,
REAL_HUMANITARIAN_GEOSPATIAL_DATA,MONTHA,2025-10-27 06:00:00,48,Deterministic mean-track,0,1,1,,,,,0,0,0,0,
REAL_HUMANITARIAN_GEOSPATIAL_DATA,MONTHA,2025-10-27 06:00:00,48,P90 envelope,0,1,1,,,,,0,0,0,0,
REAL_HUMANITARIAN_GEOSPATIAL_DATA,MONTHA,2025-10-27 06:00:00,48,Ensemble probability-weighted,0,1,1,,,,,0,0,0,0,
REAL_HUMANITARIAN_GEOSPATIAL_DATA,MONTHA,2025-10-27 12:00:00,48,Deterministic mean-track,1,0,1,0.0,0.0,0.0,0.0,0,1,0,1,
REAL_HUMANITARIAN_GEOSPATIAL_DATA,MONTHA,2025-10-27 12:00:00,48,P90 envelope,1,1,1,1.0,1.0,1.0,1.0,1,1,1,1,
REAL_HUMANITARIAN_GEOSPATIAL_DATA,MONTHA,2025-10-27 12:00:00,48,Ensemble probability-weighted,1,1,1,1.0,1.0,1.0,1.0,1,1,1,1,
REAL_HUMANITARIAN_GEOSPATIAL_DATA,MONTHA,2025-10-27 18:00:00,48,Deterministic mean-track,0,0,0,,,,,0,0,0,0,
REAL_HUMANITARIAN_GEOSPATIAL_DATA,MONTHA,2025-10-27 18:00:00,48,P90 envelope,0,1,1,,,,,0,0,0,0,
REAL_HUMANITARIAN_GEOSPATIAL_DATA,MONTHA,2025-10-27 18:00:00,48,Ensemble probability-weighted,0,1,1,,,,,0,0,0,0,
REAL_HUMANITARIAN_GEOSPATIAL_DATA,NOKAEN,2026-01-15 06:00:00,48,Deterministic mean-track,0,1,1,,,,,0,0,0,0,
REAL_HUMANITARIAN_GEOSPATIAL_DATA,NOKAEN,2026-01-15 06:00:00,48,P90 envelope,0,1,1,,,,,0,0,0,0,
REAL_HUMANITARIAN_GEOSPATIAL_DATA,NOKAEN,2026-01-15 06:00:00,48,Ensemble probability-weighted,0,1,1,,,,,0,0,0,0,
REAL_HUMANITARIAN_GEOSPATIAL_DATA,PENHA,2026-02-05 00:00:00,48,Deterministic mean-track,0,1,1,,,,,0,0,0,0,
REAL_HUMANITARIAN_GEOSPATIAL_DATA,PENHA,2026-02-05 00:00:00,48,P90 envelope,0,2,2,,,,,0,0,0,0,
REAL_HUMANITARIAN_GEOSPATIAL_DATA,PENHA,2026-02-05 00:00:00,48,Ensemble probability-weighted,0,2,2,,,,,0,0,0,0,
REAL_HUMANITARIAN_GEOSPATIAL_DATA,SENYAR,2025-11-26 06:00:00,48,Deterministic mean-track,1,0,1,0.0,0.0,0.0,0.0,0,1,0,1,
REAL_HUMANITARIAN_GEOSPATIAL_DATA,SENYAR,2025-11-26 06:00:00,48,P90 envelope,1,0,1,0.0,0.0,0.0,0.0,0,1,0,1,
REAL_HUMANITARIAN_GEOSPATIAL_DATA,SENYAR,2025-11-26 06:00:00,48,Ensemble probability-weighted,1,0,1,0.0,0.0,0.0,0.0,0,1,0,1,
REAL_HUMANITARIAN_GEOSPATIAL_DATA,SENYAR,2025-11-26 12:00:00,48,Deterministic mean-track,0,0,0,,,,,0,0,0,0,
REAL_HUMANITARIAN_GEOSPATIAL_DATA,SENYAR,2025-11-26 12:00:00,48,P90 envelope,0,3,3,,,,,0,0,0,0,
REAL_HUMANITARIAN_GEOSPATIAL_DATA,SENYAR,2025-11-26 12:00:00,48,Ensemble probability-weighted,0,0,0,,,,,0,0,0,0,
REAL_HUMANITARIAN_GEOSPATIAL_DATA,SENYAR,2025-11-26 18:00:00,48,Deterministic mean-track,0,0,0,,,,,0,0,0,0,
REAL_HUMANITARIAN_GEOSPATIAL_DATA,SENYAR,2025-11-26 18:00:00,48,P90 envelope,0,3,3,,,,,0,0,0,0,
REAL_HUMANITARIAN_GEOSPATIAL_DATA,SENYAR,2025-11-26 18:00:00,48,Ensemble probability-weighted,0,1,1,,,,,0,0,0,0,
REAL_HUMANITARIAN_GEOSPATIAL_DATA,SENYAR,2025-11-27 00:00:00,48,Deterministic mean-track,0,0,0,,,,,0,0,0,0,
REAL_HUMANITARIAN_GEOSPATIAL_DATA,SENYAR,2025-11-27 00:00:00,48,P90 envelope,0,2,2,,,,,0,0,0,0,
REAL_HUMANITARIAN_GEOSPATIAL_DATA,SENYAR,2025-11-27 00:00:00,48,Ensemble probability-weighted,0,1,1,,,,,0,0,0,0,
REAL_HUMANITARIAN_GEOSPATIAL_DATA,SENYAR,2025-11-27 06:00:00,48,Deterministic mean-track,0,0,0,,,,,0,0,0,0,
REAL_HUMANITARIAN_GEOSPATIAL_DATA,SENYAR,2025-11-27 06:00:00,48,P90 envelope,0,2,2,,,,,0,0,0,0,
REAL_HUMANITARIAN_GEOSPATIAL_DATA,SENYAR,2025-11-27 06:00:00,48,Ensemble probability-weighted,0,0,0,,,,,0,0,0,0,
REAL_HUMANITARIAN_GEOSPATIAL_DATA,SENYAR,2025-11-27 12:00:00,48,Deterministic mean-track,0,0,0,,,,,0,0,0,0,
REAL_HUMANITARIAN_GEOSPATIAL_DATA,SENYAR,2025-11-27 12:00:00,48,P90 envelope,0,2,2,,,,,0,0,0,0,
REAL_HUMANITARIAN_GEOSPATIAL_DATA,SENYAR,2025-11-27 12:00:00,48,Ensemble probability-weighted,0,0,0,,,,,0,0,0,0,
REAL_HUMANITARIAN_GEOSPATIAL_DATA,SENYAR,2025-11-27 18:00:00,48,Deterministic mean-track,0,0,0,,,,,0,0,0,0,
REAL_HUMANITARIAN_GEOSPATIAL_DATA,SENYAR,2025-11-27 18:00:00,48,P90 envelope,0,2,2,,,,,0,0,0,0,
REAL_HUMANITARIAN_GEOSPATIAL_DATA,SENYAR,2025-11-27 18:00:00,48,Ensemble probability-weighted,0,0,0,,,,,0,0,0,0,
REAL_HUMANITARIAN_GEOSPATIAL_DATA,SONIA,2025-10-25 12:00:00,48,Deterministic mean-track,0,0,0,,,,,0,0,0,0,
REAL_HUMANITARIAN_GEOSPATIAL_DATA,SONIA,2025-10-25 12:00:00,48,P90 envelope,0,0,0,,,,,0,0,0,0,
REAL_HUMANITARIAN_GEOSPATIAL_DATA,SONIA,2025-10-25 12:00:00,48,Ensemble probability-weighted,0,0,0,,,,,0,0,0,0,
REAL_HUMANITARIAN_GEOSPATIAL_DATA,SONIA,2025-10-25 18:00:00,48,Deterministic mean-track,0,0,0,,,,,0,0,0,0,
REAL_HUMANITARIAN_GEOSPATIAL_DATA,SONIA,2025-10-25 18:00:00,48,P90 envelope,0,0,0,,,,,0,0,0,0,
REAL_HUMANITARIAN_GEOSPATIAL_DATA,SONIA,2025-10-25 18:00:00,48,Ensemble probability-weighted,0,0,0,,,,,0,0,0,0,
REAL_HUMANITARIAN_GEOSPATIAL_DATA,SONIA,2025-10-26 00:00:00,48,Deterministic mean-track,0,0,0,,,,,0,0,0,0,
REAL_HUMANITARIAN_GEOSPATIAL_DATA,SONIA,2025-10-26 00:00:00,48,P90 envelope,0,0,0,,,,,0,0,0,0,
REAL_HUMANITARIAN_GEOSPATIAL_DATA,SONIA,2025-10-26 00:00:00,48,Ensemble probability-weighted,0,0,0,,,,,0,0,0,0,
REAL_HUMANITARIAN_GEOSPATIAL_DATA,SONIA,2025-10-26 06:00:00,48,Deterministic mean-track,0,0,0,,,,,0,0,0,0,
REAL_HUMANITARIAN_GEOSPATIAL_DATA,SONIA,2025-10-26 06:00:00,48,P90 envelope,0,0,0,,,,,0,0,0,0,
REAL_HUMANITARIAN_GEOSPATIAL_DATA,SONIA,2025-10-26 06:00:00,48,Ensemble probability-weighted,0,0,0,,,,,0,0,0,0,
REAL_HUMANITARIAN_GEOSPATIAL_DATA,SONIA,2025-10-26 12:00:00,48,Deterministic mean-track,0,0,0,,,,,0,0,0,0,
REAL_HUMANITARIAN_GEOSPATIAL_DATA,SONIA,2025-10-26 12:00:00,48,P90 envelope,0,0,0,,,,,0,0,0,0,
REAL_HUMANITARIAN_GEOSPATIAL_DATA,SONIA,2025-10-26 12:00:00,48,Ensemble probability-weighted,0,0,0,,,,,0,0,0,0,
REAL_HUMANITARIAN_GEOSPATIAL_DATA,SONIA,2025-10-26 18:00:00,48,Deterministic mean-track,0,0,0,,,,,0,0,0,0,
REAL_HUMANITARIAN_GEOSPATIAL_DATA,SONIA,2025-10-26 18:00:00,48,P90 envelope,0,0,0,,,,,0,0,0,0,
REAL_HUMANITARIAN_GEOSPATIAL_DATA,SONIA,2025-10-26 18:00:00,48,Ensemble probability-weighted,0,0,0,,,,,0,0,0,0,
REAL_HUMANITARIAN_GEOSPATIAL_DATA,SONIA,2025-10-27 00:00:00,48,Deterministic mean-track,0,0,0,,,,,0,0,0,0,
REAL_HUMANITARIAN_GEOSPATIAL_DATA,SONIA,2025-10-27 00:00:00,48,P90 envelope,0,0,0,,,,,0,0,0,0,
REAL_HUMANITARIAN_GEOSPATIAL_DATA,SONIA,2025-10-27 00:00:00,48,Ensemble probability-weighted,0,0,0,,,,,0,0,0,0,
REAL_HUMANITARIAN_GEOSPATIAL_DATA,SONIA,2025-10-27 06:00:00,48,Deterministic mean-track,0,0,0,,,,,0,0,0,0,
REAL_HUMANITARIAN_GEOSPATIAL_DATA,SONIA,2025-10-27 06:00:00,48,P90 envelope,0,0,0,,,,,0,0,0,0,
REAL_HUMANITARIAN_GEOSPATIAL_DATA,SONIA,2025-10-27 06:00:00,48,Ensemble probability-weighted,0,0,0,,,,,0,0,0,0,
REAL_HUMANITARIAN_GEOSPATIAL_DATA,SONIA,2025-10-27 12:00:00,48,Deterministic mean-track,0,0,0,,,,,0,0,0,0,
REAL_HUMANITARIAN_GEOSPATIAL_DATA,SONIA,2025-10-27 12:00:00,48,P90 envelope,0,0,0,,,,,0,0,0,0,
REAL_HUMANITARIAN_GEOSPATIAL_DATA,SONIA,2025-10-27 12:00:00,48,Ensemble probability-weighted,0,0,0,,,,,0,0,0,0,
REAL_HUMANITARIAN_GEOSPATIAL_DATA,SONIA,2025-10-27 18:00:00,48,Deterministic mean-track,0,0,0,,,,,0,0,0,0,
REAL_HUMANITARIAN_GEOSPATIAL_DATA,SONIA,2025-10-27 18:00:00,48,P90 envelope,0,0,0,,,,,0,0,0,0,
REAL_HUMANITARIAN_GEOSPATIAL_DATA,SONIA,2025-10-27 18:00:00,48,Ensemble probability-weighted,0,0,0,,,,,0,0,0,0,
REAL_HUMANITARIAN_GEOSPATIAL_DATA,DITWAH,2025-11-27 12:00:00,72,Deterministic mean-track,0,0,0,,,,,0,0,0,0,
REAL_HUMANITARIAN_GEOSPATIAL_DATA,DITWAH,2025-11-27 12:00:00,72,P90 envelope,0,3,3,,,,,0,0,0,0,
REAL_HUMANITARIAN_GEOSPATIAL_DATA,DITWAH,2025-11-27 12:00:00,72,Ensemble probability-weighted,0,1,1,,,,,0,0,0,0,
REAL_HUMANITARIAN_GEOSPATIAL_DATA,DITWAH,2025-11-27 18:00:00,72,Deterministic mean-track,0,1,1,,,,,0,0,0,0,
REAL_HUMANITARIAN_GEOSPATIAL_DATA,DITWAH,2025-11-27 18:00:00,72,P90 envelope,0,3,3,,,,,0,0,0,0,
REAL_HUMANITARIAN_GEOSPATIAL_DATA,DITWAH,2025-11-27 18:00:00,72,Ensemble probability-weighted,0,2,2,,,,,0,0,0,0,
REAL_HUMANITARIAN_GEOSPATIAL_DATA,DITWAH,2025-11-28 00:00:00,72,Deterministic mean-track,0,1,1,,,,,0,0,0,0,
REAL_HUMANITARIAN_GEOSPATIAL_DATA,DITWAH,2025-11-28 00:00:00,72,P90 envelope,0,3,3,,,,,0,0,0,0,
REAL_HUMANITARIAN_GEOSPATIAL_DATA,DITWAH,2025-11-28 00:00:00,72,Ensemble probability-weighted,0,1,1,,,,,0,0,0,0,
REAL_HUMANITARIAN_GEOSPATIAL_DATA,DITWAH,2025-11-28 06:00:00,72,Deterministic mean-track,0,0,0,,,,,0,0,0,0,
REAL_HUMANITARIAN_GEOSPATIAL_DATA,DITWAH,2025-11-28 06:00:00,72,P90 envelope,0,1,1,,,,,0,0,0,0,
REAL_HUMANITARIAN_GEOSPATIAL_DATA,DITWAH,2025-11-28 06:00:00,72,Ensemble probability-weighted,0,1,1,,,,,0,0,0,0,
REAL_HUMANITARIAN_GEOSPATIAL_DATA,DITWAH,2025-11-28 12:00:00,72,Deterministic mean-track,0,0,0,,,,,0,0,0,0,
REAL_HUMANITARIAN_GEOSPATIAL_DATA,DITWAH,2025-11-28 12:00:00,72,P90 envelope,0,2,2,,,,,0,0,0,0,
REAL_HUMANITARIAN_GEOSPATIAL_DATA,DITWAH,2025-11-28 12:00:00,72,Ensemble probability-weighted,0,1,1,,,,,0,0,0,0,
REAL_HUMANITARIAN_GEOSPATIAL_DATA,DITWAH,2025-11-28 18:00:00,72,Deterministic mean-track,0,0,0,,,,,0,0,0,0,
REAL_HUMANITARIAN_GEOSPATIAL_DATA,DITWAH,2025-11-28 18:00:00,72,P90 envelope,0,1,1,,,,,0,0,0,0,
REAL_HUMANITARIAN_GEOSPATIAL_DATA,DITWAH,2025-11-28 18:00:00,72,Ensemble probability-weighted,0,1,1,,,,,0,0,0,0,
REAL_HUMANITARIAN_GEOSPATIAL_DATA,DITWAH,2025-11-29 00:00:00,72,Deterministic mean-track,0,0,0,,,,,0,0,0,0,
REAL_HUMANITARIAN_GEOSPATIAL_DATA,DITWAH,2025-11-29 00:00:00,72,P90 envelope,0,1,1,,,,,0,0,0,0,
REAL_HUMANITARIAN_GEOSPATIAL_DATA,DITWAH,2025-11-29 00:00:00,72,Ensemble probability-weighted,0,1,1,,,,,0,0,0,0,
REAL_HUMANITARIAN_GEOSPATIAL_DATA,DITWAH,2025-11-29 06:00:00,72,Deterministic mean-track,0,0,0,,,,,0,0,0,0,
REAL_HUMANITARIAN_GEOSPATIAL_DATA,DITWAH,2025-11-29 06:00:00,72,P90 envelope,0,1,1,,,,,0,0,0,0,
REAL_HUMANITARIAN_GEOSPATIAL_DATA,DITWAH,2025-11-29 06:00:00,72,Ensemble probability-weighted,0,1,1,,,,,0,0,0,0,
REAL_HUMANITARIAN_GEOSPATIAL_DATA,DITWAH,2025-11-29 12:00:00,72,Deterministic mean-track,0,0,0,,,,,0,0,0,0,
REAL_HUMANITARIAN_GEOSPATIAL_DATA,DITWAH,2025-11-29 12:00:00,72,P90 envelope,0,2,2,,,,,0,0,0,0,
REAL_HUMANITARIAN_GEOSPATIAL_DATA,DITWAH,2025-11-29 12:00:00,72,Ensemble probability-weighted,0,1,1,,,,,0,0,0,0,
REAL_HUMANITARIAN_GEOSPATIAL_DATA,DITWAH,2025-11-29 18:00:00,72,Deterministic mean-track,1,0,1,0.0,0.0,0.0,0.0,0,1,0,1,
REAL_HUMANITARIAN_GEOSPATIAL_DATA,DITWAH,2025-11-29 18:00:00,72,P90 envelope,1,1,1,1.0,1.0,1.0,1.0,1,1,1,1,
REAL_HUMANITARIAN_GEOSPATIAL_DATA,DITWAH,2025-11-29 18:00:00,72,Ensemble probability-weighted,1,1,1,1.0,1.0,1.0,1.0,1,1,1,1,
REAL_HUMANITARIAN_GEOSPATIAL_DATA,DUDZAI,2026-01-15 06:00:00,72,Deterministic mean-track,0,0,0,,,,,0,0,0,0,
REAL_HUMANITARIAN_GEOSPATIAL_DATA,DUDZAI,2026-01-15 06:00:00,72,P90 envelope,0,1,1,,,,,0,0,0,0,
REAL_HUMANITARIAN_GEOSPATIAL_DATA,DUDZAI,2026-01-15 06:00:00,72,Ensemble probability-weighted,0,0,0,,,,,0,0,0,0,
REAL_HUMANITARIAN_GEOSPATIAL_DATA,FINA,2025-11-18 18:00:00,72,Deterministic mean-track,0,1,1,,,,,0,0,0,0,
REAL_HUMANITARIAN_GEOSPATIAL_DATA,FINA,2025-11-18 18:00:00,72,P90 envelope,0,2,2,,,,,0,0,0,0,
REAL_HUMANITARIAN_GEOSPATIAL_DATA,FINA,2025-11-18 18:00:00,72,Ensemble probability-weighted,0,1,1,,,,,0,0,0,0,
REAL_HUMANITARIAN_GEOSPATIAL_DATA,FINA,2025-11-19 00:00:00,72,Deterministic mean-track,0,0,0,,,,,0,0,0,0,
REAL_HUMANITARIAN_GEOSPATIAL_DATA,FINA,2025-11-19 00:00:00,72,P90 envelope,0,1,1,,,,,0,0,0,0,
REAL_HUMANITARIAN_GEOSPATIAL_DATA,FINA,2025-11-19 00:00:00,72,Ensemble probability-weighted,0,1,1,,,,,0,0,0,0,
REAL_HUMANITARIAN_GEOSPATIAL_DATA,FINA,2025-11-19 06:00:00,72,Deterministic mean-track,0,0,0,,,,,0,0,0,0,
REAL_HUMANITARIAN_GEOSPATIAL_DATA,FINA,2025-11-19 06:00:00,72,P90 envelope,0,1,1,,,,,0,0,0,0,
REAL_HUMANITARIAN_GEOSPATIAL_DATA,FINA,2025-11-19 06:00:00,72,Ensemble probability-weighted,0,1,1,,,,,0,0,0,0,
REAL_HUMANITARIAN_GEOSPATIAL_DATA,FINA,2025-11-19 12:00:00,72,Deterministic mean-track,1,0,1,0.0,0.0,0.0,0.0,0,1,0,1,
REAL_HUMANITARIAN_GEOSPATIAL_DATA,FINA,2025-11-19 12:00:00,72,P90 envelope,1,1,1,1.0,1.0,1.0,1.0,1,1,1,1,
REAL_HUMANITARIAN_GEOSPATIAL_DATA,FINA,2025-11-19 12:00:00,72,Ensemble probability-weighted,1,1,1,1.0,1.0,1.0,1.0,1,1,1,1,
REAL_HUMANITARIAN_GEOSPATIAL_DATA,FINA,2025-11-19 18:00:00,72,Deterministic mean-track,0,1,1,,,,,0,0,0,0,
REAL_HUMANITARIAN_GEOSPATIAL_DATA,FINA,2025-11-19 18:00:00,72,P90 envelope,0,2,2,,,,,0,0,0,0,
REAL_HUMANITARIAN_GEOSPATIAL_DATA,FINA,2025-11-19 18:00:00,72,Ensemble probability-weighted,0,2,2,,,,,0,0,0,0,
REAL_HUMANITARIAN_GEOSPATIAL_DATA,FINA,2025-11-20 00:00:00,72,Deterministic mean-track,1,0,1,0.0,0.0,0.0,0.0,0,1,0,1,
REAL_HUMANITARIAN_GEOSPATIAL_DATA,FINA,2025-11-20 00:00:00,72,P90 envelope,1,2,2,1.0,1.0,1.0,1.0,1,1,1,1,
REAL_HUMANITARIAN_GEOSPATIAL_DATA,FINA,2025-11-20 00:00:00,72,Ensemble probability-weighted,1,2,2,1.0,1.0,1.0,1.0,1,1,1,1,
REAL_HUMANITARIAN_GEOSPATIAL_DATA,FINA,2025-11-20 06:00:00,72,Deterministic mean-track,0,0,0,,,,,0,0,0,0,
REAL_HUMANITARIAN_GEOSPATIAL_DATA,FINA,2025-11-20 06:00:00,72,P90 envelope,0,2,2,,,,,0,0,0,0,
REAL_HUMANITARIAN_GEOSPATIAL_DATA,FINA,2025-11-20 06:00:00,72,Ensemble probability-weighted,0,2,2,,,,,0,0,0,0,
REAL_HUMANITARIAN_GEOSPATIAL_DATA,FINA,2025-11-20 12:00:00,72,Deterministic mean-track,0,0,0,,,,,0,0,0,0,
REAL_HUMANITARIAN_GEOSPATIAL_DATA,FINA,2025-11-20 12:00:00,72,P90 envelope,0,2,2,,,,,0,0,0,0,
REAL_HUMANITARIAN_GEOSPATIAL_DATA,FINA,2025-11-20 12:00:00,72,Ensemble probability-weighted,0,2,2,,,,,0,0,0,0,
REAL_HUMANITARIAN_GEOSPATIAL_DATA,FINA,2025-11-20 18:00:00,72,Deterministic mean-track,0,0,0,,,,,0,0,0,0,
REAL_HUMANITARIAN_GEOSPATIAL_DATA,FINA,2025-11-20 18:00:00,72,P90 envelope,0,2,2,,,,,0,0,0,0,
REAL_HUMANITARIAN_GEOSPATIAL_DATA,FINA,2025-11-20 18:00:00,72,Ensemble probability-weighted,0,2,2,,,,,0,0,0,0,
REAL_HUMANITARIAN_GEOSPATIAL_DATA,FINA,2025-11-21 00:00:00,72,Deterministic mean-track,1,0,1,0.0,0.0,0.0,0.0,0,1,0,1,
REAL_HUMANITARIAN_GEOSPATIAL_DATA,FINA,2025-11-21 00:00:00,72,P90 envelope,1,2,2,1.0,1.0,1.0,1.0,1,1,1,1,
REAL_HUMANITARIAN_GEOSPATIAL_DATA,FINA,2025-11-21 00:00:00,72,Ensemble probability-weighted,1,2,2,1.0,1.0,1.0,1.0,1,1,1,1,
REAL_HUMANITARIAN_GEOSPATIAL_DATA,FINA,2025-11-21 06:00:00,72,Deterministic mean-track,0,0,0,,,,,0,0,0,0,
REAL_HUMANITARIAN_GEOSPATIAL_DATA,FINA,2025-11-21 06:00:00,72,P90 envelope,0,2,2,,,,,0,0,0,0,
REAL_HUMANITARIAN_GEOSPATIAL_DATA,FINA,2025-11-21 06:00:00,72,Ensemble probability-weighted,0,2,2,,,,,0,0,0,0,
REAL_HUMANITARIAN_GEOSPATIAL_DATA,FINA,2025-11-21 12:00:00,72,Deterministic mean-track,0,1,1,,,,,0,0,0,0,
REAL_HUMANITARIAN_GEOSPATIAL_DATA,FINA,2025-11-21 12:00:00,72,P90 envelope,0,2,2,,,,,0,0,0,0,
REAL_HUMANITARIAN_GEOSPATIAL_DATA,FINA,2025-11-21 12:00:00,72,Ensemble probability-weighted,0,2,2,,,,,0,0,0,0,
REAL_HUMANITARIAN_GEOSPATIAL_DATA,FINA,2025-11-21 18:00:00,72,Deterministic mean-track,0,0,0,,,,,0,0,0,0,
REAL_HUMANITARIAN_GEOSPATIAL_DATA,FINA,2025-11-21 18:00:00,72,P90 envelope,0,2,2,,,,,0,0,0,0,
REAL_HUMANITARIAN_GEOSPATIAL_DATA,FINA,2025-11-21 18:00:00,72,Ensemble probability-weighted,0,2,2,,,,,0,0,0,0,
REAL_HUMANITARIAN_GEOSPATIAL_DATA,FINA,2025-11-22 00:00:00,72,Deterministic mean-track,1,0,1,0.0,0.0,0.0,0.0,0,1,0,1,
REAL_HUMANITARIAN_GEOSPATIAL_DATA,FINA,2025-11-22 00:00:00,72,P90 envelope,1,2,2,1.0,1.0,1.0,1.0,1,1,1,1,
REAL_HUMANITARIAN_GEOSPATIAL_DATA,FINA,2025-11-22 00:00:00,72,Ensemble probability-weighted,1,2,2,1.0,1.0,1.0,1.0,1,1,1,1,
REAL_HUMANITARIAN_GEOSPATIAL_DATA,FINA,2025-11-22 06:00:00,72,Deterministic mean-track,0,0,0,,,,,0,0,0,0,
REAL_HUMANITARIAN_GEOSPATIAL_DATA,FINA,2025-11-22 06:00:00,72,P90 envelope,0,3,3,,,,,0,0,0,0,
REAL_HUMANITARIAN_GEOSPATIAL_DATA,FINA,2025-11-22 06:00:00,72,Ensemble probability-weighted,0,2,2,,,,,0,0,0,0,
REAL_HUMANITARIAN_GEOSPATIAL_DATA,FUNG-WONG,2025-11-05 18:00:00,72,Deterministic mean-track,0,0,0,,,,,0,0,0,0,
REAL_HUMANITARIAN_GEOSPATIAL_DATA,FUNG-WONG,2025-11-05 18:00:00,72,P90 envelope,0,0,0,,,,,0,0,0,0,
REAL_HUMANITARIAN_GEOSPATIAL_DATA,FUNG-WONG,2025-11-05 18:00:00,72,Ensemble probability-weighted,0,0,0,,,,,0,0,0,0,
REAL_HUMANITARIAN_GEOSPATIAL_DATA,FUNG-WONG,2025-11-06 00:00:00,72,Deterministic mean-track,0,0,0,,,,,0,0,0,0,
REAL_HUMANITARIAN_GEOSPATIAL_DATA,FUNG-WONG,2025-11-06 00:00:00,72,P90 envelope,0,1,1,,,,,0,0,0,0,
REAL_HUMANITARIAN_GEOSPATIAL_DATA,FUNG-WONG,2025-11-06 00:00:00,72,Ensemble probability-weighted,0,1,1,,,,,0,0,0,0,
REAL_HUMANITARIAN_GEOSPATIAL_DATA,FUNG-WONG,2025-11-06 06:00:00,72,Deterministic mean-track,0,0,0,,,,,0,0,0,0,
REAL_HUMANITARIAN_GEOSPATIAL_DATA,FUNG-WONG,2025-11-06 06:00:00,72,P90 envelope,0,1,1,,,,,0,0,0,0,
REAL_HUMANITARIAN_GEOSPATIAL_DATA,FUNG-WONG,2025-11-06 06:00:00,72,Ensemble probability-weighted,0,1,1,,,,,0,0,0,0,
REAL_HUMANITARIAN_GEOSPATIAL_DATA,FUNG-WONG,2025-11-06 12:00:00,72,Deterministic mean-track,0,0,0,,,,,0,0,0,0,
REAL_HUMANITARIAN_GEOSPATIAL_DATA,FUNG-WONG,2025-11-06 12:00:00,72,P90 envelope,0,1,1,,,,,0,0,0,0,
REAL_HUMANITARIAN_GEOSPATIAL_DATA,FUNG-WONG,2025-11-06 12:00:00,72,Ensemble probability-weighted,0,1,1,,,,,0,0,0,0,
REAL_HUMANITARIAN_GEOSPATIAL_DATA,FUNG-WONG,2025-11-06 18:00:00,72,Deterministic mean-track,1,0,1,0.0,0.0,0.0,0.0,0,1,0,1,
REAL_HUMANITARIAN_GEOSPATIAL_DATA,FUNG-WONG,2025-11-06 18:00:00,72,P90 envelope,1,1,1,1.0,1.0,1.0,1.0,1,1,1,1,
REAL_HUMANITARIAN_GEOSPATIAL_DATA,FUNG-WONG,2025-11-06 18:00:00,72,Ensemble probability-weighted,1,1,1,1.0,1.0,1.0,1.0,1,1,1,1,
REAL_HUMANITARIAN_GEOSPATIAL_DATA,FUNG-WONG,2025-11-07 00:00:00,72,Deterministic mean-track,0,0,0,,,,,0,0,0,0,
REAL_HUMANITARIAN_GEOSPATIAL_DATA,FUNG-WONG,2025-11-07 00:00:00,72,P90 envelope,0,1,1,,,,,0,0,0,0,
REAL_HUMANITARIAN_GEOSPATIAL_DATA,FUNG-WONG,2025-11-07 00:00:00,72,Ensemble probability-weighted,0,1,1,,,,,0,0,0,0,
REAL_HUMANITARIAN_GEOSPATIAL_DATA,FUNG-WONG,2025-11-07 06:00:00,72,Deterministic mean-track,0,0,0,,,,,0,0,0,0,
REAL_HUMANITARIAN_GEOSPATIAL_DATA,FUNG-WONG,2025-11-07 06:00:00,72,P90 envelope,0,1,1,,,,,0,0,0,0,
REAL_HUMANITARIAN_GEOSPATIAL_DATA,FUNG-WONG,2025-11-07 06:00:00,72,Ensemble probability-weighted,0,1,1,,,,,0,0,0,0,
REAL_HUMANITARIAN_GEOSPATIAL_DATA,FUNG-WONG,2025-11-07 12:00:00,72,Deterministic mean-track,0,0,0,,,,,0,0,0,0,
REAL_HUMANITARIAN_GEOSPATIAL_DATA,FUNG-WONG,2025-11-07 12:00:00,72,P90 envelope,0,1,1,,,,,0,0,0,0,
REAL_HUMANITARIAN_GEOSPATIAL_DATA,FUNG-WONG,2025-11-07 12:00:00,72,Ensemble probability-weighted,0,1,1,,,,,0,0,0,0,
REAL_HUMANITARIAN_GEOSPATIAL_DATA,FUNG-WONG,2025-11-07 18:00:00,72,Deterministic mean-track,0,0,0,,,,,0,0,0,0,
REAL_HUMANITARIAN_GEOSPATIAL_DATA,FUNG-WONG,2025-11-07 18:00:00,72,P90 envelope,0,1,1,,,,,0,0,0,0,
REAL_HUMANITARIAN_GEOSPATIAL_DATA,FUNG-WONG,2025-11-07 18:00:00,72,Ensemble probability-weighted,0,1,1,,,,,0,0,0,0,
REAL_HUMANITARIAN_GEOSPATIAL_DATA,FUNG-WONG,2025-11-08 00:00:00,72,Deterministic mean-track,0,0,0,,,,,0,0,0,0,
REAL_HUMANITARIAN_GEOSPATIAL_DATA,FUNG-WONG,2025-11-08 00:00:00,72,P90 envelope,0,0,0,,,,,0,0,0,0,
REAL_HUMANITARIAN_GEOSPATIAL_DATA,FUNG-WONG,2025-11-08 00:00:00,72,Ensemble probability-weighted,0,0,0,,,,,0,0,0,0,
REAL_HUMANITARIAN_GEOSPATIAL_DATA,FUNG-WONG,2025-11-08 06:00:00,72,Deterministic mean-track,0,0,0,,,,,0,0,0,0,
REAL_HUMANITARIAN_GEOSPATIAL_DATA,FUNG-WONG,2025-11-08 06:00:00,72,P90 envelope,0,0,0,,,,,0,0,0,0,
REAL_HUMANITARIAN_GEOSPATIAL_DATA,FUNG-WONG,2025-11-08 06:00:00,72,Ensemble probability-weighted,0,0,0,,,,,0,0,0,0,
REAL_HUMANITARIAN_GEOSPATIAL_DATA,FUNG-WONG,2025-11-08 12:00:00,72,Deterministic mean-track,0,0,0,,,,,0,0,0,0,
REAL_HUMANITARIAN_GEOSPATIAL_DATA,FUNG-WONG,2025-11-08 12:00:00,72,P90 envelope,0,0,0,,,,,0,0,0,0,
REAL_HUMANITARIAN_GEOSPATIAL_DATA,FUNG-WONG,2025-11-08 12:00:00,72,Ensemble probability-weighted,0,0,0,,,,,0,0,0,0,
REAL_HUMANITARIAN_GEOSPATIAL_DATA,FUNG-WONG,2025-11-08 18:00:00,72,Deterministic mean-track,0,0,0,,,,,0,0,0,0,
REAL_HUMANITARIAN_GEOSPATIAL_DATA,FUNG-WONG,2025-11-08 18:00:00,72,P90 envelope,0,1,1,,,,,0,0,0,0,
REAL_HUMANITARIAN_GEOSPATIAL_DATA,FUNG-WONG,2025-11-08 18:00:00,72,Ensemble probability-weighted,0,0,0,,,,,0,0,0,0,
REAL_HUMANITARIAN_GEOSPATIAL_DATA,FUNG-WONG,2025-11-09 00:00:00,72,Deterministic mean-track,0,0,0,,,,,0,0,0,0,
REAL_HUMANITARIAN_GEOSPATIAL_DATA,FUNG-WONG,2025-11-09 00:00:00,72,P90 envelope,0,2,2,,,,,0,0,0,0,
REAL_HUMANITARIAN_GEOSPATIAL_DATA,FUNG-WONG,2025-11-09 00:00:00,72,Ensemble probability-weighted,0,1,1,,,,,0,0,0,0,
REAL_HUMANITARIAN_GEOSPATIAL_DATA,FUNG-WONG,2025-11-09 06:00:00,72,Deterministic mean-track,0,0,0,,,,,0,0,0,0,
REAL_HUMANITARIAN_GEOSPATIAL_DATA,FUNG-WONG,2025-11-09 06:00:00,72,P90 envelope,0,2,2,,,,,0,0,0,0,
REAL_HUMANITARIAN_GEOSPATIAL_DATA,FUNG-WONG,2025-11-09 06:00:00,72,Ensemble probability-weighted,0,1,1,,,,,0,0,0,0,
REAL_HUMANITARIAN_GEOSPATIAL_DATA,FUNG-WONG,2025-11-09 12:00:00,72,Deterministic mean-track,0,0,0,,,,,0,0,0,0,
REAL_HUMANITARIAN_GEOSPATIAL_DATA,FUNG-WONG,2025-11-09 12:00:00,72,P90 envelope,0,2,2,,,,,0,0,0,0,
REAL_HUMANITARIAN_GEOSPATIAL_DATA,FUNG-WONG,2025-11-09 12:00:00,72,Ensemble probability-weighted,0,2,2,,,,,0,0,0,0,
REAL_HUMANITARIAN_GEOSPATIAL_DATA,FUNG-WONG,2025-11-09 18:00:00,72,Deterministic mean-track,0,1,1,,,,,0,0,0,0,
REAL_HUMANITARIAN_GEOSPATIAL_DATA,FUNG-WONG,2025-11-09 18:00:00,72,P90 envelope,0,4,4,,,,,0,0,0,0,
REAL_HUMANITARIAN_GEOSPATIAL_DATA,FUNG-WONG,2025-11-09 18:00:00,72,Ensemble probability-weighted,0,2,2,,,,,0,0,0,0,
REAL_HUMANITARIAN_GEOSPATIAL_DATA,FUNG-WONG,2025-11-10 00:00:00,72,Deterministic mean-track,1,0,1,0.0,0.0,0.0,0.0,0,1,0,1,
REAL_HUMANITARIAN_GEOSPATIAL_DATA,FUNG-WONG,2025-11-10 00:00:00,72,P90 envelope,1,4,4,0.5,0.5,1.0,1.0,1,1,1,1,-0.2581988897471611
REAL_HUMANITARIAN_GEOSPATIAL_DATA,FUNG-WONG,2025-11-10 00:00:00,72,Ensemble probability-weighted,1,3,3,0.5,0.5,1.0,1.0,1,1,1,1,-0.8660254037844387
REAL_HUMANITARIAN_GEOSPATIAL_DATA,FUNG-WONG,2025-11-10 06:00:00,72,Deterministic mean-track,0,1,1,,,,,0,0,0,0,
REAL_HUMANITARIAN_GEOSPATIAL_DATA,FUNG-WONG,2025-11-10 06:00:00,72,P90 envelope,0,4,4,,,,,0,0,0,0,
REAL_HUMANITARIAN_GEOSPATIAL_DATA,FUNG-WONG,2025-11-10 06:00:00,72,Ensemble probability-weighted,0,2,2,,,,,0,0,0,0,
REAL_HUMANITARIAN_GEOSPATIAL_DATA,FUNG-WONG,2025-11-10 12:00:00,72,Deterministic mean-track,0,0,0,,,,,0,0,0,0,
REAL_HUMANITARIAN_GEOSPATIAL_DATA,FUNG-WONG,2025-11-10 12:00:00,72,P90 envelope,0,3,3,,,,,0,0,0,0,
REAL_HUMANITARIAN_GEOSPATIAL_DATA,FUNG-WONG,2025-11-10 12:00:00,72,Ensemble probability-weighted,0,1,1,,,,,0,0,0,0,
REAL_HUMANITARIAN_GEOSPATIAL_DATA,FUNG-WONG,2025-11-10 18:00:00,72,Deterministic mean-track,0,0,0,,,,,0,0,0,0,
REAL_HUMANITARIAN_GEOSPATIAL_DATA,FUNG-WONG,2025-11-10 18:00:00,72,P90 envelope,0,2,2,,,,,0,0,0,0,
REAL_HUMANITARIAN_GEOSPATIAL_DATA,FUNG-WONG,2025-11-10 18:00:00,72,Ensemble probability-weighted,0,2,2,,,,,0,0,0,0,
REAL_HUMANITARIAN_GEOSPATIAL_DATA,GEZANI,2026-02-10 00:00:00,72,Deterministic mean-track,0,0,0,,,,,0,0,0,0,
REAL_HUMANITARIAN_GEOSPATIAL_DATA,GEZANI,2026-02-10 00:00:00,72,P90 envelope,0,1,1,,,,,0,0,0,0,
REAL_HUMANITARIAN_GEOSPATIAL_DATA,GEZANI,2026-02-10 00:00:00,72,Ensemble probability-weighted,0,0,0,,,,,0,0,0,0,
REAL_HUMANITARIAN_GEOSPATIAL_DATA,GEZANI,2026-02-10 06:00:00,72,Deterministic mean-track,0,0,0,,,,,0,0,0,0,
REAL_HUMANITARIAN_GEOSPATIAL_DATA,GEZANI,2026-02-10 06:00:00,72,P90 envelope,0,1,1,,,,,0,0,0,0,
REAL_HUMANITARIAN_GEOSPATIAL_DATA,GEZANI,2026-02-10 06:00:00,72,Ensemble probability-weighted,0,0,0,,,,,0,0,0,0,
REAL_HUMANITARIAN_GEOSPATIAL_DATA,GEZANI,2026-02-10 12:00:00,72,Deterministic mean-track,0,0,0,,,,,0,0,0,0,
REAL_HUMANITARIAN_GEOSPATIAL_DATA,GEZANI,2026-02-10 12:00:00,72,P90 envelope,0,2,2,,,,,0,0,0,0,
REAL_HUMANITARIAN_GEOSPATIAL_DATA,GEZANI,2026-02-10 12:00:00,72,Ensemble probability-weighted,0,1,1,,,,,0,0,0,0,
REAL_HUMANITARIAN_GEOSPATIAL_DATA,GEZANI,2026-02-10 18:00:00,72,Deterministic mean-track,0,0,0,,,,,0,0,0,0,
REAL_HUMANITARIAN_GEOSPATIAL_DATA,GEZANI,2026-02-10 18:00:00,72,P90 envelope,0,1,1,,,,,0,0,0,0,
REAL_HUMANITARIAN_GEOSPATIAL_DATA,GEZANI,2026-02-10 18:00:00,72,Ensemble probability-weighted,0,1,1,,,,,0,0,0,0,
REAL_HUMANITARIAN_GEOSPATIAL_DATA,GEZANI,2026-02-11 00:00:00,72,Deterministic mean-track,0,1,1,,,,,0,0,0,0,
REAL_HUMANITARIAN_GEOSPATIAL_DATA,GEZANI,2026-02-11 00:00:00,72,P90 envelope,0,2,2,,,,,0,0,0,0,
REAL_HUMANITARIAN_GEOSPATIAL_DATA,GEZANI,2026-02-11 00:00:00,72,Ensemble probability-weighted,0,1,1,,,,,0,0,0,0,
REAL_HUMANITARIAN_GEOSPATIAL_DATA,GEZANI,2026-02-11 06:00:00,72,Deterministic mean-track,0,0,0,,,,,0,0,0,0,
REAL_HUMANITARIAN_GEOSPATIAL_DATA,GEZANI,2026-02-11 06:00:00,72,P90 envelope,0,1,1,,,,,0,0,0,0,
REAL_HUMANITARIAN_GEOSPATIAL_DATA,GEZANI,2026-02-11 06:00:00,72,Ensemble probability-weighted,0,1,1,,,,,0,0,0,0,
REAL_HUMANITARIAN_GEOSPATIAL_DATA,GEZANI,2026-02-11 12:00:00,72,Deterministic mean-track,0,0,0,,,,,0,0,0,0,
REAL_HUMANITARIAN_GEOSPATIAL_DATA,GEZANI,2026-02-11 12:00:00,72,P90 envelope,0,1,1,,,,,0,0,0,0,
REAL_HUMANITARIAN_GEOSPATIAL_DATA,GEZANI,2026-02-11 12:00:00,72,Ensemble probability-weighted,0,1,1,,,,,0,0,0,0,
REAL_HUMANITARIAN_GEOSPATIAL_DATA,GEZANI,2026-02-11 18:00:00,72,Deterministic mean-track,0,0,0,,,,,0,0,0,0,
REAL_HUMANITARIAN_GEOSPATIAL_DATA,GEZANI,2026-02-11 18:00:00,72,P90 envelope,0,1,1,,,,,0,0,0,0,
REAL_HUMANITARIAN_GEOSPATIAL_DATA,GEZANI,2026-02-11 18:00:00,72,Ensemble probability-weighted,0,1,1,,,,,0,0,0,0,
REAL_HUMANITARIAN_GEOSPATIAL_DATA,GEZANI,2026-02-12 00:00:00,72,Deterministic mean-track,0,0,0,,,,,0,0,0,0,
REAL_HUMANITARIAN_GEOSPATIAL_DATA,GEZANI,2026-02-12 00:00:00,72,P90 envelope,0,1,1,,,,,0,0,0,0,
REAL_HUMANITARIAN_GEOSPATIAL_DATA,GEZANI,2026-02-12 00:00:00,72,Ensemble probability-weighted,0,0,0,,,,,0,0,0,0,
REAL_HUMANITARIAN_GEOSPATIAL_DATA,GEZANI,2026-02-12 06:00:00,72,Deterministic mean-track,0,0,0,,,,,0,0,0,0,
REAL_HUMANITARIAN_GEOSPATIAL_DATA,GEZANI,2026-02-12 06:00:00,72,P90 envelope,0,1,1,,,,,0,0,0,0,
REAL_HUMANITARIAN_GEOSPATIAL_DATA,GEZANI,2026-02-12 06:00:00,72,Ensemble probability-weighted,0,1,1,,,,,0,0,0,0,
REAL_HUMANITARIAN_GEOSPATIAL_DATA,GEZANI,2026-02-12 12:00:00,72,Deterministic mean-track,0,0,0,,,,,0,0,0,0,
REAL_HUMANITARIAN_GEOSPATIAL_DATA,GEZANI,2026-02-12 12:00:00,72,P90 envelope,0,1,1,,,,,0,0,0,0,
REAL_HUMANITARIAN_GEOSPATIAL_DATA,GEZANI,2026-02-12 12:00:00,72,Ensemble probability-weighted,0,0,0,,,,,0,0,0,0,
REAL_HUMANITARIAN_GEOSPATIAL_DATA,GEZANI,2026-02-12 18:00:00,72,Deterministic mean-track,0,0,0,,,,,0,0,0,0,
REAL_HUMANITARIAN_GEOSPATIAL_DATA,GEZANI,2026-02-12 18:00:00,72,P90 envelope,0,1,1,,,,,0,0,0,0,
REAL_HUMANITARIAN_GEOSPATIAL_DATA,GEZANI,2026-02-12 18:00:00,72,Ensemble probability-weighted,0,0,0,,,,,0,0,0,0,
REAL_HUMANITARIAN_GEOSPATIAL_DATA,GEZANI,2026-02-13 00:00:00,72,Deterministic mean-track,0,0,0,,,,,0,0,0,0,
REAL_HUMANITARIAN_GEOSPATIAL_DATA,GEZANI,2026-02-13 00:00:00,72,P90 envelope,0,2,2,,,,,0,0,0,0,
REAL_HUMANITARIAN_GEOSPATIAL_DATA,GEZANI,2026-02-13 00:00:00,72,Ensemble probability-weighted,0,0,0,,,,,0,0,0,0,
REAL_HUMANITARIAN_GEOSPATIAL_DATA,GEZANI,2026-02-13 06:00:00,72,Deterministic mean-track,0,0,0,,,,,0,0,0,0,
REAL_HUMANITARIAN_GEOSPATIAL_DATA,GEZANI,2026-02-13 06:00:00,72,P90 envelope,0,1,1,,,,,0,0,0,0,
REAL_HUMANITARIAN_GEOSPATIAL_DATA,GEZANI,2026-02-13 06:00:00,72,Ensemble probability-weighted,0,0,0,,,,,0,0,0,0,
REAL_HUMANITARIAN_GEOSPATIAL_DATA,GEZANI,2026-02-13 12:00:00,72,Deterministic mean-track,0,0,0,,,,,0,0,0,0,
REAL_HUMANITARIAN_GEOSPATIAL_DATA,GEZANI,2026-02-13 12:00:00,72,P90 envelope,0,1,1,,,,,0,0,0,0,
REAL_HUMANITARIAN_GEOSPATIAL_DATA,GEZANI,2026-02-13 12:00:00,72,Ensemble probability-weighted,0,1,1,,,,,0,0,0,0,
REAL_HUMANITARIAN_GEOSPATIAL_DATA,GEZANI,2026-02-13 18:00:00,72,Deterministic mean-track,0,0,0,,,,,0,0,0,0,
REAL_HUMANITARIAN_GEOSPATIAL_DATA,GEZANI,2026-02-13 18:00:00,72,P90 envelope,0,2,2,,,,,0,0,0,0,
REAL_HUMANITARIAN_GEOSPATIAL_DATA,GEZANI,2026-02-13 18:00:00,72,Ensemble probability-weighted,0,0,0,,,,,0,0,0,0,
REAL_HUMANITARIAN_GEOSPATIAL_DATA,KALMAEGI,2025-11-01 12:00:00,72,Deterministic mean-track,0,1,1,,,,,0,0,0,0,
REAL_HUMANITARIAN_GEOSPATIAL_DATA,KALMAEGI,2025-11-01 12:00:00,72,P90 envelope,0,2,2,,,,,0,0,0,0,
REAL_HUMANITARIAN_GEOSPATIAL_DATA,KALMAEGI,2025-11-01 12:00:00,72,Ensemble probability-weighted,0,1,1,,,,,0,0,0,0,
REAL_HUMANITARIAN_GEOSPATIAL_DATA,KALMAEGI,2025-11-01 18:00:00,72,Deterministic mean-track,0,0,0,,,,,0,0,0,0,
REAL_HUMANITARIAN_GEOSPATIAL_DATA,KALMAEGI,2025-11-01 18:00:00,72,P90 envelope,0,2,2,,,,,0,0,0,0,
REAL_HUMANITARIAN_GEOSPATIAL_DATA,KALMAEGI,2025-11-01 18:00:00,72,Ensemble probability-weighted,0,2,2,,,,,0,0,0,0,
REAL_HUMANITARIAN_GEOSPATIAL_DATA,KALMAEGI,2025-11-02 00:00:00,72,Deterministic mean-track,0,0,0,,,,,0,0,0,0,
REAL_HUMANITARIAN_GEOSPATIAL_DATA,KALMAEGI,2025-11-02 00:00:00,72,P90 envelope,0,2,2,,,,,0,0,0,0,
REAL_HUMANITARIAN_GEOSPATIAL_DATA,KALMAEGI,2025-11-02 00:00:00,72,Ensemble probability-weighted,0,1,1,,,,,0,0,0,0,
REAL_HUMANITARIAN_GEOSPATIAL_DATA,KALMAEGI,2025-11-02 12:00:00,72,Deterministic mean-track,0,0,0,,,,,0,0,0,0,
REAL_HUMANITARIAN_GEOSPATIAL_DATA,KALMAEGI,2025-11-02 12:00:00,72,P90 envelope,0,2,2,,,,,0,0,0,0,
REAL_HUMANITARIAN_GEOSPATIAL_DATA,KALMAEGI,2025-11-02 12:00:00,72,Ensemble probability-weighted,0,0,0,,,,,0,0,0,0,
REAL_HUMANITARIAN_GEOSPATIAL_DATA,KALMAEGI,2025-11-02 18:00:00,72,Deterministic mean-track,0,0,0,,,,,0,0,0,0,
REAL_HUMANITARIAN_GEOSPATIAL_DATA,KALMAEGI,2025-11-02 18:00:00,72,P90 envelope,0,0,0,,,,,0,0,0,0,
REAL_HUMANITARIAN_GEOSPATIAL_DATA,KALMAEGI,2025-11-02 18:00:00,72,Ensemble probability-weighted,0,0,0,,,,,0,0,0,0,
REAL_HUMANITARIAN_GEOSPATIAL_DATA,KALMAEGI,2025-11-03 00:00:00,72,Deterministic mean-track,0,0,0,,,,,0,0,0,0,
REAL_HUMANITARIAN_GEOSPATIAL_DATA,KALMAEGI,2025-11-03 00:00:00,72,P90 envelope,0,3,3,,,,,0,0,0,0,
REAL_HUMANITARIAN_GEOSPATIAL_DATA,KALMAEGI,2025-11-03 00:00:00,72,Ensemble probability-weighted,0,0,0,,,,,0,0,0,0,
REAL_HUMANITARIAN_GEOSPATIAL_DATA,KALMAEGI,2025-11-03 06:00:00,72,Deterministic mean-track,0,0,0,,,,,0,0,0,0,
REAL_HUMANITARIAN_GEOSPATIAL_DATA,KALMAEGI,2025-11-03 06:00:00,72,P90 envelope,0,2,2,,,,,0,0,0,0,
REAL_HUMANITARIAN_GEOSPATIAL_DATA,KALMAEGI,2025-11-03 06:00:00,72,Ensemble probability-weighted,0,1,1,,,,,0,0,0,0,
REAL_HUMANITARIAN_GEOSPATIAL_DATA,KALMAEGI,2025-11-03 12:00:00,72,Deterministic mean-track,0,0,0,,,,,0,0,0,0,
REAL_HUMANITARIAN_GEOSPATIAL_DATA,KALMAEGI,2025-11-03 12:00:00,72,P90 envelope,0,2,2,,,,,0,0,0,0,
REAL_HUMANITARIAN_GEOSPATIAL_DATA,KALMAEGI,2025-11-03 12:00:00,72,Ensemble probability-weighted,0,1,1,,,,,0,0,0,0,
REAL_HUMANITARIAN_GEOSPATIAL_DATA,KALMAEGI,2025-11-03 18:00:00,72,Deterministic mean-track,0,0,0,,,,,0,0,0,0,
REAL_HUMANITARIAN_GEOSPATIAL_DATA,KALMAEGI,2025-11-03 18:00:00,72,P90 envelope,0,4,4,,,,,0,0,0,0,
REAL_HUMANITARIAN_GEOSPATIAL_DATA,KALMAEGI,2025-11-03 18:00:00,72,Ensemble probability-weighted,0,3,3,,,,,0,0,0,0,
REAL_HUMANITARIAN_GEOSPATIAL_DATA,KALMAEGI,2025-11-04 00:00:00,72,Deterministic mean-track,0,0,0,,,,,0,0,0,0,
REAL_HUMANITARIAN_GEOSPATIAL_DATA,KALMAEGI,2025-11-04 00:00:00,72,P90 envelope,0,5,5,,,,,0,0,0,0,
REAL_HUMANITARIAN_GEOSPATIAL_DATA,KALMAEGI,2025-11-04 00:00:00,72,Ensemble probability-weighted,0,4,4,,,,,0,0,0,0,
REAL_HUMANITARIAN_GEOSPATIAL_DATA,KALMAEGI,2025-11-04 06:00:00,72,Deterministic mean-track,0,0,0,,,,,0,0,0,0,
REAL_HUMANITARIAN_GEOSPATIAL_DATA,KALMAEGI,2025-11-04 06:00:00,72,P90 envelope,0,5,5,,,,,0,0,0,0,
REAL_HUMANITARIAN_GEOSPATIAL_DATA,KALMAEGI,2025-11-04 06:00:00,72,Ensemble probability-weighted,0,5,5,,,,,0,0,0,0,
REAL_HUMANITARIAN_GEOSPATIAL_DATA,KALMAEGI,2025-11-04 12:00:00,72,Deterministic mean-track,0,0,0,,,,,0,0,0,0,
REAL_HUMANITARIAN_GEOSPATIAL_DATA,KALMAEGI,2025-11-04 12:00:00,72,P90 envelope,0,4,4,,,,,0,0,0,0,
REAL_HUMANITARIAN_GEOSPATIAL_DATA,KALMAEGI,2025-11-04 12:00:00,72,Ensemble probability-weighted,0,3,3,,,,,0,0,0,0,
REAL_HUMANITARIAN_GEOSPATIAL_DATA,KALMAEGI,2025-11-04 18:00:00,72,Deterministic mean-track,0,0,0,,,,,0,0,0,0,
REAL_HUMANITARIAN_GEOSPATIAL_DATA,KALMAEGI,2025-11-04 18:00:00,72,P90 envelope,0,4,4,,,,,0,0,0,0,
REAL_HUMANITARIAN_GEOSPATIAL_DATA,KALMAEGI,2025-11-04 18:00:00,72,Ensemble probability-weighted,0,2,2,,,,,0,0,0,0,
REAL_HUMANITARIAN_GEOSPATIAL_DATA,KOTO,2025-11-25 12:00:00,72,Deterministic mean-track,0,0,0,,,,,0,0,0,0,
REAL_HUMANITARIAN_GEOSPATIAL_DATA,KOTO,2025-11-25 12:00:00,72,P90 envelope,0,0,0,,,,,0,0,0,0,
REAL_HUMANITARIAN_GEOSPATIAL_DATA,KOTO,2025-11-25 12:00:00,72,Ensemble probability-weighted,0,1,1,,,,,0,0,0,0,
REAL_HUMANITARIAN_GEOSPATIAL_DATA,KOTO,2025-11-25 18:00:00,72,Deterministic mean-track,0,0,0,,,,,0,0,0,0,
REAL_HUMANITARIAN_GEOSPATIAL_DATA,KOTO,2025-11-25 18:00:00,72,P90 envelope,0,0,0,,,,,0,0,0,0,
REAL_HUMANITARIAN_GEOSPATIAL_DATA,KOTO,2025-11-25 18:00:00,72,Ensemble probability-weighted,0,0,0,,,,,0,0,0,0,
REAL_HUMANITARIAN_GEOSPATIAL_DATA,KOTO,2025-11-26 00:00:00,72,Deterministic mean-track,0,0,0,,,,,0,0,0,0,
REAL_HUMANITARIAN_GEOSPATIAL_DATA,KOTO,2025-11-26 00:00:00,72,P90 envelope,0,0,0,,,,,0,0,0,0,
REAL_HUMANITARIAN_GEOSPATIAL_DATA,KOTO,2025-11-26 00:00:00,72,Ensemble probability-weighted,0,0,0,,,,,0,0,0,0,
REAL_HUMANITARIAN_GEOSPATIAL_DATA,KOTO,2025-11-26 06:00:00,72,Deterministic mean-track,0,0,0,,,,,0,0,0,0,
REAL_HUMANITARIAN_GEOSPATIAL_DATA,KOTO,2025-11-26 06:00:00,72,P90 envelope,0,0,0,,,,,0,0,0,0,
REAL_HUMANITARIAN_GEOSPATIAL_DATA,KOTO,2025-11-26 06:00:00,72,Ensemble probability-weighted,0,0,0,,,,,0,0,0,0,
REAL_HUMANITARIAN_GEOSPATIAL_DATA,KOTO,2025-11-26 12:00:00,72,Deterministic mean-track,0,0,0,,,,,0,0,0,0,
REAL_HUMANITARIAN_GEOSPATIAL_DATA,KOTO,2025-11-26 12:00:00,72,P90 envelope,0,2,2,,,,,0,0,0,0,
REAL_HUMANITARIAN_GEOSPATIAL_DATA,KOTO,2025-11-26 12:00:00,72,Ensemble probability-weighted,0,0,0,,,,,0,0,0,0,
REAL_HUMANITARIAN_GEOSPATIAL_DATA,KOTO,2025-11-26 18:00:00,72,Deterministic mean-track,0,0,0,,,,,0,0,0,0,
REAL_HUMANITARIAN_GEOSPATIAL_DATA,KOTO,2025-11-26 18:00:00,72,P90 envelope,0,1,1,,,,,0,0,0,0,
REAL_HUMANITARIAN_GEOSPATIAL_DATA,KOTO,2025-11-26 18:00:00,72,Ensemble probability-weighted,0,0,0,,,,,0,0,0,0,
REAL_HUMANITARIAN_GEOSPATIAL_DATA,KOTO,2025-11-27 00:00:00,72,Deterministic mean-track,0,0,0,,,,,0,0,0,0,
REAL_HUMANITARIAN_GEOSPATIAL_DATA,KOTO,2025-11-27 00:00:00,72,P90 envelope,0,1,1,,,,,0,0,0,0,
REAL_HUMANITARIAN_GEOSPATIAL_DATA,KOTO,2025-11-27 00:00:00,72,Ensemble probability-weighted,0,1,1,,,,,0,0,0,0,
REAL_HUMANITARIAN_GEOSPATIAL_DATA,KOTO,2025-11-27 06:00:00,72,Deterministic mean-track,0,0,0,,,,,0,0,0,0,
REAL_HUMANITARIAN_GEOSPATIAL_DATA,KOTO,2025-11-27 06:00:00,72,P90 envelope,0,2,2,,,,,0,0,0,0,
REAL_HUMANITARIAN_GEOSPATIAL_DATA,KOTO,2025-11-27 06:00:00,72,Ensemble probability-weighted,0,0,0,,,,,0,0,0,0,
REAL_HUMANITARIAN_GEOSPATIAL_DATA,KOTO,2025-11-27 12:00:00,72,Deterministic mean-track,0,0,0,,,,,0,0,0,0,
REAL_HUMANITARIAN_GEOSPATIAL_DATA,KOTO,2025-11-27 12:00:00,72,P90 envelope,0,1,1,,,,,0,0,0,0,
REAL_HUMANITARIAN_GEOSPATIAL_DATA,KOTO,2025-11-27 12:00:00,72,Ensemble probability-weighted,0,1,1,,,,,0,0,0,0,
REAL_HUMANITARIAN_GEOSPATIAL_DATA,KOTO,2025-11-27 18:00:00,72,Deterministic mean-track,0,0,0,,,,,0,0,0,0,
REAL_HUMANITARIAN_GEOSPATIAL_DATA,KOTO,2025-11-27 18:00:00,72,P90 envelope,0,3,3,,,,,0,0,0,0,
REAL_HUMANITARIAN_GEOSPATIAL_DATA,KOTO,2025-11-27 18:00:00,72,Ensemble probability-weighted,0,0,0,,,,,0,0,0,0,
REAL_HUMANITARIAN_GEOSPATIAL_DATA,KOTO,2025-11-28 00:00:00,72,Deterministic mean-track,0,0,0,,,,,0,0,0,0,
REAL_HUMANITARIAN_GEOSPATIAL_DATA,KOTO,2025-11-28 00:00:00,72,P90 envelope,0,2,2,,,,,0,0,0,0,
REAL_HUMANITARIAN_GEOSPATIAL_DATA,KOTO,2025-11-28 00:00:00,72,Ensemble probability-weighted,0,1,1,,,,,0,0,0,0,
REAL_HUMANITARIAN_GEOSPATIAL_DATA,KOTO,2025-11-28 06:00:00,72,Deterministic mean-track,0,0,0,,,,,0,0,0,0,
REAL_HUMANITARIAN_GEOSPATIAL_DATA,KOTO,2025-11-28 06:00:00,72,P90 envelope,0,3,3,,,,,0,0,0,0,
REAL_HUMANITARIAN_GEOSPATIAL_DATA,KOTO,2025-11-28 06:00:00,72,Ensemble probability-weighted,0,1,1,,,,,0,0,0,0,
REAL_HUMANITARIAN_GEOSPATIAL_DATA,KOTO,2025-11-28 12:00:00,72,Deterministic mean-track,0,0,0,,,,,0,0,0,0,
REAL_HUMANITARIAN_GEOSPATIAL_DATA,KOTO,2025-11-28 12:00:00,72,P90 envelope,0,3,3,,,,,0,0,0,0,
REAL_HUMANITARIAN_GEOSPATIAL_DATA,KOTO,2025-11-28 12:00:00,72,Ensemble probability-weighted,0,0,0,,,,,0,0,0,0,
REAL_HUMANITARIAN_GEOSPATIAL_DATA,KOTO,2025-11-28 18:00:00,72,Deterministic mean-track,0,0,0,,,,,0,0,0,0,
REAL_HUMANITARIAN_GEOSPATIAL_DATA,KOTO,2025-11-28 18:00:00,72,P90 envelope,0,3,3,,,,,0,0,0,0,
REAL_HUMANITARIAN_GEOSPATIAL_DATA,KOTO,2025-11-28 18:00:00,72,Ensemble probability-weighted,0,1,1,,,,,0,0,0,0,
REAL_HUMANITARIAN_GEOSPATIAL_DATA,KOTO,2025-11-29 00:00:00,72,Deterministic mean-track,0,0,0,,,,,0,0,0,0,
REAL_HUMANITARIAN_GEOSPATIAL_DATA,KOTO,2025-11-29 00:00:00,72,P90 envelope,0,2,2,,,,,0,0,0,0,
REAL_HUMANITARIAN_GEOSPATIAL_DATA,KOTO,2025-11-29 00:00:00,72,Ensemble probability-weighted,0,1,1,,,,,0,0,0,0,
REAL_HUMANITARIAN_GEOSPATIAL_DATA,KOTO,2025-11-29 06:00:00,72,Deterministic mean-track,0,0,0,,,,,0,0,0,0,
REAL_HUMANITARIAN_GEOSPATIAL_DATA,KOTO,2025-11-29 06:00:00,72,P90 envelope,0,3,3,,,,,0,0,0,0,
REAL_HUMANITARIAN_GEOSPATIAL_DATA,KOTO,2025-11-29 06:00:00,72,Ensemble probability-weighted,0,1,1,,,,,0,0,0,0,
REAL_HUMANITARIAN_GEOSPATIAL_DATA,KOTO,2025-11-29 12:00:00,72,Deterministic mean-track,0,0,0,,,,,0,0,0,0,
REAL_HUMANITARIAN_GEOSPATIAL_DATA,KOTO,2025-11-29 12:00:00,72,P90 envelope,0,2,2,,,,,0,0,0,0,
REAL_HUMANITARIAN_GEOSPATIAL_DATA,KOTO,2025-11-29 12:00:00,72,Ensemble probability-weighted,0,0,0,,,,,0,0,0,0,
REAL_HUMANITARIAN_GEOSPATIAL_DATA,KOTO,2025-11-29 18:00:00,72,Deterministic mean-track,0,0,0,,,,,0,0,0,0,
REAL_HUMANITARIAN_GEOSPATIAL_DATA,KOTO,2025-11-29 18:00:00,72,P90 envelope,0,3,3,,,,,0,0,0,0,
REAL_HUMANITARIAN_GEOSPATIAL_DATA,KOTO,2025-11-29 18:00:00,72,Ensemble probability-weighted,0,1,1,,,,,0,0,0,0,
REAL_HUMANITARIAN_GEOSPATIAL_DATA,KOTO,2025-11-30 00:00:00,72,Deterministic mean-track,0,0,0,,,,,0,0,0,0,
REAL_HUMANITARIAN_GEOSPATIAL_DATA,KOTO,2025-11-30 00:00:00,72,P90 envelope,0,2,2,,,,,0,0,0,0,
REAL_HUMANITARIAN_GEOSPATIAL_DATA,KOTO,2025-11-30 00:00:00,72,Ensemble probability-weighted,0,1,1,,,,,0,0,0,0,
REAL_HUMANITARIAN_GEOSPATIAL_DATA,KOTO,2025-11-30 06:00:00,72,Deterministic mean-track,0,0,0,,,,,0,0,0,0,
REAL_HUMANITARIAN_GEOSPATIAL_DATA,KOTO,2025-11-30 06:00:00,72,P90 envelope,0,1,1,,,,,0,0,0,0,
REAL_HUMANITARIAN_GEOSPATIAL_DATA,KOTO,2025-11-30 06:00:00,72,Ensemble probability-weighted,0,1,1,,,,,0,0,0,0,
REAL_HUMANITARIAN_GEOSPATIAL_DATA,KOTO,2025-11-30 12:00:00,72,Deterministic mean-track,0,0,0,,,,,0,0,0,0,
REAL_HUMANITARIAN_GEOSPATIAL_DATA,KOTO,2025-11-30 12:00:00,72,P90 envelope,0,2,2,,,,,0,0,0,0,
REAL_HUMANITARIAN_GEOSPATIAL_DATA,KOTO,2025-11-30 12:00:00,72,Ensemble probability-weighted,0,1,1,,,,,0,0,0,0,
REAL_HUMANITARIAN_GEOSPATIAL_DATA,MELISSA,2025-10-23 00:00:00,72,Deterministic mean-track,0,0,0,,,,,0,0,0,0,
REAL_HUMANITARIAN_GEOSPATIAL_DATA,MELISSA,2025-10-23 00:00:00,72,P90 envelope,0,6,6,,,,,0,0,0,0,
REAL_HUMANITARIAN_GEOSPATIAL_DATA,MELISSA,2025-10-23 00:00:00,72,Ensemble probability-weighted,0,2,2,,,,,0,0,0,0,
REAL_HUMANITARIAN_GEOSPATIAL_DATA,MELISSA,2025-10-23 06:00:00,72,Deterministic mean-track,0,0,0,,,,,0,0,0,0,
REAL_HUMANITARIAN_GEOSPATIAL_DATA,MELISSA,2025-10-23 06:00:00,72,P90 envelope,0,6,6,,,,,0,0,0,0,
REAL_HUMANITARIAN_GEOSPATIAL_DATA,MELISSA,2025-10-23 06:00:00,72,Ensemble probability-weighted,0,2,2,,,,,0,0,0,0,
REAL_HUMANITARIAN_GEOSPATIAL_DATA,MELISSA,2025-10-23 12:00:00,72,Deterministic mean-track,0,0,0,,,,,0,0,0,0,
REAL_HUMANITARIAN_GEOSPATIAL_DATA,MELISSA,2025-10-23 12:00:00,72,P90 envelope,0,6,6,,,,,0,0,0,0,
REAL_HUMANITARIAN_GEOSPATIAL_DATA,MELISSA,2025-10-23 12:00:00,72,Ensemble probability-weighted,0,3,3,,,,,0,0,0,0,
REAL_HUMANITARIAN_GEOSPATIAL_DATA,MELISSA,2025-10-23 18:00:00,72,Deterministic mean-track,0,0,0,,,,,0,0,0,0,
REAL_HUMANITARIAN_GEOSPATIAL_DATA,MELISSA,2025-10-23 18:00:00,72,P90 envelope,0,6,6,,,,,0,0,0,0,
REAL_HUMANITARIAN_GEOSPATIAL_DATA,MELISSA,2025-10-23 18:00:00,72,Ensemble probability-weighted,0,3,3,,,,,0,0,0,0,
REAL_HUMANITARIAN_GEOSPATIAL_DATA,MELISSA,2025-10-24 00:00:00,72,Deterministic mean-track,0,0,0,,,,,0,0,0,0,
REAL_HUMANITARIAN_GEOSPATIAL_DATA,MELISSA,2025-10-24 00:00:00,72,P90 envelope,0,4,4,,,,,0,0,0,0,
REAL_HUMANITARIAN_GEOSPATIAL_DATA,MELISSA,2025-10-24 00:00:00,72,Ensemble probability-weighted,0,3,3,,,,,0,0,0,0,
REAL_HUMANITARIAN_GEOSPATIAL_DATA,MELISSA,2025-10-24 12:00:00,72,Deterministic mean-track,0,0,0,,,,,0,0,0,0,
REAL_HUMANITARIAN_GEOSPATIAL_DATA,MELISSA,2025-10-24 12:00:00,72,P90 envelope,0,5,5,,,,,0,0,0,0,
REAL_HUMANITARIAN_GEOSPATIAL_DATA,MELISSA,2025-10-24 12:00:00,72,Ensemble probability-weighted,0,1,1,,,,,0,0,0,0,
REAL_HUMANITARIAN_GEOSPATIAL_DATA,MELISSA,2025-10-24 18:00:00,72,Deterministic mean-track,0,0,0,,,,,0,0,0,0,
REAL_HUMANITARIAN_GEOSPATIAL_DATA,MELISSA,2025-10-24 18:00:00,72,P90 envelope,0,6,6,,,,,0,0,0,0,
REAL_HUMANITARIAN_GEOSPATIAL_DATA,MELISSA,2025-10-24 18:00:00,72,Ensemble probability-weighted,0,3,3,,,,,0,0,0,0,
REAL_HUMANITARIAN_GEOSPATIAL_DATA,MELISSA,2025-10-25 00:00:00,72,Deterministic mean-track,0,0,0,,,,,0,0,0,0,
REAL_HUMANITARIAN_GEOSPATIAL_DATA,MELISSA,2025-10-25 00:00:00,72,P90 envelope,0,6,6,,,,,0,0,0,0,
REAL_HUMANITARIAN_GEOSPATIAL_DATA,MELISSA,2025-10-25 00:00:00,72,Ensemble probability-weighted,0,2,2,,,,,0,0,0,0,
REAL_HUMANITARIAN_GEOSPATIAL_DATA,MELISSA,2025-10-25 12:00:00,72,Deterministic mean-track,0,1,1,,,,,0,0,0,0,
REAL_HUMANITARIAN_GEOSPATIAL_DATA,MELISSA,2025-10-25 12:00:00,72,P90 envelope,0,6,6,,,,,0,0,0,0,
REAL_HUMANITARIAN_GEOSPATIAL_DATA,MELISSA,2025-10-25 12:00:00,72,Ensemble probability-weighted,0,3,3,,,,,0,0,0,0,
REAL_HUMANITARIAN_GEOSPATIAL_DATA,MELISSA,2025-10-25 18:00:00,72,Deterministic mean-track,1,0,1,0.0,0.0,0.0,0.0,0,1,0,1,
REAL_HUMANITARIAN_GEOSPATIAL_DATA,MELISSA,2025-10-25 18:00:00,72,P90 envelope,1,7,7,0.5,0.5,1.0,1.0,1,1,1,1,0.2041241452319315
REAL_HUMANITARIAN_GEOSPATIAL_DATA,MELISSA,2025-10-25 18:00:00,72,Ensemble probability-weighted,1,5,5,0.6309297535714575,0.6309297535714575,1.0,1.0,1,1,1,1,0.35355339059327373
REAL_HUMANITARIAN_GEOSPATIAL_DATA,MELISSA,2025-10-26 00:00:00,72,Deterministic mean-track,1,0,1,0.0,0.0,0.0,0.0,0,1,0,1,
REAL_HUMANITARIAN_GEOSPATIAL_DATA,MELISSA,2025-10-26 00:00:00,72,P90 envelope,1,5,5,0.6309297535714575,0.6309297535714575,1.0,1.0,1,1,1,1,0.35355339059327373
REAL_HUMANITARIAN_GEOSPATIAL_DATA,MELISSA,2025-10-26 00:00:00,72,Ensemble probability-weighted,1,3,3,0.6309297535714575,0.6309297535714575,1.0,1.0,1,1,1,1,0.0
REAL_HUMANITARIAN_GEOSPATIAL_DATA,MELISSA,2025-10-26 06:00:00,72,Deterministic mean-track,0,0,0,,,,,0,0,0,0,
REAL_HUMANITARIAN_GEOSPATIAL_DATA,MELISSA,2025-10-26 06:00:00,72,P90 envelope,0,6,6,,,,,0,0,0,0,
REAL_HUMANITARIAN_GEOSPATIAL_DATA,MELISSA,2025-10-26 06:00:00,72,Ensemble probability-weighted,0,5,5,,,,,0,0,0,0,
REAL_HUMANITARIAN_GEOSPATIAL_DATA,MELISSA,2025-10-26 12:00:00,72,Deterministic mean-track,1,0,1,0.0,0.0,0.0,0.0,0,1,0,1,
REAL_HUMANITARIAN_GEOSPATIAL_DATA,MELISSA,2025-10-26 12:00:00,72,P90 envelope,1,7,7,0.6309297535714575,0.6309297535714575,1.0,1.0,1,1,1,1,0.408248290463863
REAL_HUMANITARIAN_GEOSPATIAL_DATA,MELISSA,2025-10-26 12:00:00,72,Ensemble probability-weighted,1,4,4,1.0,1.0,1.0,1.0,1,1,1,1,0.7745966692414834
REAL_HUMANITARIAN_GEOSPATIAL_DATA,MELISSA,2025-10-26 18:00:00,72,Deterministic mean-track,0,1,1,,,,,0,0,0,0,
REAL_HUMANITARIAN_GEOSPATIAL_DATA,MELISSA,2025-10-26 18:00:00,72,P90 envelope,0,7,7,,,,,0,0,0,0,
REAL_HUMANITARIAN_GEOSPATIAL_DATA,MELISSA,2025-10-26 18:00:00,72,Ensemble probability-weighted,0,4,4,,,,,0,0,0,0,
REAL_HUMANITARIAN_GEOSPATIAL_DATA,MELISSA,2025-10-27 00:00:00,72,Deterministic mean-track,0,1,1,,,,,0,0,0,0,
REAL_HUMANITARIAN_GEOSPATIAL_DATA,MELISSA,2025-10-27 00:00:00,72,P90 envelope,0,6,6,,,,,0,0,0,0,
REAL_HUMANITARIAN_GEOSPATIAL_DATA,MELISSA,2025-10-27 00:00:00,72,Ensemble probability-weighted,0,3,3,,,,,0,0,0,0,
REAL_HUMANITARIAN_GEOSPATIAL_DATA,MELISSA,2025-10-27 06:00:00,72,Deterministic mean-track,0,1,1,,,,,0,0,0,0,
REAL_HUMANITARIAN_GEOSPATIAL_DATA,MELISSA,2025-10-27 06:00:00,72,P90 envelope,0,5,5,,,,,0,0,0,0,
REAL_HUMANITARIAN_GEOSPATIAL_DATA,MELISSA,2025-10-27 06:00:00,72,Ensemble probability-weighted,0,3,3,,,,,0,0,0,0,
REAL_HUMANITARIAN_GEOSPATIAL_DATA,MELISSA,2025-10-27 12:00:00,72,Deterministic mean-track,0,0,0,,,,,0,0,0,0,
REAL_HUMANITARIAN_GEOSPATIAL_DATA,MELISSA,2025-10-27 12:00:00,72,P90 envelope,0,3,3,,,,,0,0,0,0,
REAL_HUMANITARIAN_GEOSPATIAL_DATA,MELISSA,2025-10-27 12:00:00,72,Ensemble probability-weighted,0,2,2,,,,,0,0,0,0,
REAL_HUMANITARIAN_GEOSPATIAL_DATA,MELISSA,2025-10-27 18:00:00,72,Deterministic mean-track,0,0,0,,,,,0,0,0,0,
REAL_HUMANITARIAN_GEOSPATIAL_DATA,MELISSA,2025-10-27 18:00:00,72,P90 envelope,0,0,0,,,,,0,0,0,0,
REAL_HUMANITARIAN_GEOSPATIAL_DATA,MELISSA,2025-10-27 18:00:00,72,Ensemble probability-weighted,0,0,0,,,,,0,0,0,0,
REAL_HUMANITARIAN_GEOSPATIAL_DATA,MELISSA,2025-10-28 00:00:00,72,Deterministic mean-track,0,0,0,,,,,0,0,0,0,
REAL_HUMANITARIAN_GEOSPATIAL_DATA,MELISSA,2025-10-28 00:00:00,72,P90 envelope,0,0,0,,,,,0,0,0,0,
REAL_HUMANITARIAN_GEOSPATIAL_DATA,MELISSA,2025-10-28 00:00:00,72,Ensemble probability-weighted,0,0,0,,,,,0,0,0,0,
REAL_HUMANITARIAN_GEOSPATIAL_DATA,MELISSA,2025-10-28 06:00:00,72,Deterministic mean-track,0,0,0,,,,,0,0,0,0,
REAL_HUMANITARIAN_GEOSPATIAL_DATA,MELISSA,2025-10-28 06:00:00,72,P90 envelope,0,1,1,,,,,0,0,0,0,
REAL_HUMANITARIAN_GEOSPATIAL_DATA,MELISSA,2025-10-28 06:00:00,72,Ensemble probability-weighted,0,0,0,,,,,0,0,0,0,
REAL_HUMANITARIAN_GEOSPATIAL_DATA,MELISSA,2025-10-28 12:00:00,72,Deterministic mean-track,0,0,0,,,,,0,0,0,0,
REAL_HUMANITARIAN_GEOSPATIAL_DATA,MELISSA,2025-10-28 12:00:00,72,P90 envelope,0,0,0,,,,,0,0,0,0,
REAL_HUMANITARIAN_GEOSPATIAL_DATA,MELISSA,2025-10-28 12:00:00,72,Ensemble probability-weighted,0,0,0,,,,,0,0,0,0,
REAL_HUMANITARIAN_GEOSPATIAL_DATA,MELISSA,2025-10-28 18:00:00,72,Deterministic mean-track,0,0,0,,,,,0,0,0,0,
REAL_HUMANITARIAN_GEOSPATIAL_DATA,MELISSA,2025-10-28 18:00:00,72,P90 envelope,0,0,0,,,,,0,0,0,0,
REAL_HUMANITARIAN_GEOSPATIAL_DATA,MELISSA,2025-10-28 18:00:00,72,Ensemble probability-weighted,0,0,0,,,,,0,0,0,0,
REAL_HUMANITARIAN_GEOSPATIAL_DATA,MELISSA,2025-10-29 00:00:00,72,Deterministic mean-track,0,0,0,,,,,0,0,0,0,
REAL_HUMANITARIAN_GEOSPATIAL_DATA,MELISSA,2025-10-29 00:00:00,72,P90 envelope,0,1,1,,,,,0,0,0,0,
REAL_HUMANITARIAN_GEOSPATIAL_DATA,MELISSA,2025-10-29 00:00:00,72,Ensemble probability-weighted,0,0,0,,,,,0,0,0,0,
REAL_HUMANITARIAN_GEOSPATIAL_DATA,MELISSA,2025-10-29 06:00:00,72,Deterministic mean-track,0,0,0,,,,,0,0,0,0,
REAL_HUMANITARIAN_GEOSPATIAL_DATA,MELISSA,2025-10-29 06:00:00,72,P90 envelope,0,1,1,,,,,0,0,0,0,
REAL_HUMANITARIAN_GEOSPATIAL_DATA,MELISSA,2025-10-29 06:00:00,72,Ensemble probability-weighted,0,1,1,,,,,0,0,0,0,
REAL_HUMANITARIAN_GEOSPATIAL_DATA,NOKAEN,2026-01-15 06:00:00,72,Deterministic mean-track,0,0,0,,,,,0,0,0,0,
REAL_HUMANITARIAN_GEOSPATIAL_DATA,NOKAEN,2026-01-15 06:00:00,72,P90 envelope,0,1,1,,,,,0,0,0,0,
REAL_HUMANITARIAN_GEOSPATIAL_DATA,NOKAEN,2026-01-15 06:00:00,72,Ensemble probability-weighted,0,1,1,,,,,0,0,0,0,
REAL_HUMANITARIAN_GEOSPATIAL_DATA,SENYAR,2025-11-26 06:00:00,72,Deterministic mean-track,0,0,0,,,,,0,0,0,0,
REAL_HUMANITARIAN_GEOSPATIAL_DATA,SENYAR,2025-11-26 06:00:00,72,P90 envelope,0,1,1,,,,,0,0,0,0,
REAL_HUMANITARIAN_GEOSPATIAL_DATA,SENYAR,2025-11-26 06:00:00,72,Ensemble probability-weighted,0,0,0,,,,,0,0,0,0,
REAL_HUMANITARIAN_GEOSPATIAL_DATA,SENYAR,2025-11-26 12:00:00,72,Deterministic mean-track,0,0,0,,,,,0,0,0,0,
REAL_HUMANITARIAN_GEOSPATIAL_DATA,SENYAR,2025-11-26 12:00:00,72,P90 envelope,0,1,1,,,,,0,0,0,0,
REAL_HUMANITARIAN_GEOSPATIAL_DATA,SENYAR,2025-11-26 12:00:00,72,Ensemble probability-weighted,0,0,0,,,,,0,0,0,0,
REAL_HUMANITARIAN_GEOSPATIAL_DATA,SENYAR,2025-11-26 18:00:00,72,Deterministic mean-track,0,0,0,,,,,0,0,0,0,
REAL_HUMANITARIAN_GEOSPATIAL_DATA,SENYAR,2025-11-26 18:00:00,72,P90 envelope,0,7,7,,,,,0,0,0,0,
REAL_HUMANITARIAN_GEOSPATIAL_DATA,SENYAR,2025-11-26 18:00:00,72,Ensemble probability-weighted,0,0,0,,,,,0,0,0,0,
REAL_HUMANITARIAN_GEOSPATIAL_DATA,SENYAR,2025-11-27 00:00:00,72,Deterministic mean-track,0,0,0,,,,,0,0,0,0,
REAL_HUMANITARIAN_GEOSPATIAL_DATA,SENYAR,2025-11-27 00:00:00,72,P90 envelope,0,1,1,,,,,0,0,0,0,
REAL_HUMANITARIAN_GEOSPATIAL_DATA,SENYAR,2025-11-27 00:00:00,72,Ensemble probability-weighted,0,0,0,,,,,0,0,0,0,
REAL_HUMANITARIAN_GEOSPATIAL_DATA,SENYAR,2025-11-27 06:00:00,72,Deterministic mean-track,0,0,0,,,,,0,0,0,0,
REAL_HUMANITARIAN_GEOSPATIAL_DATA,SENYAR,2025-11-27 06:00:00,72,P90 envelope,0,3,3,,,,,0,0,0,0,
REAL_HUMANITARIAN_GEOSPATIAL_DATA,SENYAR,2025-11-27 06:00:00,72,Ensemble probability-weighted,0,0,0,,,,,0,0,0,0,
REAL_HUMANITARIAN_GEOSPATIAL_DATA,SONIA,2025-10-25 12:00:00,72,Deterministic mean-track,0,0,0,,,,,0,0,0,0,
REAL_HUMANITARIAN_GEOSPATIAL_DATA,SONIA,2025-10-25 12:00:00,72,P90 envelope,0,0,0,,,,,0,0,0,0,
REAL_HUMANITARIAN_GEOSPATIAL_DATA,SONIA,2025-10-25 12:00:00,72,Ensemble probability-weighted,0,0,0,,,,,0,0,0,0,
REAL_HUMANITARIAN_GEOSPATIAL_DATA,SONIA,2025-10-25 18:00:00,72,Deterministic mean-track,0,0,0,,,,,0,0,0,0,
REAL_HUMANITARIAN_GEOSPATIAL_DATA,SONIA,2025-10-25 18:00:00,72,P90 envelope,0,0,0,,,,,0,0,0,0,
REAL_HUMANITARIAN_GEOSPATIAL_DATA,SONIA,2025-10-25 18:00:00,72,Ensemble probability-weighted,0,0,0,,,,,0,0,0,0,
REAL_HUMANITARIAN_GEOSPATIAL_DATA,SONIA,2025-10-26 00:00:00,72,Deterministic mean-track,0,0,0,,,,,0,0,0,0,
REAL_HUMANITARIAN_GEOSPATIAL_DATA,SONIA,2025-10-26 00:00:00,72,P90 envelope,0,0,0,,,,,0,0,0,0,
REAL_HUMANITARIAN_GEOSPATIAL_DATA,SONIA,2025-10-26 00:00:00,72,Ensemble probability-weighted,0,0,0,,,,,0,0,0,0,
REAL_HUMANITARIAN_GEOSPATIAL_DATA,SONIA,2025-10-26 06:00:00,72,Deterministic mean-track,0,0,0,,,,,0,0,0,0,
REAL_HUMANITARIAN_GEOSPATIAL_DATA,SONIA,2025-10-26 06:00:00,72,P90 envelope,0,0,0,,,,,0,0,0,0,
REAL_HUMANITARIAN_GEOSPATIAL_DATA,SONIA,2025-10-26 06:00:00,72,Ensemble probability-weighted,0,0,0,,,,,0,0,0,0,
REAL_HUMANITARIAN_GEOSPATIAL_DATA,SONIA,2025-10-26 12:00:00,72,Deterministic mean-track,0,0,0,,,,,0,0,0,0,
REAL_HUMANITARIAN_GEOSPATIAL_DATA,SONIA,2025-10-26 12:00:00,72,P90 envelope,0,0,0,,,,,0,0,0,0,
REAL_HUMANITARIAN_GEOSPATIAL_DATA,SONIA,2025-10-26 12:00:00,72,Ensemble probability-weighted,0,0,0,,,,,0,0,0,0,
REAL_HUMANITARIAN_GEOSPATIAL_DATA,SONIA,2025-10-26 18:00:00,72,Deterministic mean-track,0,0,0,,,,,0,0,0,0,
REAL_HUMANITARIAN_GEOSPATIAL_DATA,SONIA,2025-10-26 18:00:00,72,P90 envelope,0,0,0,,,,,0,0,0,0,
REAL_HUMANITARIAN_GEOSPATIAL_DATA,SONIA,2025-10-26 18:00:00,72,Ensemble probability-weighted,0,0,0,,,,,0,0,0,0,
